2,1,372.41,408.13,79.89,239.83,0.7973,-1,-1,-1
2,2,104.14,546.55,73.26,245.64,0.7255,-1,-1,-1
2,3,1100.11,981.20,73.12,98.80,0.6895,-1,-1,-1
2,4,1731.99,455.03,72.31,215.49,0.6073,-1,-1,-1
2,5,1356.34,570.13,80.84,217.43,0.5680,-1,-1,-1
2,6,-0.72,878.11,41.79,201.37,0.3839,-1,-1,-1
2,7,1099.48,211.77,55.97,178.37,0.4729,-1,-1,-1
2,8,545.37,146.84,58.04,184.05,0.5070,-1,-1,-1
2,9,225.54,398.18,64.49,199.33,0.4910,-1,-1,-1
2,10,789.68,145.31,64.32,178.90,0.4606,-1,-1,-1
2,11,1046.74,132.98,62.73,182.01,0.4650,-1,-1,-1
2,12,269.45,379.28,52.20,210.53,0.4318,-1,-1,-1
2,13,503.43,134.36,51.30,176.80,0.3706,-1,-1,-1
3,1,372.95,407.79,79.89,241.39,0.7819,-1,-1,-1
3,2,104.56,546.09,73.59,246.84,0.7315,-1,-1,-1
3,3,1104.71,980.87,73.05,99.13,0.6963,-1,-1,-1
3,4,1731.07,452.95,73.80,219.88,0.6000,-1,-1,-1
3,5,1356.67,570.01,80.68,216.76,0.5666,-1,-1,-1
3,6,-0.81,877.52,41.71,201.55,0.3544,-1,-1,-1
3,7,1095.08,213.64,56.48,177.26,0.5645,-1,-1,-1
3,8,544.99,147.48,57.96,183.61,0.4875,-1,-1,-1
3,9,224.18,396.72,65.60,202.02,0.4723,-1,-1,-1
3,10,789.16,145.17,64.30,178.59,0.4541,-1,-1,-1
3,11,1046.49,132.77,62.19,179.57,0.4988,-1,-1,-1
3,12,264.63,367.20,56.59,225.33,0.3911,-1,-1,-1
3,13,504.25,133.80,49.33,169.73,0.3938,-1,-1,-1
4,1,372.69,407.26,79.92,241.03,0.7959,-1,-1,-1
4,2,103.96,545.75,73.58,247.20,0.7230,-1,-1,-1
4,3,1107.48,978.84,73.98,101.16,0.6950,-1,-1,-1
4,4,1729.95,452.58,73.09,216.95,0.6199,-1,-1,-1
4,5,1356.93,570.21,81.21,217.24,0.5754,-1,-1,-1
4,6,0.80,876.21,42.32,203.24,0.5373,-1,-1,-1
4,7,1090.05,211.20,58.38,180.12,0.5528,-1,-1,-1
4,8,545.42,145.46,57.78,183.72,0.4674,-1,-1,-1
4,9,223.32,396.77,66.25,202.45,0.4799,-1,-1,-1
4,10,789.44,144.68,64.16,178.17,0.4697,-1,-1,-1
4,11,1045.82,133.56,62.29,179.56,0.4595,-1,-1,-1
4,12,266.55,381.17,53.85,212.76,0.4012,-1,-1,-1
4,13,501.92,135.40,50.70,173.40,0.4398,-1,-1,-1
5,1,374.35,406.78,79.52,241.20,0.7978,-1,-1,-1
5,2,103.79,545.90,73.23,246.99,0.7243,-1,-1,-1
5,3,1111.27,975.99,75.05,104.01,0.6964,-1,-1,-1
5,4,1728.83,452.19,73.75,218.53,0.6542,-1,-1,-1
5,5,1356.79,570.09,80.50,213.99,0.6076,-1,-1,-1
5,6,1.36,874.25,43.13,204.84,0.5592,-1,-1,-1
5,7,1081.65,210.48,61.30,178.75,0.5394,-1,-1,-1
5,8,544.90,145.04,58.30,186.43,0.5050,-1,-1,-1
5,9,223.67,396.83,66.33,200.71,0.3747,-1,-1,-1
5,10,789.63,145.75,63.87,176.76,0.4967,-1,-1,-1
5,11,1047.80,134.10,57.87,164.03,0.3774,-1,-1,-1
5,12,266.81,380.68,52.79,209.27,0.3873,-1,-1,-1
5,13,502.13,135.48,49.48,168.36,0.4855,-1,-1,-1
6,1,375.06,405.95,79.23,239.93,0.7852,-1,-1,-1
6,2,104.18,546.11,73.00,246.66,0.7309,-1,-1,-1
6,3,1113.58,975.76,74.64,104.24,0.6912,-1,-1,-1
6,4,1727.68,454.79,73.45,215.88,0.6514,-1,-1,-1
6,5,1357.27,570.12,80.52,213.37,0.6186,-1,-1,-1
6,6,1.31,871.93,44.23,207.45,0.6048,-1,-1,-1
6,7,1073.89,209.10,67.03,179.65,0.5797,-1,-1,-1
6,8,544.13,147.66,57.82,186.27,0.5159,-1,-1,-1
6,9,222.63,393.25,67.96,203.43,0.3017,-1,-1,-1
6,10,788.27,145.31,64.45,177.97,0.5056,-1,-1,-1
6,11,1048.09,135.04,55.64,155.06,0.3077,-1,-1,-1
6,12,266.03,379.94,52.12,208.56,0.3933,-1,-1,-1
6,13,502.35,136.79,49.16,167.15,0.5138,-1,-1,-1
7,1,376.14,404.69,79.68,239.99,0.7800,-1,-1,-1
7,2,104.09,545.98,72.72,245.87,0.7311,-1,-1,-1
7,3,1114.89,973.98,74.44,106.01,0.7056,-1,-1,-1
7,4,1727.32,454.44,72.83,212.60,0.6315,-1,-1,-1
7,5,1357.03,570.35,80.74,212.85,0.6334,-1,-1,-1
7,6,1.38,870.89,44.99,208.52,0.5963,-1,-1,-1
7,7,1067.02,208.10,73.25,181.15,0.5515,-1,-1,-1
7,8,542.81,148.62,57.29,186.95,0.5409,-1,-1,-1
7,10,788.81,145.41,64.61,177.91,0.5154,-1,-1,-1
7,12,265.91,380.32,49.75,199.40,0.3576,-1,-1,-1
7,13,501.95,139.02,48.70,165.58,0.4799,-1,-1,-1
8,1,376.93,402.14,79.61,238.86,0.7696,-1,-1,-1
8,2,104.81,546.17,73.00,246.64,0.7358,-1,-1,-1
8,3,1117.45,973.41,73.56,106.60,0.7071,-1,-1,-1
8,4,1725.74,454.79,72.67,208.81,0.6454,-1,-1,-1
8,5,1356.61,569.97,81.47,214.60,0.6125,-1,-1,-1
8,6,1.01,871.55,45.12,207.15,0.5826,-1,-1,-1
8,7,1064.57,211.32,77.17,177.62,0.5409,-1,-1,-1
8,8,542.68,146.92,56.94,188.75,0.5501,-1,-1,-1
8,10,788.55,146.00,64.53,176.86,0.5034,-1,-1,-1
8,12,265.51,381.22,47.74,189.94,0.3175,-1,-1,-1
8,13,500.19,141.37,51.19,173.11,0.4575,-1,-1,-1
9,1,377.64,401.72,79.88,237.15,0.7678,-1,-1,-1
9,2,104.87,546.08,73.29,246.84,0.7443,-1,-1,-1
9,3,1122.25,973.66,71.99,106.35,0.6692,-1,-1,-1
9,4,1724.56,454.39,73.68,210.25,0.6349,-1,-1,-1
9,5,1356.65,570.43,81.30,214.25,0.6143,-1,-1,-1
9,6,0.69,869.73,45.76,209.30,0.5596,-1,-1,-1
9,7,1061.30,210.83,81.11,175.43,0.5086,-1,-1,-1
9,8,542.51,147.72,56.32,189.60,0.4971,-1,-1,-1
9,10,788.47,145.78,64.34,175.76,0.4782,-1,-1,-1
9,13,499.93,141.93,51.14,173.86,0.4449,-1,-1,-1
9,14,1800.01,208.08,60.62,186.65,0.3266,-1,-1,-1
10,1,377.97,400.29,80.09,236.07,0.7579,-1,-1,-1
10,2,105.09,545.87,73.46,246.65,0.7400,-1,-1,-1
10,3,1126.01,973.33,70.80,106.68,0.6880,-1,-1,-1
10,4,1724.54,454.69,73.72,209.98,0.6104,-1,-1,-1
10,5,1356.34,569.49,82.07,216.12,0.6147,-1,-1,-1
10,6,0.38,864.86,46.73,213.71,0.5661,-1,-1,-1
10,7,1057.76,211.57,84.14,173.04,0.4661,-1,-1,-1
10,8,541.49,148.67,56.16,191.80,0.4782,-1,-1,-1
10,10,788.26,145.82,64.83,177.03,0.4860,-1,-1,-1
10,12,266.07,384.18,43.79,172.91,0.3154,-1,-1,-1
10,13,498.77,142.30,51.50,174.80,0.4337,-1,-1,-1
10,14,1801.14,211.55,61.09,187.45,0.3421,-1,-1,-1
11,1,379.10,397.97,79.77,233.87,0.7550,-1,-1,-1
11,2,104.75,546.18,73.66,246.76,0.7417,-1,-1,-1
11,3,1129.35,973.89,69.76,106.10,0.6688,-1,-1,-1
11,4,1724.82,459.15,72.86,205.84,0.6067,-1,-1,-1
11,5,1356.47,569.70,82.09,216.01,0.6406,-1,-1,-1
11,6,-0.13,862.11,47.01,216.23,0.5584,-1,-1,-1
11,7,1052.60,209.93,87.27,174.18,0.4522,-1,-1,-1
11,8,540.56,148.69,55.82,192.93,0.4813,-1,-1,-1
11,10,788.27,145.67,65.00,177.30,0.4864,-1,-1,-1
11,12,262.00,384.99,48.14,190.03,0.3796,-1,-1,-1
11,13,498.28,142.73,51.64,175.71,0.4252,-1,-1,-1
11,14,1804.24,217.60,58.65,178.87,0.3489,-1,-1,-1
12,1,378.84,396.62,80.33,233.89,0.7530,-1,-1,-1
12,2,104.72,546.10,74.11,247.12,0.7371,-1,-1,-1
12,3,1132.84,973.45,69.31,106.55,0.6720,-1,-1,-1
12,4,1724.52,459.67,73.22,205.37,0.6362,-1,-1,-1
12,5,1356.55,569.60,81.42,215.34,0.6329,-1,-1,-1
12,6,0.00,855.79,47.84,221.66,0.5764,-1,-1,-1
12,7,1049.13,207.84,88.98,176.21,0.3598,-1,-1,-1
12,8,540.82,149.20,55.03,191.83,0.5006,-1,-1,-1
12,10,788.19,145.80,65.09,177.70,0.4828,-1,-1,-1
12,13,497.83,144.00,51.49,174.60,0.4129,-1,-1,-1
12,14,1805.44,219.96,58.01,175.22,0.3371,-1,-1,-1
13,1,379.12,395.27,80.45,232.10,0.7610,-1,-1,-1
13,2,104.71,545.90,74.76,247.89,0.7420,-1,-1,-1
13,3,1134.71,972.98,68.88,107.02,0.6339,-1,-1,-1
13,4,1724.32,457.98,73.84,207.40,0.6621,-1,-1,-1
13,5,1356.80,570.11,80.82,213.49,0.6359,-1,-1,-1
13,6,-0.72,851.00,48.16,226.20,0.5896,-1,-1,-1
13,8,539.94,149.57,55.18,191.96,0.5203,-1,-1,-1
13,9,212.96,393.83,61.00,180.63,0.3489,-1,-1,-1
13,10,788.37,146.31,65.02,177.45,0.5103,-1,-1,-1
13,13,497.28,144.84,51.74,174.94,0.3769,-1,-1,-1
13,14,1806.22,221.88,59.61,177.00,0.3713,-1,-1,-1
14,1,379.56,394.77,80.49,231.23,0.7606,-1,-1,-1
14,2,104.40,545.91,75.26,248.47,0.7475,-1,-1,-1
14,3,1137.34,972.72,67.96,107.28,0.6305,-1,-1,-1
14,4,1723.95,459.57,74.32,206.74,0.6575,-1,-1,-1
14,5,1357.00,569.95,80.98,214.38,0.6135,-1,-1,-1
14,6,-0.48,849.10,48.23,228.58,0.6077,-1,-1,-1
14,8,538.78,150.88,55.18,191.50,0.5044,-1,-1,-1
14,9,211.23,396.40,61.03,178.34,0.3795,-1,-1,-1
14,10,788.32,146.16,64.85,177.50,0.5246,-1,-1,-1
14,13,495.60,144.16,52.48,176.27,0.4112,-1,-1,-1
14,14,1806.26,222.84,60.37,176.74,0.3743,-1,-1,-1
14,15,881.46,130.05,85.45,177.94,0.4139,-1,-1,-1
15,1,380.07,393.56,80.79,231.67,0.7611,-1,-1,-1
15,2,104.58,546.00,75.27,248.03,0.7549,-1,-1,-1
15,3,1139.51,973.23,66.71,106.25,0.5995,-1,-1,-1
15,4,1723.70,455.18,75.43,211.25,0.6507,-1,-1,-1
15,5,1356.87,570.55,80.40,212.91,0.6056,-1,-1,-1
15,6,-0.21,848.95,48.19,229.67,0.5862,-1,-1,-1
15,8,537.51,151.92,55.24,191.52,0.5038,-1,-1,-1
15,9,209.04,391.67,62.39,182.60,0.3146,-1,-1,-1
15,10,788.43,146.90,64.44,175.73,0.5364,-1,-1,-1
15,13,494.63,143.61,52.97,177.63,0.3866,-1,-1,-1
15,14,1806.11,223.67,63.19,183.65,0.3943,-1,-1,-1
15,15,880.42,130.52,85.33,177.64,0.3794,-1,-1,-1
16,1,380.12,393.03,80.93,232.47,0.7659,-1,-1,-1
16,2,104.62,546.32,75.03,246.91,0.7503,-1,-1,-1
16,3,1143.41,972.93,65.90,106.06,0.5672,-1,-1,-1
16,4,1724.27,455.05,74.62,210.60,0.6556,-1,-1,-1
16,5,1356.59,570.22,80.57,213.68,0.6194,-1,-1,-1
16,6,0.34,849.09,48.26,229.55,0.5054,-1,-1,-1
16,8,535.49,153.73,55.00,188.60,0.5244,-1,-1,-1
16,9,205.71,384.09,64.11,191.38,0.3669,-1,-1,-1
16,10,788.83,147.01,64.32,175.49,0.5039,-1,-1,-1
16,12,253.32,386.25,48.35,184.11,0.3551,-1,-1,-1
16,13,493.95,143.36,53.38,178.46,0.3327,-1,-1,-1
16,14,1806.51,224.58,65.21,187.85,0.3867,-1,-1,-1
16,15,880.01,131.67,85.94,178.91,0.3332,-1,-1,-1
17,1,380.52,391.67,81.62,234.69,0.7511,-1,-1,-1
17,2,104.73,546.92,75.41,245.86,0.7453,-1,-1,-1
17,3,1146.13,973.08,65.23,106.78,0.5345,-1,-1,-1
17,4,1723.86,458.33,74.62,208.91,0.6399,-1,-1,-1
17,5,1356.82,569.98,81.23,214.96,0.6041,-1,-1,-1
17,6,1.01,848.39,49.13,231.48,0.5549,-1,-1,-1
17,8,534.48,156.22,55.68,187.43,0.6085,-1,-1,-1
17,9,204.28,380.62,64.56,196.04,0.3340,-1,-1,-1
17,10,788.84,147.16,64.11,174.67,0.4923,-1,-1,-1
17,12,250.57,382.65,50.95,188.25,0.3619,-1,-1,-1
17,13,493.73,144.84,53.25,177.41,0.3616,-1,-1,-1
17,14,1806.67,225.87,66.30,190.81,0.3620,-1,-1,-1
17,15,880.44,132.31,85.31,177.61,0.3201,-1,-1,-1
18,1,380.40,389.86,82.31,237.40,0.7520,-1,-1,-1
18,2,104.55,546.54,75.70,245.84,0.7479,-1,-1,-1
18,3,1148.86,973.23,63.84,106.75,0.5305,-1,-1,-1
18,4,1723.97,458.07,74.86,208.49,0.6457,-1,-1,-1
18,5,1356.60,569.90,80.99,214.54,0.6182,-1,-1,-1
18,6,1.38,847.65,49.76,232.25,0.5066,-1,-1,-1
18,7,1019.14,145.99,86.28,183.28,0.3230,-1,-1,-1
18,8,532.54,156.14,55.98,186.70,0.6042,-1,-1,-1
18,9,204.25,382.13,62.52,193.54,0.3618,-1,-1,-1
18,10,789.14,147.25,63.98,174.39,0.5330,-1,-1,-1
18,12,249.03,383.51,51.94,187.49,0.4081,-1,-1,-1
18,13,493.13,143.66,53.64,178.85,0.3680,-1,-1,-1
18,14,1807.44,226.62,66.87,191.44,0.3825,-1,-1,-1
18,15,880.09,132.79,85.43,178.10,0.3421,-1,-1,-1
19,1,380.81,388.51,82.68,238.71,0.7551,-1,-1,-1
19,2,104.54,546.55,75.80,246.17,0.7459,-1,-1,-1
19,3,1151.44,972.78,62.94,107.22,0.5198,-1,-1,-1
19,4,1723.45,455.21,75.50,211.17,0.6467,-1,-1,-1
19,5,1356.69,569.98,80.81,214.94,0.6405,-1,-1,-1
19,6,1.25,845.74,50.51,234.09,0.5326,-1,-1,-1
19,7,1019.83,143.14,81.31,185.27,0.4152,-1,-1,-1
19,8,531.42,159.13,55.52,183.38,0.5466,-1,-1,-1
19,9,203.75,381.76,61.94,195.44,0.4001,-1,-1,-1
19,10,789.06,146.90,63.89,174.47,0.4808,-1,-1,-1
19,12,247.40,380.57,53.23,190.72,0.4172,-1,-1,-1
19,14,1809.63,227.38,66.92,190.81,0.3604,-1,-1,-1
20,1,380.54,387.10,83.06,240.21,0.7480,-1,-1,-1
20,2,104.37,546.58,75.77,245.95,0.7456,-1,-1,-1
20,3,1154.23,972.89,61.64,107.12,0.5105,-1,-1,-1
20,4,1724.22,458.54,74.57,207.42,0.6295,-1,-1,-1
20,5,1356.90,570.62,80.38,214.07,0.6494,-1,-1,-1
20,6,1.10,845.65,50.87,234.35,0.4771,-1,-1,-1
20,7,1012.94,143.15,91.29,224.75,0.4028,-1,-1,-1
20,8,530.34,158.82,55.58,183.88,0.5439,-1,-1,-1
20,9,204.05,387.95,59.25,187.33,0.4155,-1,-1,-1
20,10,789.28,147.75,63.79,173.97,0.4956,-1,-1,-1
20,12,245.41,376.53,53.85,192.85,0.3149,-1,-1,-1
20,14,1811.16,227.73,67.06,189.88,0.3427,-1,-1,-1
21,1,380.53,386.32,83.20,240.32,0.7588,-1,-1,-1
21,2,104.27,546.43,75.92,246.42,0.7433,-1,-1,-1
21,3,1156.00,973.42,60.65,106.58,0.5021,-1,-1,-1
21,4,1723.84,458.18,75.10,208.29,0.6341,-1,-1,-1
21,5,1356.94,570.43,80.69,216.03,0.6137,-1,-1,-1
21,6,1.06,839.72,52.09,238.31,0.5228,-1,-1,-1
21,8,530.14,158.90,55.25,183.74,0.5888,-1,-1,-1
21,9,201.88,378.59,61.17,195.73,0.4005,-1,-1,-1
21,10,789.00,147.68,64.08,174.32,0.4867,-1,-1,-1
21,12,244.56,375.82,52.90,190.10,0.3460,-1,-1,-1
22,1,380.84,386.36,83.01,239.45,0.7578,-1,-1,-1
22,2,104.26,546.89,75.88,245.50,0.7385,-1,-1,-1
22,3,1156.26,974.64,59.81,105.38,0.5591,-1,-1,-1
22,4,1724.00,458.48,74.79,207.46,0.6682,-1,-1,-1
22,5,1357.10,570.14,80.21,215.04,0.6385,-1,-1,-1
22,6,0.84,841.74,52.40,238.07,0.5434,-1,-1,-1
22,7,999.99,143.11,94.30,234.85,0.3479,-1,-1,-1
22,8,528.23,156.20,55.96,186.99,0.5037,-1,-1,-1
22,9,202.54,372.52,62.69,201.02,0.3304,-1,-1,-1
22,10,789.20,147.81,64.42,175.10,0.4618,-1,-1,-1
23,1,381.41,385.50,82.37,238.41,0.7569,-1,-1,-1
23,2,104.25,546.51,75.96,245.61,0.7394,-1,-1,-1
23,3,1158.72,973.94,60.43,106.06,0.5504,-1,-1,-1
23,4,1724.17,457.49,74.74,207.77,0.6392,-1,-1,-1
23,5,1356.97,569.94,80.41,215.18,0.6141,-1,-1,-1
23,6,0.81,842.65,52.37,236.30,0.5669,-1,-1,-1
23,8,526.34,157.43,55.40,187.02,0.4697,-1,-1,-1
23,10,789.27,148.52,63.74,174.31,0.4303,-1,-1,-1
23,11,1025.12,146.17,64.50,179.93,0.3871,-1,-1,-1
24,1,381.40,385.15,81.91,237.58,0.7574,-1,-1,-1
24,2,104.38,546.56,76.07,245.72,0.7382,-1,-1,-1
24,3,1159.96,974.84,60.24,105.17,0.5497,-1,-1,-1
24,4,1723.41,455.37,75.48,210.99,0.6434,-1,-1,-1
24,5,1356.49,569.72,81.18,217.50,0.5891,-1,-1,-1
24,6,1.10,839.94,52.76,236.20,0.5361,-1,-1,-1
24,8,524.59,157.30,55.53,187.68,0.4250,-1,-1,-1
24,9,201.51,356.08,67.21,216.04,0.3055,-1,-1,-1
24,10,789.77,148.39,63.68,173.71,0.4291,-1,-1,-1
24,11,1023.65,147.24,64.85,179.42,0.3215,-1,-1,-1
24,14,1821.27,230.69,67.35,189.63,0.3512,-1,-1,-1
25,1,381.33,384.19,81.29,236.87,0.7571,-1,-1,-1
25,2,104.11,546.88,76.31,246.01,0.7384,-1,-1,-1
25,3,1160.70,974.83,60.62,105.18,0.5631,-1,-1,-1
25,4,1722.92,457.97,75.12,209.01,0.6544,-1,-1,-1
25,5,1357.00,570.31,79.46,213.11,0.6125,-1,-1,-1
25,6,1.02,835.79,53.54,238.57,0.5031,-1,-1,-1
25,8,524.52,159.00,54.69,184.96,0.4365,-1,-1,-1
25,10,789.53,147.60,64.23,175.03,0.4319,-1,-1,-1
25,14,1822.40,233.11,68.41,192.93,0.3875,-1,-1,-1
26,1,381.77,382.94,80.83,237.20,0.7684,-1,-1,-1
26,2,103.58,546.19,77.00,247.39,0.7375,-1,-1,-1
26,3,1161.90,975.14,60.83,104.89,0.5967,-1,-1,-1
26,4,1722.12,453.71,76.20,213.93,0.6365,-1,-1,-1
26,5,1357.15,570.61,79.76,213.13,0.6084,-1,-1,-1
26,6,1.65,833.76,53.06,232.40,0.5684,-1,-1,-1
26,8,524.72,160.81,54.09,183.54,0.4214,-1,-1,-1
26,10,789.43,147.93,64.69,175.29,0.4471,-1,-1,-1
26,14,1825.22,236.11,68.03,192.69,0.3700,-1,-1,-1
27,1,381.63,381.23,80.96,237.45,0.7790,-1,-1,-1
27,2,103.36,546.09,76.92,247.24,0.7377,-1,-1,-1
27,3,1163.62,975.06,61.27,104.93,0.6073,-1,-1,-1
27,4,1723.04,458.85,74.17,207.46,0.6521,-1,-1,-1
27,5,1356.64,570.05,80.32,214.62,0.5868,-1,-1,-1
27,6,1.52,830.13,54.38,234.80,0.6075,-1,-1,-1
27,8,524.77,160.92,54.17,184.96,0.3655,-1,-1,-1
27,9,200.11,348.14,70.08,223.04,0.3685,-1,-1,-1
27,10,789.74,147.90,64.59,174.86,0.4484,-1,-1,-1
27,14,1827.08,238.00,67.34,191.68,0.3461,-1,-1,-1
28,1,382.13,379.31,81.60,238.08,0.7725,-1,-1,-1
28,2,103.23,546.81,76.76,246.01,0.7386,-1,-1,-1
28,3,1165.35,975.79,61.44,104.21,0.6165,-1,-1,-1
28,4,1722.54,455.74,75.06,211.21,0.6400,-1,-1,-1
28,5,1356.67,569.45,80.89,216.22,0.5881,-1,-1,-1
28,6,1.80,827.67,55.25,232.79,0.6340,-1,-1,-1
28,9,198.65,350.43,70.52,223.21,0.3995,-1,-1,-1
28,10,789.21,148.62,63.49,173.69,0.4501,-1,-1,-1
29,1,382.86,377.75,81.73,238.08,0.7810,-1,-1,-1
29,2,103.00,546.34,77.16,246.50,0.7455,-1,-1,-1
29,3,1166.61,975.90,62.41,104.12,0.6355,-1,-1,-1
29,4,1723.11,457.37,74.26,208.74,0.6502,-1,-1,-1
29,5,1356.89,569.81,80.79,215.32,0.6246,-1,-1,-1
29,6,1.97,826.20,56.07,228.41,0.6978,-1,-1,-1
29,9,197.98,353.00,69.57,219.16,0.3247,-1,-1,-1
29,10,789.33,148.67,62.98,174.21,0.4573,-1,-1,-1
29,11,1025.16,151.37,61.46,170.42,0.3194,-1,-1,-1
29,17,1593.86,241.55,63.08,182.10,0.3305,-1,-1,-1
30,1,383.73,376.31,82.24,236.81,0.7847,-1,-1,-1
30,2,103.29,547.21,77.02,245.35,0.7384,-1,-1,-1
30,3,1168.42,976.96,62.57,103.01,0.6211,-1,-1,-1
30,4,1723.39,457.51,74.45,208.50,0.6633,-1,-1,-1
30,5,1356.46,569.90,80.69,215.71,0.6171,-1,-1,-1
30,6,1.50,823.02,57.18,228.25,0.6767,-1,-1,-1
30,8,522.69,163.66,54.62,187.01,0.3043,-1,-1,-1
30,9,196.81,355.53,68.39,214.80,0.3162,-1,-1,-1
30,10,789.25,148.40,62.44,174.32,0.4582,-1,-1,-1
30,17,1593.06,240.44,63.36,183.24,0.3559,-1,-1,-1
31,1,385.80,374.75,82.91,233.12,0.7516,-1,-1,-1
31,2,102.92,546.85,77.18,246.37,0.7404,-1,-1,-1
31,3,1169.69,977.35,63.20,102.64,0.6157,-1,-1,-1
31,4,1722.45,455.23,75.12,212.08,0.6545,-1,-1,-1
31,5,1356.76,569.74,80.15,214.00,0.5914,-1,-1,-1
31,6,0.38,817.51,59.57,237.94,0.6491,-1,-1,-1
31,9,195.60,356.94,67.44,210.82,0.3465,-1,-1,-1
31,10,789.31,148.15,62.42,175.36,0.4282,-1,-1,-1
31,11,1022.62,154.69,66.23,182.31,0.3513,-1,-1,-1
31,17,1590.05,238.68,62.81,181.72,0.3096,-1,-1,-1
32,1,386.63,373.19,85.31,232.27,0.7457,-1,-1,-1
32,2,102.82,546.68,76.95,246.50,0.7472,-1,-1,-1
32,3,1170.56,978.19,63.87,101.81,0.6746,-1,-1,-1
32,4,1723.05,457.27,74.48,209.33,0.6534,-1,-1,-1
32,5,1356.43,569.78,80.22,214.28,0.6039,-1,-1,-1
32,6,0.02,815.16,60.67,243.28,0.6162,-1,-1,-1
32,9,193.63,350.09,68.87,214.51,0.3971,-1,-1,-1
32,10,790.19,148.76,61.70,174.88,0.4570,-1,-1,-1
32,17,1587.79,236.61,62.94,183.00,0.3030,-1,-1,-1
33,1,386.75,370.82,87.87,232.78,0.7501,-1,-1,-1
33,2,103.13,546.71,77.28,246.59,0.7486,-1,-1,-1
33,3,1172.18,979.13,64.29,100.86,0.6781,-1,-1,-1
33,4,1722.55,457.36,74.81,210.24,0.6571,-1,-1,-1
33,5,1356.12,569.39,81.28,217.41,0.6021,-1,-1,-1
33,6,-0.03,813.36,61.61,248.44,0.6217,-1,-1,-1
33,9,190.88,348.56,69.76,217.02,0.4230,-1,-1,-1
33,10,790.13,149.00,61.11,174.20,0.4375,-1,-1,-1
33,11,1019.86,156.95,66.94,184.05,0.3643,-1,-1,-1
33,13,500.82,159.40,68.04,196.44,0.3918,-1,-1,-1
33,14,1836.57,250.06,68.18,191.35,0.3130,-1,-1,-1
34,1,386.64,370.43,89.04,231.61,0.7515,-1,-1,-1
34,2,102.91,546.83,77.40,246.55,0.7391,-1,-1,-1
34,3,1175.05,981.12,63.98,98.88,0.6763,-1,-1,-1
34,4,1722.80,458.22,74.06,208.07,0.6499,-1,-1,-1
34,5,1356.80,569.29,81.01,216.73,0.5996,-1,-1,-1
34,6,0.21,811.52,61.69,249.31,0.6135,-1,-1,-1
34,8,503.42,160.91,62.47,194.64,0.3893,-1,-1,-1
34,9,189.60,352.33,68.00,210.39,0.4157,-1,-1,-1
34,10,789.67,148.67,61.06,175.10,0.4324,-1,-1,-1
34,11,1019.12,155.49,66.51,187.32,0.4152,-1,-1,-1
34,14,1836.62,250.83,67.96,190.38,0.3188,-1,-1,-1
35,1,386.06,369.49,90.67,232.91,0.7410,-1,-1,-1
35,2,102.81,546.87,77.88,247.06,0.7346,-1,-1,-1
35,3,1178.05,982.47,63.38,97.53,0.6624,-1,-1,-1
35,4,1722.38,457.54,74.18,208.59,0.6606,-1,-1,-1
35,5,1356.34,569.40,80.92,215.71,0.6011,-1,-1,-1
35,6,0.65,810.81,62.76,253.03,0.5751,-1,-1,-1
35,7,957.42,199.24,67.86,175.46,0.3348,-1,-1,-1
35,8,500.73,160.86,66.17,194.83,0.3989,-1,-1,-1
35,9,185.82,345.26,67.98,212.50,0.4548,-1,-1,-1
35,10,790.15,148.56,60.75,175.15,0.4427,-1,-1,-1
35,11,1020.00,156.20,64.54,185.01,0.4622,-1,-1,-1
35,14,1837.94,251.44,67.47,188.25,0.3249,-1,-1,-1
36,1,385.77,368.97,91.05,233.14,0.7009,-1,-1,-1
36,2,102.77,547.10,77.54,246.37,0.7385,-1,-1,-1
36,3,1180.62,984.23,62.73,95.76,0.6412,-1,-1,-1
36,4,1722.97,458.68,73.93,207.78,0.6161,-1,-1,-1
36,5,1356.30,569.41,81.44,216.66,0.5767,-1,-1,-1
36,6,1.10,810.06,62.09,249.31,0.5426,-1,-1,-1
36,7,953.37,200.91,66.55,173.96,0.3265,-1,-1,-1
36,8,499.09,160.83,68.15,194.09,0.4165,-1,-1,-1
36,9,187.85,362.34,62.73,196.19,0.3995,-1,-1,-1
36,10,790.39,149.06,60.17,174.12,0.4402,-1,-1,-1
36,11,1021.01,156.81,63.16,182.27,0.5125,-1,-1,-1
36,14,1839.52,250.10,67.52,188.90,0.3537,-1,-1,-1
36,18,384.38,995.05,90.99,84.94,0.4535,-1,-1,-1
37,1,385.34,367.82,90.70,233.99,0.6902,-1,-1,-1
37,2,102.81,547.25,77.05,245.61,0.7344,-1,-1,-1
37,3,1183.29,984.52,63.16,95.47,0.6850,-1,-1,-1
37,4,1722.89,457.48,74.32,209.38,0.6401,-1,-1,-1
37,5,1356.18,569.09,82.20,218.95,0.5677,-1,-1,-1
37,6,1.83,809.00,62.78,248.49,0.6285,-1,-1,-1
37,7,947.50,201.13,67.01,173.17,0.4378,-1,-1,-1
37,8,497.97,162.07,69.29,193.06,0.4226,-1,-1,-1
37,9,187.14,362.14,62.27,194.90,0.4086,-1,-1,-1
37,10,790.15,148.77,60.29,174.83,0.4360,-1,-1,-1
37,11,1021.04,158.02,63.12,183.62,0.5344,-1,-1,-1
37,14,1839.49,252.22,65.66,184.99,0.3773,-1,-1,-1
37,18,384.31,993.97,92.12,86.01,0.5152,-1,-1,-1
38,1,385.35,366.64,89.57,235.31,0.6937,-1,-1,-1
38,2,102.60,546.91,76.81,245.41,0.7328,-1,-1,-1
38,3,1185.44,984.31,64.35,95.69,0.6922,-1,-1,-1
38,4,1722.99,458.38,73.89,207.48,0.6428,-1,-1,-1
38,5,1356.42,569.40,80.78,214.24,0.6049,-1,-1,-1
38,6,2.04,808.70,63.12,245.65,0.6404,-1,-1,-1
38,7,939.86,202.26,68.57,172.45,0.3836,-1,-1,-1
38,8,496.79,162.67,70.36,192.78,0.4184,-1,-1,-1
38,9,186.03,364.53,61.29,191.63,0.4321,-1,-1,-1
38,10,790.43,149.07,60.16,175.15,0.4243,-1,-1,-1
38,11,1022.34,158.65,62.64,184.31,0.5451,-1,-1,-1
38,14,1839.75,252.66,65.32,185.21,0.3217,-1,-1,-1
38,18,384.47,992.85,93.34,87.16,0.5469,-1,-1,-1
39,1,385.47,365.38,88.66,237.02,0.6891,-1,-1,-1
39,2,102.66,547.24,76.92,244.87,0.7308,-1,-1,-1
39,3,1188.24,983.62,65.83,96.39,0.6789,-1,-1,-1
39,4,1722.15,456.89,74.39,209.75,0.6227,-1,-1,-1
39,5,1356.65,568.05,81.72,217.36,0.5814,-1,-1,-1
39,6,1.70,807.51,63.63,244.47,0.6523,-1,-1,-1
39,7,930.71,201.40,73.28,172.43,0.5013,-1,-1,-1
39,8,496.26,163.32,70.79,191.71,0.4237,-1,-1,-1
39,9,183.81,362.30,62.45,194.61,0.4939,-1,-1,-1
39,10,790.38,148.86,59.96,175.15,0.4153,-1,-1,-1
39,11,1022.04,158.94,62.23,183.14,0.5211,-1,-1,-1
39,14,1840.23,253.04,65.01,184.73,0.3539,-1,-1,-1
39,18,383.86,991.61,94.38,88.41,0.5276,-1,-1,-1
40,1,387.38,366.84,87.51,235.15,0.6972,-1,-1,-1
40,2,102.44,546.98,77.03,244.87,0.7335,-1,-1,-1
40,3,1191.99,983.68,66.57,96.31,0.6545,-1,-1,-1
40,4,1722.23,456.26,74.44,210.99,0.6273,-1,-1,-1
40,5,1357.62,569.55,79.91,212.59,0.6151,-1,-1,-1
40,6,1.77,806.40,63.52,242.15,0.6072,-1,-1,-1
40,7,923.06,197.81,79.76,175.83,0.5105,-1,-1,-1
40,8,495.17,166.83,71.06,191.59,0.4405,-1,-1,-1
40,9,181.70,363.22,61.92,192.70,0.4306,-1,-1,-1
40,10,790.31,148.92,59.85,176.01,0.4046,-1,-1,-1
40,11,1021.96,159.15,62.08,182.59,0.5093,-1,-1,-1
40,14,1839.36,253.07,65.99,186.88,0.3340,-1,-1,-1
40,18,383.78,989.90,95.51,90.06,0.5279,-1,-1,-1
41,1,388.67,366.14,86.91,235.36,0.6909,-1,-1,-1
41,2,102.45,546.68,77.37,245.73,0.7313,-1,-1,-1
41,3,1193.92,984.93,66.19,95.07,0.6802,-1,-1,-1
41,4,1722.27,455.87,74.29,211.11,0.6395,-1,-1,-1
41,5,1356.87,568.74,80.96,215.54,0.6073,-1,-1,-1
41,6,1.61,805.34,64.26,242.90,0.6001,-1,-1,-1
41,7,919.68,202.76,82.90,170.45,0.5440,-1,-1,-1
41,8,496.88,166.08,71.43,191.03,0.3632,-1,-1,-1
41,9,179.58,361.26,62.44,194.66,0.3636,-1,-1,-1
41,10,790.48,149.15,59.19,175.17,0.4079,-1,-1,-1
41,11,1021.86,159.21,61.77,181.18,0.4771,-1,-1,-1
41,18,383.98,989.16,95.85,90.83,0.4924,-1,-1,-1
42,1,389.69,364.60,86.35,235.50,0.7104,-1,-1,-1
42,2,102.57,546.70,77.72,245.76,0.7402,-1,-1,-1
42,3,1196.61,984.82,67.07,95.18,0.6923,-1,-1,-1
42,4,1721.84,454.98,74.34,211.49,0.6461,-1,-1,-1
42,5,1356.86,569.35,80.48,214.37,0.6145,-1,-1,-1
42,6,1.23,802.74,64.88,242.96,0.6312,-1,-1,-1
42,7,915.16,200.52,88.35,173.07,0.5451,-1,-1,-1
42,8,496.58,167.15,72.25,191.93,0.3718,-1,-1,-1
42,9,179.20,368.75,60.38,188.50,0.3295,-1,-1,-1
42,10,790.14,148.83,59.41,176.99,0.4202,-1,-1,-1
42,11,1021.39,159.52,62.19,182.08,0.4734,-1,-1,-1
42,18,383.21,987.80,96.81,92.22,0.5331,-1,-1,-1
43,1,391.09,365.08,85.41,233.26,0.7374,-1,-1,-1
43,2,102.06,546.84,77.98,245.90,0.7338,-1,-1,-1
43,3,1199.83,985.08,67.85,94.92,0.6623,-1,-1,-1
43,4,1721.93,454.66,74.37,212.19,0.6162,-1,-1,-1
43,5,1356.76,569.16,80.54,214.48,0.6090,-1,-1,-1
43,6,1.92,798.23,63.52,232.67,0.6608,-1,-1,-1
43,7,910.12,196.62,92.76,176.44,0.4978,-1,-1,-1
43,8,495.39,167.94,73.78,194.55,0.3847,-1,-1,-1
43,10,790.27,149.31,59.14,176.19,0.4042,-1,-1,-1
43,11,1021.19,159.84,62.56,183.38,0.4672,-1,-1,-1
43,18,382.67,987.68,96.69,92.36,0.5402,-1,-1,-1
44,1,391.91,364.75,85.23,231.50,0.7343,-1,-1,-1
44,2,101.97,547.23,77.90,245.37,0.7334,-1,-1,-1
44,3,1200.60,985.40,68.73,94.61,0.6688,-1,-1,-1
44,4,1721.71,457.50,73.93,209.25,0.6474,-1,-1,-1
44,5,1356.67,568.92,81.38,216.69,0.6236,-1,-1,-1
44,6,1.87,794.84,64.02,229.33,0.6726,-1,-1,-1
44,7,905.43,194.01,95.04,179.36,0.3167,-1,-1,-1
44,8,494.93,169.13,74.58,195.66,0.3771,-1,-1,-1
44,9,174.21,365.31,60.73,190.71,0.3525,-1,-1,-1
44,10,790.43,149.23,59.04,176.14,0.4005,-1,-1,-1
44,11,1020.84,160.28,62.75,184.47,0.4379,-1,-1,-1
44,14,1844.45,255.31,70.63,194.80,0.3252,-1,-1,-1
44,18,381.49,985.46,98.37,94.61,0.5968,-1,-1,-1
45,1,392.95,361.89,85.38,232.28,0.7371,-1,-1,-1
45,2,101.56,546.77,77.88,245.81,0.7425,-1,-1,-1
45,3,1201.78,985.73,69.56,94.27,0.6709,-1,-1,-1
45,4,1721.98,458.73,73.63,207.68,0.6321,-1,-1,-1
45,5,1356.29,568.83,81.21,216.34,0.6345,-1,-1,-1
45,6,1.58,792.63,64.87,228.98,0.6685,-1,-1,-1
45,8,495.34,172.35,74.04,194.12,0.3115,-1,-1,-1
45,9,171.19,359.20,61.20,195.44,0.3643,-1,-1,-1
45,10,790.44,149.23,58.90,175.70,0.4243,-1,-1,-1
45,11,1020.84,161.71,62.66,182.67,0.3991,-1,-1,-1
45,14,1843.29,256.65,71.78,197.16,0.3492,-1,-1,-1
45,18,380.07,984.82,98.26,95.22,0.5952,-1,-1,-1
46,1,394.31,360.64,84.38,231.87,0.7422,-1,-1,-1
46,2,101.63,546.36,77.97,246.26,0.7447,-1,-1,-1
46,3,1201.67,986.21,69.92,93.79,0.6854,-1,-1,-1
46,4,1721.52,459.21,73.64,206.56,0.6155,-1,-1,-1
46,5,1356.52,569.35,81.65,216.92,0.6039,-1,-1,-1
46,6,1.61,790.46,65.89,229.60,0.6718,-1,-1,-1
46,8,494.03,173.93,74.51,193.76,0.3314,-1,-1,-1
46,9,169.02,353.74,61.52,200.38,0.3621,-1,-1,-1
46,10,790.52,149.31,58.65,175.12,0.3893,-1,-1,-1
46,11,1020.46,162.03,63.00,182.31,0.4088,-1,-1,-1
46,14,1843.75,257.13,73.30,200.88,0.3300,-1,-1,-1
46,18,377.03,978.62,102.76,101.38,0.6033,-1,-1,-1
47,1,395.13,358.40,84.20,232.16,0.7461,-1,-1,-1
47,2,101.44,546.33,78.05,246.24,0.7292,-1,-1,-1
47,3,1202.66,986.23,70.76,93.78,0.6670,-1,-1,-1
47,4,1721.52,458.92,74.36,208.04,0.6306,-1,-1,-1
47,5,1356.67,569.54,81.34,215.79,0.5933,-1,-1,-1
47,6,1.57,789.23,67.15,232.09,0.6183,-1,-1,-1
47,7,890.76,173.51,101.50,199.79,0.3144,-1,-1,-1
47,8,500.37,179.89,69.91,186.62,0.3161,-1,-1,-1
47,9,167.30,345.20,63.30,208.80,0.3911,-1,-1,-1
47,10,790.61,149.43,58.90,174.81,0.4296,-1,-1,-1
47,11,1019.23,162.81,63.56,183.67,0.3951,-1,-1,-1
47,14,1844.46,258.91,73.85,202.32,0.3460,-1,-1,-1
47,18,375.35,972.55,106.46,107.49,0.5909,-1,-1,-1
48,1,396.42,356.95,83.46,229.73,0.7647,-1,-1,-1
48,2,101.48,546.08,78.16,246.97,0.7353,-1,-1,-1
48,3,1204.90,984.63,72.97,95.32,0.6326,-1,-1,-1
48,4,1721.73,459.60,73.85,206.10,0.6357,-1,-1,-1
48,5,1356.88,569.06,82.06,216.93,0.6132,-1,-1,-1
48,6,1.92,788.69,68.33,234.44,0.5857,-1,-1,-1
48,8,502.14,183.15,66.98,182.94,0.3326,-1,-1,-1
48,9,165.94,344.39,63.10,211.17,0.3360,-1,-1,-1
48,10,790.78,149.49,59.30,175.62,0.4552,-1,-1,-1
48,11,1018.65,163.21,63.37,183.08,0.3309,-1,-1,-1
48,14,1845.41,262.72,72.18,200.57,0.3696,-1,-1,-1
48,18,373.25,965.36,110.19,114.66,0.6089,-1,-1,-1
49,1,396.99,356.41,83.08,226.57,0.7608,-1,-1,-1
49,2,101.45,546.07,78.05,246.97,0.7393,-1,-1,-1
49,3,1204.96,983.50,74.79,96.51,0.6518,-1,-1,-1
49,4,1721.10,458.76,74.42,207.40,0.6575,-1,-1,-1
49,5,1356.56,569.48,82.47,218.03,0.6018,-1,-1,-1
49,6,1.06,785.17,71.90,246.34,0.6188,-1,-1,-1
49,8,496.08,180.23,70.04,188.51,0.3703,-1,-1,-1
49,9,165.98,352.07,60.56,203.70,0.3555,-1,-1,-1
49,10,790.79,149.21,59.59,176.06,0.4317,-1,-1,-1
49,11,1017.49,164.64,63.61,182.99,0.3711,-1,-1,-1
49,14,1846.46,264.43,71.11,200.78,0.3337,-1,-1,-1
49,15,854.74,153.02,71.30,174.33,0.3164,-1,-1,-1
49,18,373.63,963.62,109.29,116.38,0.5888,-1,-1,-1
50,1,396.87,355.01,83.82,225.95,0.7546,-1,-1,-1
50,2,101.63,546.12,77.89,246.51,0.7482,-1,-1,-1
50,3,1204.92,982.77,76.03,97.22,0.6281,-1,-1,-1
50,4,1721.13,459.11,74.19,206.71,0.6391,-1,-1,-1
50,5,1357.08,569.87,81.50,215.54,0.6122,-1,-1,-1
50,6,1.56,784.95,72.96,249.02,0.6055,-1,-1,-1
50,8,494.57,179.34,71.99,191.42,0.3775,-1,-1,-1
50,10,790.39,148.97,59.86,177.05,0.4070,-1,-1,-1
50,11,1017.26,164.96,61.59,177.07,0.3841,-1,-1,-1
50,14,1850.08,266.19,70.03,200.03,0.3915,-1,-1,-1
50,18,375.70,961.38,107.66,117.50,0.5867,-1,-1,-1
51,1,397.18,354.37,84.14,223.19,0.7538,-1,-1,-1
51,2,101.62,545.53,78.03,247.36,0.7505,-1,-1,-1
51,3,1205.22,981.63,77.38,98.37,0.6111,-1,-1,-1
51,4,1720.96,460.13,73.95,205.20,0.6227,-1,-1,-1
51,5,1357.12,569.29,81.31,214.75,0.6198,-1,-1,-1
51,6,1.71,783.37,72.90,247.35,0.6422,-1,-1,-1
51,8,494.78,180.19,72.74,191.63,0.3679,-1,-1,-1
51,10,790.33,148.71,60.10,177.73,0.4134,-1,-1,-1
51,11,1017.15,166.73,60.92,174.39,0.4440,-1,-1,-1
51,14,1851.79,267.27,67.93,196.39,0.3626,-1,-1,-1
51,18,375.00,956.96,109.86,122.84,0.5503,-1,-1,-1
52,1,397.61,353.11,85.24,224.12,0.7677,-1,-1,-1
52,2,101.83,545.43,77.56,247.02,0.7519,-1,-1,-1
52,3,1204.76,981.69,77.78,98.32,0.6304,-1,-1,-1
52,4,1721.10,456.16,75.17,210.38,0.6266,-1,-1,-1
52,5,1356.82,569.14,81.50,215.43,0.6233,-1,-1,-1
52,6,3.10,782.33,72.73,244.84,0.6113,-1,-1,-1
52,8,493.12,180.08,73.89,191.26,0.3819,-1,-1,-1
52,10,789.96,149.08,60.31,178.15,0.3952,-1,-1,-1
52,11,1016.27,168.04,62.76,179.47,0.4711,-1,-1,-1
52,18,375.65,952.70,110.95,127.27,0.5450,-1,-1,-1
53,1,398.26,351.39,85.67,226.09,0.7697,-1,-1,-1
53,2,101.86,545.15,77.05,247.50,0.7453,-1,-1,-1
53,3,1204.03,980.04,79.07,99.94,0.6525,-1,-1,-1
53,4,1721.61,455.99,74.51,209.43,0.6261,-1,-1,-1
53,5,1357.44,569.54,81.04,213.61,0.6401,-1,-1,-1
53,6,3.79,781.08,72.03,241.84,0.6510,-1,-1,-1
53,8,492.40,180.37,75.23,190.81,0.4034,-1,-1,-1
53,10,789.77,148.47,60.42,177.86,0.4121,-1,-1,-1
53,11,1015.54,168.90,63.40,181.73,0.4505,-1,-1,-1
53,14,1855.99,265.42,67.05,197.73,0.3205,-1,-1,-1
53,18,378.06,949.97,109.01,129.60,0.6933,-1,-1,-1
54,1,398.43,350.88,85.75,226.67,0.7711,-1,-1,-1
54,2,102.01,544.85,76.71,248.16,0.7479,-1,-1,-1
54,3,1203.47,979.76,79.58,100.22,0.6571,-1,-1,-1
54,4,1721.58,456.00,74.38,209.94,0.6240,-1,-1,-1
54,5,1357.31,569.13,81.40,214.05,0.6411,-1,-1,-1
54,6,6.30,778.46,70.53,237.18,0.6455,-1,-1,-1
54,8,491.98,180.31,76.54,190.68,0.3868,-1,-1,-1
54,10,790.16,148.76,60.31,176.97,0.3981,-1,-1,-1
54,11,1013.72,171.06,63.20,181.81,0.4274,-1,-1,-1
54,14,1856.99,262.86,67.34,203.69,0.3113,-1,-1,-1
54,18,381.11,948.81,107.01,129.42,0.7180,-1,-1,-1
55,1,399.02,349.66,85.78,228.61,0.7785,-1,-1,-1
55,2,102.16,545.12,76.46,248.59,0.7363,-1,-1,-1
55,3,1203.45,979.02,80.28,100.99,0.6651,-1,-1,-1
55,4,1722.02,456.82,74.49,210.75,0.6376,-1,-1,-1
55,5,1357.25,568.98,81.65,215.46,0.6082,-1,-1,-1
55,6,7.87,774.37,70.22,237.41,0.6805,-1,-1,-1
55,8,491.43,179.97,77.98,191.40,0.4235,-1,-1,-1
55,10,790.35,148.97,60.32,176.79,0.4251,-1,-1,-1
55,11,1012.36,173.36,63.06,181.65,0.4561,-1,-1,-1
55,14,1858.76,262.10,66.48,207.49,0.3406,-1,-1,-1
55,18,382.16,947.12,108.14,131.65,0.6929,-1,-1,-1
56,1,399.46,349.32,85.46,229.82,0.7878,-1,-1,-1
56,2,102.28,544.41,76.46,249.31,0.7376,-1,-1,-1
56,3,1202.73,977.37,81.39,102.63,0.6744,-1,-1,-1
56,4,1721.62,455.89,74.21,210.64,0.6445,-1,-1,-1
56,5,1356.64,569.17,81.70,216.34,0.6102,-1,-1,-1
56,6,8.38,772.04,69.75,235.13,0.6943,-1,-1,-1
56,8,490.26,180.04,78.73,191.44,0.4782,-1,-1,-1
56,10,790.36,148.75,60.77,177.76,0.4100,-1,-1,-1
56,11,1012.92,175.05,62.14,180.26,0.4680,-1,-1,-1
56,17,1472.65,216.21,65.73,191.53,0.3182,-1,-1,-1
56,18,382.83,946.61,108.31,132.97,0.6985,-1,-1,-1
57,1,399.41,348.12,85.02,230.86,0.7938,-1,-1,-1
57,2,102.21,544.88,76.36,249.50,0.7329,-1,-1,-1
57,3,1201.96,976.19,82.14,103.81,0.6850,-1,-1,-1
57,4,1721.95,458.59,73.09,207.17,0.6509,-1,-1,-1
57,5,1357.23,569.22,80.83,213.46,0.6174,-1,-1,-1
57,6,6.93,771.05,69.58,230.67,0.7197,-1,-1,-1
57,7,832.85,162.08,106.08,208.98,0.3014,-1,-1,-1
57,8,489.27,180.89,78.99,190.86,0.4590,-1,-1,-1
57,10,790.25,148.63,61.25,178.76,0.4009,-1,-1,-1
57,11,1011.21,176.45,61.79,179.73,0.4636,-1,-1,-1
57,17,1470.11,215.69,65.18,190.39,0.3341,-1,-1,-1
57,18,384.56,945.88,107.71,133.44,0.7176,-1,-1,-1
58,1,399.57,347.19,84.97,231.52,0.7873,-1,-1,-1
58,2,102.48,545.29,75.95,249.09,0.7288,-1,-1,-1
58,3,1201.72,976.23,82.36,103.77,0.6689,-1,-1,-1
58,4,1721.78,455.76,73.67,209.73,0.6400,-1,-1,-1
58,5,1357.08,569.41,81.26,214.87,0.6247,-1,-1,-1
58,6,8.80,767.44,70.58,229.07,0.7118,-1,-1,-1
58,8,488.86,181.46,79.21,191.07,0.4484,-1,-1,-1
58,10,790.44,148.97,61.19,178.55,0.3946,-1,-1,-1
58,11,1010.50,179.19,61.23,179.06,0.4566,-1,-1,-1
58,17,1468.49,214.55,64.67,189.20,0.3099,-1,-1,-1
58,18,385.53,944.76,107.79,135.11,0.6723,-1,-1,-1
59,1,400.63,345.61,84.83,233.26,0.7851,-1,-1,-1
59,2,102.44,545.13,75.82,249.46,0.7327,-1,-1,-1
59,3,1200.35,975.73,83.40,104.28,0.6719,-1,-1,-1
59,4,1722.50,455.92,73.80,210.90,0.6377,-1,-1,-1
59,5,1357.30,568.78,80.82,213.15,0.6413,-1,-1,-1
59,6,8.69,765.34,71.36,224.98,0.7217,-1,-1,-1
59,8,489.12,181.94,79.75,191.52,0.4378,-1,-1,-1
59,10,789.59,148.89,61.12,178.51,0.3894,-1,-1,-1
59,11,1009.82,180.44,60.96,178.37,0.3744,-1,-1,-1
59,18,386.36,943.55,106.90,136.09,0.7142,-1,-1,-1
60,1,401.45,346.00,83.42,231.55,0.7925,-1,-1,-1
60,2,102.09,545.18,76.04,250.53,0.7259,-1,-1,-1
60,3,1199.45,974.76,84.44,105.26,0.6700,-1,-1,-1
60,4,1722.45,458.66,72.84,207.49,0.6275,-1,-1,-1
60,5,1356.73,568.93,81.53,215.29,0.6262,-1,-1,-1
60,6,8.95,760.39,71.04,225.27,0.7345,-1,-1,-1
60,8,489.10,183.14,79.69,191.15,0.4531,-1,-1,-1
60,10,789.03,148.50,62.77,184.16,0.4231,-1,-1,-1
60,11,1008.03,181.40,61.13,178.00,0.3406,-1,-1,-1
60,17,1465.21,211.93,65.42,192.42,0.3100,-1,-1,-1
60,18,386.48,940.42,107.87,138.64,0.7101,-1,-1,-1
61,1,401.50,344.38,82.90,230.94,0.7977,-1,-1,-1
61,2,102.67,546.36,74.84,247.68,0.7279,-1,-1,-1
61,3,1196.56,972.21,86.37,107.80,0.6306,-1,-1,-1
61,4,1722.41,457.79,72.67,207.57,0.6112,-1,-1,-1
61,5,1357.20,569.31,81.02,214.12,0.6299,-1,-1,-1
61,6,9.20,758.04,70.47,225.79,0.7307,-1,-1,-1
61,8,491.02,189.33,76.91,187.03,0.4803,-1,-1,-1
61,10,788.41,148.44,63.74,187.45,0.3661,-1,-1,-1
61,11,1007.56,182.12,60.83,176.80,0.3029,-1,-1,-1
61,18,386.31,938.88,109.05,140.57,0.6141,-1,-1,-1
62,1,401.78,343.05,82.44,230.90,0.7907,-1,-1,-1
62,2,102.86,546.83,74.59,247.44,0.7287,-1,-1,-1
62,3,1195.96,972.33,86.32,107.67,0.6220,-1,-1,-1
62,4,1722.46,456.53,73.24,209.22,0.6000,-1,-1,-1
62,5,1357.35,569.24,81.05,214.71,0.6174,-1,-1,-1
62,6,10.48,756.33,69.98,225.89,0.7302,-1,-1,-1
62,8,490.96,190.19,76.74,188.87,0.4967,-1,-1,-1
62,10,788.98,148.25,63.23,186.94,0.3199,-1,-1,-1
62,11,1008.06,184.01,60.29,175.11,0.3032,-1,-1,-1
62,18,385.09,936.68,109.88,142.01,0.5694,-1,-1,-1
63,1,401.85,341.03,82.63,232.16,0.7965,-1,-1,-1
63,2,102.97,546.71,74.35,247.38,0.7298,-1,-1,-1
63,3,1194.58,971.91,86.87,108.09,0.6573,-1,-1,-1
63,4,1722.21,458.49,73.00,207.52,0.5906,-1,-1,-1
63,5,1357.17,568.96,80.74,213.58,0.6020,-1,-1,-1
63,6,10.48,755.28,71.19,229.62,0.7189,-1,-1,-1
63,8,489.40,188.46,78.41,195.57,0.5326,-1,-1,-1
63,18,384.20,934.62,110.38,144.29,0.6604,-1,-1,-1
64,1,402.22,338.48,82.56,232.17,0.7907,-1,-1,-1
64,2,102.44,546.41,74.76,248.67,0.7195,-1,-1,-1
64,3,1193.36,973.29,86.11,106.70,0.6856,-1,-1,-1
64,4,1721.94,456.48,73.72,209.56,0.6059,-1,-1,-1
64,5,1356.14,569.35,81.61,215.86,0.5977,-1,-1,-1
64,6,10.88,753.67,71.14,229.80,0.7204,-1,-1,-1
64,8,490.85,191.41,76.97,194.34,0.4907,-1,-1,-1
64,11,1005.39,186.48,59.54,171.31,0.3625,-1,-1,-1
64,18,383.29,930.65,112.44,148.71,0.6716,-1,-1,-1
65,1,402.06,336.82,82.69,232.19,0.7933,-1,-1,-1
65,2,102.85,547.12,74.39,246.89,0.7280,-1,-1,-1
65,3,1191.97,973.39,85.81,106.60,0.6846,-1,-1,-1
65,4,1721.54,459.50,73.40,206.70,0.6133,-1,-1,-1
65,5,1356.70,569.22,81.55,214.29,0.6283,-1,-1,-1
65,6,10.27,752.66,71.86,233.02,0.7136,-1,-1,-1
65,8,491.80,191.87,76.28,194.89,0.5081,-1,-1,-1
65,11,1004.64,187.25,60.06,171.56,0.3134,-1,-1,-1
65,18,381.22,923.85,116.13,155.91,0.5634,-1,-1,-1
66,1,402.42,334.92,82.83,231.95,0.7929,-1,-1,-1
66,2,103.09,546.33,74.97,247.94,0.7208,-1,-1,-1
66,3,1189.35,971.73,86.41,108.26,0.7063,-1,-1,-1
66,4,1720.59,459.32,74.25,207.75,0.6260,-1,-1,-1
66,5,1356.23,568.53,82.51,216.26,0.6046,-1,-1,-1
66,6,10.26,751.27,71.98,234.33,0.7134,-1,-1,-1
66,8,493.01,190.87,75.14,196.06,0.5281,-1,-1,-1
66,11,1003.72,187.82,60.89,174.46,0.3622,-1,-1,-1
66,18,380.36,917.54,117.89,162.40,0.5605,-1,-1,-1
67,1,403.00,333.97,82.89,228.98,0.7944,-1,-1,-1
67,2,103.13,546.77,75.12,247.51,0.7250,-1,-1,-1
67,3,1188.61,971.75,86.41,108.24,0.6942,-1,-1,-1
67,4,1720.97,459.03,74.10,206.83,0.5965,-1,-1,-1
67,5,1356.82,569.11,81.69,214.28,0.5982,-1,-1,-1
67,6,9.65,749.12,72.53,237.24,0.7028,-1,-1,-1
67,8,492.85,190.89,75.00,199.61,0.5657,-1,-1,-1
67,11,1002.05,187.67,60.87,175.32,0.4069,-1,-1,-1
67,18,380.59,913.53,115.84,164.91,0.6553,-1,-1,-1
68,1,403.64,333.58,82.87,226.76,0.7902,-1,-1,-1
68,2,102.90,546.62,75.44,247.84,0.7294,-1,-1,-1
68,3,1184.68,969.85,87.40,110.14,0.6957,-1,-1,-1
68,4,1721.45,459.43,74.13,206.97,0.6081,-1,-1,-1
68,5,1356.48,568.14,82.35,216.10,0.5953,-1,-1,-1
68,6,9.51,746.66,73.21,241.13,0.7077,-1,-1,-1
68,8,493.34,192.45,73.04,197.36,0.5750,-1,-1,-1
68,11,1001.02,188.08,61.34,176.69,0.4874,-1,-1,-1
68,18,381.50,911.90,113.33,166.06,0.7051,-1,-1,-1
69,1,403.58,332.31,83.60,225.71,0.7834,-1,-1,-1
69,2,102.69,546.61,75.45,248.24,0.7309,-1,-1,-1
69,3,1183.26,969.63,87.17,110.32,0.6797,-1,-1,-1
69,4,1721.93,457.10,75.70,212.26,0.5947,-1,-1,-1
69,5,1356.41,568.61,82.57,217.24,0.5962,-1,-1,-1
69,6,9.86,744.82,73.03,241.93,0.7102,-1,-1,-1
69,8,493.32,193.44,73.00,195.59,0.5869,-1,-1,-1
69,11,1000.82,187.88,61.67,177.23,0.5338,-1,-1,-1
69,18,381.75,910.43,112.63,168.24,0.6853,-1,-1,-1
70,1,403.64,331.46,84.12,223.98,0.7903,-1,-1,-1
70,2,102.89,546.28,75.23,248.44,0.7319,-1,-1,-1
70,3,1181.71,969.19,87.08,110.80,0.6649,-1,-1,-1
70,4,1722.37,455.47,75.41,212.53,0.6157,-1,-1,-1
70,5,1356.42,568.40,82.82,217.69,0.6087,-1,-1,-1
70,6,10.89,743.29,71.76,237.70,0.7152,-1,-1,-1
70,8,492.70,195.37,73.59,193.59,0.5919,-1,-1,-1
70,11,1000.15,187.74,61.79,178.05,0.5581,-1,-1,-1
70,18,381.19,907.36,113.07,172.16,0.6793,-1,-1,-1
71,1,403.54,329.95,84.52,223.72,0.7909,-1,-1,-1
71,2,102.33,545.11,75.86,250.44,0.7292,-1,-1,-1
71,3,1180.59,968.24,87.33,111.76,0.6676,-1,-1,-1
71,4,1722.35,456.54,74.86,211.11,0.6225,-1,-1,-1
71,5,1356.57,568.78,82.91,218.65,0.5627,-1,-1,-1
71,6,12.36,741.61,70.49,230.97,0.7212,-1,-1,-1
71,7,775.94,150.73,97.67,219.51,0.3588,-1,-1,-1
71,8,493.37,193.37,75.17,195.86,0.6135,-1,-1,-1
71,11,998.10,188.11,61.42,178.21,0.5614,-1,-1,-1
71,15,841.44,168.11,61.10,174.65,0.3337,-1,-1,-1
71,18,379.33,905.13,113.65,174.83,0.7093,-1,-1,-1
72,1,403.49,328.36,85.36,225.67,0.7885,-1,-1,-1
72,2,102.17,544.52,75.96,250.75,0.7259,-1,-1,-1
72,3,1178.62,965.98,88.34,114.04,0.5933,-1,-1,-1
72,4,1722.39,457.07,74.54,210.33,0.6192,-1,-1,-1
72,5,1357.00,569.14,82.59,218.17,0.6062,-1,-1,-1
72,6,12.05,737.80,70.93,228.41,0.7274,-1,-1,-1
72,7,774.83,147.45,94.66,222.54,0.3792,-1,-1,-1
72,8,490.94,193.37,77.29,196.33,0.5970,-1,-1,-1
72,11,997.02,188.48,60.88,178.92,0.5725,-1,-1,-1
72,15,841.24,169.38,58.49,175.88,0.3494,-1,-1,-1
72,18,378.74,903.71,113.53,176.30,0.7213,-1,-1,-1
73,1,404.13,327.79,85.52,227.23,0.7872,-1,-1,-1
73,2,102.06,545.15,75.91,250.02,0.7321,-1,-1,-1
73,3,1178.09,965.11,88.39,114.88,0.6094,-1,-1,-1
73,4,1722.43,456.14,75.27,213.08,0.6133,-1,-1,-1
73,5,1357.33,569.48,82.11,216.05,0.6160,-1,-1,-1
73,6,11.64,734.34,72.20,229.14,0.7478,-1,-1,-1
73,7,773.30,148.39,92.75,220.57,0.3039,-1,-1,-1
73,8,489.19,193.12,79.74,196.80,0.5927,-1,-1,-1
73,11,995.57,189.51,60.15,178.93,0.5500,-1,-1,-1
73,15,842.27,170.39,57.02,177.65,0.3473,-1,-1,-1
73,18,377.97,902.79,113.62,177.21,0.7151,-1,-1,-1
74,1,404.93,327.75,84.78,226.37,0.7842,-1,-1,-1
74,2,102.27,545.60,75.46,248.69,0.7220,-1,-1,-1
74,3,1177.66,965.00,88.25,115.01,0.6237,-1,-1,-1
74,4,1722.43,459.86,73.48,207.24,0.5958,-1,-1,-1
74,5,1356.97,569.60,82.00,214.99,0.6195,-1,-1,-1
74,6,12.02,732.19,72.35,225.49,0.7514,-1,-1,-1
74,8,488.64,194.90,80.91,195.00,0.5599,-1,-1,-1
74,11,995.54,190.05,59.55,181.04,0.5586,-1,-1,-1
74,15,842.82,171.27,56.71,179.44,0.3055,-1,-1,-1
74,18,377.69,900.75,114.14,179.27,0.6885,-1,-1,-1
75,1,404.92,326.93,84.75,226.95,0.7785,-1,-1,-1
75,2,101.73,545.11,75.60,249.52,0.7284,-1,-1,-1
75,3,1176.90,964.56,88.58,115.46,0.6363,-1,-1,-1
75,4,1721.94,457.24,74.88,211.81,0.6187,-1,-1,-1
75,5,1357.40,570.04,81.26,211.93,0.6548,-1,-1,-1
75,6,11.15,731.17,73.51,227.47,0.7486,-1,-1,-1
75,8,486.66,196.53,82.21,193.67,0.5708,-1,-1,-1
75,11,993.60,189.11,59.79,183.93,0.6141,-1,-1,-1
75,15,841.65,171.96,57.65,184.64,0.3013,-1,-1,-1
75,18,377.64,898.33,114.43,181.69,0.6778,-1,-1,-1
76,1,406.05,326.60,84.27,227.63,0.7724,-1,-1,-1
76,2,101.65,544.16,75.53,250.50,0.7220,-1,-1,-1
76,3,1176.62,963.95,88.89,116.05,0.6886,-1,-1,-1
76,4,1721.80,459.53,73.48,206.74,0.6303,-1,-1,-1
76,5,1356.85,570.55,81.85,212.42,0.6477,-1,-1,-1
76,6,10.66,729.37,74.42,230.96,0.7470,-1,-1,-1
76,8,488.34,200.02,82.20,191.24,0.5540,-1,-1,-1
76,11,993.39,189.10,58.89,182.23,0.5748,-1,-1,-1
76,17,1436.79,205.74,65.05,191.03,0.3226,-1,-1,-1
76,18,378.05,895.20,114.10,184.80,0.6904,-1,-1,-1
77,1,406.53,325.24,84.41,229.51,0.7668,-1,-1,-1
77,2,101.61,544.26,74.98,250.36,0.7224,-1,-1,-1
77,3,1176.43,963.91,88.70,116.09,0.6972,-1,-1,-1
77,4,1721.70,458.88,73.60,206.23,0.6226,-1,-1,-1
77,5,1356.57,569.86,83.25,214.89,0.6321,-1,-1,-1
77,6,10.87,728.01,74.36,231.25,0.7515,-1,-1,-1
77,8,492.50,201.76,80.35,188.66,0.5687,-1,-1,-1
77,11,993.26,190.13,58.36,180.59,0.5922,-1,-1,-1
77,17,1436.05,205.61,64.58,189.38,0.3562,-1,-1,-1
77,18,379.74,893.21,111.98,186.80,0.7466,-1,-1,-1
78,1,406.53,324.78,84.09,229.48,0.7694,-1,-1,-1
78,2,101.42,544.24,74.51,249.91,0.7233,-1,-1,-1
78,3,1175.99,963.11,88.99,116.90,0.7207,-1,-1,-1
78,4,1721.60,459.82,73.88,205.66,0.6372,-1,-1,-1
78,5,1356.25,571.43,83.64,214.54,0.6380,-1,-1,-1
78,6,10.97,726.91,75.44,233.96,0.7458,-1,-1,-1
78,8,490.59,205.09,79.14,186.37,0.6007,-1,-1,-1
78,11,993.38,188.99,58.11,181.17,0.5644,-1,-1,-1
78,17,1434.36,205.17,64.81,189.92,0.3353,-1,-1,-1
78,18,380.19,890.82,110.40,189.19,0.7540,-1,-1,-1
79,1,407.40,324.57,83.60,230.45,0.7798,-1,-1,-1
79,2,101.85,545.30,73.83,248.33,0.7258,-1,-1,-1
79,3,1175.94,963.16,88.65,116.84,0.7240,-1,-1,-1
79,4,1721.12,458.62,74.36,206.77,0.6468,-1,-1,-1
79,5,1356.05,572.44,83.65,213.53,0.6071,-1,-1,-1
79,6,12.06,726.65,75.34,233.01,0.7472,-1,-1,-1
79,8,489.41,202.76,81.37,192.09,0.5841,-1,-1,-1
79,11,992.59,190.44,57.50,178.62,0.5754,-1,-1,-1
79,18,382.44,887.17,108.50,192.83,0.7680,-1,-1,-1
80,1,408.89,324.39,82.31,229.39,0.7780,-1,-1,-1
80,2,101.98,545.62,73.50,248.20,0.7273,-1,-1,-1
80,3,1175.06,962.42,88.88,117.57,0.7371,-1,-1,-1
80,4,1721.44,459.89,74.32,206.08,0.6344,-1,-1,-1
80,5,1356.65,572.21,84.99,216.70,0.5754,-1,-1,-1
80,6,13.03,725.42,75.97,234.00,0.7277,-1,-1,-1
80,8,490.35,203.43,81.69,194.38,0.5726,-1,-1,-1
80,11,990.64,190.44,58.97,183.92,0.6078,-1,-1,-1
80,18,383.77,882.04,106.91,197.95,0.7885,-1,-1,-1
81,1,409.69,323.79,81.18,227.39,0.7615,-1,-1,-1
81,2,102.18,544.85,73.11,248.53,0.7278,-1,-1,-1
81,3,1175.72,961.91,88.28,118.09,0.7442,-1,-1,-1
81,4,1721.69,459.27,74.51,206.46,0.6201,-1,-1,-1
81,5,1355.94,571.77,85.46,217.67,0.5507,-1,-1,-1
81,6,12.97,724.87,75.69,233.68,0.7207,-1,-1,-1
81,8,490.52,204.19,81.82,196.57,0.5467,-1,-1,-1
81,11,989.76,191.25,58.58,182.91,0.6100,-1,-1,-1
81,17,1426.25,202.52,63.15,187.70,0.3166,-1,-1,-1
81,18,385.15,878.93,105.23,201.08,0.7855,-1,-1,-1
82,1,412.08,323.60,80.44,226.38,0.7528,-1,-1,-1
82,2,102.27,545.91,72.47,246.77,0.7279,-1,-1,-1
82,3,1175.13,961.42,87.64,118.58,0.7317,-1,-1,-1
82,4,1721.46,459.36,74.54,206.71,0.6201,-1,-1,-1
82,5,1356.00,571.94,85.47,217.63,0.5451,-1,-1,-1
82,6,13.85,721.88,76.77,236.49,0.7266,-1,-1,-1
82,8,492.72,207.07,80.22,194.95,0.5545,-1,-1,-1
82,11,988.33,191.02,58.41,183.25,0.6095,-1,-1,-1
82,17,1424.73,200.03,62.87,188.64,0.3005,-1,-1,-1
82,18,385.20,875.43,105.11,204.57,0.7833,-1,-1,-1
83,1,412.34,321.86,80.71,226.16,0.7641,-1,-1,-1
83,2,101.78,545.82,72.53,247.44,0.7278,-1,-1,-1
83,3,1174.61,961.85,86.56,118.16,0.7057,-1,-1,-1
83,4,1722.07,459.67,73.80,204.96,0.6159,-1,-1,-1
83,5,1356.13,571.31,85.85,218.95,0.5500,-1,-1,-1
83,6,14.54,720.44,76.67,237.82,0.7177,-1,-1,-1
83,8,493.69,207.22,79.83,194.93,0.5793,-1,-1,-1
83,11,986.97,191.53,58.02,182.48,0.5994,-1,-1,-1
83,17,1423.59,201.03,62.03,187.23,0.3057,-1,-1,-1
83,18,386.62,873.38,104.47,206.62,0.7796,-1,-1,-1
84,1,413.41,320.04,80.35,225.95,0.7627,-1,-1,-1
84,2,102.17,545.94,72.49,247.45,0.7183,-1,-1,-1
84,3,1174.03,961.53,86.07,118.46,0.7224,-1,-1,-1
84,4,1721.80,459.52,74.17,205.87,0.5940,-1,-1,-1
84,5,1356.48,572.00,85.03,216.75,0.5437,-1,-1,-1
84,6,13.83,718.64,76.69,239.76,0.7199,-1,-1,-1
84,8,494.72,208.34,79.67,196.55,0.5983,-1,-1,-1
84,10,793.39,149.21,56.63,170.99,0.3684,-1,-1,-1
84,11,985.81,191.85,57.81,182.23,0.6085,-1,-1,-1
84,18,387.24,871.12,104.54,208.88,0.7700,-1,-1,-1
85,1,414.14,318.47,80.54,224.47,0.7575,-1,-1,-1
85,2,101.81,544.99,73.06,249.26,0.7187,-1,-1,-1
85,3,1173.83,961.53,85.45,118.46,0.7154,-1,-1,-1
85,4,1721.48,460.47,74.37,205.76,0.5994,-1,-1,-1
85,5,1356.32,572.77,86.68,221.32,0.4904,-1,-1,-1
85,6,16.09,717.82,76.81,240.32,0.7212,-1,-1,-1
85,8,495.45,209.30,78.75,195.07,0.5914,-1,-1,-1
85,10,792.96,149.34,56.11,170.74,0.3151,-1,-1,-1
85,11,983.55,190.63,58.82,184.88,0.5486,-1,-1,-1
85,18,387.88,869.26,104.50,210.75,0.7789,-1,-1,-1
86,1,415.21,317.39,80.21,221.39,0.7630,-1,-1,-1
86,2,102.34,546.07,72.80,247.34,0.7209,-1,-1,-1
86,3,1172.49,961.16,85.66,118.84,0.7081,-1,-1,-1
86,4,1721.67,457.57,75.61,209.67,0.6081,-1,-1,-1
86,5,1357.76,573.87,84.23,214.34,0.5336,-1,-1,-1
86,6,17.72,716.07,75.38,235.07,0.7461,-1,-1,-1
86,7,740.64,186.25,66.75,178.62,0.3357,-1,-1,-1
86,8,495.63,209.03,79.51,197.75,0.6102,-1,-1,-1
86,10,792.80,149.40,56.52,172.27,0.3062,-1,-1,-1
86,11,981.48,191.31,59.18,185.07,0.4825,-1,-1,-1
86,17,1418.56,198.21,62.47,189.95,0.3150,-1,-1,-1
86,18,388.54,866.56,104.70,213.45,0.7884,-1,-1,-1
87,1,415.36,316.69,81.41,220.32,0.7753,-1,-1,-1
87,2,102.30,545.69,73.01,247.18,0.7339,-1,-1,-1
87,3,1172.42,960.70,85.23,119.31,0.7056,-1,-1,-1
87,4,1721.27,460.16,74.54,206.71,0.6337,-1,-1,-1
87,5,1357.04,573.75,84.39,215.01,0.5166,-1,-1,-1
87,6,19.72,713.79,72.91,225.23,0.7605,-1,-1,-1
87,7,742.14,187.13,61.86,177.84,0.4062,-1,-1,-1
87,8,496.39,209.93,79.17,195.86,0.6204,-1,-1,-1
87,10,792.26,149.19,56.91,173.31,0.3228,-1,-1,-1
87,11,980.54,191.85,58.68,181.47,0.4578,-1,-1,-1
87,15,835.99,179.47,59.67,189.33,0.3396,-1,-1,-1
87,18,389.24,864.74,104.95,215.26,0.7884,-1,-1,-1
88,1,414.90,315.42,82.74,220.08,0.7855,-1,-1,-1
88,2,102.29,546.28,72.98,246.31,0.7177,-1,-1,-1
88,3,1170.51,960.27,85.07,119.72,0.7422,-1,-1,-1
88,4,1720.91,460.21,74.50,206.30,0.6468,-1,-1,-1
88,5,1357.04,572.85,84.61,216.01,0.5495,-1,-1,-1
88,6,19.05,710.21,73.67,225.90,0.7287,-1,-1,-1
88,7,740.36,187.51,60.17,176.65,0.3602,-1,-1,-1
88,8,497.62,209.43,80.26,197.81,0.6166,-1,-1,-1
88,10,792.25,150.23,56.19,170.68,0.3240,-1,-1,-1
88,11,978.13,191.15,60.55,186.02,0.4209,-1,-1,-1
88,18,390.02,862.29,105.93,217.71,0.8054,-1,-1,-1
89,1,414.63,313.80,83.42,220.12,0.7766,-1,-1,-1
89,2,102.23,546.35,72.97,245.55,0.7233,-1,-1,-1
89,3,1169.99,959.80,83.93,120.12,0.7522,-1,-1,-1
89,4,1720.17,459.04,74.88,207.42,0.6361,-1,-1,-1
89,5,1356.81,573.68,85.14,217.89,0.5392,-1,-1,-1
89,6,18.78,705.51,75.05,227.70,0.7358,-1,-1,-1
89,8,498.27,208.21,81.42,199.48,0.6147,-1,-1,-1
89,11,977.05,193.30,60.90,185.08,0.4931,-1,-1,-1
89,18,390.91,861.68,105.16,218.31,0.8131,-1,-1,-1
90,1,415.21,312.45,83.74,220.49,0.7463,-1,-1,-1
90,2,102.07,546.68,73.12,245.18,0.7134,-1,-1,-1
90,3,1169.36,958.55,83.42,121.44,0.7640,-1,-1,-1
90,4,1720.32,459.39,74.57,206.74,0.6227,-1,-1,-1
90,5,1356.26,573.16,84.29,216.58,0.5371,-1,-1,-1
90,6,20.13,703.88,74.83,227.94,0.7339,-1,-1,-1
90,8,500.08,207.40,81.85,198.99,0.5991,-1,-1,-1
90,11,975.94,195.14,61.35,184.72,0.4124,-1,-1,-1
90,18,391.71,860.22,104.53,219.78,0.8173,-1,-1,-1
91,1,415.48,311.03,83.87,223.07,0.7442,-1,-1,-1
91,2,102.38,546.94,73.14,244.70,0.7042,-1,-1,-1
91,3,1168.26,957.30,82.99,122.71,0.7737,-1,-1,-1
91,4,1720.23,460.24,74.54,206.59,0.6289,-1,-1,-1
91,5,1356.08,572.08,85.16,219.72,0.5257,-1,-1,-1
91,6,21.08,700.83,74.29,226.94,0.7229,-1,-1,-1
91,8,500.73,208.45,81.30,199.18,0.5637,-1,-1,-1
91,11,974.89,193.80,61.35,184.04,0.3692,-1,-1,-1
91,18,391.54,857.83,105.14,222.18,0.8023,-1,-1,-1
92,1,416.14,310.88,83.68,223.95,0.7394,-1,-1,-1
92,2,102.25,546.70,73.28,245.07,0.7011,-1,-1,-1
92,3,1167.70,956.92,81.82,123.09,0.7608,-1,-1,-1
92,4,1720.71,460.00,74.59,206.84,0.6310,-1,-1,-1
92,5,1356.87,572.29,83.71,216.34,0.5328,-1,-1,-1
92,6,21.34,696.76,74.25,229.55,0.7176,-1,-1,-1
92,8,500.25,212.07,79.81,195.55,0.5911,-1,-1,-1
92,11,973.34,195.59,61.33,183.10,0.3984,-1,-1,-1
92,18,391.42,854.25,105.23,225.76,0.7953,-1,-1,-1
93,1,416.57,309.79,83.57,225.00,0.7306,-1,-1,-1
93,2,102.12,547.03,73.10,244.78,0.6920,-1,-1,-1
93,3,1167.01,956.71,80.60,123.29,0.7792,-1,-1,-1
93,4,1720.82,460.00,74.50,206.42,0.6208,-1,-1,-1
93,5,1356.55,571.95,83.55,216.44,0.5182,-1,-1,-1
93,6,22.91,698.10,72.46,225.55,0.7093,-1,-1,-1
93,8,500.73,209.50,80.52,198.32,0.5532,-1,-1,-1
93,11,972.60,195.43,62.19,185.94,0.3527,-1,-1,-1
93,18,392.59,850.93,105.17,229.07,0.8024,-1,-1,-1
94,1,416.71,309.20,83.28,225.02,0.7310,-1,-1,-1
94,2,102.34,547.17,73.26,244.59,0.6883,-1,-1,-1
94,3,1165.91,955.52,79.58,124.48,0.7913,-1,-1,-1
94,4,1721.40,460.16,74.68,207.03,0.6233,-1,-1,-1
94,5,1356.70,572.34,83.84,217.16,0.4741,-1,-1,-1
94,6,23.12,697.33,71.83,224.69,0.7143,-1,-1,-1
94,8,500.17,210.94,80.31,199.08,0.5256,-1,-1,-1
94,11,971.72,196.93,62.27,186.14,0.3334,-1,-1,-1
94,18,393.20,849.00,104.86,231.01,0.7916,-1,-1,-1
95,1,416.10,307.96,83.62,226.86,0.7427,-1,-1,-1
95,2,102.12,547.13,73.35,244.34,0.6853,-1,-1,-1
95,3,1164.58,953.68,79.61,126.31,0.7874,-1,-1,-1
95,4,1721.26,460.03,74.37,206.96,0.6117,-1,-1,-1
95,5,1356.75,573.53,83.53,216.35,0.4456,-1,-1,-1
95,6,24.25,696.32,71.34,226.23,0.7151,-1,-1,-1
95,8,501.60,213.05,79.71,199.29,0.4969,-1,-1,-1
95,11,970.42,197.36,62.77,188.13,0.3203,-1,-1,-1
95,18,393.33,843.72,104.82,236.28,0.7974,-1,-1,-1
96,1,417.77,307.29,83.84,227.08,0.7600,-1,-1,-1
96,2,101.90,546.92,73.35,243.93,0.6778,-1,-1,-1
96,3,1163.64,953.16,78.37,126.84,0.7955,-1,-1,-1
96,4,1721.27,459.06,74.27,207.09,0.6219,-1,-1,-1
96,5,1356.53,573.39,85.14,220.86,0.4978,-1,-1,-1
96,6,24.72,694.08,71.13,229.37,0.7193,-1,-1,-1
96,8,506.01,211.96,80.92,203.85,0.5504,-1,-1,-1
96,11,967.81,199.41,63.02,189.97,0.4080,-1,-1,-1
96,18,393.68,841.37,103.70,238.63,0.8076,-1,-1,-1
96,19,1175.68,155.89,79.23,167.22,0.3009,-1,-1,-1
97,1,417.31,306.78,83.74,227.40,0.7582,-1,-1,-1
97,2,101.87,546.99,73.61,244.91,0.6833,-1,-1,-1
97,3,1161.89,951.51,77.80,128.49,0.7830,-1,-1,-1
97,4,1721.61,459.41,74.43,207.75,0.6386,-1,-1,-1
97,5,1355.98,572.53,85.10,221.47,0.5215,-1,-1,-1
97,6,24.79,693.19,70.46,228.85,0.7185,-1,-1,-1
97,8,507.39,213.38,80.02,204.49,0.5288,-1,-1,-1
97,11,965.71,199.51,63.03,190.88,0.3787,-1,-1,-1
97,18,393.80,841.24,101.62,238.77,0.8020,-1,-1,-1
98,1,417.77,305.14,83.77,229.19,0.7627,-1,-1,-1
98,2,101.73,546.77,73.55,244.77,0.6731,-1,-1,-1
98,3,1160.06,949.29,78.12,130.71,0.7766,-1,-1,-1
98,4,1721.29,455.92,75.27,211.46,0.6372,-1,-1,-1
98,5,1356.33,573.12,83.55,218.49,0.5183,-1,-1,-1
98,6,25.29,692.75,70.12,229.29,0.7197,-1,-1,-1
98,8,508.49,214.30,78.62,204.64,0.5613,-1,-1,-1
98,11,964.28,199.79,62.73,190.36,0.4792,-1,-1,-1
98,18,393.48,839.08,100.40,240.92,0.8025,-1,-1,-1
99,1,418.51,305.07,83.53,228.78,0.7623,-1,-1,-1
99,2,101.63,546.44,73.64,245.21,0.6740,-1,-1,-1
99,3,1158.58,946.41,78.82,133.59,0.7661,-1,-1,-1
99,4,1721.93,459.09,74.08,208.44,0.6248,-1,-1,-1
99,5,1357.14,573.55,81.78,213.58,0.5439,-1,-1,-1
99,6,26.24,692.07,69.77,229.00,0.7220,-1,-1,-1
99,8,509.63,214.56,77.16,204.54,0.5247,-1,-1,-1
99,11,962.43,200.40,62.41,189.84,0.4278,-1,-1,-1
99,18,393.10,834.02,100.34,245.98,0.8040,-1,-1,-1
99,19,1170.96,159.76,78.80,163.69,0.3311,-1,-1,-1
100,1,419.50,303.24,83.50,229.35,0.7518,-1,-1,-1
100,2,101.34,545.17,74.19,248.43,0.6635,-1,-1,-1
100,3,1157.45,946.09,77.66,133.91,0.7549,-1,-1,-1
100,4,1721.81,459.47,73.88,207.93,0.6092,-1,-1,-1
100,5,1356.96,574.12,82.06,214.17,0.5219,-1,-1,-1
100,6,26.70,690.08,70.17,229.96,0.7321,-1,-1,-1
100,8,508.53,213.97,76.93,206.73,0.4418,-1,-1,-1
100,11,960.93,201.50,61.73,188.46,0.4511,-1,-1,-1
100,18,392.32,831.83,99.72,248.17,0.7951,-1,-1,-1
100,19,1171.31,161.41,79.30,161.96,0.3744,-1,-1,-1
101,1,419.90,302.24,83.55,229.52,0.7660,-1,-1,-1
101,2,101.71,545.02,73.97,248.64,0.6691,-1,-1,-1
101,3,1156.20,945.52,76.63,133.81,0.7602,-1,-1,-1
101,4,1721.85,459.73,73.94,207.87,0.6193,-1,-1,-1
101,5,1356.96,574.47,82.24,214.56,0.5131,-1,-1,-1
101,6,28.49,687.77,69.28,226.31,0.7360,-1,-1,-1
101,8,509.62,216.64,76.21,207.47,0.5113,-1,-1,-1
101,11,960.22,202.07,60.36,184.22,0.4394,-1,-1,-1
101,18,391.01,830.36,99.46,249.64,0.7904,-1,-1,-1
101,19,1170.22,163.12,79.20,160.41,0.3462,-1,-1,-1
102,1,420.40,299.96,83.21,229.74,0.7644,-1,-1,-1
102,2,102.14,544.66,73.77,248.73,0.6745,-1,-1,-1
102,3,1154.76,944.05,75.81,134.61,0.7409,-1,-1,-1
102,4,1721.89,460.09,73.57,207.10,0.6224,-1,-1,-1
102,5,1356.67,574.33,83.02,217.03,0.5021,-1,-1,-1
102,6,28.79,685.10,69.05,223.72,0.7533,-1,-1,-1
102,8,510.63,217.42,75.45,207.45,0.5148,-1,-1,-1
102,11,957.73,203.37,60.22,183.48,0.4930,-1,-1,-1
102,18,389.85,827.15,100.16,252.84,0.7981,-1,-1,-1
102,21,478.65,135.77,56.51,195.02,0.3717,-1,-1,-1
103,1,420.47,299.07,82.59,227.82,0.7478,-1,-1,-1
103,2,102.08,544.72,73.73,249.24,0.6718,-1,-1,-1
103,3,1152.73,941.12,75.79,137.52,0.7410,-1,-1,-1
103,4,1721.51,459.91,73.66,206.57,0.6110,-1,-1,-1
103,5,1357.05,573.87,83.42,218.28,0.4881,-1,-1,-1
103,6,31.23,684.29,68.19,219.37,0.7641,-1,-1,-1
103,8,510.42,216.75,76.03,210.01,0.5130,-1,-1,-1
103,11,954.62,200.91,60.79,184.94,0.4965,-1,-1,-1
103,18,388.49,825.69,100.92,254.31,0.7944,-1,-1,-1
104,1,421.14,299.28,81.30,224.29,0.7410,-1,-1,-1
104,2,102.34,543.97,73.71,250.19,0.6567,-1,-1,-1
104,3,1150.44,941.58,74.22,137.16,0.7273,-1,-1,-1
104,4,1721.42,459.19,73.56,206.81,0.6162,-1,-1,-1
104,5,1357.06,574.26,83.59,219.01,0.4486,-1,-1,-1
104,6,32.58,682.03,68.25,219.91,0.7643,-1,-1,-1
104,8,512.68,216.57,76.14,209.88,0.5278,-1,-1,-1
104,11,952.76,201.42,60.78,184.93,0.4648,-1,-1,-1
104,18,386.94,822.75,102.10,257.24,0.8052,-1,-1,-1
105,1,421.63,298.26,80.39,218.98,0.7366,-1,-1,-1
105,2,102.64,544.41,73.49,249.67,0.6829,-1,-1,-1
105,3,1149.21,940.64,72.97,137.47,0.7222,-1,-1,-1
105,4,1721.52,458.78,73.90,207.03,0.6148,-1,-1,-1
105,5,1356.74,574.22,85.90,225.40,0.4627,-1,-1,-1
105,6,35.02,681.10,68.56,222.19,0.7763,-1,-1,-1
105,8,514.17,221.04,74.31,205.09,0.5061,-1,-1,-1
105,11,950.37,200.98,61.31,187.10,0.4982,-1,-1,-1
105,18,386.51,821.40,102.47,258.60,0.8103,-1,-1,-1
105,21,478.69,143.03,54.02,185.40,0.3206,-1,-1,-1
106,1,422.22,296.98,79.93,215.54,0.7385,-1,-1,-1
106,2,103.01,545.86,73.18,248.43,0.6617,-1,-1,-1
106,3,1148.09,939.85,72.34,138.83,0.7098,-1,-1,-1
106,4,1721.37,459.75,73.83,206.74,0.6220,-1,-1,-1
106,5,1356.73,574.41,83.51,219.58,0.4964,-1,-1,-1
106,6,36.52,679.87,69.67,222.89,0.7827,-1,-1,-1
106,8,513.76,220.02,74.31,205.47,0.4992,-1,-1,-1
106,11,948.57,201.36,60.82,186.37,0.5160,-1,-1,-1
106,18,385.23,819.28,103.02,260.73,0.8043,-1,-1,-1
107,1,421.45,295.65,80.55,215.61,0.7489,-1,-1,-1
107,2,103.17,546.23,73.33,248.94,0.6631,-1,-1,-1
107,3,1146.62,938.28,72.46,140.52,0.7247,-1,-1,-1
107,4,1721.15,459.61,74.01,206.80,0.6308,-1,-1,-1
107,5,1356.77,574.33,84.85,223.07,0.4665,-1,-1,-1
107,6,38.19,679.15,72.33,222.49,0.7871,-1,-1,-1
107,8,513.93,223.58,72.95,201.96,0.5120,-1,-1,-1
107,11,948.21,204.33,60.40,186.56,0.5247,-1,-1,-1
107,18,384.88,818.07,102.51,261.93,0.8076,-1,-1,-1
108,1,421.17,294.28,81.25,216.59,0.7383,-1,-1,-1
108,2,103.04,545.92,73.84,250.57,0.6416,-1,-1,-1
108,3,1145.14,938.05,71.97,140.29,0.7298,-1,-1,-1
108,4,1720.95,459.11,74.19,207.16,0.6401,-1,-1,-1
108,5,1357.25,575.12,84.55,221.67,0.4991,-1,-1,-1
108,6,39.23,676.90,76.61,225.15,0.8082,-1,-1,-1
108,8,513.54,223.97,72.15,202.01,0.4524,-1,-1,-1
108,11,945.86,205.51,61.11,189.30,0.5481,-1,-1,-1
108,18,384.97,816.37,102.07,263.62,0.8065,-1,-1,-1
108,19,1152.79,153.43,76.93,169.27,0.3970,-1,-1,-1
109,1,420.34,293.97,82.08,216.48,0.7413,-1,-1,-1
109,2,102.73,545.50,73.97,251.72,0.6548,-1,-1,-1
109,3,1143.10,937.10,72.35,142.11,0.7533,-1,-1,-1
109,4,1721.46,458.68,73.66,206.37,0.6151,-1,-1,-1
109,5,1356.78,575.59,82.77,216.81,0.5245,-1,-1,-1
109,6,38.73,676.26,77.56,225.63,0.8145,-1,-1,-1
109,8,513.98,225.26,71.06,200.84,0.4467,-1,-1,-1
109,11,944.92,204.72,60.37,188.29,0.6071,-1,-1,-1
109,18,384.44,811.07,102.25,268.93,0.8131,-1,-1,-1
109,19,1153.15,153.15,72.35,167.79,0.3705,-1,-1,-1
110,1,419.89,291.41,83.56,218.97,0.7467,-1,-1,-1
110,2,102.56,544.89,74.51,254.72,0.6552,-1,-1,-1
110,3,1140.60,936.87,72.72,142.86,0.7566,-1,-1,-1
110,4,1721.29,459.40,74.05,207.83,0.6224,-1,-1,-1
110,5,1357.12,576.19,83.37,217.89,0.5024,-1,-1,-1
110,6,42.31,673.51,82.07,226.42,0.7994,-1,-1,-1
110,8,512.13,227.39,69.27,198.35,0.4354,-1,-1,-1
110,11,943.94,205.94,59.25,186.73,0.6181,-1,-1,-1
110,18,384.62,805.53,101.69,274.47,0.8169,-1,-1,-1
110,19,1151.58,150.36,71.46,172.87,0.3678,-1,-1,-1
111,1,419.97,288.87,84.87,222.41,0.7341,-1,-1,-1
111,2,102.25,544.72,74.38,255.38,0.6583,-1,-1,-1
111,3,1138.29,936.03,73.28,143.96,0.7606,-1,-1,-1
111,4,1721.32,456.41,74.66,210.46,0.5936,-1,-1,-1
111,5,1356.95,575.90,81.70,213.40,0.5081,-1,-1,-1
111,6,44.29,671.46,84.84,226.22,0.7702,-1,-1,-1
111,8,517.14,227.69,70.40,199.19,0.5173,-1,-1,-1
111,11,942.61,207.00,59.33,186.98,0.6484,-1,-1,-1
111,18,386.16,801.38,100.66,278.62,0.8207,-1,-1,-1
111,19,1148.73,149.71,68.36,170.83,0.3393,-1,-1,-1
112,1,419.16,287.84,85.12,223.11,0.7348,-1,-1,-1
112,2,102.52,544.76,73.92,254.96,0.6414,-1,-1,-1
112,3,1137.57,934.74,73.44,145.27,0.7561,-1,-1,-1
112,4,1721.59,456.44,74.58,210.73,0.6127,-1,-1,-1
112,5,1357.34,575.12,81.15,211.81,0.5605,-1,-1,-1
112,6,45.76,670.38,86.09,225.97,0.7174,-1,-1,-1
112,8,518.87,231.00,70.92,198.09,0.5553,-1,-1,-1
112,11,941.00,209.50,58.99,185.22,0.6367,-1,-1,-1
112,18,387.57,799.85,98.27,276.06,0.8148,-1,-1,-1
112,19,1147.86,149.62,66.12,169.10,0.4271,-1,-1,-1
113,1,420.05,287.16,85.40,224.12,0.7437,-1,-1,-1
113,2,103.32,545.60,72.79,251.87,0.6696,-1,-1,-1
113,3,1135.10,934.41,73.73,145.60,0.7561,-1,-1,-1
113,4,1722.07,460.01,73.15,205.79,0.6321,-1,-1,-1
113,5,1356.95,575.36,82.98,216.17,0.5355,-1,-1,-1
113,6,44.12,670.28,84.52,225.06,0.6615,-1,-1,-1
113,8,519.07,233.36,71.51,198.21,0.5480,-1,-1,-1
113,11,939.95,210.16,58.74,185.22,0.6518,-1,-1,-1
113,18,388.19,797.67,96.45,271.66,0.8059,-1,-1,-1
113,19,1145.67,150.34,65.10,167.23,0.4302,-1,-1,-1
114,1,420.36,286.19,85.77,223.25,0.7351,-1,-1,-1
114,2,103.46,545.48,72.51,251.26,0.6596,-1,-1,-1
114,3,1132.84,933.47,73.90,146.53,0.7547,-1,-1,-1
114,4,1721.36,456.64,74.49,210.34,0.6197,-1,-1,-1
114,5,1356.73,575.30,82.57,215.38,0.5363,-1,-1,-1
114,6,47.20,668.05,84.29,226.14,0.6566,-1,-1,-1
114,8,520.20,235.19,72.89,201.00,0.5681,-1,-1,-1
114,11,937.11,209.62,58.84,185.62,0.6028,-1,-1,-1
114,18,389.04,794.13,96.00,270.59,0.8079,-1,-1,-1
114,19,1138.71,149.83,66.50,167.35,0.3072,-1,-1,-1
114,21,478.75,154.57,53.89,178.15,0.3257,-1,-1,-1
115,1,420.61,286.81,86.00,222.43,0.7587,-1,-1,-1
115,2,103.30,545.37,72.66,253.05,0.6313,-1,-1,-1
115,3,1129.68,933.91,74.46,146.10,0.7633,-1,-1,-1
115,4,1721.48,456.77,74.65,210.82,0.6517,-1,-1,-1
115,5,1357.27,574.94,82.29,214.13,0.5490,-1,-1,-1
115,6,52.16,665.90,83.88,227.33,0.6841,-1,-1,-1
115,8,522.15,236.45,73.57,201.49,0.6077,-1,-1,-1
115,11,936.73,210.52,58.06,183.94,0.6124,-1,-1,-1
115,18,389.97,790.69,96.66,269.62,0.8049,-1,-1,-1
115,21,478.50,155.17,54.42,175.90,0.3448,-1,-1,-1
116,1,419.68,285.68,86.72,223.67,0.7554,-1,-1,-1
116,2,103.29,546.38,71.14,247.78,0.5932,-1,-1,-1
116,3,1126.97,934.33,74.57,145.61,0.7660,-1,-1,-1
116,4,1721.91,460.33,73.39,206.72,0.6297,-1,-1,-1
116,5,1356.58,574.95,83.71,217.73,0.5442,-1,-1,-1
116,6,57.45,664.80,80.13,221.18,0.6925,-1,-1,-1
116,8,520.47,235.54,74.21,203.03,0.5904,-1,-1,-1
116,11,935.35,211.09,57.80,182.49,0.5616,-1,-1,-1
116,18,390.96,788.30,98.14,272.49,0.8108,-1,-1,-1
116,19,1125.47,149.77,70.14,169.01,0.3418,-1,-1,-1
116,21,477.39,153.96,56.02,177.34,0.3677,-1,-1,-1
117,1,419.80,285.27,86.85,223.92,0.7546,-1,-1,-1
117,2,103.44,545.97,70.49,245.12,0.5549,-1,-1,-1
117,3,1124.81,934.29,74.90,145.10,0.7593,-1,-1,-1
117,4,1721.60,459.70,73.60,206.63,0.6431,-1,-1,-1
117,5,1355.96,575.87,85.01,221.24,0.5567,-1,-1,-1
117,6,65.88,664.80,76.91,216.48,0.7182,-1,-1,-1
117,8,520.27,236.14,74.38,203.59,0.5523,-1,-1,-1
117,11,934.00,210.94,57.09,180.70,0.5329,-1,-1,-1
117,18,390.81,787.12,98.87,272.14,0.8087,-1,-1,-1
117,19,1117.37,147.19,74.64,172.82,0.3494,-1,-1,-1
118,1,420.36,284.92,86.39,223.78,0.7446,-1,-1,-1
118,2,100.91,545.16,71.67,246.50,0.5335,-1,-1,-1
118,3,1121.88,934.16,76.18,145.60,0.7776,-1,-1,-1
118,4,1721.62,459.87,73.64,206.48,0.6523,-1,-1,-1
118,5,1356.98,576.06,82.87,214.93,0.5140,-1,-1,-1
118,6,70.35,666.41,74.39,211.61,0.6107,-1,-1,-1
118,8,519.56,235.34,75.41,207.15,0.5837,-1,-1,-1
118,11,930.71,211.30,58.21,183.37,0.5609,-1,-1,-1
118,18,390.58,785.31,100.78,275.99,0.7998,-1,-1,-1
118,19,1113.48,146.74,77.31,173.33,0.3865,-1,-1,-1
119,1,420.33,284.64,86.05,223.69,0.7466,-1,-1,-1
119,2,99.58,546.22,74.27,254.74,0.5138,-1,-1,-1
119,3,1118.36,934.22,77.12,145.77,0.7949,-1,-1,-1
119,4,1721.14,459.59,74.17,206.86,0.6540,-1,-1,-1
119,5,1356.62,575.79,83.73,217.35,0.4828,-1,-1,-1
119,6,76.23,669.00,73.22,208.61,0.5400,-1,-1,-1
119,8,519.08,237.14,74.82,207.32,0.6031,-1,-1,-1
119,11,929.51,210.62,58.44,185.82,0.5357,-1,-1,-1
119,18,392.43,784.12,100.35,274.58,0.8012,-1,-1,-1
119,19,1109.70,145.85,80.54,174.99,0.4330,-1,-1,-1
119,21,479.14,160.52,54.51,171.06,0.3114,-1,-1,-1
120,1,420.49,283.99,85.86,224.53,0.7468,-1,-1,-1
120,2,99.23,545.50,74.91,257.01,0.5082,-1,-1,-1
120,3,1114.56,933.55,78.00,146.45,0.7978,-1,-1,-1
120,4,1721.19,459.89,74.38,206.95,0.6276,-1,-1,-1
120,5,1356.96,577.28,82.11,212.53,0.4812,-1,-1,-1
120,6,80.26,666.47,72.03,207.56,0.5924,-1,-1,-1
120,8,520.24,240.47,72.77,202.77,0.5786,-1,-1,-1
120,11,928.42,211.10,58.31,186.59,0.5363,-1,-1,-1
120,18,392.73,782.89,100.47,274.84,0.8033,-1,-1,-1
120,19,1107.35,146.07,82.49,174.43,0.4382,-1,-1,-1
121,1,420.44,281.89,85.39,225.25,0.7512,-1,-1,-1
121,2,101.05,544.69,72.45,247.02,0.4923,-1,-1,-1
121,3,1110.81,932.76,78.97,147.25,0.7761,-1,-1,-1
121,4,1721.04,456.02,75.35,211.10,0.6353,-1,-1,-1
121,5,1356.69,576.08,82.30,212.82,0.5522,-1,-1,-1
121,6,80.85,663.92,73.24,211.64,0.6927,-1,-1,-1
121,8,520.46,242.83,70.77,199.59,0.5770,-1,-1,-1
121,11,926.56,211.32,58.28,186.93,0.4909,-1,-1,-1
121,18,392.81,780.33,101.10,276.72,0.8022,-1,-1,-1
121,19,1105.66,145.78,82.74,173.72,0.4002,-1,-1,-1
121,21,480.01,165.68,52.64,163.88,0.3195,-1,-1,-1
121,22,625.35,750.21,57.20,170.44,0.3399,-1,-1,-1
122,1,421.14,281.17,84.44,223.37,0.7521,-1,-1,-1
122,2,105.49,546.21,64.36,214.44,0.4591,-1,-1,-1
122,3,1106.85,932.38,79.65,147.62,0.7837,-1,-1,-1
122,4,1720.96,459.46,74.40,207.28,0.6479,-1,-1,-1
122,5,1356.81,576.08,83.62,216.28,0.4780,-1,-1,-1
122,6,84.66,661.09,74.67,214.03,0.6641,-1,-1,-1
122,8,519.52,242.48,69.71,199.53,0.5996,-1,-1,-1
122,11,925.10,211.30,57.94,187.11,0.4256,-1,-1,-1
122,18,392.73,779.90,101.44,276.81,0.7995,-1,-1,-1
122,19,1105.10,145.29,82.39,173.04,0.3583,-1,-1,-1
122,22,626.09,751.04,56.63,168.74,0.3503,-1,-1,-1
123,1,422.08,280.27,83.23,220.67,0.7330,-1,-1,-1
123,2,106.07,546.24,63.66,207.55,0.4804,-1,-1,-1
123,3,1104.49,931.51,79.71,148.04,0.7825,-1,-1,-1
123,4,1721.23,459.00,74.80,207.80,0.6469,-1,-1,-1
123,5,1357.18,576.45,82.69,212.89,0.5540,-1,-1,-1
123,6,85.30,658.95,75.48,214.94,0.6610,-1,-1,-1
123,8,520.59,244.55,68.25,196.73,0.5734,-1,-1,-1
123,11,924.45,209.89,58.04,188.84,0.4608,-1,-1,-1
123,18,392.47,778.45,101.68,276.83,0.7933,-1,-1,-1
123,19,1104.02,144.74,81.37,172.84,0.3435,-1,-1,-1
123,22,625.94,752.21,56.26,167.51,0.3276,-1,-1,-1
124,1,422.45,279.01,82.16,217.47,0.7284,-1,-1,-1
124,2,104.78,545.23,65.74,212.40,0.3543,-1,-1,-1
124,3,1100.77,929.90,80.14,149.51,0.7832,-1,-1,-1
124,4,1721.11,459.57,74.63,206.83,0.6137,-1,-1,-1
124,5,1356.92,576.35,83.29,214.44,0.5143,-1,-1,-1
124,6,89.54,656.81,75.41,217.04,0.5096,-1,-1,-1
124,8,522.61,244.82,68.64,197.57,0.5242,-1,-1,-1
124,11,922.39,209.98,57.84,188.66,0.4639,-1,-1,-1
124,18,394.01,778.11,101.38,273.68,0.7934,-1,-1,-1
124,19,1101.65,143.44,79.98,172.20,0.3047,-1,-1,-1
125,1,423.18,278.32,80.95,213.53,0.7079,-1,-1,-1
125,2,104.84,545.18,65.66,210.13,0.3387,-1,-1,-1
125,3,1097.19,929.73,80.35,150.11,0.7885,-1,-1,-1
125,4,1720.73,458.12,75.13,208.73,0.6329,-1,-1,-1
125,5,1356.92,575.89,83.38,214.93,0.4869,-1,-1,-1
125,6,92.28,653.58,75.18,220.27,0.4099,-1,-1,-1
125,8,523.19,247.34,66.67,191.39,0.5251,-1,-1,-1
125,11,920.39,210.46,57.56,188.79,0.4718,-1,-1,-1
125,18,393.16,775.06,102.10,276.24,0.7895,-1,-1,-1
125,19,1100.67,141.77,78.96,173.43,0.3247,-1,-1,-1
126,1,422.30,277.41,81.34,213.56,0.7058,-1,-1,-1
126,2,109.39,543.84,56.42,173.30,0.3044,-1,-1,-1
126,3,1093.90,929.10,80.69,150.44,0.8040,-1,-1,-1
126,4,1720.34,458.49,75.10,208.87,0.6346,-1,-1,-1
126,5,1357.37,575.94,82.42,212.72,0.5259,-1,-1,-1
126,8,523.51,248.65,66.99,191.89,0.5492,-1,-1,-1
126,11,918.32,211.02,56.90,189.13,0.4829,-1,-1,-1
126,18,392.21,770.11,101.39,279.07,0.8007,-1,-1,-1
126,19,1098.47,140.86,76.18,172.51,0.3627,-1,-1,-1
127,1,422.49,276.98,81.09,213.48,0.6877,-1,-1,-1
127,2,93.47,544.22,91.60,291.76,0.3014,-1,-1,-1
127,3,1091.02,929.08,81.60,150.91,0.8076,-1,-1,-1
127,4,1721.01,459.05,74.67,207.55,0.6575,-1,-1,-1
127,5,1357.51,576.63,82.69,213.51,0.5202,-1,-1,-1
127,8,524.36,251.81,66.17,188.80,0.5626,-1,-1,-1
127,11,917.12,210.95,56.40,189.17,0.4226,-1,-1,-1
127,18,392.93,765.55,98.88,276.60,0.7937,-1,-1,-1
127,19,1097.24,140.89,73.46,172.75,0.3619,-1,-1,-1
128,1,422.16,276.43,80.74,213.15,0.6688,-1,-1,-1
128,2,106.11,543.77,64.32,191.51,0.3952,-1,-1,-1
128,3,1087.56,928.13,81.70,151.51,0.7922,-1,-1,-1
128,4,1721.25,459.23,74.70,207.05,0.6282,-1,-1,-1
128,5,1357.15,576.72,83.13,214.74,0.5055,-1,-1,-1
128,8,524.59,254.34,65.93,188.43,0.5367,-1,-1,-1
128,11,914.13,212.21,56.35,189.64,0.4353,-1,-1,-1
128,18,393.19,760.96,98.41,276.15,0.7918,-1,-1,-1
128,19,1094.98,140.66,71.07,172.39,0.3974,-1,-1,-1
129,1,418.90,275.70,81.73,216.49,0.6899,-1,-1,-1
129,2,99.20,541.28,78.99,239.65,0.3534,-1,-1,-1
129,3,1085.50,927.66,81.49,151.77,0.7887,-1,-1,-1
129,4,1720.96,458.39,74.61,206.49,0.6354,-1,-1,-1
129,5,1361.17,575.89,84.05,220.38,0.4777,-1,-1,-1
129,8,524.33,255.23,66.39,191.90,0.5923,-1,-1,-1
129,11,911.97,213.13,55.92,187.62,0.4731,-1,-1,-1
129,18,395.23,756.35,95.93,270.90,0.7937,-1,-1,-1
130,1,418.41,273.95,82.08,218.51,0.7042,-1,-1,-1
130,2,99.39,543.67,78.53,245.37,0.5555,-1,-1,-1
130,3,1082.13,926.89,81.84,152.24,0.7803,-1,-1,-1
130,4,1721.13,458.36,74.90,207.74,0.6125,-1,-1,-1
130,5,1359.31,575.55,83.22,218.15,0.4890,-1,-1,-1
130,8,525.13,257.50,65.69,193.08,0.5550,-1,-1,-1
130,11,907.70,214.32,57.02,186.67,0.4832,-1,-1,-1
130,18,396.88,754.27,93.63,264.86,0.7504,-1,-1,-1
130,22,625.59,752.12,55.88,165.77,0.3088,-1,-1,-1
131,1,419.31,272.88,81.68,219.11,0.6626,-1,-1,-1
131,2,100.66,543.41,76.33,245.18,0.6451,-1,-1,-1
131,3,1080.54,926.88,81.03,151.24,0.7587,-1,-1,-1
131,4,1721.16,459.04,74.56,207.09,0.6176,-1,-1,-1
131,5,1360.35,576.65,81.86,214.80,0.5041,-1,-1,-1
131,8,525.21,257.50,66.59,199.31,0.5050,-1,-1,-1
131,11,904.03,214.25,58.37,186.44,0.4995,-1,-1,-1
131,18,396.11,752.35,93.10,263.27,0.7422,-1,-1,-1
132,1,418.99,272.99,81.58,219.39,0.6495,-1,-1,-1
132,2,101.20,544.35,76.15,246.94,0.5842,-1,-1,-1
132,3,1079.78,927.57,80.75,150.73,0.7711,-1,-1,-1
132,4,1721.25,459.28,74.44,207.02,0.6174,-1,-1,-1
132,5,1359.41,576.24,81.87,215.10,0.5141,-1,-1,-1
132,8,526.87,253.26,67.39,204.93,0.5009,-1,-1,-1
132,11,903.19,213.18,60.20,187.64,0.4835,-1,-1,-1
132,18,393.74,750.09,94.06,265.77,0.7529,-1,-1,-1
132,19,1085.44,139.82,67.33,169.51,0.3921,-1,-1,-1
133,1,418.49,271.99,81.66,219.81,0.6420,-1,-1,-1
133,2,101.61,544.68,75.90,246.89,0.5375,-1,-1,-1
133,3,1078.12,927.65,80.82,150.90,0.7793,-1,-1,-1
133,4,1721.03,458.79,74.39,206.67,0.6036,-1,-1,-1
133,5,1358.80,576.69,81.88,214.03,0.4921,-1,-1,-1
133,8,527.76,252.93,66.67,207.14,0.5161,-1,-1,-1
133,11,902.29,210.91,62.42,191.40,0.4768,-1,-1,-1
133,18,391.46,748.96,95.36,265.52,0.7542,-1,-1,-1
133,19,1080.27,139.91,65.88,169.50,0.3848,-1,-1,-1
133,25,575.59,247.76,53.38,181.69,0.3166,-1,-1,-1
134,1,418.21,272.85,81.26,218.64,0.6426,-1,-1,-1
134,2,103.45,545.21,73.58,236.95,0.5149,-1,-1,-1
134,3,1075.67,927.15,79.97,150.71,0.7850,-1,-1,-1
134,4,1720.97,459.55,74.38,206.93,0.5937,-1,-1,-1
134,5,1358.82,575.80,82.94,216.58,0.4819,-1,-1,-1
134,8,528.32,255.19,64.09,203.85,0.5157,-1,-1,-1
134,11,900.75,211.71,62.79,190.36,0.4615,-1,-1,-1
134,18,389.91,748.07,96.73,265.97,0.7698,-1,-1,-1
134,19,1075.12,139.44,66.96,171.42,0.4332,-1,-1,-1
134,25,575.30,246.30,54.09,184.09,0.4136,-1,-1,-1
135,1,416.62,271.26,82.03,219.30,0.6417,-1,-1,-1
135,2,102.37,542.88,75.86,241.90,0.6190,-1,-1,-1
135,3,1074.38,926.40,80.01,151.73,0.7817,-1,-1,-1
135,4,1720.42,458.50,74.80,207.72,0.5994,-1,-1,-1
135,5,1358.57,575.89,83.44,217.25,0.5092,-1,-1,-1
135,8,528.16,258.75,62.61,202.98,0.5556,-1,-1,-1
135,11,899.92,210.97,63.62,191.42,0.4350,-1,-1,-1
135,18,389.18,745.72,97.93,268.55,0.7788,-1,-1,-1
135,19,1064.65,140.23,70.49,172.44,0.4568,-1,-1,-1
135,25,575.75,246.86,54.35,184.97,0.4340,-1,-1,-1
136,1,417.13,270.78,81.68,218.56,0.6724,-1,-1,-1
136,2,101.82,543.91,75.19,239.46,0.6223,-1,-1,-1
136,3,1072.62,926.84,78.48,150.60,0.7888,-1,-1,-1
136,4,1720.93,458.76,74.84,208.18,0.6121,-1,-1,-1
136,5,1360.92,576.81,84.42,220.57,0.4843,-1,-1,-1
136,8,528.11,258.85,61.44,202.70,0.5589,-1,-1,-1
136,11,897.99,211.96,63.07,189.59,0.4134,-1,-1,-1
136,18,386.62,745.26,99.57,268.40,0.7918,-1,-1,-1
136,19,1054.15,140.57,75.77,170.84,0.5634,-1,-1,-1
136,25,575.54,249.66,54.36,185.73,0.5027,-1,-1,-1
137,1,416.16,268.91,82.09,219.19,0.6636,-1,-1,-1
137,2,100.25,544.97,73.94,237.36,0.5724,-1,-1,-1
137,3,1071.18,927.32,77.74,149.83,0.7951,-1,-1,-1
137,4,1721.04,457.46,75.09,208.98,0.6079,-1,-1,-1
137,5,1363.42,577.58,83.11,219.11,0.4571,-1,-1,-1
137,6,133.57,637.90,72.81,210.39,0.4474,-1,-1,-1
137,8,529.39,255.95,60.75,205.07,0.5878,-1,-1,-1
137,11,895.66,211.10,63.28,191.26,0.4159,-1,-1,-1
137,18,384.99,744.88,100.77,268.36,0.7897,-1,-1,-1
137,19,1048.97,138.98,80.22,171.50,0.5818,-1,-1,-1
137,25,575.09,250.60,54.50,185.67,0.4581,-1,-1,-1
138,1,416.02,267.66,82.11,219.48,0.6922,-1,-1,-1
138,2,99.41,545.33,72.37,236.97,0.5974,-1,-1,-1
138,3,1069.73,927.63,77.19,149.64,0.7898,-1,-1,-1
138,4,1720.93,457.70,75.10,209.13,0.6051,-1,-1,-1
138,5,1363.28,577.13,83.39,221.70,0.4475,-1,-1,-1
138,6,137.86,637.88,75.00,208.99,0.4311,-1,-1,-1
138,8,530.46,255.89,58.88,203.05,0.5918,-1,-1,-1
138,11,892.96,212.08,58.90,180.93,0.4602,-1,-1,-1
138,18,383.95,744.77,101.54,267.77,0.7893,-1,-1,-1
138,19,1045.11,140.41,83.41,170.04,0.6013,-1,-1,-1
138,25,575.14,250.99,54.46,184.87,0.4441,-1,-1,-1
139,1,415.22,266.04,82.30,220.85,0.6406,-1,-1,-1
139,2,99.53,545.43,71.47,238.46,0.6166,-1,-1,-1
139,3,1068.41,927.36,76.54,149.20,0.7876,-1,-1,-1
139,4,1720.76,457.73,75.18,209.17,0.6233,-1,-1,-1
139,5,1361.98,576.37,84.23,223.99,0.4683,-1,-1,-1
139,6,144.19,636.23,77.97,207.88,0.4477,-1,-1,-1
139,8,531.07,258.80,57.48,200.51,0.5747,-1,-1,-1
139,11,892.14,210.20,61.30,189.70,0.5239,-1,-1,-1
139,18,383.20,744.50,101.77,267.00,0.7959,-1,-1,-1
139,19,1043.61,140.59,85.78,170.89,0.5912,-1,-1,-1
139,25,575.08,250.95,54.53,184.07,0.4394,-1,-1,-1
140,1,416.75,267.37,80.70,217.26,0.6140,-1,-1,-1
140,2,99.74,545.30,70.38,239.58,0.6185,-1,-1,-1
140,3,1066.73,926.36,76.64,149.70,0.7917,-1,-1,-1
140,4,1720.88,458.32,75.09,208.70,0.6352,-1,-1,-1
140,5,1360.36,576.94,81.59,214.40,0.5493,-1,-1,-1
140,6,148.38,633.97,79.89,206.53,0.4220,-1,-1,-1
140,8,531.16,258.19,57.69,202.72,0.6024,-1,-1,-1
140,11,887.43,210.12,58.24,183.45,0.4706,-1,-1,-1
140,18,383.89,741.62,101.88,267.32,0.7963,-1,-1,-1
140,19,1041.78,140.75,87.14,171.17,0.5768,-1,-1,-1
140,25,577.90,251.87,53.66,180.74,0.4521,-1,-1,-1
141,1,416.40,265.21,80.41,216.88,0.6318,-1,-1,-1
141,2,100.80,545.86,69.57,240.69,0.6445,-1,-1,-1
141,3,1064.34,924.98,76.99,151.60,0.7871,-1,-1,-1
141,4,1721.10,458.31,74.91,207.99,0.6219,-1,-1,-1
141,5,1359.25,575.73,83.03,216.28,0.4985,-1,-1,-1
141,6,148.26,629.39,82.97,207.80,0.5908,-1,-1,-1
141,8,531.19,258.02,57.17,202.02,0.6032,-1,-1,-1
141,11,884.52,209.59,58.46,187.18,0.5441,-1,-1,-1
141,18,384.23,739.43,101.18,267.41,0.7963,-1,-1,-1
141,19,1041.49,140.37,86.59,170.32,0.5570,-1,-1,-1
141,25,578.55,249.64,54.06,183.87,0.4784,-1,-1,-1
141,27,817.49,248.43,59.43,169.30,0.3833,-1,-1,-1
142,1,416.35,264.26,79.92,216.58,0.6327,-1,-1,-1
142,2,102.19,545.97,69.06,241.87,0.6580,-1,-1,-1
142,3,1063.41,924.63,75.99,152.82,0.7774,-1,-1,-1
142,4,1721.53,459.10,74.68,206.99,0.6235,-1,-1,-1
142,5,1358.61,575.81,84.23,217.84,0.4819,-1,-1,-1
142,6,149.97,628.82,82.36,205.06,0.5432,-1,-1,-1
142,8,531.13,257.20,57.16,203.10,0.5994,-1,-1,-1
142,11,881.61,208.51,57.81,187.37,0.5159,-1,-1,-1
142,18,385.62,737.20,99.69,268.29,0.7917,-1,-1,-1
142,19,1039.96,140.56,86.16,169.09,0.5949,-1,-1,-1
142,22,624.71,752.04,57.56,168.51,0.3324,-1,-1,-1
142,25,580.30,249.97,53.51,182.67,0.4965,-1,-1,-1
143,1,414.02,259.28,81.04,221.50,0.6328,-1,-1,-1
143,2,103.01,545.44,68.44,241.29,0.6746,-1,-1,-1
143,3,1062.07,923.50,74.89,153.14,0.7622,-1,-1,-1
143,4,1721.37,459.16,74.75,206.96,0.6333,-1,-1,-1
143,5,1358.55,575.79,84.56,217.81,0.4816,-1,-1,-1
143,6,150.25,629.37,84.41,208.06,0.6519,-1,-1,-1
143,8,530.53,257.45,56.98,203.00,0.5946,-1,-1,-1
143,11,879.48,206.93,57.55,188.97,0.4785,-1,-1,-1
143,18,387.33,734.35,97.14,265.63,0.8025,-1,-1,-1
143,19,1039.48,138.01,86.28,171.55,0.5702,-1,-1,-1
143,25,580.86,247.78,54.49,186.57,0.4530,-1,-1,-1
144,1,414.75,259.28,79.79,217.74,0.6324,-1,-1,-1
144,2,103.30,545.76,68.30,241.10,0.6866,-1,-1,-1
144,3,1060.72,923.06,73.57,153.59,0.7572,-1,-1,-1
144,4,1721.57,459.72,74.70,207.02,0.6214,-1,-1,-1
144,5,1358.96,575.97,84.54,217.20,0.4981,-1,-1,-1
144,6,152.69,630.60,83.25,207.22,0.6813,-1,-1,-1
144,8,530.69,259.56,57.07,202.79,0.6042,-1,-1,-1
144,11,877.51,206.77,57.44,188.78,0.4732,-1,-1,-1
144,18,388.78,731.01,94.88,261.86,0.7948,-1,-1,-1
144,19,1038.01,136.73,85.36,171.91,0.4549,-1,-1,-1
144,21,479.95,184.31,57.18,176.58,0.3204,-1,-1,-1
144,25,582.76,252.00,54.03,183.57,0.4934,-1,-1,-1
145,1,416.53,259.68,77.56,211.25,0.6204,-1,-1,-1
145,2,103.88,545.76,68.91,242.75,0.7088,-1,-1,-1
145,3,1059.03,922.83,71.80,153.82,0.7582,-1,-1,-1
145,4,1721.46,459.32,74.51,206.63,0.6099,-1,-1,-1
145,5,1358.66,576.05,83.73,214.29,0.5396,-1,-1,-1
145,6,154.91,627.51,82.33,211.95,0.7007,-1,-1,-1
145,8,529.59,259.38,56.99,202.60,0.5953,-1,-1,-1
145,11,874.39,207.26,57.82,186.13,0.5442,-1,-1,-1
145,18,392.13,729.52,92.07,256.13,0.7985,-1,-1,-1
145,19,1034.87,136.36,83.25,171.87,0.4216,-1,-1,-1
145,25,583.52,252.50,54.35,183.97,0.5289,-1,-1,-1
146,1,413.57,253.33,79.30,218.40,0.6393,-1,-1,-1
146,2,103.95,546.00,69.11,242.53,0.7156,-1,-1,-1
146,3,1056.29,921.70,71.12,156.81,0.7412,-1,-1,-1
146,4,1721.61,459.53,74.69,207.53,0.6137,-1,-1,-1
146,5,1357.83,575.41,85.10,217.82,0.5126,-1,-1,-1
146,6,156.70,624.45,81.06,214.35,0.7110,-1,-1,-1
146,8,530.21,259.25,57.59,204.75,0.5935,-1,-1,-1
146,11,873.18,206.49,58.00,185.51,0.4901,-1,-1,-1
146,18,393.71,726.36,90.68,251.63,0.7770,-1,-1,-1
146,19,1033.45,136.31,79.71,171.17,0.4843,-1,-1,-1
146,25,584.15,254.03,54.77,186.73,0.5108,-1,-1,-1
147,1,413.63,253.01,79.15,219.31,0.6465,-1,-1,-1
147,2,104.32,546.21,69.02,241.09,0.7131,-1,-1,-1
147,3,1054.14,921.09,69.06,157.60,0.7264,-1,-1,-1
147,4,1721.54,458.89,74.72,207.35,0.6268,-1,-1,-1
147,5,1358.14,574.50,84.93,217.60,0.5407,-1,-1,-1
147,6,158.51,620.13,80.02,216.20,0.6894,-1,-1,-1
147,8,529.83,260.11,57.75,206.36,0.6095,-1,-1,-1
147,11,871.14,205.77,58.62,185.19,0.4783,-1,-1,-1
147,18,394.02,718.88,91.94,256.07,0.7796,-1,-1,-1
147,19,1032.53,135.33,76.57,171.14,0.4764,-1,-1,-1
147,25,584.48,254.86,55.09,188.40,0.5380,-1,-1,-1
148,1,413.56,252.72,78.97,219.28,0.6339,-1,-1,-1
148,2,104.15,545.53,69.65,241.83,0.7135,-1,-1,-1
148,3,1052.96,919.47,67.11,157.33,0.7273,-1,-1,-1
148,4,1721.32,458.37,75.14,208.72,0.6466,-1,-1,-1
148,5,1357.62,575.30,84.29,216.24,0.5588,-1,-1,-1
148,6,162.36,616.67,78.49,215.32,0.7078,-1,-1,-1
148,8,530.69,261.48,58.25,206.99,0.5946,-1,-1,-1
148,11,867.92,204.66,61.09,191.81,0.4446,-1,-1,-1
148,18,394.72,716.97,92.00,255.53,0.7777,-1,-1,-1
148,19,1030.11,134.83,73.55,171.29,0.4424,-1,-1,-1
148,25,585.20,255.53,55.10,188.96,0.4954,-1,-1,-1
149,1,416.07,256.87,77.01,213.61,0.6248,-1,-1,-1
149,2,104.16,545.75,69.78,241.39,0.7151,-1,-1,-1
149,3,1052.32,918.14,66.20,158.97,0.7264,-1,-1,-1
149,4,1720.98,458.91,74.66,207.52,0.6218,-1,-1,-1
149,5,1358.13,575.38,84.14,215.38,0.5452,-1,-1,-1
149,6,166.32,614.69,76.63,214.57,0.6958,-1,-1,-1
149,8,531.54,263.27,58.34,206.07,0.6301,-1,-1,-1
149,11,866.03,204.38,61.49,192.81,0.4432,-1,-1,-1
149,18,396.01,712.55,93.58,260.33,0.7879,-1,-1,-1
149,19,1028.79,135.44,70.41,169.31,0.3608,-1,-1,-1
149,22,624.91,751.47,57.84,167.23,0.3254,-1,-1,-1
149,25,586.04,256.20,55.32,189.98,0.4500,-1,-1,-1
150,1,416.45,256.80,76.89,213.22,0.6198,-1,-1,-1
150,2,103.70,545.59,70.39,242.95,0.7131,-1,-1,-1
150,3,1050.18,916.27,65.42,161.70,0.7368,-1,-1,-1
150,4,1721.07,458.52,74.84,208.19,0.6385,-1,-1,-1
150,5,1357.28,574.90,85.00,217.19,0.5402,-1,-1,-1
150,6,171.64,613.75,73.69,213.45,0.6570,-1,-1,-1
150,8,530.98,265.26,58.49,207.58,0.6155,-1,-1,-1
150,11,866.09,205.34,61.71,192.71,0.4056,-1,-1,-1
150,18,395.36,710.71,95.52,263.22,0.7855,-1,-1,-1
150,19,1027.25,134.37,68.71,172.11,0.4901,-1,-1,-1
150,22,625.24,751.63,57.50,166.97,0.3234,-1,-1,-1
150,25,586.83,256.90,55.52,190.70,0.4352,-1,-1,-1
151,1,416.35,255.85,76.83,214.41,0.6157,-1,-1,-1
151,2,103.60,546.73,70.77,243.37,0.7216,-1,-1,-1
151,3,1049.49,913.48,64.61,164.01,0.7371,-1,-1,-1
151,4,1721.50,458.36,74.20,207.52,0.6249,-1,-1,-1
151,5,1361.49,574.09,85.54,223.70,0.4863,-1,-1,-1
151,6,178.72,611.73,72.82,215.01,0.6707,-1,-1,-1
151,8,530.39,266.19,58.33,209.38,0.6117,-1,-1,-1
151,11,865.02,205.18,61.46,191.16,0.4592,-1,-1,-1
151,18,396.30,710.37,95.64,263.37,0.7809,-1,-1,-1
151,19,1025.17,132.39,67.03,173.59,0.4879,-1,-1,-1
151,22,625.23,751.23,57.44,167.12,0.3577,-1,-1,-1
151,25,587.71,259.67,55.45,190.78,0.4180,-1,-1,-1
152,1,416.72,255.11,76.76,215.30,0.6061,-1,-1,-1
152,2,103.33,546.99,71.16,242.75,0.7175,-1,-1,-1
152,3,1048.05,913.40,63.40,164.60,0.7421,-1,-1,-1
152,4,1721.50,458.07,74.35,208.49,0.6152,-1,-1,-1
152,5,1360.50,576.60,82.02,214.34,0.5299,-1,-1,-1
152,6,180.71,610.31,71.61,216.37,0.6899,-1,-1,-1
152,8,530.80,271.80,56.65,205.63,0.5926,-1,-1,-1
152,11,864.08,205.80,61.48,190.22,0.5191,-1,-1,-1
152,18,397.14,708.17,96.69,264.77,0.7669,-1,-1,-1
152,19,1022.15,130.35,65.72,172.61,0.4077,-1,-1,-1
152,22,624.59,751.71,57.06,166.43,0.4327,-1,-1,-1
152,25,588.52,260.82,55.57,191.18,0.4119,-1,-1,-1
153,1,416.47,254.22,76.42,215.72,0.5831,-1,-1,-1
153,2,103.41,547.95,71.69,245.22,0.7265,-1,-1,-1
153,3,1046.32,912.20,63.07,166.69,0.7304,-1,-1,-1
153,4,1721.31,457.48,74.44,209.04,0.6099,-1,-1,-1
153,5,1359.80,575.57,82.13,215.46,0.5163,-1,-1,-1
153,6,184.19,610.62,70.67,215.28,0.7364,-1,-1,-1
153,8,531.32,275.28,55.47,201.90,0.5870,-1,-1,-1
153,11,862.68,204.86,62.20,191.46,0.4964,-1,-1,-1
153,18,397.44,709.06,97.49,264.17,0.7589,-1,-1,-1
153,19,1020.54,131.73,64.42,170.99,0.4118,-1,-1,-1
153,22,624.87,751.30,56.65,166.79,0.4101,-1,-1,-1
153,25,591.18,266.86,53.57,184.22,0.3229,-1,-1,-1
154,1,414.77,253.08,76.56,216.83,0.6003,-1,-1,-1
154,2,103.69,547.15,71.72,246.07,0.7199,-1,-1,-1
154,3,1045.36,911.66,62.27,167.57,0.7146,-1,-1,-1
154,4,1721.62,459.68,73.56,206.44,0.5869,-1,-1,-1
154,5,1359.77,576.43,82.07,215.44,0.5207,-1,-1,-1
154,6,187.36,610.92,69.69,213.65,0.7530,-1,-1,-1
154,8,532.39,277.20,54.88,200.09,0.5632,-1,-1,-1
154,11,861.05,205.23,62.59,191.32,0.5085,-1,-1,-1
154,18,397.93,709.07,98.33,263.20,0.7634,-1,-1,-1
154,19,1016.16,131.63,64.47,171.69,0.3510,-1,-1,-1
154,22,625.13,751.82,57.00,167.34,0.3307,-1,-1,-1
155,1,414.82,251.66,76.51,218.49,0.6029,-1,-1,-1
155,2,102.75,545.70,72.03,247.72,0.6968,-1,-1,-1
155,3,1043.96,911.16,61.51,167.75,0.7279,-1,-1,-1
155,4,1722.20,459.19,73.43,206.70,0.5962,-1,-1,-1
155,5,1359.93,576.35,81.54,213.17,0.5691,-1,-1,-1
155,6,192.00,610.90,68.61,213.08,0.7611,-1,-1,-1
155,8,533.13,278.85,54.58,198.07,0.5144,-1,-1,-1
155,11,859.08,205.20,62.80,189.39,0.5120,-1,-1,-1
155,18,398.68,706.03,100.23,265.97,0.7629,-1,-1,-1
155,19,1006.13,132.64,66.55,172.65,0.3938,-1,-1,-1
155,22,625.31,751.49,56.57,166.64,0.3380,-1,-1,-1
156,1,416.51,251.50,75.12,214.77,0.6179,-1,-1,-1
156,2,102.63,545.43,71.96,247.32,0.6976,-1,-1,-1
156,3,1042.25,910.56,61.58,169.37,0.7072,-1,-1,-1
156,4,1722.35,459.65,73.10,205.78,0.5857,-1,-1,-1
156,5,1358.31,578.62,81.28,211.79,0.5199,-1,-1,-1
156,6,194.40,608.98,68.38,213.95,0.7525,-1,-1,-1
156,8,533.15,275.18,55.55,200.96,0.4659,-1,-1,-1
156,11,857.71,204.27,63.35,187.85,0.5456,-1,-1,-1
156,18,398.52,702.59,100.60,266.98,0.7607,-1,-1,-1
156,19,998.68,133.65,68.62,171.72,0.4380,-1,-1,-1
157,1,416.54,251.74,74.46,213.03,0.6182,-1,-1,-1
157,2,102.86,545.73,71.96,247.02,0.6958,-1,-1,-1
157,3,1041.10,910.05,61.08,169.43,0.7011,-1,-1,-1
157,4,1722.57,460.06,72.92,205.55,0.5926,-1,-1,-1
157,5,1357.91,578.77,81.28,210.59,0.5215,-1,-1,-1
157,6,196.69,608.35,67.94,214.64,0.7420,-1,-1,-1
157,8,533.35,274.33,55.43,199.45,0.4364,-1,-1,-1
157,11,857.48,203.13,63.34,184.87,0.5671,-1,-1,-1
157,18,399.72,704.88,99.71,264.10,0.7720,-1,-1,-1
157,19,993.42,133.82,71.13,171.54,0.4656,-1,-1,-1
157,22,624.59,748.07,57.70,170.56,0.3370,-1,-1,-1
158,1,417.24,249.37,75.54,215.43,0.6446,-1,-1,-1
158,2,102.64,546.32,71.89,246.21,0.6986,-1,-1,-1
158,3,1039.43,909.71,61.73,170.28,0.7158,-1,-1,-1
158,4,1722.23,459.93,73.38,206.55,0.6106,-1,-1,-1
158,5,1357.78,577.51,81.70,210.62,0.5366,-1,-1,-1
158,6,197.63,606.92,66.91,212.86,0.7153,-1,-1,-1
158,8,532.30,272.55,56.46,200.23,0.4534,-1,-1,-1
158,11,855.36,201.41,64.32,184.43,0.5558,-1,-1,-1
158,18,398.82,704.62,98.66,261.68,0.7844,-1,-1,-1
158,19,991.54,132.70,72.87,172.18,0.3917,-1,-1,-1
159,1,418.40,249.97,74.77,212.25,0.6106,-1,-1,-1
159,2,102.64,546.31,72.01,246.53,0.6950,-1,-1,-1
159,3,1037.53,908.68,61.80,170.55,0.6983,-1,-1,-1
159,4,1722.56,461.49,72.93,204.72,0.6000,-1,-1,-1
159,5,1357.40,578.36,82.78,212.36,0.5145,-1,-1,-1
159,6,199.28,604.42,66.59,212.69,0.6951,-1,-1,-1
159,8,531.14,279.39,56.36,194.84,0.4321,-1,-1,-1
159,11,852.81,200.29,66.66,188.93,0.5482,-1,-1,-1
159,18,400.18,703.23,95.81,260.12,0.7611,-1,-1,-1
159,19,988.73,133.13,74.13,171.41,0.4133,-1,-1,-1
160,1,418.28,247.76,75.18,214.23,0.6440,-1,-1,-1
160,2,102.47,546.86,71.89,246.25,0.6985,-1,-1,-1
160,3,1036.71,908.87,61.70,171.10,0.6799,-1,-1,-1
160,4,1721.84,461.35,73.09,204.74,0.5705,-1,-1,-1
160,5,1357.64,579.30,84.92,217.36,0.4776,-1,-1,-1
160,6,200.48,602.39,66.91,215.52,0.7002,-1,-1,-1
160,8,530.61,285.53,56.79,190.22,0.4709,-1,-1,-1
160,11,851.79,198.77,67.96,192.17,0.5134,-1,-1,-1
160,18,401.07,697.73,93.79,256.82,0.7656,-1,-1,-1
160,19,985.56,132.58,75.50,170.09,0.4722,-1,-1,-1
161,1,418.63,246.87,74.87,211.78,0.6232,-1,-1,-1
161,2,102.30,546.67,72.11,247.24,0.6866,-1,-1,-1
161,3,1034.06,908.20,62.25,171.81,0.6929,-1,-1,-1
161,4,1721.85,460.94,73.45,205.83,0.5775,-1,-1,-1
161,5,1357.37,579.84,84.63,216.55,0.5265,-1,-1,-1
161,6,204.75,598.96,64.86,213.35,0.6675,-1,-1,-1
161,8,530.56,287.41,58.55,190.48,0.4184,-1,-1,-1
161,11,851.13,196.53,68.00,191.38,0.4850,-1,-1,-1
161,18,402.08,692.00,91.85,252.76,0.7744,-1,-1,-1
161,19,984.37,132.52,76.84,170.38,0.4897,-1,-1,-1
162,1,419.43,246.19,74.70,210.24,0.6233,-1,-1,-1
162,2,101.86,546.31,72.14,247.87,0.6726,-1,-1,-1
162,3,1032.82,907.34,62.32,172.68,0.7115,-1,-1,-1
162,4,1721.96,461.70,73.36,205.62,0.5775,-1,-1,-1
162,5,1360.51,577.68,86.08,223.33,0.4897,-1,-1,-1
162,6,210.41,598.22,62.66,207.35,0.6741,-1,-1,-1
162,11,850.24,195.79,68.08,190.98,0.4876,-1,-1,-1
162,18,402.92,687.64,91.89,253.63,0.7652,-1,-1,-1
162,19,982.99,133.60,76.98,169.79,0.3936,-1,-1,-1
163,1,419.82,244.83,75.23,209.58,0.6178,-1,-1,-1
163,2,102.29,546.41,72.15,247.75,0.6631,-1,-1,-1
163,3,1031.36,906.38,62.65,173.64,0.6839,-1,-1,-1
163,4,1721.68,460.77,73.77,206.76,0.5791,-1,-1,-1
163,5,1358.18,579.56,87.13,225.04,0.5055,-1,-1,-1
163,6,212.65,595.62,62.66,207.50,0.6715,-1,-1,-1
163,8,525.16,289.83,61.48,194.43,0.3767,-1,-1,-1
163,11,850.68,194.47,67.37,188.24,0.4677,-1,-1,-1
163,18,402.69,683.83,91.89,255.77,0.7710,-1,-1,-1
163,19,981.30,130.67,78.03,173.07,0.3591,-1,-1,-1
163,25,602.39,272.74,55.31,180.78,0.3019,-1,-1,-1
164,1,419.49,244.32,75.69,208.32,0.6263,-1,-1,-1
164,2,102.06,546.57,71.86,246.87,0.6805,-1,-1,-1
164,3,1029.86,907.35,61.65,172.08,0.7307,-1,-1,-1
164,4,1721.70,460.59,73.80,206.77,0.5990,-1,-1,-1
164,5,1357.93,579.95,86.62,222.95,0.4790,-1,-1,-1
164,6,215.00,593.92,63.21,209.39,0.7065,-1,-1,-1
164,8,524.17,290.97,62.97,194.65,0.3107,-1,-1,-1
164,11,851.92,192.16,69.29,194.13,0.4605,-1,-1,-1
164,18,402.48,682.20,91.63,254.79,0.7738,-1,-1,-1
164,19,980.05,128.89,76.88,172.74,0.3058,-1,-1,-1
165,1,419.53,242.35,76.91,210.13,0.6170,-1,-1,-1
165,2,102.15,546.34,71.69,246.62,0.6766,-1,-1,-1
165,3,1028.41,907.94,61.28,171.54,0.7265,-1,-1,-1
165,4,1721.96,460.29,73.81,206.50,0.5945,-1,-1,-1
165,5,1358.19,580.94,85.17,218.71,0.5013,-1,-1,-1
165,6,213.65,592.09,64.02,209.67,0.7327,-1,-1,-1
165,11,852.91,191.45,69.22,194.63,0.4859,-1,-1,-1
165,18,401.05,680.51,93.00,256.79,0.7917,-1,-1,-1
166,1,418.71,241.53,76.84,210.58,0.5914,-1,-1,-1
166,2,101.95,546.16,71.62,246.78,0.6849,-1,-1,-1
166,3,1026.68,907.54,61.48,171.91,0.6855,-1,-1,-1
166,4,1721.89,460.74,73.77,207.10,0.6247,-1,-1,-1
166,5,1357.67,580.22,83.86,215.08,0.5031,-1,-1,-1
166,6,217.10,590.48,66.43,211.86,0.7025,-1,-1,-1
166,11,853.37,191.05,68.35,191.62,0.4911,-1,-1,-1
166,18,399.69,678.98,94.16,259.50,0.7914,-1,-1,-1
166,25,602.08,274.69,55.49,181.24,0.3005,-1,-1,-1
167,1,418.12,240.49,77.26,212.40,0.5753,-1,-1,-1
167,2,101.87,546.37,71.88,247.26,0.6872,-1,-1,-1
167,3,1024.44,906.65,62.60,173.04,0.6849,-1,-1,-1
167,4,1721.94,460.42,73.56,207.09,0.6082,-1,-1,-1
167,5,1356.76,579.52,84.87,217.65,0.4910,-1,-1,-1
167,6,217.44,589.60,69.50,214.44,0.7071,-1,-1,-1
167,11,854.08,190.83,67.70,188.50,0.4849,-1,-1,-1
167,18,399.46,675.51,94.28,261.26,0.7967,-1,-1,-1
167,25,603.10,276.55,55.42,179.48,0.3135,-1,-1,-1
168,1,417.43,239.49,77.56,213.58,0.5939,-1,-1,-1
168,2,101.98,546.63,71.94,246.87,0.6861,-1,-1,-1
168,3,1022.03,907.19,63.11,172.03,0.7042,-1,-1,-1
168,4,1721.43,458.81,74.22,209.35,0.6115,-1,-1,-1
168,5,1356.61,578.78,84.34,217.35,0.4972,-1,-1,-1
168,6,221.19,589.64,71.94,212.23,0.7157,-1,-1,-1
168,11,854.03,191.02,68.65,190.21,0.5117,-1,-1,-1
168,18,398.62,675.76,94.40,261.15,0.7840,-1,-1,-1
168,19,970.84,123.41,72.54,170.32,0.3000,-1,-1,-1
168,25,603.65,276.85,55.84,178.12,0.3066,-1,-1,-1
169,1,418.35,238.64,77.86,214.15,0.6112,-1,-1,-1
169,2,101.77,545.63,72.60,248.69,0.6516,-1,-1,-1
169,3,1021.28,908.43,63.26,170.59,0.7078,-1,-1,-1
169,4,1721.63,459.93,73.76,208.02,0.6104,-1,-1,-1
169,5,1357.47,578.81,84.72,218.00,0.4622,-1,-1,-1
169,6,222.68,589.08,73.73,213.43,0.6902,-1,-1,-1
169,11,853.89,190.69,68.75,188.89,0.5304,-1,-1,-1
169,18,399.29,674.78,94.37,260.78,0.7770,-1,-1,-1
169,25,604.04,277.31,56.42,177.26,0.3113,-1,-1,-1
170,1,418.06,237.88,78.37,215.40,0.6154,-1,-1,-1
170,2,102.10,546.56,72.44,246.54,0.6539,-1,-1,-1
170,3,1018.47,908.76,63.16,170.99,0.7220,-1,-1,-1
170,4,1721.37,460.72,73.78,207.37,0.6201,-1,-1,-1
170,5,1362.83,577.53,84.11,221.03,0.4458,-1,-1,-1
170,6,221.55,588.77,74.14,213.81,0.6627,-1,-1,-1
170,8,524.03,290.81,65.72,203.03,0.3580,-1,-1,-1
170,11,855.67,189.81,68.38,188.29,0.5096,-1,-1,-1
170,18,399.62,673.68,93.80,260.87,0.7748,-1,-1,-1
171,1,417.77,238.07,78.38,215.17,0.6221,-1,-1,-1
171,2,102.03,546.46,73.23,247.36,0.6602,-1,-1,-1
171,3,1017.33,909.24,62.52,170.75,0.7228,-1,-1,-1
171,4,1721.61,459.86,74.06,208.23,0.6031,-1,-1,-1
171,5,1362.76,577.08,83.27,222.35,0.4551,-1,-1,-1
171,6,220.47,588.62,74.50,212.86,0.6914,-1,-1,-1
171,8,525.24,295.50,63.69,198.48,0.4481,-1,-1,-1
171,11,857.95,192.06,66.05,183.62,0.4111,-1,-1,-1
171,18,399.80,672.79,93.08,259.88,0.7746,-1,-1,-1
171,29,752.10,260.17,60.19,192.70,0.3134,-1,-1,-1
172,1,417.41,237.81,78.84,216.83,0.6276,-1,-1,-1
172,2,101.04,546.71,73.23,246.01,0.6623,-1,-1,-1
172,3,1015.75,910.04,61.84,169.46,0.7436,-1,-1,-1
172,4,1721.87,460.37,73.79,207.37,0.5985,-1,-1,-1
172,5,1359.35,578.39,81.66,216.40,0.4744,-1,-1,-1
172,6,219.84,586.97,75.45,213.77,0.6431,-1,-1,-1
172,8,524.82,292.09,64.08,202.08,0.4288,-1,-1,-1
172,11,859.62,190.24,66.47,185.32,0.5030,-1,-1,-1
172,18,400.17,670.72,92.53,259.72,0.7812,-1,-1,-1
173,1,417.56,237.26,78.64,216.61,0.6146,-1,-1,-1
173,2,101.08,546.19,73.62,247.07,0.6574,-1,-1,-1
173,3,1012.93,910.21,62.11,169.42,0.7341,-1,-1,-1
173,4,1721.53,460.92,73.69,206.38,0.5928,-1,-1,-1
173,5,1358.46,578.74,81.34,214.33,0.5034,-1,-1,-1
173,6,219.36,583.57,76.19,215.68,0.6587,-1,-1,-1
173,8,522.98,295.25,63.74,199.33,0.3301,-1,-1,-1
173,11,860.29,188.82,66.91,186.93,0.4489,-1,-1,-1
173,18,401.94,668.65,90.86,259.03,0.7742,-1,-1,-1
173,29,751.45,260.17,60.25,194.01,0.3908,-1,-1,-1
174,1,417.00,236.63,78.58,217.31,0.6205,-1,-1,-1
174,2,100.59,546.85,73.69,246.56,0.6518,-1,-1,-1
174,3,1010.60,911.80,62.31,168.17,0.7399,-1,-1,-1
174,4,1721.21,459.54,74.31,208.00,0.5966,-1,-1,-1
174,5,1358.35,579.10,80.84,211.56,0.4983,-1,-1,-1
174,6,222.47,583.09,75.41,213.52,0.6752,-1,-1,-1
174,8,523.43,294.07,64.74,200.85,0.4238,-1,-1,-1
174,11,861.00,186.32,66.64,186.74,0.4383,-1,-1,-1
174,18,404.12,666.63,89.12,259.84,0.7818,-1,-1,-1
174,29,751.05,261.62,59.40,192.36,0.3572,-1,-1,-1
175,1,416.47,235.69,77.98,216.49,0.6517,-1,-1,-1
175,2,100.17,546.63,73.67,246.25,0.6572,-1,-1,-1
175,3,1007.51,913.30,62.45,166.69,0.7263,-1,-1,-1
175,4,1721.45,459.87,74.13,207.99,0.5931,-1,-1,-1
175,5,1358.83,578.84,80.52,208.82,0.5184,-1,-1,-1
175,6,223.78,578.99,74.15,214.39,0.6874,-1,-1,-1
175,8,522.72,293.49,65.07,200.84,0.3845,-1,-1,-1
175,11,863.20,185.77,65.42,182.96,0.4610,-1,-1,-1
175,18,405.19,663.47,87.90,261.41,0.8043,-1,-1,-1
175,19,945.25,123.08,73.98,174.25,0.3177,-1,-1,-1
175,29,751.07,261.16,59.80,195.02,0.4064,-1,-1,-1
176,1,416.07,232.83,77.87,218.03,0.6333,-1,-1,-1
176,2,100.01,546.86,73.60,246.43,0.6576,-1,-1,-1
176,3,1006.01,913.24,62.45,166.77,0.7290,-1,-1,-1
176,4,1721.11,459.58,74.10,208.31,0.5885,-1,-1,-1
176,5,1358.47,578.91,80.39,207.12,0.5145,-1,-1,-1
176,6,225.22,576.72,72.30,213.18,0.6685,-1,-1,-1
176,8,511.84,245.97,80.31,249.42,0.3236,-1,-1,-1
176,11,863.12,184.20,66.32,185.46,0.5037,-1,-1,-1
176,18,406.12,658.49,85.80,259.00,0.7913,-1,-1,-1
176,19,940.62,123.02,75.12,175.07,0.3969,-1,-1,-1
176,29,751.18,261.95,59.60,196.19,0.4104,-1,-1,-1
177,1,415.77,232.83,77.17,217.87,0.6375,-1,-1,-1
177,2,100.05,546.93,73.41,245.95,0.6565,-1,-1,-1
177,3,1005.32,913.06,62.20,164.77,0.7308,-1,-1,-1
177,4,1721.11,459.71,74.09,208.07,0.5823,-1,-1,-1
177,5,1357.88,578.94,81.74,209.80,0.4843,-1,-1,-1
177,6,225.97,575.12,70.71,211.18,0.6766,-1,-1,-1
177,8,514.07,248.60,78.41,246.15,0.3778,-1,-1,-1
177,11,864.27,181.90,66.41,185.25,0.5223,-1,-1,-1
177,18,407.79,653.58,83.40,253.08,0.7858,-1,-1,-1
177,19,938.14,123.76,75.17,173.23,0.3620,-1,-1,-1
177,29,750.81,261.45,59.89,198.50,0.3569,-1,-1,-1
178,1,415.70,230.82,75.86,215.06,0.6172,-1,-1,-1
178,2,99.74,547.09,72.75,244.69,0.6539,-1,-1,-1
178,3,1004.22,913.26,62.14,164.60,0.7206,-1,-1,-1
178,4,1721.30,460.23,73.93,207.59,0.5631,-1,-1,-1
178,5,1357.15,577.78,82.82,212.29,0.4804,-1,-1,-1
178,6,227.05,573.39,68.97,206.87,0.6069,-1,-1,-1
178,8,521.17,283.31,67.46,211.34,0.4454,-1,-1,-1
178,11,865.18,180.82,66.39,184.77,0.4978,-1,-1,-1
178,18,407.29,650.17,83.46,250.47,0.7857,-1,-1,-1
178,29,751.15,266.93,58.77,195.43,0.4084,-1,-1,-1
178,31,-7.53,614.68,104.36,229.82,0.3779,-1,-1,-1
179,1,414.63,228.03,75.59,215.80,0.5930,-1,-1,-1
179,2,99.93,545.86,72.73,246.92,0.6507,-1,-1,-1
179,3,1002.22,913.53,61.59,164.81,0.7161,-1,-1,-1
179,4,1721.18,460.62,73.70,207.05,0.5469,-1,-1,-1
179,5,1356.54,577.47,85.07,218.77,0.5050,-1,-1,-1
179,6,227.01,571.37,69.05,207.29,0.6183,-1,-1,-1
179,8,522.91,294.64,63.85,199.22,0.4350,-1,-1,-1
179,11,866.38,180.44,66.31,183.91,0.4839,-1,-1,-1
179,18,408.15,648.74,83.97,249.48,0.7860,-1,-1,-1
179,19,935.82,125.52,73.53,169.40,0.3145,-1,-1,-1
179,25,605.83,278.64,60.40,191.83,0.3478,-1,-1,-1
179,29,750.97,270.84,58.43,193.83,0.4042,-1,-1,-1
179,31,-3.87,618.16,103.76,230.25,0.5217,-1,-1,-1
180,1,414.59,227.50,74.58,212.28,0.6236,-1,-1,-1
180,2,99.93,545.92,71.95,246.29,0.6557,-1,-1,-1
180,3,1000.21,913.14,61.28,165.56,0.7209,-1,-1,-1
180,4,1721.44,460.13,73.97,208.13,0.5274,-1,-1,-1
180,5,1357.39,577.07,82.36,211.74,0.5125,-1,-1,-1
180,6,228.55,570.09,68.87,207.08,0.5864,-1,-1,-1
180,8,524.33,294.99,63.87,201.97,0.5224,-1,-1,-1
180,11,867.57,181.24,66.79,184.43,0.5042,-1,-1,-1
180,18,409.97,648.41,84.68,248.64,0.7905,-1,-1,-1
180,25,605.89,278.54,60.26,194.00,0.3532,-1,-1,-1
180,29,750.91,273.07,58.35,192.67,0.4176,-1,-1,-1
180,31,-6.70,618.04,97.92,222.26,0.5042,-1,-1,-1
181,1,414.84,227.30,73.82,209.78,0.5963,-1,-1,-1
181,2,99.85,545.26,71.88,248.36,0.6546,-1,-1,-1
181,3,998.08,914.57,60.59,164.62,0.7208,-1,-1,-1
181,4,1721.48,458.88,74.49,209.80,0.5129,-1,-1,-1
181,5,1357.37,577.44,83.79,215.35,0.4994,-1,-1,-1
181,6,229.81,569.20,68.51,205.62,0.5737,-1,-1,-1
181,8,525.97,300.53,62.13,199.33,0.5467,-1,-1,-1
181,11,869.01,179.00,66.78,184.14,0.5017,-1,-1,-1
181,18,410.66,646.76,86.19,249.39,0.7886,-1,-1,-1
181,25,605.46,278.96,61.70,201.12,0.3080,-1,-1,-1
181,29,750.77,273.75,58.21,192.76,0.4249,-1,-1,-1
181,31,-7.60,617.54,96.24,224.14,0.4732,-1,-1,-1
182,1,415.44,226.83,73.42,207.92,0.5808,-1,-1,-1
182,2,100.36,545.82,71.04,247.10,0.6712,-1,-1,-1
182,3,996.33,916.20,59.29,162.49,0.7356,-1,-1,-1
182,4,1721.68,459.21,74.02,209.18,0.5284,-1,-1,-1
182,5,1356.17,576.52,86.79,224.50,0.4785,-1,-1,-1
182,6,230.30,567.71,67.11,203.47,0.5869,-1,-1,-1
182,8,525.34,297.02,62.28,200.55,0.4856,-1,-1,-1
182,11,869.17,177.55,68.73,186.32,0.5388,-1,-1,-1
182,18,409.78,645.64,88.24,250.88,0.7844,-1,-1,-1
182,29,750.89,275.12,58.36,193.52,0.3596,-1,-1,-1
182,31,1.27,618.85,102.90,238.34,0.6071,-1,-1,-1
183,1,416.58,228.80,72.76,205.98,0.5793,-1,-1,-1
183,2,100.48,545.90,70.79,247.88,0.6819,-1,-1,-1
183,3,995.46,916.21,58.89,162.01,0.7283,-1,-1,-1
183,4,1721.86,459.43,73.67,208.58,0.5237,-1,-1,-1
183,5,1356.63,576.93,86.27,223.62,0.4897,-1,-1,-1
183,6,230.12,566.22,67.55,205.31,0.5514,-1,-1,-1
183,8,523.68,295.34,64.38,206.57,0.4062,-1,-1,-1
183,11,869.28,176.74,69.95,187.38,0.5564,-1,-1,-1
183,18,409.41,643.84,90.66,252.34,0.7979,-1,-1,-1
183,25,604.91,280.10,63.55,210.54,0.3247,-1,-1,-1
183,29,750.51,276.55,59.02,194.33,0.3655,-1,-1,-1
183,31,3.65,621.99,102.89,238.06,0.6555,-1,-1,-1
184,1,417.02,227.82,73.22,207.05,0.5791,-1,-1,-1
184,2,99.99,545.87,70.38,248.12,0.6704,-1,-1,-1
184,3,994.63,918.12,58.44,161.38,0.7233,-1,-1,-1
184,4,1721.11,459.24,73.75,208.97,0.5334,-1,-1,-1
184,5,1356.78,576.53,86.46,224.78,0.4653,-1,-1,-1
184,6,230.46,565.53,68.21,209.26,0.5351,-1,-1,-1
184,8,515.21,243.60,79.43,262.00,0.3986,-1,-1,-1
184,11,869.04,176.83,70.53,187.40,0.5430,-1,-1,-1
184,18,409.82,642.54,91.91,253.20,0.7735,-1,-1,-1
184,25,606.03,279.36,63.60,212.54,0.3337,-1,-1,-1
184,29,751.00,278.60,58.86,192.73,0.3489,-1,-1,-1
184,31,5.99,622.53,100.16,234.05,0.6215,-1,-1,-1
185,1,416.10,227.32,73.59,207.46,0.5878,-1,-1,-1
185,2,99.56,546.22,69.81,247.01,0.6464,-1,-1,-1
185,3,993.56,918.39,58.11,159.65,0.7175,-1,-1,-1
185,4,1721.32,459.43,73.49,208.45,0.5027,-1,-1,-1
185,5,1357.52,575.84,84.54,219.83,0.4800,-1,-1,-1
185,6,231.01,565.38,68.09,210.08,0.5680,-1,-1,-1
185,8,520.30,281.72,68.30,224.45,0.4305,-1,-1,-1
185,11,869.06,177.98,72.00,188.73,0.5879,-1,-1,-1
185,18,409.42,643.26,93.09,252.52,0.7859,-1,-1,-1
185,25,606.32,286.83,61.71,207.23,0.3305,-1,-1,-1
185,29,752.09,280.31,59.13,191.74,0.3298,-1,-1,-1
185,31,11.03,621.76,98.15,233.45,0.6221,-1,-1,-1
186,1,415.87,226.73,73.82,207.54,0.5963,-1,-1,-1
186,2,99.39,546.61,69.56,246.20,0.6452,-1,-1,-1
186,3,992.00,918.33,58.25,160.50,0.7341,-1,-1,-1
186,4,1721.48,459.10,73.46,208.75,0.5033,-1,-1,-1
186,5,1356.44,574.54,85.98,224.62,0.4939,-1,-1,-1
186,6,229.91,565.18,67.46,208.23,0.5833,-1,-1,-1
186,8,523.32,299.11,62.20,204.44,0.4266,-1,-1,-1
186,11,868.21,176.09,73.18,191.07,0.5612,-1,-1,-1
186,18,408.81,641.13,94.23,255.20,0.7943,-1,-1,-1
186,25,606.81,285.16,61.34,207.19,0.3588,-1,-1,-1
186,31,14.50,619.17,97.80,235.98,0.6575,-1,-1,-1
186,32,1194.20,150.23,57.79,180.43,0.3235,-1,-1,-1
187,1,415.85,225.08,74.60,209.89,0.6014,-1,-1,-1
187,2,98.66,546.55,69.37,243.29,0.6377,-1,-1,-1
187,3,990.27,918.88,58.73,159.52,0.7347,-1,-1,-1
187,4,1721.52,459.64,73.12,207.99,0.4952,-1,-1,-1
187,5,1356.73,573.42,85.75,224.91,0.5044,-1,-1,-1
187,6,228.87,564.13,67.84,209.60,0.6350,-1,-1,-1
187,8,524.59,301.49,61.81,205.41,0.5400,-1,-1,-1
187,11,867.94,176.41,73.73,191.54,0.5617,-1,-1,-1
187,18,408.51,639.14,94.65,256.34,0.7812,-1,-1,-1
187,25,607.38,287.31,60.05,202.29,0.3475,-1,-1,-1
187,31,21.69,619.85,98.80,239.94,0.6872,-1,-1,-1
187,32,1192.48,149.41,58.15,181.45,0.3554,-1,-1,-1
188,1,416.31,226.02,74.00,207.45,0.5946,-1,-1,-1
188,2,97.87,546.22,69.53,241.69,0.5923,-1,-1,-1
188,3,989.50,919.21,59.24,159.33,0.7218,-1,-1,-1
188,4,1721.53,460.25,73.04,207.28,0.5075,-1,-1,-1
188,5,1356.85,572.52,85.85,226.02,0.4594,-1,-1,-1
188,6,228.06,561.80,68.54,211.53,0.6183,-1,-1,-1
188,8,523.83,300.40,62.47,207.43,0.5397,-1,-1,-1
188,11,869.44,177.38,72.14,186.14,0.4322,-1,-1,-1
188,18,409.74,637.48,93.87,256.37,0.7685,-1,-1,-1
188,25,606.58,289.08,59.62,200.48,0.3350,-1,-1,-1
188,29,753.38,281.07,59.76,191.95,0.3160,-1,-1,-1
188,31,24.87,618.61,100.99,240.68,0.7143,-1,-1,-1
189,1,416.11,224.53,74.13,207.72,0.5819,-1,-1,-1
189,2,96.05,546.54,68.89,238.15,0.5354,-1,-1,-1
189,3,987.84,919.82,59.25,158.93,0.7122,-1,-1,-1
189,4,1721.21,460.70,73.18,207.32,0.4816,-1,-1,-1
189,5,1357.43,572.69,83.14,219.33,0.4582,-1,-1,-1
189,6,228.25,557.69,67.32,209.46,0.5553,-1,-1,-1
189,8,523.48,304.38,62.45,206.61,0.5648,-1,-1,-1
189,11,869.70,177.26,73.22,186.11,0.4621,-1,-1,-1
189,18,408.94,633.77,93.75,258.93,0.7985,-1,-1,-1
189,25,606.59,298.66,57.53,191.87,0.3508,-1,-1,-1
189,31,26.89,619.70,103.95,242.03,0.6902,-1,-1,-1
190,1,416.81,224.35,73.96,207.52,0.5687,-1,-1,-1
190,2,95.62,546.45,67.69,231.46,0.4935,-1,-1,-1
190,3,986.80,920.87,58.88,157.36,0.7264,-1,-1,-1
190,4,1721.30,458.96,73.66,208.92,0.4643,-1,-1,-1
190,5,1357.37,572.29,82.55,218.23,0.4494,-1,-1,-1
190,6,228.72,554.93,66.16,207.25,0.5731,-1,-1,-1
190,8,522.93,303.02,63.88,209.74,0.5938,-1,-1,-1
190,11,870.93,178.85,74.42,184.58,0.5122,-1,-1,-1
190,18,410.46,633.93,90.84,255.91,0.7853,-1,-1,-1
190,25,605.92,297.38,58.60,194.70,0.3469,-1,-1,-1
190,31,30.00,621.75,107.37,245.63,0.6737,-1,-1,-1
191,1,417.48,222.98,73.96,207.71,0.5656,-1,-1,-1
191,2,100.83,545.63,58.40,189.11,0.5734,-1,-1,-1
191,3,985.84,921.98,58.49,155.30,0.7426,-1,-1,-1
191,4,1720.86,459.58,73.71,208.46,0.4924,-1,-1,-1
191,5,1357.62,571.56,86.89,230.04,0.4815,-1,-1,-1
191,6,228.54,551.55,65.15,205.77,0.5918,-1,-1,-1
191,8,522.95,303.10,64.63,210.72,0.5484,-1,-1,-1
191,11,871.64,175.12,75.37,185.54,0.4829,-1,-1,-1
191,18,410.60,630.39,88.99,255.18,0.7833,-1,-1,-1
191,25,605.93,303.23,57.65,189.87,0.3196,-1,-1,-1
191,31,34.00,622.59,111.52,249.91,0.6087,-1,-1,-1
192,1,418.41,222.88,73.92,207.81,0.5437,-1,-1,-1
192,2,100.38,545.00,59.30,182.90,0.5979,-1,-1,-1
192,3,984.81,922.68,58.22,154.54,0.7447,-1,-1,-1
192,4,1720.84,459.93,73.60,207.63,0.5382,-1,-1,-1
192,5,1357.79,570.95,85.03,224.55,0.4981,-1,-1,-1
192,6,228.32,550.27,64.96,204.51,0.6324,-1,-1,-1
192,8,523.37,304.94,64.57,208.67,0.5989,-1,-1,-1
192,11,872.77,172.77,75.74,185.87,0.5071,-1,-1,-1
192,18,411.40,625.02,86.80,251.82,0.7717,-1,-1,-1
192,25,605.13,305.96,57.30,186.87,0.3872,-1,-1,-1
192,31,36.49,625.64,113.92,251.55,0.5943,-1,-1,-1
193,1,418.02,221.07,74.32,208.64,0.5236,-1,-1,-1
193,2,98.90,545.07,60.52,179.72,0.5867,-1,-1,-1
193,3,983.79,922.07,58.28,155.74,0.7164,-1,-1,-1
193,4,1720.85,459.48,73.65,207.52,0.5201,-1,-1,-1
193,5,1357.13,570.73,86.47,228.93,0.4933,-1,-1,-1
193,6,228.08,546.89,65.51,206.95,0.6395,-1,-1,-1
193,8,522.89,308.40,64.39,205.21,0.5524,-1,-1,-1
193,11,874.60,172.79,75.15,184.79,0.4296,-1,-1,-1
193,18,411.89,621.88,84.81,248.05,0.7896,-1,-1,-1
193,25,604.18,307.85,57.57,185.85,0.3524,-1,-1,-1
193,31,38.61,629.34,111.93,246.52,0.5098,-1,-1,-1
194,1,418.70,221.76,74.01,206.74,0.5100,-1,-1,-1
194,2,97.34,544.77,62.08,176.14,0.6222,-1,-1,-1
194,3,982.25,921.65,59.14,156.66,0.7386,-1,-1,-1
194,4,1720.90,459.92,73.71,207.58,0.5017,-1,-1,-1
194,5,1356.22,570.54,86.85,230.77,0.4713,-1,-1,-1
194,6,228.02,545.76,65.03,205.68,0.6429,-1,-1,-1
194,8,521.46,308.95,65.33,205.23,0.5770,-1,-1,-1
194,11,875.81,172.90,74.16,182.22,0.3923,-1,-1,-1
194,18,411.89,618.71,82.96,247.85,0.7743,-1,-1,-1
194,25,602.94,308.29,58.09,186.44,0.3650,-1,-1,-1
194,31,41.78,631.97,110.08,241.67,0.5885,-1,-1,-1
195,1,418.61,219.16,75.29,210.45,0.5585,-1,-1,-1
195,2,96.25,544.51,63.80,175.98,0.6015,-1,-1,-1
195,3,982.22,922.14,58.80,155.91,0.7299,-1,-1,-1
195,4,1720.94,459.45,73.94,208.30,0.5215,-1,-1,-1
195,5,1357.41,570.21,83.15,219.61,0.5590,-1,-1,-1
195,6,227.53,544.53,65.12,207.90,0.6471,-1,-1,-1
195,8,518.94,308.50,67.87,207.21,0.6708,-1,-1,-1
195,11,877.84,170.27,72.77,178.84,0.3666,-1,-1,-1
195,18,412.18,617.53,81.98,247.14,0.7846,-1,-1,-1
195,25,602.40,309.13,58.18,184.78,0.4301,-1,-1,-1
195,31,43.89,633.83,107.85,234.40,0.6656,-1,-1,-1
196,1,419.19,217.67,74.78,209.92,0.5386,-1,-1,-1
196,2,95.41,544.25,64.86,176.59,0.5414,-1,-1,-1
196,3,980.89,921.56,59.93,156.97,0.7311,-1,-1,-1
196,4,1720.26,458.45,74.31,209.91,0.5037,-1,-1,-1
196,5,1357.02,571.68,83.30,219.21,0.5213,-1,-1,-1
196,6,226.43,544.38,64.70,207.30,0.6475,-1,-1,-1
196,8,519.18,310.67,68.66,207.19,0.6012,-1,-1,-1
196,11,879.79,169.25,71.18,176.39,0.4262,-1,-1,-1
196,18,409.29,613.96,83.33,248.81,0.7515,-1,-1,-1
196,25,602.78,311.08,58.10,182.56,0.4007,-1,-1,-1
196,29,754.01,291.27,60.39,190.76,0.3690,-1,-1,-1
196,31,44.78,636.30,110.53,243.29,0.6668,-1,-1,-1
197,1,419.85,216.34,75.02,209.32,0.5739,-1,-1,-1
197,2,95.94,544.05,63.70,171.55,0.5280,-1,-1,-1
197,3,978.71,921.91,61.09,156.65,0.7374,-1,-1,-1
197,4,1720.98,458.77,74.06,209.52,0.5006,-1,-1,-1
197,5,1356.96,571.57,83.15,218.10,0.5401,-1,-1,-1
197,6,225.77,543.75,65.05,209.45,0.6860,-1,-1,-1
197,8,516.51,307.17,71.55,212.30,0.6745,-1,-1,-1
197,11,880.52,168.29,70.30,176.28,0.4546,-1,-1,-1
197,18,405.93,610.93,85.05,250.10,0.7413,-1,-1,-1
197,25,602.24,311.55,58.60,182.52,0.4319,-1,-1,-1
197,29,753.95,293.38,59.97,188.52,0.3260,-1,-1,-1
197,31,49.57,639.64,111.61,248.61,0.6736,-1,-1,-1
197,32,1163.05,143.76,58.22,181.63,0.3170,-1,-1,-1
198,1,420.98,215.29,74.93,208.48,0.5656,-1,-1,-1
198,2,96.55,543.91,63.49,170.62,0.5198,-1,-1,-1
198,3,976.58,921.15,61.59,157.70,0.7018,-1,-1,-1
198,4,1720.90,459.02,73.72,208.63,0.4964,-1,-1,-1
198,5,1357.06,571.88,83.81,219.10,0.5586,-1,-1,-1
198,6,225.83,542.76,65.12,210.00,0.6939,-1,-1,-1
198,8,516.39,312.34,71.42,210.54,0.6261,-1,-1,-1
198,11,881.45,160.08,71.84,184.37,0.4296,-1,-1,-1
198,18,402.34,611.32,87.22,251.54,0.7492,-1,-1,-1
198,25,601.75,312.51,58.90,182.42,0.4362,-1,-1,-1
198,29,755.28,294.66,60.81,189.55,0.3059,-1,-1,-1
198,31,53.74,642.25,110.00,247.59,0.6953,-1,-1,-1
199,1,420.46,214.18,74.65,205.67,0.5663,-1,-1,-1
199,2,96.15,544.36,63.73,170.97,0.5182,-1,-1,-1
199,3,974.51,921.19,62.51,157.64,0.7289,-1,-1,-1
199,4,1720.54,458.75,73.73,209.10,0.5286,-1,-1,-1
199,5,1355.52,570.99,85.24,222.43,0.5205,-1,-1,-1
199,6,226.22,543.16,64.70,208.94,0.7028,-1,-1,-1
199,8,516.57,315.10,71.33,209.95,0.6018,-1,-1,-1
199,11,882.57,157.27,71.96,187.17,0.3958,-1,-1,-1
199,18,399.98,610.63,89.52,253.39,0.7422,-1,-1,-1
199,25,602.12,313.61,58.42,179.97,0.4473,-1,-1,-1
199,31,56.08,644.26,109.06,247.81,0.7226,-1,-1,-1
199,32,1159.39,142.03,58.40,182.67,0.3185,-1,-1,-1
199,35,524.02,142.96,61.95,157.09,0.3082,-1,-1,-1
200,1,420.16,212.26,75.25,205.45,0.5739,-1,-1,-1
200,2,96.56,543.76,62.62,166.75,0.5372,-1,-1,-1
200,3,972.87,920.15,62.90,157.83,0.7147,-1,-1,-1
200,4,1720.60,458.72,73.42,208.68,0.5340,-1,-1,-1
200,5,1355.63,571.35,83.14,217.42,0.5400,-1,-1,-1
200,6,225.59,542.27,64.18,208.42,0.7167,-1,-1,-1
200,8,516.95,318.60,70.46,209.17,0.5842,-1,-1,-1
200,11,883.29,159.10,71.54,187.17,0.4004,-1,-1,-1
200,18,398.64,610.08,90.15,252.21,0.7471,-1,-1,-1
200,25,602.44,315.17,58.28,178.53,0.4225,-1,-1,-1
200,29,752.41,295.85,62.54,194.41,0.3102,-1,-1,-1
200,31,58.69,648.96,105.74,243.37,0.7122,-1,-1,-1
200,32,1157.62,141.27,58.41,182.31,0.3478,-1,-1,-1
201,1,420.67,211.31,76.26,206.21,0.5669,-1,-1,-1
201,2,95.58,543.92,62.84,166.39,0.4987,-1,-1,-1
201,3,971.87,919.79,62.96,158.20,0.7218,-1,-1,-1
201,4,1720.61,458.20,73.38,209.11,0.5539,-1,-1,-1
201,5,1354.92,571.05,83.48,219.55,0.5451,-1,-1,-1
201,6,225.58,541.37,63.93,209.14,0.7041,-1,-1,-1
201,8,515.80,318.86,71.46,212.86,0.5941,-1,-1,-1
201,11,885.38,158.64,71.41,187.25,0.4226,-1,-1,-1
201,18,396.65,609.59,91.21,252.18,0.7428,-1,-1,-1
201,25,602.81,318.43,56.78,172.91,0.4311,-1,-1,-1
201,31,62.80,654.52,101.49,238.37,0.7342,-1,-1,-1
201,32,1156.22,139.97,58.22,182.03,0.3180,-1,-1,-1
202,1,421.05,210.19,76.84,205.50,0.5610,-1,-1,-1
202,2,98.38,542.94,59.44,155.69,0.4446,-1,-1,-1
202,3,970.74,919.23,62.88,159.05,0.7279,-1,-1,-1
202,4,1721.06,458.36,73.39,209.63,0.5819,-1,-1,-1
202,5,1354.83,571.08,82.06,216.00,0.5172,-1,-1,-1
202,6,225.03,539.95,64.34,210.79,0.7057,-1,-1,-1
202,8,516.07,317.80,72.42,215.70,0.6122,-1,-1,-1
202,11,887.88,157.94,70.87,185.62,0.4323,-1,-1,-1
202,18,397.05,608.85,91.05,250.25,0.7354,-1,-1,-1
202,25,603.00,322.54,55.62,167.98,0.4481,-1,-1,-1
202,31,65.01,656.27,98.88,236.40,0.7427,-1,-1,-1
202,32,1154.69,139.30,58.29,182.58,0.3837,-1,-1,-1
203,1,421.65,208.83,77.49,206.77,0.4910,-1,-1,-1
203,2,98.63,542.90,58.33,151.81,0.3301,-1,-1,-1
203,3,970.54,918.74,63.02,159.17,0.7357,-1,-1,-1
203,4,1720.76,458.35,73.40,209.62,0.5910,-1,-1,-1
203,5,1356.72,572.26,80.53,211.17,0.5458,-1,-1,-1
203,6,223.38,537.30,65.03,212.13,0.6996,-1,-1,-1
203,8,515.76,317.94,72.61,216.29,0.5676,-1,-1,-1
203,11,887.34,156.66,71.15,186.29,0.4726,-1,-1,-1
203,18,395.50,607.05,90.89,248.52,0.7339,-1,-1,-1
203,25,602.88,322.66,55.74,167.24,0.4457,-1,-1,-1
203,31,67.56,657.31,97.38,234.52,0.6964,-1,-1,-1
203,32,1152.82,138.32,58.19,183.63,0.3753,-1,-1,-1
204,1,423.19,208.57,77.47,206.85,0.4480,-1,-1,-1
204,2,98.76,543.24,57.78,149.25,0.3513,-1,-1,-1
204,3,967.84,915.89,63.82,161.91,0.7307,-1,-1,-1
204,4,1720.96,459.00,73.28,209.08,0.5781,-1,-1,-1
204,5,1357.20,571.54,81.91,213.92,0.5603,-1,-1,-1
204,6,222.83,535.09,64.75,211.06,0.6727,-1,-1,-1
204,8,513.12,317.79,73.65,218.48,0.5869,-1,-1,-1
204,11,887.52,156.91,71.31,186.10,0.5037,-1,-1,-1
204,18,396.25,602.37,90.83,250.30,0.7216,-1,-1,-1
204,25,603.09,324.55,55.90,167.05,0.3988,-1,-1,-1
204,31,69.46,658.21,96.54,232.92,0.6856,-1,-1,-1
204,32,1151.81,140.49,56.67,180.09,0.3813,-1,-1,-1
204,36,4.10,606.71,50.65,232.81,0.3084,-1,-1,-1
205,1,424.06,208.39,77.61,207.08,0.4663,-1,-1,-1
205,2,98.78,542.75,57.17,146.39,0.3398,-1,-1,-1
205,3,966.50,915.30,63.63,162.88,0.7310,-1,-1,-1
205,4,1720.43,458.75,73.78,209.95,0.5665,-1,-1,-1
205,5,1356.45,571.62,82.42,214.83,0.5317,-1,-1,-1
205,6,220.84,530.97,64.98,209.95,0.6652,-1,-1,-1
205,8,514.31,318.06,73.71,218.34,0.5049,-1,-1,-1
205,11,887.72,155.39,71.37,187.42,0.4669,-1,-1,-1
205,18,394.20,599.66,91.36,251.82,0.7193,-1,-1,-1
205,25,603.75,324.74,56.06,167.46,0.3882,-1,-1,-1
205,29,754.79,299.52,62.38,195.81,0.3386,-1,-1,-1
205,31,71.11,656.45,98.01,234.99,0.7375,-1,-1,-1
205,32,1150.58,139.17,56.81,181.32,0.3937,-1,-1,-1
205,36,6.24,599.29,53.35,240.80,0.3527,-1,-1,-1
206,1,423.47,205.51,78.37,208.38,0.5126,-1,-1,-1
206,2,98.98,542.92,57.75,146.20,0.3889,-1,-1,-1
206,3,965.05,914.83,63.50,163.06,0.7458,-1,-1,-1
206,4,1720.64,459.03,73.91,209.59,0.5679,-1,-1,-1
206,5,1355.23,571.38,82.67,215.71,0.5380,-1,-1,-1
206,6,221.47,528.84,63.04,202.79,0.6692,-1,-1,-1
206,8,513.44,319.57,73.87,217.83,0.5080,-1,-1,-1
206,11,889.79,156.05,69.92,184.40,0.5184,-1,-1,-1
206,18,394.78,597.74,90.53,252.37,0.7334,-1,-1,-1
206,25,604.07,324.89,55.93,167.00,0.4112,-1,-1,-1
206,29,756.57,299.42,61.44,195.83,0.3774,-1,-1,-1
206,31,75.46,656.40,98.11,234.81,0.7627,-1,-1,-1
206,32,1149.01,137.98,56.89,182.41,0.4033,-1,-1,-1
206,36,11.63,600.64,55.97,238.32,0.4629,-1,-1,-1
207,1,423.75,205.09,78.32,207.33,0.4888,-1,-1,-1
207,2,99.20,543.33,58.63,147.26,0.4421,-1,-1,-1
207,3,963.63,913.20,63.61,164.93,0.7476,-1,-1,-1
207,4,1720.76,458.91,73.67,208.78,0.5735,-1,-1,-1
207,5,1356.54,570.77,81.62,213.67,0.4978,-1,-1,-1
207,6,221.81,526.64,62.66,201.57,0.6494,-1,-1,-1
207,8,511.90,319.69,74.02,217.00,0.5340,-1,-1,-1
207,11,890.58,154.48,71.83,189.60,0.5108,-1,-1,-1
207,18,395.90,596.49,88.07,246.85,0.7456,-1,-1,-1
207,25,604.03,325.23,56.17,167.66,0.4119,-1,-1,-1
207,29,757.71,298.73,60.80,195.47,0.3295,-1,-1,-1
207,31,82.48,659.00,100.35,236.11,0.7234,-1,-1,-1
207,32,1146.48,137.40,56.94,183.35,0.3709,-1,-1,-1
208,1,424.11,206.10,78.48,207.75,0.4770,-1,-1,-1
208,2,99.33,543.61,59.19,147.51,0.3912,-1,-1,-1
208,3,961.38,912.61,63.99,165.89,0.7408,-1,-1,-1
208,4,1721.05,458.78,73.92,209.75,0.5807,-1,-1,-1
208,5,1356.64,570.44,81.58,214.14,0.5151,-1,-1,-1
208,6,220.67,524.78,63.39,202.48,0.6129,-1,-1,-1
208,8,510.00,323.28,73.34,212.66,0.5138,-1,-1,-1
208,11,891.22,152.81,71.90,191.39,0.4737,-1,-1,-1
208,18,397.44,593.34,86.37,244.36,0.7482,-1,-1,-1
208,25,603.49,324.45,56.31,167.31,0.4062,-1,-1,-1
208,29,757.63,298.69,60.71,195.82,0.3510,-1,-1,-1
208,31,86.72,660.21,104.59,241.26,0.7345,-1,-1,-1
208,32,1144.08,136.86,57.07,183.88,0.3935,-1,-1,-1
208,36,14.66,604.72,59.07,235.49,0.3637,-1,-1,-1
209,1,424.64,206.09,78.68,208.86,0.4398,-1,-1,-1
209,2,99.51,545.10,60.13,149.28,0.3752,-1,-1,-1
209,3,960.18,912.49,63.37,166.15,0.7305,-1,-1,-1
209,4,1721.06,457.64,73.99,210.53,0.5548,-1,-1,-1
209,5,1355.63,570.78,81.30,215.36,0.4956,-1,-1,-1
209,6,220.46,523.20,63.47,202.46,0.6256,-1,-1,-1
209,8,509.06,323.52,73.66,212.65,0.5572,-1,-1,-1
209,11,892.54,151.59,70.98,189.93,0.4535,-1,-1,-1
209,18,398.35,590.93,84.04,240.33,0.7519,-1,-1,-1
209,25,602.25,324.08,56.81,168.43,0.3730,-1,-1,-1
209,29,758.20,301.08,60.39,195.10,0.3531,-1,-1,-1
209,31,89.75,665.34,108.10,239.99,0.7617,-1,-1,-1
209,32,1142.27,137.59,56.72,182.28,0.3426,-1,-1,-1
209,36,10.73,605.96,65.36,236.35,0.5766,-1,-1,-1
210,1,424.35,205.47,78.78,209.99,0.4219,-1,-1,-1
210,2,99.87,543.50,60.98,151.33,0.3845,-1,-1,-1
210,3,957.79,912.13,63.66,167.05,0.7292,-1,-1,-1
210,4,1720.90,458.18,73.89,210.42,0.5698,-1,-1,-1
210,5,1355.83,570.96,80.79,215.14,0.5190,-1,-1,-1
210,6,219.57,522.37,64.25,203.70,0.6205,-1,-1,-1
210,8,508.25,323.77,73.83,213.28,0.5971,-1,-1,-1
210,11,892.97,151.04,70.32,189.50,0.4767,-1,-1,-1
210,18,399.85,590.07,82.29,237.66,0.7551,-1,-1,-1
210,25,601.09,323.28,59.31,176.75,0.3335,-1,-1,-1
210,29,759.65,304.08,60.79,195.96,0.3198,-1,-1,-1
210,31,89.08,667.01,112.52,240.53,0.7543,-1,-1,-1
210,32,1140.93,137.64,56.58,181.72,0.3409,-1,-1,-1
210,36,9.70,607.02,70.06,234.23,0.5913,-1,-1,-1
211,1,425.71,204.99,78.33,209.71,0.4367,-1,-1,-1
211,2,100.55,543.57,61.79,152.79,0.3776,-1,-1,-1
211,3,956.00,912.37,63.75,166.25,0.7376,-1,-1,-1
211,4,1721.05,459.10,73.25,208.03,0.5500,-1,-1,-1
211,5,1354.69,570.31,81.62,219.24,0.5124,-1,-1,-1
211,6,218.09,520.94,64.94,205.00,0.5994,-1,-1,-1
211,8,508.12,323.91,73.18,211.59,0.5998,-1,-1,-1
211,11,894.82,150.40,69.17,186.05,0.4973,-1,-1,-1
211,18,400.10,587.03,81.67,238.44,0.7515,-1,-1,-1
211,29,759.85,305.67,61.87,197.78,0.3100,-1,-1,-1
211,31,92.45,668.89,113.23,241.37,0.7521,-1,-1,-1
211,32,1138.68,137.59,56.84,182.50,0.3332,-1,-1,-1
211,36,8.69,611.83,73.37,229.28,0.5870,-1,-1,-1
212,1,425.54,203.42,78.42,210.10,0.4024,-1,-1,-1
212,2,101.03,543.84,63.64,157.58,0.4590,-1,-1,-1
212,3,953.94,910.90,64.84,169.02,0.7329,-1,-1,-1
212,4,1720.71,459.45,73.96,209.59,0.5753,-1,-1,-1
212,5,1354.86,570.97,81.25,219.67,0.5009,-1,-1,-1
212,6,216.80,519.64,65.53,206.01,0.6211,-1,-1,-1
212,8,507.34,325.49,72.78,210.47,0.5918,-1,-1,-1
212,11,897.71,147.80,68.31,183.71,0.4892,-1,-1,-1
212,18,399.78,585.21,81.97,239.25,0.7133,-1,-1,-1
212,31,95.83,669.94,112.81,244.66,0.7423,-1,-1,-1
212,36,19.47,609.94,76.58,233.99,0.5596,-1,-1,-1
213,1,425.37,201.94,78.33,210.19,0.4076,-1,-1,-1
213,2,99.58,543.99,67.93,171.14,0.4890,-1,-1,-1
213,3,951.69,909.90,65.24,170.10,0.7463,-1,-1,-1
213,4,1720.78,459.05,74.24,209.90,0.5666,-1,-1,-1
213,5,1354.64,570.58,81.25,221.25,0.5398,-1,-1,-1
213,6,216.05,519.21,65.23,204.49,0.6150,-1,-1,-1
213,8,506.92,325.95,72.57,211.41,0.6299,-1,-1,-1
213,11,898.82,145.10,68.14,183.70,0.5013,-1,-1,-1
213,18,399.80,582.74,82.88,242.44,0.7104,-1,-1,-1
213,25,599.56,327.53,62.35,186.38,0.3035,-1,-1,-1
213,31,97.72,669.08,112.34,249.86,0.7477,-1,-1,-1
213,36,25.24,609.98,76.74,234.41,0.5290,-1,-1,-1
213,38,812.11,321.15,64.66,188.24,0.3330,-1,-1,-1
214,1,424.74,201.28,78.13,210.40,0.3946,-1,-1,-1
214,2,100.18,546.51,68.50,173.76,0.4908,-1,-1,-1
214,3,950.83,908.68,65.23,171.32,0.7357,-1,-1,-1
214,4,1721.55,459.47,73.48,207.41,0.5645,-1,-1,-1
214,5,1354.70,571.23,79.94,218.09,0.5271,-1,-1,-1
214,6,216.22,518.82,65.15,203.28,0.5915,-1,-1,-1
214,8,508.38,324.48,72.32,211.36,0.7047,-1,-1,-1
214,11,899.89,142.02,68.43,185.56,0.4662,-1,-1,-1
214,18,399.57,580.03,84.29,244.86,0.6935,-1,-1,-1
214,25,598.52,330.83,63.82,193.74,0.3601,-1,-1,-1
214,31,101.96,665.91,110.22,254.48,0.7556,-1,-1,-1
214,36,31.85,613.38,74.42,232.78,0.5563,-1,-1,-1
214,38,817.41,324.56,64.22,187.17,0.3310,-1,-1,-1
215,1,425.70,200.60,77.44,209.47,0.3774,-1,-1,-1
215,2,101.93,547.90,67.93,171.69,0.4498,-1,-1,-1
215,3,949.26,909.08,64.46,170.92,0.7452,-1,-1,-1
215,4,1721.48,459.68,73.61,207.55,0.5782,-1,-1,-1
215,5,1356.01,571.67,78.86,215.10,0.5403,-1,-1,-1
215,6,216.01,517.79,65.33,203.76,0.5843,-1,-1,-1
215,8,508.24,325.15,72.61,214.03,0.6742,-1,-1,-1
215,11,900.77,141.89,68.20,185.69,0.4448,-1,-1,-1
215,18,399.41,578.89,85.55,245.69,0.7152,-1,-1,-1
215,25,598.85,332.77,64.88,198.97,0.3784,-1,-1,-1
215,29,763.05,312.34,62.59,192.03,0.3765,-1,-1,-1
215,31,106.39,664.56,106.10,257.47,0.7662,-1,-1,-1
215,36,40.00,612.57,74.62,235.47,0.5209,-1,-1,-1
215,38,815.27,323.71,64.97,187.54,0.3430,-1,-1,-1
216,1,426.21,201.30,75.52,204.54,0.3520,-1,-1,-1
216,2,102.78,547.92,68.79,172.98,0.4643,-1,-1,-1
216,3,949.06,909.19,63.76,170.82,0.7376,-1,-1,-1
216,4,1721.24,458.89,73.91,208.90,0.5417,-1,-1,-1
216,5,1355.75,571.11,79.88,217.81,0.5404,-1,-1,-1
216,6,215.11,516.89,64.79,201.48,0.5842,-1,-1,-1
216,8,507.17,327.18,72.85,216.50,0.6221,-1,-1,-1
216,11,900.72,140.91,68.11,186.49,0.5114,-1,-1,-1
216,18,399.99,578.59,86.41,246.41,0.7187,-1,-1,-1
216,25,598.64,333.25,65.09,200.35,0.3830,-1,-1,-1
216,29,760.60,313.62,64.81,192.10,0.3829,-1,-1,-1
216,31,110.42,662.77,101.44,259.72,0.7806,-1,-1,-1
216,32,1128.31,132.71,57.77,185.12,0.3453,-1,-1,-1
216,36,43.41,610.92,74.98,240.46,0.6183,-1,-1,-1
216,38,816.16,322.65,66.79,190.09,0.3305,-1,-1,-1
217,1,426.06,199.58,74.84,203.23,0.3484,-1,-1,-1
217,2,102.10,548.98,68.35,171.75,0.3979,-1,-1,-1
217,3,948.68,908.84,62.99,171.17,0.7374,-1,-1,-1
217,4,1720.95,459.02,73.96,209.00,0.5315,-1,-1,-1
217,5,1355.60,571.64,80.57,218.47,0.5258,-1,-1,-1
217,6,216.34,515.90,64.55,204.01,0.5800,-1,-1,-1
217,8,507.50,329.48,72.63,217.86,0.5991,-1,-1,-1
217,11,901.15,140.86,67.80,185.36,0.4604,-1,-1,-1
217,18,399.78,577.10,87.43,246.86,0.7099,-1,-1,-1
217,25,598.41,336.54,64.14,200.43,0.3870,-1,-1,-1
217,29,760.80,315.31,66.32,190.35,0.3677,-1,-1,-1
217,31,112.03,662.75,98.62,259.52,0.7908,-1,-1,-1
217,36,48.97,613.60,74.74,239.72,0.6280,-1,-1,-1
218,1,426.67,198.69,74.35,201.36,0.3752,-1,-1,-1
218,2,107.17,548.56,59.45,144.77,0.3216,-1,-1,-1
218,3,946.73,908.33,63.48,171.69,0.7344,-1,-1,-1
218,4,1721.03,459.31,74.02,209.53,0.5225,-1,-1,-1
218,5,1355.05,571.37,80.82,218.84,0.4938,-1,-1,-1
218,6,216.39,514.16,63.85,206.06,0.5482,-1,-1,-1
218,8,507.84,330.31,72.14,220.20,0.6173,-1,-1,-1
218,11,901.59,141.12,67.22,183.57,0.3776,-1,-1,-1
218,18,399.29,576.74,88.25,246.39,0.7189,-1,-1,-1
218,25,597.61,339.77,62.97,198.35,0.4311,-1,-1,-1
218,29,761.85,315.09,67.30,192.23,0.3127,-1,-1,-1
218,31,116.69,664.10,96.07,257.78,0.7803,-1,-1,-1
218,36,56.53,617.52,75.62,237.24,0.4969,-1,-1,-1
219,1,427.75,197.00,73.55,199.16,0.3551,-1,-1,-1
219,2,107.73,549.12,57.71,134.42,0.3710,-1,-1,-1
219,3,943.74,907.40,64.85,172.61,0.7538,-1,-1,-1
219,4,1720.94,458.88,74.01,210.03,0.5485,-1,-1,-1
219,5,1355.44,571.93,80.43,217.07,0.5037,-1,-1,-1
219,6,215.18,511.72,62.17,203.06,0.5354,-1,-1,-1
219,8,508.61,331.92,70.81,220.13,0.6280,-1,-1,-1
219,11,900.67,140.65,68.80,187.19,0.4737,-1,-1,-1
219,18,399.74,575.43,87.96,245.41,0.6946,-1,-1,-1
219,25,596.62,341.65,62.45,199.08,0.4980,-1,-1,-1
219,31,120.10,662.66,94.27,257.73,0.7718,-1,-1,-1
219,32,1123.92,128.36,58.65,189.38,0.3216,-1,-1,-1
219,36,60.59,625.50,74.33,225.14,0.5830,-1,-1,-1
220,1,427.71,196.59,73.21,198.50,0.3742,-1,-1,-1
220,2,103.65,549.77,60.76,134.06,0.3996,-1,-1,-1
220,3,941.83,905.54,66.46,174.47,0.7481,-1,-1,-1
220,4,1721.16,459.03,73.80,209.24,0.5642,-1,-1,-1
220,5,1355.33,570.92,81.48,218.50,0.5130,-1,-1,-1
220,6,213.24,507.54,61.37,201.89,0.5506,-1,-1,-1
220,8,508.72,334.50,68.95,217.57,0.6369,-1,-1,-1
220,11,900.07,141.30,69.88,187.82,0.5145,-1,-1,-1
220,18,398.07,572.10,88.67,247.33,0.7156,-1,-1,-1
220,25,596.39,342.15,61.92,200.22,0.5147,-1,-1,-1
220,29,762.45,317.51,67.92,189.40,0.3103,-1,-1,-1
220,31,124.39,666.02,93.14,250.13,0.7425,-1,-1,-1
220,36,63.17,630.87,76.46,221.22,0.6052,-1,-1,-1
221,1,428.11,195.22,73.28,199.35,0.3794,-1,-1,-1
221,2,98.94,550.70,66.42,137.09,0.4767,-1,-1,-1
221,3,938.66,904.81,67.64,175.20,0.7478,-1,-1,-1
221,4,1720.77,458.49,73.82,209.28,0.5864,-1,-1,-1
221,5,1355.10,571.45,81.68,218.07,0.5156,-1,-1,-1
221,6,212.32,504.23,61.14,201.32,0.5997,-1,-1,-1
221,8,509.45,336.62,68.84,218.51,0.6034,-1,-1,-1
221,11,900.99,141.48,70.05,188.20,0.5417,-1,-1,-1
221,18,398.37,569.18,88.21,248.45,0.6923,-1,-1,-1
221,25,596.27,344.14,60.96,200.09,0.5801,-1,-1,-1
221,29,762.77,315.06,69.13,191.81,0.3331,-1,-1,-1
221,31,128.15,667.69,94.99,251.47,0.7301,-1,-1,-1
221,32,1121.84,126.71,57.76,186.40,0.3121,-1,-1,-1
221,36,66.59,634.77,78.99,219.20,0.6305,-1,-1,-1
222,1,428.45,193.90,73.31,200.03,0.3578,-1,-1,-1
222,2,96.32,551.01,74.82,153.12,0.3797,-1,-1,-1
222,3,937.16,905.07,69.19,174.93,0.7533,-1,-1,-1
222,4,1721.35,458.51,73.74,208.82,0.5638,-1,-1,-1
222,5,1355.16,571.60,82.73,219.89,0.4860,-1,-1,-1
222,6,210.32,503.42,62.00,200.70,0.5618,-1,-1,-1
222,8,510.02,336.71,68.27,218.88,0.5869,-1,-1,-1
222,11,901.21,140.80,69.44,186.99,0.4980,-1,-1,-1
222,18,397.77,565.24,87.76,250.65,0.7094,-1,-1,-1
222,25,595.85,345.47,60.44,199.27,0.5701,-1,-1,-1
222,31,134.63,669.20,98.88,251.44,0.7160,-1,-1,-1
222,36,70.69,631.74,83.29,225.37,0.5137,-1,-1,-1
223,1,429.59,193.79,73.46,201.64,0.3377,-1,-1,-1
223,2,98.77,552.14,71.81,142.36,0.4595,-1,-1,-1
223,3,935.98,904.75,70.36,175.25,0.7456,-1,-1,-1
223,4,1721.50,457.82,73.68,209.29,0.5424,-1,-1,-1
223,5,1355.22,571.68,83.60,221.24,0.4526,-1,-1,-1
223,6,209.94,502.57,62.70,200.21,0.5643,-1,-1,-1
223,8,510.47,337.27,67.97,218.43,0.5835,-1,-1,-1
223,11,900.46,140.73,69.04,185.53,0.4489,-1,-1,-1
223,18,398.28,564.13,85.37,245.30,0.7257,-1,-1,-1
223,25,595.08,346.32,60.14,198.48,0.5594,-1,-1,-1
223,29,768.42,315.46,69.62,194.25,0.3005,-1,-1,-1
223,31,136.14,670.79,104.55,257.46,0.6903,-1,-1,-1
223,32,1118.73,128.15,55.58,179.56,0.3350,-1,-1,-1
223,36,71.22,633.71,84.75,225.59,0.5791,-1,-1,-1
224,1,430.86,193.46,73.23,202.33,0.3577,-1,-1,-1
224,2,99.05,552.60,72.88,142.60,0.3632,-1,-1,-1
224,3,935.42,904.45,70.70,175.56,0.7161,-1,-1,-1
224,4,1721.43,458.95,73.60,208.90,0.5487,-1,-1,-1
224,5,1355.49,571.62,86.53,227.94,0.4353,-1,-1,-1
224,6,210.68,500.89,62.27,201.85,0.5535,-1,-1,-1
224,8,511.47,338.05,67.98,218.14,0.5859,-1,-1,-1
224,11,902.69,137.75,69.64,186.35,0.4197,-1,-1,-1
224,18,398.16,560.51,83.09,239.41,0.7171,-1,-1,-1
224,25,594.53,346.63,60.04,198.10,0.5603,-1,-1,-1
224,31,138.33,675.76,109.76,259.68,0.7254,-1,-1,-1
224,32,1117.20,127.88,55.23,179.26,0.3189,-1,-1,-1
224,36,73.25,635.03,83.78,222.80,0.5422,-1,-1,-1
225,1,429.84,192.03,73.72,204.28,0.3693,-1,-1,-1
225,2,98.14,553.16,75.90,148.22,0.3705,-1,-1,-1
225,3,934.91,903.26,71.24,176.66,0.7277,-1,-1,-1
225,4,1721.17,458.78,73.99,209.59,0.5840,-1,-1,-1
225,5,1355.53,572.19,88.16,231.46,0.4103,-1,-1,-1
225,6,211.01,499.58,61.40,200.94,0.6084,-1,-1,-1
225,8,512.46,338.61,68.24,217.49,0.5865,-1,-1,-1
225,11,904.43,137.15,69.76,185.60,0.3902,-1,-1,-1
225,18,397.10,557.64,81.75,236.59,0.7170,-1,-1,-1
225,25,594.05,347.98,59.47,195.98,0.5705,-1,-1,-1
225,29,772.56,316.72,70.60,195.57,0.3959,-1,-1,-1
225,31,138.04,678.24,114.35,264.31,0.7732,-1,-1,-1
225,32,1115.25,127.28,55.34,179.29,0.3688,-1,-1,-1
225,36,76.85,638.68,83.42,226.82,0.5941,-1,-1,-1
226,1,430.37,190.36,73.78,205.33,0.3925,-1,-1,-1
226,2,98.71,554.25,78.35,153.20,0.4247,-1,-1,-1
226,3,933.19,902.09,72.39,177.90,0.7226,-1,-1,-1
226,4,1721.25,458.14,74.35,210.59,0.5769,-1,-1,-1
226,5,1356.97,573.78,87.06,225.98,0.4488,-1,-1,-1
226,6,208.25,499.50,62.97,201.77,0.6060,-1,-1,-1
226,8,511.09,339.48,69.37,217.05,0.6155,-1,-1,-1
226,11,905.47,135.46,69.03,184.77,0.3656,-1,-1,-1
226,18,393.79,555.40,83.41,238.19,0.7250,-1,-1,-1
226,25,592.62,347.59,59.84,196.25,0.5807,-1,-1,-1
226,29,774.76,316.32,70.62,197.64,0.3801,-1,-1,-1
226,31,139.26,680.77,115.31,265.09,0.7539,-1,-1,-1
226,32,1113.97,126.80,54.62,176.13,0.3614,-1,-1,-1
226,36,82.29,640.16,82.29,227.59,0.6079,-1,-1,-1
226,38,838.25,327.51,63.75,186.19,0.3173,-1,-1,-1
227,1,431.00,188.54,74.27,207.77,0.4145,-1,-1,-1
227,2,99.73,554.52,79.79,156.45,0.4687,-1,-1,-1
227,3,932.70,902.03,72.54,177.97,0.7081,-1,-1,-1
227,4,1721.25,458.24,74.03,209.95,0.5957,-1,-1,-1
227,5,1356.26,574.03,87.48,225.64,0.4627,-1,-1,-1
227,6,208.38,498.25,64.21,203.91,0.6048,-1,-1,-1
227,8,511.27,343.01,69.36,212.63,0.6181,-1,-1,-1
227,11,906.45,133.78,68.98,186.91,0.3490,-1,-1,-1
227,18,391.66,553.09,84.53,239.41,0.7344,-1,-1,-1
227,25,590.91,347.47,60.89,197.46,0.5905,-1,-1,-1
227,29,778.26,317.67,72.34,200.53,0.3027,-1,-1,-1
227,31,142.36,683.06,115.84,269.13,0.7643,-1,-1,-1
227,32,1112.33,125.50,55.25,178.06,0.3726,-1,-1,-1
227,36,89.49,638.66,81.12,228.56,0.5921,-1,-1,-1
228,1,431.96,188.26,73.91,207.73,0.4362,-1,-1,-1
228,2,102.72,554.96,76.03,147.23,0.4599,-1,-1,-1
228,3,932.52,901.04,72.81,178.93,0.6954,-1,-1,-1
228,4,1721.63,459.50,73.54,208.13,0.5956,-1,-1,-1
228,5,1356.94,575.55,90.21,229.77,0.4474,-1,-1,-1
228,6,208.76,497.05,64.74,203.94,0.6215,-1,-1,-1
228,8,510.07,341.56,70.17,213.80,0.6387,-1,-1,-1
228,11,909.38,132.77,67.02,181.58,0.3559,-1,-1,-1
228,18,388.28,552.21,86.44,239.99,0.7352,-1,-1,-1
228,25,590.00,348.94,60.97,195.50,0.5721,-1,-1,-1
228,29,778.14,318.80,73.83,204.33,0.3923,-1,-1,-1
228,31,144.68,687.61,111.34,265.83,0.7345,-1,-1,-1
228,32,1109.63,125.23,56.00,179.55,0.3302,-1,-1,-1
228,36,94.42,639.57,81.28,231.59,0.6010,-1,-1,-1
229,1,432.44,187.94,73.68,208.76,0.4224,-1,-1,-1
229,2,105.06,556.03,74.39,141.25,0.4673,-1,-1,-1
229,3,931.80,900.28,73.14,179.72,0.7155,-1,-1,-1
229,4,1720.89,459.39,73.99,208.90,0.6028,-1,-1,-1
229,5,1356.50,576.13,88.25,222.03,0.4909,-1,-1,-1
229,6,207.59,495.96,65.61,205.32,0.5912,-1,-1,-1
229,8,510.27,343.83,70.51,212.07,0.6495,-1,-1,-1
229,11,912.74,132.00,65.72,177.64,0.3882,-1,-1,-1
229,18,385.60,549.63,88.99,242.88,0.7255,-1,-1,-1
229,25,589.40,349.68,61.25,194.62,0.5615,-1,-1,-1
229,29,775.49,318.13,75.07,209.54,0.3436,-1,-1,-1
229,31,145.45,690.36,108.00,264.83,0.7290,-1,-1,-1
229,32,1106.24,124.96,57.02,180.27,0.3414,-1,-1,-1
229,36,101.77,643.00,78.30,225.05,0.5913,-1,-1,-1
230,1,434.11,187.58,72.37,206.14,0.4565,-1,-1,-1
230,2,107.85,556.50,71.51,130.76,0.4543,-1,-1,-1
230,3,932.06,899.67,73.10,180.32,0.7126,-1,-1,-1
230,4,1720.98,459.60,73.98,208.39,0.5841,-1,-1,-1
230,5,1356.50,575.21,91.70,228.17,0.4598,-1,-1,-1
230,6,206.67,494.66,66.12,204.69,0.5886,-1,-1,-1
230,8,510.22,344.34,71.42,213.57,0.6390,-1,-1,-1
230,11,916.06,130.52,64.83,174.61,0.3404,-1,-1,-1
230,18,383.26,546.36,91.86,247.68,0.7325,-1,-1,-1
230,25,588.80,351.27,61.60,193.55,0.5281,-1,-1,-1
230,29,777.92,318.95,75.55,211.63,0.3199,-1,-1,-1
230,31,147.20,693.60,107.59,263.73,0.7489,-1,-1,-1
230,32,1100.63,125.83,58.85,179.29,0.3479,-1,-1,-1
230,36,107.47,645.26,75.00,216.19,0.5594,-1,-1,-1
230,40,789.93,110.21,73.51,216.79,0.3006,-1,-1,-1
231,1,435.56,186.97,71.62,204.22,0.4376,-1,-1,-1
231,2,107.50,556.71,72.27,127.78,0.4820,-1,-1,-1
231,3,931.58,899.39,73.23,180.54,0.7279,-1,-1,-1
231,4,1721.12,458.54,74.42,209.89,0.6109,-1,-1,-1
231,5,1357.21,577.67,91.04,223.76,0.4701,-1,-1,-1
231,6,210.12,493.33,65.69,204.35,0.5610,-1,-1,-1
231,8,509.03,345.38,71.97,213.09,0.6584,-1,-1,-1
231,11,918.12,129.52,66.08,177.47,0.3072,-1,-1,-1
231,18,381.14,545.43,93.26,248.60,0.7377,-1,-1,-1
231,25,588.09,350.17,62.54,193.51,0.5485,-1,-1,-1
231,29,775.97,326.90,70.60,202.91,0.3281,-1,-1,-1
231,31,151.33,695.46,104.93,262.21,0.7687,-1,-1,-1
231,32,1098.02,126.16,60.33,178.57,0.3567,-1,-1,-1
231,36,119.47,644.09,58.12,158.48,0.4767,-1,-1,-1
231,38,841.73,334.86,63.44,191.28,0.3368,-1,-1,-1
232,1,436.59,186.57,71.71,205.36,0.4461,-1,-1,-1
232,2,106.75,557.11,74.31,128.94,0.4507,-1,-1,-1
232,3,931.71,899.50,73.26,180.50,0.7215,-1,-1,-1
232,4,1721.34,457.79,74.33,210.50,0.6170,-1,-1,-1
232,5,1357.30,578.55,93.70,228.92,0.4679,-1,-1,-1
232,6,213.92,492.30,64.39,203.16,0.5231,-1,-1,-1
232,8,507.75,345.75,72.52,215.98,0.6662,-1,-1,-1
232,11,919.35,126.97,67.30,180.26,0.3077,-1,-1,-1
232,18,378.21,545.27,94.58,248.38,0.7132,-1,-1,-1
232,25,588.49,351.99,62.13,190.75,0.5231,-1,-1,-1
232,31,159.33,697.74,100.15,258.99,0.7634,-1,-1,-1
232,32,1096.98,125.84,61.23,178.21,0.4092,-1,-1,-1
232,36,112.48,647.57,78.43,222.07,0.5335,-1,-1,-1
232,38,843.05,335.60,62.60,190.92,0.3275,-1,-1,-1
232,41,1177.22,125.74,57.55,161.86,0.3465,-1,-1,-1
233,1,437.66,184.58,72.02,207.50,0.4114,-1,-1,-1
233,2,106.45,557.86,77.19,132.65,0.4187,-1,-1,-1
233,3,932.24,899.10,72.93,180.90,0.7089,-1,-1,-1
233,4,1721.56,458.43,73.93,209.30,0.5951,-1,-1,-1
233,5,1356.79,577.56,96.61,234.89,0.4534,-1,-1,-1
233,6,212.66,490.60,64.92,203.58,0.5892,-1,-1,-1
233,8,506.98,346.80,73.15,219.51,0.6781,-1,-1,-1
233,18,376.61,544.93,94.95,246.47,0.6917,-1,-1,-1
233,25,588.11,353.72,62.51,190.87,0.5164,-1,-1,-1
233,31,164.14,699.88,96.49,256.74,0.7783,-1,-1,-1
233,32,1095.93,125.95,61.42,176.14,0.4655,-1,-1,-1
233,36,113.05,648.33,77.65,226.85,0.5440,-1,-1,-1
233,38,844.42,337.41,62.50,189.83,0.3757,-1,-1,-1
233,41,1174.99,124.09,58.00,162.63,0.3516,-1,-1,-1
234,1,439.16,183.46,71.98,208.62,0.4265,-1,-1,-1
234,2,87.90,558.79,115.59,211.82,0.3856,-1,-1,-1
234,3,933.88,900.38,71.25,179.63,0.6985,-1,-1,-1
234,4,1722.00,458.27,73.92,209.72,0.6140,-1,-1,-1
234,5,1356.07,575.73,99.10,239.43,0.5107,-1,-1,-1
234,6,214.99,488.44,63.48,199.24,0.5975,-1,-1,-1
234,8,506.05,347.75,72.77,221.17,0.6880,-1,-1,-1
234,11,921.37,123.70,67.88,181.48,0.3618,-1,-1,-1
234,18,375.38,542.94,95.31,244.24,0.7133,-1,-1,-1
234,25,587.42,354.46,63.53,193.85,0.5440,-1,-1,-1
234,31,166.43,700.87,94.68,256.70,0.7941,-1,-1,-1
234,32,1094.34,126.86,62.28,176.76,0.4582,-1,-1,-1
234,36,113.76,650.43,76.44,225.61,0.4359,-1,-1,-1
234,38,845.04,339.20,62.26,188.75,0.3161,-1,-1,-1
234,41,1173.42,123.92,57.76,161.12,0.3480,-1,-1,-1
235,1,441.21,182.29,71.14,207.44,0.4530,-1,-1,-1
235,2,103.57,559.34,85.68,154.61,0.4372,-1,-1,-1
235,3,933.73,900.79,70.10,179.22,0.6793,-1,-1,-1
235,4,1721.95,458.89,73.55,209.20,0.5925,-1,-1,-1
235,5,1357.98,576.35,99.42,238.38,0.4402,-1,-1,-1
235,6,216.06,485.80,62.70,197.81,0.5967,-1,-1,-1
235,8,505.62,350.61,72.03,220.93,0.6852,-1,-1,-1
235,11,921.64,123.08,68.94,185.63,0.3726,-1,-1,-1
235,18,373.68,541.80,95.88,245.23,0.7200,-1,-1,-1
235,25,588.00,356.73,63.09,192.60,0.5304,-1,-1,-1
235,29,779.51,338.07,68.54,199.25,0.3723,-1,-1,-1
235,31,170.54,702.29,91.22,253.37,0.7767,-1,-1,-1
235,32,1093.28,126.69,62.37,176.24,0.4523,-1,-1,-1
235,36,116.53,653.17,74.04,221.22,0.5006,-1,-1,-1
235,38,843.14,344.49,60.31,185.84,0.3318,-1,-1,-1
235,41,1171.66,122.95,58.49,162.17,0.3524,-1,-1,-1
236,1,443.19,182.54,69.47,203.13,0.4484,-1,-1,-1
236,2,107.44,560.18,80.85,144.22,0.5192,-1,-1,-1
236,3,934.42,900.52,69.21,179.48,0.6705,-1,-1,-1
236,4,1721.86,459.27,73.26,208.94,0.6041,-1,-1,-1
236,5,1359.47,576.58,100.12,238.50,0.4502,-1,-1,-1
236,6,216.73,483.69,62.56,196.65,0.5818,-1,-1,-1
236,8,505.45,353.40,70.54,218.11,0.6844,-1,-1,-1
236,11,922.64,122.06,69.33,187.00,0.3631,-1,-1,-1
236,18,373.41,541.22,95.26,243.76,0.7202,-1,-1,-1
236,25,587.64,358.85,61.55,187.82,0.5084,-1,-1,-1
236,29,780.40,339.55,66.81,197.55,0.4095,-1,-1,-1
236,31,174.14,702.47,89.33,253.82,0.7783,-1,-1,-1
236,32,1092.52,125.91,62.90,176.47,0.4149,-1,-1,-1
236,36,120.79,657.28,72.68,219.57,0.5671,-1,-1,-1
236,38,842.90,347.78,59.57,184.18,0.3304,-1,-1,-1
236,41,1169.45,122.90,58.54,161.01,0.3315,-1,-1,-1
237,1,443.64,181.57,68.94,200.78,0.3803,-1,-1,-1
237,2,107.85,560.24,81.02,143.79,0.5160,-1,-1,-1
237,3,934.91,900.49,68.13,179.51,0.6756,-1,-1,-1
237,4,1721.47,458.31,73.51,209.68,0.5917,-1,-1,-1
237,5,1361.99,577.56,100.52,238.57,0.4263,-1,-1,-1
237,6,217.89,482.46,62.58,196.34,0.5577,-1,-1,-1
237,8,504.01,356.01,70.15,216.52,0.6776,-1,-1,-1
237,11,924.12,122.82,68.91,186.80,0.3100,-1,-1,-1
237,18,373.55,537.59,94.94,245.09,0.7035,-1,-1,-1
237,25,587.24,361.04,61.85,188.74,0.5128,-1,-1,-1
237,29,781.49,338.78,66.39,198.56,0.4106,-1,-1,-1
237,31,177.38,703.24,87.43,250.97,0.7906,-1,-1,-1
237,32,1090.86,124.64,63.40,177.74,0.3747,-1,-1,-1
237,36,125.00,654.42,72.55,222.36,0.6008,-1,-1,-1
238,1,443.86,180.41,69.10,200.36,0.3879,-1,-1,-1
238,2,94.05,560.94,114.42,216.54,0.4703,-1,-1,-1
238,3,934.68,900.46,66.97,179.53,0.6801,-1,-1,-1
238,4,1721.48,459.86,72.99,207.92,0.6043,-1,-1,-1
238,5,1365.47,578.80,101.21,239.57,0.4166,-1,-1,-1
238,6,217.61,480.18,62.98,197.33,0.5441,-1,-1,-1
238,8,502.81,357.04,70.66,218.32,0.6982,-1,-1,-1
238,11,925.27,120.43,69.22,188.18,0.3607,-1,-1,-1
238,18,375.36,535.31,93.13,243.45,0.7075,-1,-1,-1
238,25,587.45,362.14,61.73,188.00,0.5444,-1,-1,-1
238,29,783.11,339.63,65.86,198.32,0.4495,-1,-1,-1
238,31,181.41,703.24,87.39,253.23,0.7751,-1,-1,-1
238,32,1088.19,124.35,63.51,181.01,0.4178,-1,-1,-1
238,36,132.78,658.35,69.63,215.92,0.4653,-1,-1,-1
239,1,444.73,179.01,69.53,200.38,0.4008,-1,-1,-1
239,2,93.10,561.67,117.55,237.05,0.4800,-1,-1,-1
239,3,934.93,900.16,65.72,179.83,0.7089,-1,-1,-1
239,4,1721.76,458.62,73.41,209.43,0.6240,-1,-1,-1
239,5,1362.36,576.92,103.46,240.51,0.4685,-1,-1,-1
239,6,218.21,479.80,63.14,197.85,0.5839,-1,-1,-1
239,8,501.73,357.82,70.26,216.07,0.6809,-1,-1,-1
239,11,926.05,120.47,67.54,183.36,0.4367,-1,-1,-1
239,18,379.11,530.62,89.25,239.36,0.7622,-1,-1,-1
239,25,588.13,362.35,61.98,187.76,0.5599,-1,-1,-1
239,29,782.91,339.86,65.75,198.48,0.4084,-1,-1,-1
239,31,185.17,705.60,86.61,251.14,0.7562,-1,-1,-1
239,32,1086.99,122.57,63.00,182.46,0.4246,-1,-1,-1
239,36,136.80,657.14,69.88,218.95,0.5325,-1,-1,-1
239,41,1161.55,120.41,60.80,165.67,0.3050,-1,-1,-1
240,1,445.02,177.43,70.46,201.40,0.3619,-1,-1,-1
240,2,109.47,562.20,84.67,165.53,0.4946,-1,-1,-1
240,3,935.58,900.41,64.30,179.03,0.7054,-1,-1,-1
240,4,1721.58,459.17,73.55,208.94,0.5960,-1,-1,-1
240,5,1361.77,576.34,105.05,240.09,0.4574,-1,-1,-1
240,6,217.92,478.37,63.71,199.79,0.5943,-1,-1,-1
240,8,499.87,358.35,71.64,218.38,0.6509,-1,-1,-1
240,11,924.60,118.92,67.85,185.03,0.4095,-1,-1,-1
240,18,383.06,528.19,85.44,235.28,0.7467,-1,-1,-1
240,25,588.15,363.92,60.46,184.99,0.5469,-1,-1,-1
240,29,783.87,340.24,65.53,197.57,0.4282,-1,-1,-1
240,31,189.02,707.01,90.37,255.17,0.7576,-1,-1,-1
240,32,1086.07,122.15,61.69,180.75,0.3917,-1,-1,-1
240,36,142.03,654.62,70.57,221.89,0.5604,-1,-1,-1
240,40,786.25,147.09,62.94,175.90,0.3152,-1,-1,-1
241,1,446.19,178.24,70.83,200.76,0.3664,-1,-1,-1
241,2,112.50,562.81,79.36,152.42,0.5324,-1,-1,-1
241,3,935.30,900.31,63.50,179.64,0.7162,-1,-1,-1
241,4,1721.66,458.68,73.35,208.88,0.6290,-1,-1,-1
241,5,1361.90,572.63,108.81,242.11,0.5078,-1,-1,-1
241,6,217.60,476.65,64.36,202.42,0.6210,-1,-1,-1
241,8,498.02,358.77,72.39,219.19,0.6603,-1,-1,-1
241,11,924.40,118.36,67.20,183.03,0.4465,-1,-1,-1
241,18,385.72,525.82,82.91,233.60,0.7304,-1,-1,-1
241,25,588.76,365.71,59.53,182.38,0.5622,-1,-1,-1
241,29,785.54,340.50,66.09,197.27,0.4428,-1,-1,-1
241,31,191.84,709.72,94.68,257.52,0.7769,-1,-1,-1
241,32,1084.88,121.44,60.30,178.03,0.4318,-1,-1,-1
241,36,155.95,652.32,53.40,157.88,0.4031,-1,-1,-1
241,40,786.82,147.62,64.36,175.80,0.3238,-1,-1,-1
242,1,446.59,177.17,71.76,203.10,0.3642,-1,-1,-1
242,2,107.70,563.05,90.29,175.97,0.4398,-1,-1,-1
242,3,935.86,900.84,62.96,179.16,0.7259,-1,-1,-1
242,4,1721.41,459.40,73.07,208.36,0.6144,-1,-1,-1
242,5,1361.16,570.18,112.10,243.80,0.5357,-1,-1,-1
242,6,217.75,475.15,64.19,202.03,0.5969,-1,-1,-1
242,8,496.39,360.93,72.45,217.56,0.6504,-1,-1,-1
242,11,928.16,120.88,65.38,180.58,0.4581,-1,-1,-1
242,18,386.11,522.77,82.17,233.92,0.6991,-1,-1,-1
242,25,587.48,365.21,61.39,188.19,0.5493,-1,-1,-1
242,29,786.20,342.29,66.28,196.64,0.4306,-1,-1,-1
242,31,195.67,712.19,95.57,256.59,0.7483,-1,-1,-1
242,32,1083.25,118.88,60.44,178.85,0.4118,-1,-1,-1
242,36,158.42,650.13,58.42,168.01,0.4305,-1,-1,-1
242,38,853.96,348.14,61.42,187.44,0.3627,-1,-1,-1
242,40,786.80,151.47,64.35,171.20,0.3251,-1,-1,-1
242,41,1157.30,119.30,59.53,160.42,0.3191,-1,-1,-1
243,1,447.35,176.34,72.07,204.50,0.3479,-1,-1,-1
243,2,99.60,560.73,108.45,226.18,0.5381,-1,-1,-1
243,3,935.14,900.42,62.66,179.58,0.7104,-1,-1,-1
243,4,1721.52,458.85,73.09,207.51,0.6317,-1,-1,-1
243,5,1359.37,568.10,114.55,246.38,0.5380,-1,-1,-1
243,6,217.59,474.61,64.51,202.61,0.6049,-1,-1,-1
243,8,494.22,360.66,72.96,218.45,0.6476,-1,-1,-1
243,11,929.99,120.00,64.12,179.13,0.5040,-1,-1,-1
243,18,387.07,519.96,81.69,236.18,0.6883,-1,-1,-1
243,25,586.64,365.29,63.14,194.30,0.5771,-1,-1,-1
243,29,786.63,341.54,66.96,197.94,0.4228,-1,-1,-1
243,31,199.29,717.59,96.43,255.65,0.6950,-1,-1,-1
243,32,1081.69,118.10,60.56,179.63,0.4664,-1,-1,-1
243,36,162.59,650.92,59.84,163.40,0.4760,-1,-1,-1
243,40,788.34,152.57,63.82,168.65,0.3728,-1,-1,-1
243,41,1157.02,118.30,59.72,158.65,0.3099,-1,-1,-1
244,1,448.07,175.88,72.69,204.50,0.3518,-1,-1,-1
244,2,100.36,562.19,109.79,244.92,0.5662,-1,-1,-1
244,3,935.45,901.34,62.51,178.66,0.7835,-1,-1,-1
244,4,1721.02,458.83,73.31,207.74,0.6061,-1,-1,-1
244,5,1358.72,569.89,114.45,244.11,0.5077,-1,-1,-1
244,6,217.32,472.68,63.71,199.27,0.5755,-1,-1,-1
244,8,492.47,361.57,72.30,215.46,0.6436,-1,-1,-1
244,11,931.06,118.22,63.51,179.03,0.4405,-1,-1,-1
244,18,387.76,518.06,81.24,237.52,0.6919,-1,-1,-1
244,25,584.64,366.88,63.67,197.97,0.5805,-1,-1,-1
244,29,788.05,342.50,66.13,196.76,0.3871,-1,-1,-1
244,31,201.32,728.34,95.37,248.86,0.7041,-1,-1,-1
244,32,1080.33,117.98,60.65,179.77,0.4479,-1,-1,-1
244,36,168.25,653.57,64.02,158.52,0.5560,-1,-1,-1
244,38,855.27,352.71,61.77,182.80,0.3908,-1,-1,-1
244,40,788.55,152.79,64.95,169.42,0.3411,-1,-1,-1
244,41,1154.21,114.78,59.62,159.36,0.3156,-1,-1,-1
245,1,448.38,175.83,72.76,203.83,0.3196,-1,-1,-1
245,2,105.72,565.91,103.13,247.21,0.6233,-1,-1,-1
245,3,935.40,902.84,62.73,177.16,0.7905,-1,-1,-1
245,4,1720.77,459.01,73.53,208.05,0.5892,-1,-1,-1
245,5,1360.24,570.08,114.68,244.26,0.4324,-1,-1,-1
245,6,216.87,471.38,64.33,201.06,0.5674,-1,-1,-1
245,8,491.36,361.74,73.33,219.26,0.6682,-1,-1,-1
245,11,932.61,116.33,62.74,178.92,0.4541,-1,-1,-1
245,18,388.16,518.42,81.04,237.99,0.6787,-1,-1,-1
245,25,584.34,369.41,63.25,199.47,0.5897,-1,-1,-1
245,29,789.12,343.49,65.86,196.67,0.3798,-1,-1,-1
245,31,199.01,729.66,97.18,250.59,0.7023,-1,-1,-1
245,32,1079.45,117.46,60.20,179.28,0.4497,-1,-1,-1
245,36,170.58,655.32,65.69,151.84,0.5935,-1,-1,-1
245,38,856.53,353.27,63.41,185.16,0.3902,-1,-1,-1
245,40,788.68,153.15,65.52,169.25,0.3184,-1,-1,-1
246,1,448.66,176.28,73.18,204.25,0.3246,-1,-1,-1
246,2,110.31,564.30,97.78,249.06,0.6373,-1,-1,-1
246,3,935.88,903.65,63.10,176.35,0.7800,-1,-1,-1
246,4,1720.78,458.35,74.20,209.93,0.6068,-1,-1,-1
246,5,1365.50,571.82,112.35,242.16,0.4673,-1,-1,-1
246,6,218.67,470.44,64.77,204.39,0.5838,-1,-1,-1
246,8,489.36,363.49,72.51,214.68,0.6925,-1,-1,-1
246,11,933.81,115.72,62.11,179.54,0.4114,-1,-1,-1
246,18,388.55,517.78,81.42,239.69,0.6971,-1,-1,-1
246,25,583.88,370.97,62.96,200.53,0.6292,-1,-1,-1
246,29,790.25,344.98,65.31,195.88,0.3963,-1,-1,-1
246,31,200.81,730.89,98.27,256.45,0.6849,-1,-1,-1
246,32,1079.07,117.71,59.85,178.52,0.4121,-1,-1,-1
246,36,175.18,655.19,68.16,152.33,0.6018,-1,-1,-1
246,38,860.30,352.37,64.01,187.25,0.3856,-1,-1,-1
246,40,787.29,153.24,66.62,169.54,0.3275,-1,-1,-1
247,1,449.27,175.67,73.91,204.76,0.3373,-1,-1,-1
247,2,113.95,563.40,95.72,252.52,0.6223,-1,-1,-1
247,3,936.10,903.90,63.26,176.10,0.7677,-1,-1,-1
247,4,1720.34,458.42,74.10,208.83,0.6209,-1,-1,-1
247,5,1367.53,567.96,113.05,248.39,0.5719,-1,-1,-1
247,6,218.25,469.00,64.73,205.96,0.5815,-1,-1,-1
247,8,487.88,364.42,73.12,214.82,0.7434,-1,-1,-1
247,11,934.99,114.38,60.83,177.41,0.4336,-1,-1,-1
247,18,388.98,517.55,81.65,240.84,0.7037,-1,-1,-1
247,25,583.50,372.48,63.54,204.35,0.6804,-1,-1,-1
247,29,789.31,345.45,65.40,195.77,0.4094,-1,-1,-1
247,31,203.18,732.99,97.83,256.80,0.6711,-1,-1,-1
247,32,1077.24,116.51,59.82,179.28,0.4382,-1,-1,-1
247,36,181.94,656.54,67.51,145.90,0.4376,-1,-1,-1
247,38,861.29,352.57,63.38,188.17,0.3747,-1,-1,-1
247,40,788.47,153.40,66.58,168.44,0.3060,-1,-1,-1
247,41,1148.84,112.95,60.15,162.53,0.3185,-1,-1,-1
248,1,449.08,173.71,75.85,209.55,0.3513,-1,-1,-1
248,2,119.24,563.38,91.06,249.16,0.6796,-1,-1,-1
248,3,936.80,905.25,63.41,174.65,0.7521,-1,-1,-1
248,4,1719.70,459.52,74.37,208.30,0.6282,-1,-1,-1
248,5,1371.40,569.77,110.07,245.92,0.5477,-1,-1,-1
248,6,219.23,467.65,63.14,203.37,0.5748,-1,-1,-1
248,8,487.06,366.01,72.82,214.92,0.7417,-1,-1,-1
248,11,936.96,113.60,59.77,175.89,0.4607,-1,-1,-1
248,18,389.16,517.10,81.52,240.73,0.6928,-1,-1,-1
248,25,582.92,374.73,63.28,206.65,0.6461,-1,-1,-1
248,29,790.68,345.67,66.47,199.66,0.4234,-1,-1,-1
248,31,202.04,734.70,97.59,257.86,0.5897,-1,-1,-1
248,32,1075.97,116.38,59.78,180.89,0.4956,-1,-1,-1
248,36,185.76,662.27,69.03,145.73,0.3692,-1,-1,-1
248,38,862.93,353.21,64.11,190.01,0.4156,-1,-1,-1
248,41,1148.02,113.25,60.07,164.27,0.3311,-1,-1,-1
249,1,449.58,171.94,76.49,210.75,0.3885,-1,-1,-1
249,2,121.63,564.13,88.81,250.98,0.6679,-1,-1,-1
249,3,937.07,905.38,64.17,174.62,0.7497,-1,-1,-1
249,4,1720.15,459.64,74.07,207.59,0.5910,-1,-1,-1
249,5,1374.93,570.23,107.40,247.34,0.5262,-1,-1,-1
249,6,220.27,467.00,60.47,195.14,0.5555,-1,-1,-1
249,8,486.36,367.34,72.94,216.07,0.7132,-1,-1,-1
249,11,938.22,111.11,60.38,179.04,0.5151,-1,-1,-1
249,18,388.99,516.16,82.03,240.28,0.6853,-1,-1,-1
249,25,582.48,378.60,62.20,204.80,0.6023,-1,-1,-1
249,29,790.71,346.14,64.95,195.09,0.3833,-1,-1,-1
249,31,203.36,741.24,94.58,251.80,0.4883,-1,-1,-1
249,32,1074.56,116.11,59.90,182.76,0.4615,-1,-1,-1
249,36,173.51,666.02,103.10,226.55,0.4981,-1,-1,-1
249,38,863.09,353.09,64.98,190.28,0.3774,-1,-1,-1
249,41,1146.90,111.51,60.09,166.19,0.3423,-1,-1,-1
250,1,449.61,170.27,76.74,211.45,0.3735,-1,-1,-1
250,2,125.95,566.13,85.81,247.07,0.6766,-1,-1,-1
250,3,937.43,905.77,64.90,174.23,0.7302,-1,-1,-1
250,4,1720.61,458.30,74.39,209.01,0.5973,-1,-1,-1
250,5,1379.16,569.75,102.62,246.39,0.5921,-1,-1,-1
250,6,221.61,464.94,60.30,195.21,0.5543,-1,-1,-1
250,8,486.08,369.15,73.46,218.77,0.6858,-1,-1,-1
250,11,937.44,109.66,60.90,180.61,0.4961,-1,-1,-1
250,18,389.53,516.06,82.38,238.87,0.6793,-1,-1,-1
250,25,581.89,381.34,61.33,202.50,0.6331,-1,-1,-1
250,29,792.47,348.15,65.04,194.62,0.3414,-1,-1,-1
250,31,209.73,746.33,91.74,244.62,0.4586,-1,-1,-1
250,32,1072.97,115.35,59.81,183.38,0.4139,-1,-1,-1
250,36,188.39,669.48,79.89,166.08,0.4681,-1,-1,-1
250,38,858.72,355.40,66.48,191.01,0.3943,-1,-1,-1
250,41,1146.06,110.77,59.64,166.21,0.3421,-1,-1,-1
251,1,449.31,168.41,76.50,211.48,0.3775,-1,-1,-1
251,2,129.66,565.26,85.15,249.90,0.7000,-1,-1,-1
251,3,938.79,907.65,64.96,172.36,0.7400,-1,-1,-1
251,4,1720.31,459.19,74.45,207.84,0.6042,-1,-1,-1
251,5,1382.48,568.68,99.40,247.18,0.6259,-1,-1,-1
251,6,221.59,461.40,60.69,197.04,0.5620,-1,-1,-1
251,8,487.25,369.15,74.27,226.00,0.6535,-1,-1,-1
251,11,937.04,110.11,61.80,180.89,0.4688,-1,-1,-1
251,18,389.09,512.70,83.45,239.75,0.6654,-1,-1,-1
251,25,581.17,383.21,61.30,203.10,0.6521,-1,-1,-1
251,29,792.58,351.01,64.54,191.92,0.3647,-1,-1,-1
251,31,209.82,744.61,92.30,247.88,0.5578,-1,-1,-1
251,32,1071.89,114.93,59.76,183.83,0.3954,-1,-1,-1
251,36,194.03,673.94,73.81,143.36,0.5093,-1,-1,-1
251,38,860.93,355.78,67.39,193.06,0.3471,-1,-1,-1
252,1,449.68,167.37,75.42,208.57,0.3792,-1,-1,-1
252,2,133.27,566.16,84.14,247.64,0.7027,-1,-1,-1
252,3,939.22,908.11,65.45,171.90,0.7127,-1,-1,-1
252,4,1720.47,459.64,74.28,207.22,0.5840,-1,-1,-1
252,5,1383.65,569.86,96.14,243.21,0.5677,-1,-1,-1
252,6,220.34,456.19,61.69,201.86,0.5736,-1,-1,-1
252,8,487.46,372.33,73.33,227.33,0.6547,-1,-1,-1
252,11,937.23,107.19,62.84,182.54,0.4819,-1,-1,-1
252,18,389.58,509.86,83.83,241.03,0.6639,-1,-1,-1
252,25,580.47,383.69,61.88,205.08,0.6667,-1,-1,-1
252,31,211.02,741.23,94.63,250.21,0.6631,-1,-1,-1
252,32,1071.10,114.35,59.69,184.16,0.3638,-1,-1,-1
252,36,194.27,676.20,75.73,140.80,0.4683,-1,-1,-1
252,38,861.73,359.30,65.62,189.91,0.3575,-1,-1,-1
252,41,1143.80,108.89,60.99,171.40,0.3290,-1,-1,-1
253,1,450.58,166.66,74.63,207.92,0.3854,-1,-1,-1
253,2,136.34,565.90,83.93,246.01,0.6960,-1,-1,-1
253,3,939.63,908.18,66.40,171.82,0.7335,-1,-1,-1
253,4,1720.71,458.13,74.73,209.14,0.5705,-1,-1,-1
253,5,1384.88,570.54,95.20,246.51,0.6154,-1,-1,-1
253,6,221.56,456.87,61.12,198.76,0.6017,-1,-1,-1
253,8,487.87,374.49,72.12,225.95,0.6621,-1,-1,-1
253,11,936.69,108.79,63.35,181.59,0.4965,-1,-1,-1
253,18,389.24,507.15,83.47,239.84,0.6689,-1,-1,-1
253,25,578.63,383.51,62.61,207.96,0.6810,-1,-1,-1
253,31,215.95,737.76,93.84,251.79,0.7348,-1,-1,-1
253,32,1069.66,114.47,59.33,182.80,0.3580,-1,-1,-1
253,36,197.58,677.36,74.61,136.49,0.4555,-1,-1,-1
253,41,1143.10,108.23,60.12,171.13,0.3577,-1,-1,-1
254,1,451.42,166.05,73.24,204.83,0.3664,-1,-1,-1
254,2,138.13,565.73,83.97,244.18,0.6677,-1,-1,-1
254,3,940.53,909.58,66.68,170.43,0.7320,-1,-1,-1
254,4,1720.33,458.73,74.48,208.73,0.5815,-1,-1,-1
254,5,1386.75,570.10,93.25,245.78,0.6186,-1,-1,-1
254,6,221.37,456.11,61.43,198.70,0.5801,-1,-1,-1
254,8,487.20,373.80,72.51,230.36,0.6529,-1,-1,-1
254,11,936.92,109.03,64.38,181.71,0.4886,-1,-1,-1
254,18,389.47,504.61,82.42,238.25,0.6362,-1,-1,-1
254,25,577.67,385.85,62.60,207.29,0.6923,-1,-1,-1
254,29,796.25,350.81,65.84,193.37,0.3483,-1,-1,-1
254,31,220.08,736.66,91.87,254.38,0.7766,-1,-1,-1
254,32,1068.07,114.14,59.07,183.15,0.3857,-1,-1,-1
254,36,197.56,678.14,76.26,137.11,0.4664,-1,-1,-1
254,38,864.02,361.62,64.88,190.31,0.3532,-1,-1,-1
254,41,1142.17,108.00,58.95,169.78,0.3485,-1,-1,-1
255,1,452.70,165.43,71.13,201.49,0.3485,-1,-1,-1
255,2,139.97,563.79,84.23,244.05,0.6900,-1,-1,-1
255,3,940.72,909.63,67.66,169.57,0.7317,-1,-1,-1
255,4,1720.71,459.30,73.79,207.50,0.6054,-1,-1,-1
255,5,1387.90,569.45,92.52,248.94,0.6545,-1,-1,-1
255,6,221.48,455.68,61.72,197.83,0.6188,-1,-1,-1
255,8,487.24,374.67,71.88,230.61,0.6682,-1,-1,-1
255,11,936.54,108.81,65.12,180.37,0.4828,-1,-1,-1
255,18,391.45,502.10,80.60,232.66,0.6715,-1,-1,-1
255,25,576.56,385.83,62.71,207.86,0.7296,-1,-1,-1
255,29,798.10,351.16,68.17,199.64,0.3302,-1,-1,-1
255,31,220.43,735.34,93.82,261.66,0.7280,-1,-1,-1
255,32,1066.29,113.34,58.87,183.44,0.4076,-1,-1,-1
255,36,200.74,680.13,77.11,136.74,0.4729,-1,-1,-1
255,38,866.89,360.32,66.79,193.52,0.3658,-1,-1,-1
255,41,1140.60,107.01,58.94,171.38,0.3294,-1,-1,-1
256,1,453.39,164.56,70.02,199.08,0.3199,-1,-1,-1
256,2,141.27,564.56,84.42,243.15,0.6533,-1,-1,-1
256,3,940.45,909.85,69.18,170.11,0.7425,-1,-1,-1
256,4,1720.09,459.06,74.28,208.59,0.5660,-1,-1,-1
256,5,1390.68,568.65,90.75,246.20,0.6370,-1,-1,-1
256,6,221.53,455.01,61.72,196.45,0.5989,-1,-1,-1
256,8,488.41,375.43,70.72,229.88,0.6657,-1,-1,-1
256,11,936.54,107.84,66.10,180.52,0.4858,-1,-1,-1
256,18,391.51,498.46,79.92,230.89,0.6527,-1,-1,-1
256,25,575.94,386.82,62.56,207.21,0.7454,-1,-1,-1
256,31,224.98,736.32,93.67,267.52,0.7174,-1,-1,-1
256,32,1065.18,113.17,58.50,183.18,0.3978,-1,-1,-1
256,36,204.81,678.06,84.07,146.76,0.5373,-1,-1,-1
256,38,869.02,362.32,66.23,192.44,0.3302,-1,-1,-1
256,41,1139.00,106.16,58.67,171.61,0.3385,-1,-1,-1
257,1,454.36,163.35,69.07,196.83,0.3063,-1,-1,-1
257,2,142.62,564.48,85.72,243.37,0.6210,-1,-1,-1
257,3,940.63,911.17,70.39,168.56,0.7509,-1,-1,-1
257,4,1719.97,459.91,73.92,207.29,0.5789,-1,-1,-1
257,5,1392.87,567.47,89.48,244.59,0.6262,-1,-1,-1
257,6,221.34,454.25,62.77,197.78,0.5734,-1,-1,-1
257,8,487.99,378.65,70.06,227.21,0.6771,-1,-1,-1
257,11,936.25,106.94,66.89,181.30,0.4313,-1,-1,-1
257,18,391.98,494.30,80.42,232.31,0.6817,-1,-1,-1
257,25,575.15,387.10,62.30,205.85,0.7588,-1,-1,-1
257,29,801.35,351.08,69.90,201.31,0.3213,-1,-1,-1
257,31,231.22,745.74,91.05,267.40,0.7338,-1,-1,-1
257,32,1063.23,112.58,58.66,184.14,0.3663,-1,-1,-1
257,36,204.37,678.41,87.89,153.04,0.5771,-1,-1,-1
257,38,867.97,363.73,63.27,186.96,0.3794,-1,-1,-1
257,41,1138.15,105.82,58.35,170.49,0.3210,-1,-1,-1
258,1,455.27,163.21,68.86,196.07,0.3235,-1,-1,-1
258,2,144.13,564.48,87.76,246.41,0.5900,-1,-1,-1
258,3,940.36,912.82,71.04,165.90,0.7498,-1,-1,-1
258,4,1720.26,459.43,74.14,207.61,0.5669,-1,-1,-1
258,5,1394.68,566.59,87.81,240.74,0.6219,-1,-1,-1
258,6,221.98,453.18,63.14,197.61,0.5340,-1,-1,-1
258,8,488.50,377.04,70.05,228.76,0.6611,-1,-1,-1
258,11,937.85,105.64,66.78,179.85,0.4246,-1,-1,-1
258,18,390.19,492.59,81.04,233.75,0.6806,-1,-1,-1
258,25,575.18,387.80,61.84,204.32,0.7465,-1,-1,-1
258,29,803.40,352.31,71.11,202.36,0.3331,-1,-1,-1
258,31,231.78,749.03,90.15,269.97,0.7663,-1,-1,-1
258,32,1063.96,112.80,58.31,182.32,0.3173,-1,-1,-1
258,36,208.72,679.77,88.38,156.54,0.5357,-1,-1,-1
258,38,868.76,363.46,61.82,185.46,0.3488,-1,-1,-1
259,1,457.88,162.47,69.13,197.29,0.3507,-1,-1,-1
259,2,146.46,565.82,88.68,244.46,0.6283,-1,-1,-1
259,3,940.69,914.20,72.26,164.39,0.7305,-1,-1,-1
259,4,1719.99,459.33,74.67,208.53,0.5631,-1,-1,-1
259,5,1398.57,566.55,85.66,237.17,0.5865,-1,-1,-1
259,6,222.62,452.37,62.84,196.57,0.5074,-1,-1,-1
259,8,487.50,381.56,69.11,223.87,0.6670,-1,-1,-1
259,11,938.85,103.53,66.36,179.20,0.4182,-1,-1,-1
259,18,388.75,491.80,81.67,233.89,0.6567,-1,-1,-1
259,25,574.78,389.68,61.82,202.01,0.7487,-1,-1,-1
259,29,803.83,353.05,71.34,202.54,0.4110,-1,-1,-1
259,31,233.94,754.69,87.97,263.79,0.7464,-1,-1,-1
259,32,1062.72,112.19,58.23,181.61,0.3247,-1,-1,-1
259,36,216.73,681.67,77.07,131.48,0.4737,-1,-1,-1
259,38,868.96,367.33,59.21,180.92,0.3343,-1,-1,-1
260,1,457.89,162.38,69.45,197.83,0.3750,-1,-1,-1
260,2,150.80,564.84,88.94,245.80,0.6318,-1,-1,-1
260,3,941.98,914.89,73.53,162.33,0.7217,-1,-1,-1
260,4,1719.57,459.34,74.75,208.55,0.5879,-1,-1,-1
260,5,1400.34,565.81,85.25,239.54,0.5573,-1,-1,-1
260,6,222.72,451.51,62.51,194.78,0.5083,-1,-1,-1
260,8,489.20,380.28,69.33,225.96,0.6626,-1,-1,-1
260,11,939.78,101.28,65.04,174.91,0.4327,-1,-1,-1
260,18,385.31,490.61,83.72,235.50,0.6631,-1,-1,-1
260,25,573.99,390.91,61.50,199.48,0.7529,-1,-1,-1
260,29,804.86,354.84,69.89,200.17,0.3902,-1,-1,-1
260,31,235.96,757.75,88.04,266.75,0.7298,-1,-1,-1
260,32,1060.13,110.85,58.62,183.81,0.3457,-1,-1,-1
260,36,220.98,682.59,75.80,124.52,0.5331,-1,-1,-1
261,1,455.06,161.06,71.89,201.59,0.3851,-1,-1,-1
261,2,155.70,565.00,87.26,247.72,0.6509,-1,-1,-1
261,3,941.67,915.02,76.16,163.52,0.7260,-1,-1,-1
261,4,1720.16,459.59,74.67,208.82,0.5983,-1,-1,-1
261,5,1404.73,565.73,83.42,239.90,0.5527,-1,-1,-1
261,6,222.60,450.23,62.46,193.87,0.4815,-1,-1,-1
261,8,487.80,384.04,68.48,220.85,0.6898,-1,-1,-1
261,11,939.47,99.07,64.85,173.69,0.4453,-1,-1,-1
261,18,380.88,488.38,86.61,237.89,0.6510,-1,-1,-1
261,25,573.96,392.80,61.06,196.85,0.7489,-1,-1,-1
261,29,804.66,354.30,70.91,202.23,0.3709,-1,-1,-1
261,31,238.90,763.67,84.61,257.24,0.6983,-1,-1,-1
261,36,221.04,684.48,79.61,126.55,0.6275,-1,-1,-1
262,1,457.66,161.85,70.78,199.12,0.3845,-1,-1,-1
262,2,160.43,565.38,86.97,250.39,0.6473,-1,-1,-1
262,3,940.53,917.38,77.06,159.70,0.7269,-1,-1,-1
262,4,1720.18,460.01,74.50,208.28,0.5945,-1,-1,-1
262,5,1407.71,563.83,82.49,240.33,0.5657,-1,-1,-1
262,6,222.62,448.93,62.47,193.16,0.5126,-1,-1,-1
262,8,488.11,384.76,68.43,220.17,0.7157,-1,-1,-1
262,11,938.79,98.07,64.57,171.40,0.4972,-1,-1,-1
262,18,378.99,487.25,88.24,237.84,0.6311,-1,-1,-1
262,25,573.43,395.34,61.11,196.33,0.7372,-1,-1,-1
262,29,805.31,355.30,70.34,201.84,0.4087,-1,-1,-1
262,31,240.85,764.45,86.69,264.14,0.6922,-1,-1,-1
262,32,1057.61,108.22,58.64,184.16,0.3759,-1,-1,-1
262,36,223.71,687.26,79.71,125.80,0.5634,-1,-1,-1
263,1,454.95,160.40,71.60,201.84,0.3654,-1,-1,-1
263,2,163.64,565.38,84.99,251.15,0.6833,-1,-1,-1
263,3,939.34,918.35,79.37,158.43,0.7392,-1,-1,-1
263,4,1719.99,460.04,74.64,208.12,0.5727,-1,-1,-1
263,5,1408.81,565.21,80.35,236.74,0.5933,-1,-1,-1
263,6,223.92,446.30,61.97,191.19,0.5247,-1,-1,-1
263,8,487.82,384.90,68.59,219.84,0.6995,-1,-1,-1
263,11,938.52,96.15,65.75,174.71,0.4814,-1,-1,-1
263,18,377.55,485.77,89.69,238.86,0.6100,-1,-1,-1
263,25,572.64,396.64,62.13,198.93,0.7084,-1,-1,-1
263,29,805.13,355.29,72.07,205.27,0.4034,-1,-1,-1
263,31,242.78,768.27,86.32,262.75,0.6713,-1,-1,-1
263,32,1056.37,106.93,58.70,184.51,0.3885,-1,-1,-1
263,36,226.50,688.79,79.75,124.63,0.4594,-1,-1,-1
264,1,457.00,160.46,70.46,200.12,0.3312,-1,-1,-1
264,2,166.95,564.40,83.32,252.61,0.6903,-1,-1,-1
264,3,939.30,919.74,80.60,156.26,0.7567,-1,-1,-1
264,4,1720.46,459.76,74.72,208.58,0.5835,-1,-1,-1
264,5,1410.55,565.39,80.55,236.93,0.6156,-1,-1,-1
264,6,225.87,447.70,60.80,187.23,0.5598,-1,-1,-1
264,8,487.04,385.10,68.82,218.14,0.6892,-1,-1,-1
264,11,937.67,94.34,66.80,177.45,0.4408,-1,-1,-1
264,18,376.04,485.19,90.59,238.40,0.6064,-1,-1,-1
264,25,570.81,397.33,62.64,200.28,0.6841,-1,-1,-1
264,29,802.18,357.81,71.70,204.98,0.3898,-1,-1,-1
264,31,246.24,772.01,86.12,260.43,0.7472,-1,-1,-1
264,32,1055.10,106.91,57.04,178.41,0.3527,-1,-1,-1
264,36,232.94,692.13,76.47,119.97,0.6105,-1,-1,-1
265,1,457.45,161.32,69.33,199.34,0.3728,-1,-1,-1
265,2,170.35,565.57,81.58,254.12,0.6907,-1,-1,-1
265,3,939.72,919.92,82.19,156.57,0.7554,-1,-1,-1
265,4,1720.37,460.07,74.57,208.28,0.6007,-1,-1,-1
265,5,1410.25,565.70,81.21,239.85,0.5871,-1,-1,-1
265,6,226.73,444.37,61.22,188.66,0.5294,-1,-1,-1
265,8,486.26,385.33,69.17,218.41,0.6718,-1,-1,-1
265,11,937.85,93.11,67.10,179.67,0.4708,-1,-1,-1
265,18,374.85,484.46,91.68,238.50,0.6553,-1,-1,-1
265,25,570.28,399.00,62.65,198.87,0.7247,-1,-1,-1
265,29,802.78,358.39,72.97,207.89,0.3663,-1,-1,-1
265,31,246.70,771.64,86.40,261.29,0.7680,-1,-1,-1
265,32,1054.14,106.15,56.40,176.07,0.3830,-1,-1,-1
265,36,236.66,695.21,75.25,120.11,0.5715,-1,-1,-1
265,41,1126.65,96.46,56.61,163.47,0.3309,-1,-1,-1
266,1,458.08,160.32,69.33,201.31,0.3284,-1,-1,-1
266,2,174.37,566.34,81.11,255.88,0.6934,-1,-1,-1
266,3,939.33,920.40,83.46,156.20,0.7624,-1,-1,-1
266,4,1720.20,460.39,74.56,208.07,0.5899,-1,-1,-1
266,5,1410.24,565.62,82.30,244.40,0.5707,-1,-1,-1
266,6,226.52,444.12,60.12,183.45,0.4924,-1,-1,-1
266,8,484.34,384.98,69.85,220.57,0.6286,-1,-1,-1
266,11,938.77,92.58,66.70,179.07,0.4589,-1,-1,-1
266,18,374.74,484.02,92.05,237.31,0.6407,-1,-1,-1
266,25,568.09,401.03,64.10,202.55,0.6708,-1,-1,-1
266,29,803.23,359.73,74.45,209.68,0.3991,-1,-1,-1
266,31,251.99,774.18,88.27,258.56,0.7715,-1,-1,-1
266,32,1053.21,105.05,56.99,177.99,0.4406,-1,-1,-1
266,36,242.95,698.68,72.37,117.93,0.5293,-1,-1,-1
266,41,1125.48,96.19,56.76,165.00,0.3526,-1,-1,-1
267,1,459.32,159.63,68.68,201.32,0.3720,-1,-1,-1
267,2,177.11,567.36,81.32,260.36,0.6873,-1,-1,-1
267,3,939.74,920.16,84.29,156.73,0.7636,-1,-1,-1
267,4,1720.35,460.01,74.78,208.19,0.5666,-1,-1,-1
267,5,1410.68,565.31,81.83,244.91,0.5651,-1,-1,-1
267,6,225.33,441.27,61.34,185.16,0.4865,-1,-1,-1
267,8,481.60,385.82,70.46,222.01,0.6257,-1,-1,-1
267,11,939.13,91.70,66.80,179.90,0.4571,-1,-1,-1
267,18,373.71,481.21,92.64,238.36,0.6064,-1,-1,-1
267,25,566.96,402.27,64.99,205.20,0.6510,-1,-1,-1
267,29,801.68,361.73,74.87,211.89,0.3821,-1,-1,-1
267,31,249.98,771.95,91.01,261.65,0.7581,-1,-1,-1
267,32,1051.47,104.24,57.61,179.12,0.4609,-1,-1,-1
267,36,247.55,701.75,69.78,114.52,0.5142,-1,-1,-1
267,41,1123.92,96.06,57.38,166.89,0.3902,-1,-1,-1
268,1,460.08,157.33,68.74,203.18,0.3731,-1,-1,-1
268,2,180.50,569.12,79.41,258.47,0.7073,-1,-1,-1
268,3,941.01,919.96,84.07,157.09,0.7583,-1,-1,-1
268,4,1720.08,460.02,74.62,208.14,0.5799,-1,-1,-1
268,5,1411.19,564.64,81.19,245.29,0.5938,-1,-1,-1
268,6,224.61,439.58,62.39,187.00,0.5369,-1,-1,-1
268,8,479.72,388.31,71.45,223.52,0.6267,-1,-1,-1
268,11,941.37,92.25,66.23,178.88,0.4517,-1,-1,-1
268,18,373.03,479.46,92.49,238.98,0.6349,-1,-1,-1
268,25,566.01,403.17,65.54,206.12,0.6221,-1,-1,-1
268,29,801.65,362.63,75.31,215.17,0.3771,-1,-1,-1
268,31,250.02,769.08,90.90,264.49,0.7429,-1,-1,-1
268,32,1050.53,104.94,57.67,178.04,0.4540,-1,-1,-1
268,36,252.46,704.23,68.09,112.64,0.5485,-1,-1,-1
268,41,1122.54,96.39,57.66,167.56,0.4121,-1,-1,-1
269,1,461.10,158.93,67.28,199.23,0.4035,-1,-1,-1
269,2,184.22,571.69,78.40,252.35,0.7132,-1,-1,-1
269,3,942.94,920.29,83.54,157.14,0.7533,-1,-1,-1
269,4,1720.53,460.63,74.21,206.89,0.5951,-1,-1,-1
269,5,1412.94,566.51,80.42,243.73,0.5817,-1,-1,-1
269,6,224.92,437.42,63.50,189.75,0.5009,-1,-1,-1
269,8,477.39,389.74,72.10,221.86,0.6336,-1,-1,-1
269,11,941.94,92.20,65.88,178.43,0.4962,-1,-1,-1
269,18,373.78,477.75,92.04,239.29,0.6510,-1,-1,-1
269,25,565.66,400.15,66.77,209.33,0.6021,-1,-1,-1
269,29,802.22,365.89,72.92,212.70,0.4108,-1,-1,-1
269,31,252.14,773.67,89.78,260.13,0.7193,-1,-1,-1
269,32,1049.44,104.71,57.47,175.99,0.4450,-1,-1,-1
269,36,256.15,705.73,68.26,113.33,0.5752,-1,-1,-1
269,41,1121.47,95.95,57.81,167.74,0.3738,-1,-1,-1
270,1,460.20,155.04,67.27,201.92,0.3787,-1,-1,-1
270,2,187.37,572.48,78.52,246.76,0.6871,-1,-1,-1
270,3,943.80,920.72,83.08,157.68,0.7538,-1,-1,-1
270,4,1720.54,461.10,74.11,206.51,0.5596,-1,-1,-1
270,5,1416.67,570.13,79.70,240.52,0.5699,-1,-1,-1
270,6,225.12,436.49,63.72,190.71,0.4791,-1,-1,-1
270,8,476.00,392.46,72.80,221.33,0.6353,-1,-1,-1
270,11,941.93,91.81,66.23,178.66,0.4809,-1,-1,-1
270,18,374.80,475.39,90.28,235.73,0.6327,-1,-1,-1
270,25,564.61,401.32,67.92,212.35,0.6105,-1,-1,-1
270,29,802.88,367.58,71.43,211.38,0.3770,-1,-1,-1
270,31,255.43,768.81,89.26,263.98,0.7716,-1,-1,-1
270,32,1047.51,104.20,58.00,176.84,0.4332,-1,-1,-1
270,36,260.81,706.31,66.55,108.86,0.5492,-1,-1,-1
270,41,1120.32,95.96,57.90,167.99,0.3589,-1,-1,-1
271,1,461.42,155.88,66.64,200.96,0.3588,-1,-1,-1
271,2,189.53,574.50,79.80,245.23,0.6547,-1,-1,-1
271,3,945.13,921.53,82.13,156.70,0.7319,-1,-1,-1
271,4,1719.87,460.25,74.88,208.35,0.5710,-1,-1,-1
271,5,1420.20,573.58,79.23,238.44,0.5320,-1,-1,-1
271,6,226.28,435.46,62.24,186.48,0.4749,-1,-1,-1
271,8,474.94,393.82,73.17,219.60,0.6234,-1,-1,-1
271,11,942.41,91.07,66.05,177.65,0.5078,-1,-1,-1
271,18,378.10,472.02,87.15,229.31,0.6257,-1,-1,-1
271,25,564.75,402.32,66.86,209.29,0.6058,-1,-1,-1
271,29,806.16,370.29,70.20,213.13,0.4078,-1,-1,-1
271,31,258.16,771.82,87.42,261.04,0.7423,-1,-1,-1
271,32,1045.53,103.79,58.75,178.37,0.4225,-1,-1,-1
271,36,262.96,707.73,69.82,113.59,0.4877,-1,-1,-1
271,38,876.08,379.21,59.78,186.80,0.3121,-1,-1,-1
271,41,1118.37,95.53,57.94,167.70,0.3163,-1,-1,-1
272,1,462.61,154.27,66.69,201.16,0.3685,-1,-1,-1
272,2,191.25,574.36,81.99,245.98,0.6721,-1,-1,-1
272,3,945.46,921.66,81.76,156.55,0.7196,-1,-1,-1
272,4,1719.95,460.20,74.52,207.18,0.5510,-1,-1,-1
272,5,1422.07,575.35,80.07,240.77,0.5202,-1,-1,-1
272,6,227.10,433.66,61.94,186.66,0.4508,-1,-1,-1
272,8,473.36,395.26,73.84,219.40,0.5954,-1,-1,-1
272,11,942.28,90.47,66.83,178.54,0.4844,-1,-1,-1
272,18,383.45,468.38,84.82,226.36,0.5986,-1,-1,-1
272,25,563.68,402.75,67.64,212.78,0.5543,-1,-1,-1
272,29,806.42,371.78,69.43,214.60,0.3818,-1,-1,-1
272,31,260.01,781.14,87.05,257.53,0.7314,-1,-1,-1
272,32,1043.06,103.56,59.28,178.89,0.3876,-1,-1,-1
272,36,267.44,707.93,72.66,118.54,0.5237,-1,-1,-1
272,38,877.51,380.12,59.86,186.27,0.3475,-1,-1,-1
272,41,1115.90,96.34,57.15,165.88,0.3192,-1,-1,-1
273,1,462.87,152.68,66.02,199.72,0.4018,-1,-1,-1
273,2,193.32,575.34,84.42,245.64,0.6831,-1,-1,-1
273,3,945.45,921.99,81.73,156.43,0.7230,-1,-1,-1
273,4,1719.70,460.52,74.54,207.34,0.5611,-1,-1,-1
273,5,1423.61,580.23,78.56,236.17,0.4939,-1,-1,-1
273,6,228.24,432.78,60.75,184.05,0.4703,-1,-1,-1
273,8,471.84,396.39,73.95,218.57,0.6026,-1,-1,-1
273,11,941.92,89.26,66.88,178.81,0.4868,-1,-1,-1
273,18,385.42,465.08,83.34,226.05,0.5863,-1,-1,-1
273,25,562.22,404.22,67.61,212.40,0.5500,-1,-1,-1
273,29,806.79,373.08,67.95,211.32,0.3547,-1,-1,-1
273,31,258.84,781.73,90.00,262.02,0.7240,-1,-1,-1
273,32,1041.22,102.63,59.70,178.16,0.3629,-1,-1,-1
273,36,271.58,708.09,76.83,126.78,0.5733,-1,-1,-1
273,38,879.99,379.24,59.97,189.82,0.3398,-1,-1,-1
273,41,1115.74,95.28,58.34,166.74,0.3025,-1,-1,-1
274,1,462.78,152.01,64.69,196.05,0.4003,-1,-1,-1
274,2,195.06,576.37,86.89,247.42,0.6954,-1,-1,-1
274,3,945.56,922.18,81.67,156.61,0.7052,-1,-1,-1
274,4,1720.10,460.31,74.42,207.60,0.5941,-1,-1,-1
274,5,1424.63,579.25,79.57,239.80,0.5281,-1,-1,-1
274,6,228.18,431.74,60.19,183.11,0.4639,-1,-1,-1
274,8,470.69,397.32,74.04,218.72,0.6236,-1,-1,-1
274,11,941.76,88.16,66.89,179.79,0.5138,-1,-1,-1
274,18,385.32,461.75,82.94,228.36,0.6227,-1,-1,-1
274,25,560.06,404.93,67.27,211.37,0.5339,-1,-1,-1
274,29,804.79,373.62,67.61,212.16,0.3452,-1,-1,-1
274,31,263.39,786.26,91.36,262.64,0.7130,-1,-1,-1
274,32,1038.58,102.16,61.12,178.52,0.3898,-1,-1,-1
274,36,272.79,708.28,82.57,141.19,0.6443,-1,-1,-1
274,38,882.13,381.98,58.77,188.92,0.3506,-1,-1,-1
274,41,1114.99,94.65,59.02,166.01,0.3419,-1,-1,-1
275,1,463.17,150.99,64.17,194.34,0.4032,-1,-1,-1
275,2,196.89,578.21,89.70,250.29,0.6725,-1,-1,-1
275,3,944.93,922.18,82.16,156.67,0.7234,-1,-1,-1
275,4,1720.12,460.07,74.27,207.60,0.5895,-1,-1,-1
275,5,1427.23,579.96,79.23,239.90,0.5103,-1,-1,-1
275,6,227.50,430.47,61.85,188.84,0.3371,-1,-1,-1
275,8,469.93,397.40,73.17,216.44,0.6620,-1,-1,-1
275,11,941.46,85.92,67.09,181.29,0.4998,-1,-1,-1
275,18,385.57,461.53,81.79,226.72,0.6139,-1,-1,-1
275,25,559.36,405.72,66.35,208.35,0.5952,-1,-1,-1
275,29,808.82,374.28,66.19,210.64,0.3944,-1,-1,-1
275,31,266.31,781.71,93.09,268.95,0.7037,-1,-1,-1
275,32,1035.78,102.48,62.47,179.09,0.3354,-1,-1,-1
275,36,276.74,711.32,83.28,142.07,0.4186,-1,-1,-1
275,38,883.92,380.59,58.66,191.54,0.3567,-1,-1,-1
275,41,1112.97,94.35,60.46,168.39,0.3063,-1,-1,-1
276,1,463.14,149.77,64.51,194.15,0.4030,-1,-1,-1
276,2,197.32,577.64,90.77,249.06,0.6740,-1,-1,-1
276,3,944.35,922.83,82.66,156.11,0.7484,-1,-1,-1
276,4,1719.70,460.50,74.21,206.79,0.5906,-1,-1,-1
276,5,1429.81,578.99,79.06,242.14,0.5310,-1,-1,-1
276,6,226.74,428.58,62.62,192.19,0.3359,-1,-1,-1
276,8,468.34,398.71,73.36,216.78,0.6650,-1,-1,-1
276,11,941.79,84.41,66.31,180.65,0.4536,-1,-1,-1
276,18,386.22,460.05,81.27,227.31,0.6325,-1,-1,-1
276,25,558.24,407.36,66.14,205.81,0.6338,-1,-1,-1
276,29,808.25,374.18,66.07,210.88,0.4044,-1,-1,-1
276,31,270.01,782.93,93.72,272.31,0.6299,-1,-1,-1
276,32,1033.93,102.66,63.54,179.81,0.3314,-1,-1,-1
276,36,280.51,714.87,83.84,142.39,0.3168,-1,-1,-1
276,38,885.22,382.04,58.30,190.95,0.3094,-1,-1,-1
277,1,463.68,147.43,65.21,195.60,0.3743,-1,-1,-1
277,2,196.08,576.79,90.84,249.75,0.6507,-1,-1,-1
277,3,944.26,923.53,82.84,154.81,0.7527,-1,-1,-1
277,4,1719.11,459.74,74.97,208.57,0.5905,-1,-1,-1
277,5,1432.33,579.81,78.45,242.89,0.4950,-1,-1,-1
277,6,227.93,426.50,60.30,185.59,0.3895,-1,-1,-1
277,8,466.28,401.12,72.98,216.35,0.6852,-1,-1,-1
277,11,942.02,83.81,63.59,175.18,0.4626,-1,-1,-1
277,18,387.40,459.38,81.02,228.13,0.6088,-1,-1,-1
277,25,557.48,409.90,65.69,203.50,0.6591,-1,-1,-1
277,29,808.85,375.06,65.86,210.13,0.3811,-1,-1,-1
277,31,269.96,783.59,93.91,278.19,0.6519,-1,-1,-1
277,32,1032.55,102.81,64.25,179.68,0.3398,-1,-1,-1
277,36,284.30,718.70,85.45,142.77,0.5265,-1,-1,-1
277,38,887.03,387.03,57.61,183.93,0.3402,-1,-1,-1
278,1,463.84,146.70,65.32,196.19,0.3478,-1,-1,-1
278,2,195.63,575.87,89.87,251.27,0.6512,-1,-1,-1
278,3,944.06,923.62,83.19,154.08,0.7646,-1,-1,-1
278,4,1719.30,459.40,75.29,209.30,0.5593,-1,-1,-1
278,5,1434.40,582.33,77.77,242.25,0.4393,-1,-1,-1
278,6,228.95,424.58,58.25,178.33,0.4276,-1,-1,-1
278,8,464.82,401.23,72.48,217.07,0.6676,-1,-1,-1
278,11,941.73,81.83,63.77,176.03,0.4516,-1,-1,-1
278,18,388.26,459.32,80.48,226.83,0.5992,-1,-1,-1
278,25,555.71,411.31,66.36,204.40,0.6520,-1,-1,-1
278,29,811.55,376.40,64.97,208.62,0.3481,-1,-1,-1
278,31,271.13,789.31,90.25,273.80,0.6252,-1,-1,-1
278,32,1031.68,101.95,63.62,178.16,0.3738,-1,-1,-1
278,36,287.53,721.68,90.13,144.23,0.6426,-1,-1,-1
278,38,886.98,388.28,58.64,183.49,0.3889,-1,-1,-1
279,1,463.64,146.67,65.47,196.75,0.3521,-1,-1,-1
279,2,197.31,577.18,87.33,250.54,0.5896,-1,-1,-1
279,3,943.30,923.92,83.90,154.10,0.7570,-1,-1,-1
279,4,1720.01,459.37,74.97,209.45,0.5667,-1,-1,-1
279,6,229.73,423.06,57.77,176.03,0.4414,-1,-1,-1
279,8,464.97,404.11,70.45,212.18,0.6848,-1,-1,-1
279,11,940.73,79.09,63.91,177.82,0.4324,-1,-1,-1
279,18,387.83,458.64,81.43,229.02,0.5898,-1,-1,-1
279,25,554.79,412.97,66.43,204.26,0.6604,-1,-1,-1
279,29,814.00,378.30,63.68,207.34,0.3967,-1,-1,-1
279,31,273.38,793.84,89.83,278.55,0.6414,-1,-1,-1
279,32,1030.72,101.56,63.06,176.92,0.3994,-1,-1,-1
279,36,291.52,726.04,93.53,142.13,0.6490,-1,-1,-1
279,38,885.78,390.33,59.66,185.58,0.3319,-1,-1,-1
279,43,746.31,333.29,58.60,188.73,0.4048,-1,-1,-1
280,1,463.45,144.92,66.45,199.18,0.3234,-1,-1,-1
280,2,201.25,582.62,81.95,243.59,0.5344,-1,-1,-1
280,3,942.74,924.44,84.61,153.24,0.7599,-1,-1,-1
280,4,1719.91,459.04,74.70,209.50,0.5722,-1,-1,-1
280,5,1435.76,587.90,76.38,238.74,0.3337,-1,-1,-1
280,6,229.36,421.10,58.71,178.69,0.4718,-1,-1,-1
280,8,464.64,405.06,69.54,212.83,0.7120,-1,-1,-1
280,11,940.60,78.45,63.74,178.22,0.4328,-1,-1,-1
280,18,387.96,457.72,81.86,230.78,0.6086,-1,-1,-1
280,25,553.68,415.23,67.14,206.98,0.6500,-1,-1,-1
280,29,815.50,379.72,62.29,205.07,0.3634,-1,-1,-1
280,31,274.46,797.17,88.43,278.59,0.6422,-1,-1,-1
280,32,1029.73,100.28,65.21,180.04,0.4261,-1,-1,-1
280,36,294.04,726.76,98.08,143.06,0.6615,-1,-1,-1
280,38,884.68,391.91,61.14,188.42,0.3277,-1,-1,-1
280,43,749.65,338.32,58.68,187.80,0.4455,-1,-1,-1
281,1,463.62,143.93,66.83,200.10,0.3407,-1,-1,-1
281,2,203.59,580.96,81.42,249.76,0.5730,-1,-1,-1
281,3,941.67,923.62,85.83,154.58,0.7632,-1,-1,-1
281,4,1719.69,459.77,74.53,208.90,0.5691,-1,-1,-1
281,5,1437.92,587.02,76.47,239.50,0.4650,-1,-1,-1
281,6,228.63,419.10,60.95,185.45,0.4025,-1,-1,-1
281,8,463.88,405.38,68.94,213.14,0.6512,-1,-1,-1
281,11,940.07,77.47,63.34,178.38,0.4340,-1,-1,-1
281,18,389.18,456.96,80.71,230.11,0.6385,-1,-1,-1
281,25,552.85,417.88,66.63,206.76,0.6400,-1,-1,-1
281,29,817.22,380.57,60.58,200.68,0.3211,-1,-1,-1
281,31,278.27,798.42,87.08,277.48,0.6532,-1,-1,-1
281,32,1027.75,100.56,63.57,176.17,0.4628,-1,-1,-1
281,36,296.89,730.04,99.39,141.26,0.6484,-1,-1,-1
281,38,887.26,394.87,60.69,185.56,0.3181,-1,-1,-1
281,41,1102.50,93.30,57.50,158.90,0.3382,-1,-1,-1
281,43,752.68,340.76,57.12,182.70,0.3421,-1,-1,-1
282,1,463.99,143.16,67.18,200.85,0.3178,-1,-1,-1
282,2,210.12,585.00,75.87,243.83,0.6071,-1,-1,-1
282,3,941.21,923.87,86.10,153.85,0.7612,-1,-1,-1
282,4,1719.43,460.45,74.39,209.05,0.6168,-1,-1,-1
282,5,1438.65,585.39,76.71,240.53,0.4946,-1,-1,-1
282,6,227.94,416.37,62.40,190.30,0.4559,-1,-1,-1
282,8,464.18,406.09,67.35,211.12,0.6620,-1,-1,-1
282,11,939.59,77.48,62.93,177.82,0.4612,-1,-1,-1
282,18,389.05,455.47,79.20,228.77,0.6571,-1,-1,-1
282,25,551.97,419.34,65.59,204.46,0.6606,-1,-1,-1
282,29,820.27,382.25,57.10,188.06,0.3030,-1,-1,-1
282,31,280.85,800.21,85.82,276.22,0.7255,-1,-1,-1
282,32,1025.77,99.72,63.08,174.98,0.4269,-1,-1,-1
282,36,300.20,733.69,103.12,144.96,0.6510,-1,-1,-1
282,41,1100.90,92.46,57.74,160.69,0.3526,-1,-1,-1
282,43,756.43,342.06,55.84,177.98,0.4132,-1,-1,-1
283,1,464.42,144.01,67.11,199.84,0.3090,-1,-1,-1
283,2,214.45,584.24,73.81,245.05,0.5963,-1,-1,-1
283,3,941.12,923.69,86.71,153.91,0.7738,-1,-1,-1
283,4,1720.13,459.54,74.37,209.47,0.6041,-1,-1,-1
283,5,1439.69,583.75,77.26,242.16,0.4685,-1,-1,-1
283,6,229.00,414.91,60.93,184.68,0.4088,-1,-1,-1
283,8,464.57,407.51,67.07,212.53,0.6540,-1,-1,-1
283,11,939.77,79.11,60.48,171.74,0.4838,-1,-1,-1
283,18,388.14,451.50,79.86,231.63,0.6525,-1,-1,-1
283,25,551.45,421.08,65.02,205.89,0.6496,-1,-1,-1
283,29,819.53,383.08,59.18,195.04,0.3062,-1,-1,-1
283,31,282.55,799.39,85.96,277.22,0.7057,-1,-1,-1
283,32,1023.43,98.63,63.24,175.23,0.4518,-1,-1,-1
283,36,305.75,736.60,99.98,138.49,0.5674,-1,-1,-1
283,41,1099.87,92.14,58.08,161.96,0.3741,-1,-1,-1
283,43,760.38,343.95,55.30,175.27,0.3830,-1,-1,-1
284,1,463.27,143.13,67.33,200.09,0.3430,-1,-1,-1
284,2,218.08,579.83,74.18,254.35,0.5659,-1,-1,-1
284,3,939.36,922.82,88.14,155.06,0.7676,-1,-1,-1
284,4,1720.12,460.13,74.24,208.89,0.5969,-1,-1,-1
284,5,1440.34,581.45,78.04,244.71,0.4534,-1,-1,-1
284,6,229.45,412.68,59.03,177.91,0.3737,-1,-1,-1
284,8,463.96,409.27,68.00,216.11,0.6215,-1,-1,-1
284,11,940.08,78.95,60.30,171.73,0.4619,-1,-1,-1
284,18,389.68,449.33,78.91,232.51,0.6483,-1,-1,-1
284,25,551.02,423.46,65.50,209.70,0.6629,-1,-1,-1
284,31,283.13,800.82,86.23,276.57,0.7167,-1,-1,-1
284,32,1020.85,97.16,63.96,177.47,0.4284,-1,-1,-1
284,36,308.93,738.69,99.88,137.48,0.5649,-1,-1,-1
284,41,1098.05,92.21,58.30,163.05,0.3392,-1,-1,-1
284,43,764.30,345.83,55.40,174.53,0.3533,-1,-1,-1
285,1,462.43,143.02,67.08,200.07,0.3239,-1,-1,-1
285,2,222.73,579.18,72.47,255.06,0.5491,-1,-1,-1
285,3,938.34,922.24,88.73,155.22,0.7723,-1,-1,-1
285,4,1720.53,460.38,74.09,208.20,0.5914,-1,-1,-1
285,5,1444.45,579.36,78.65,246.21,0.5650,-1,-1,-1
285,6,228.24,412.75,61.47,184.49,0.3838,-1,-1,-1
285,8,463.72,409.91,68.30,218.41,0.6051,-1,-1,-1
285,11,940.29,79.17,61.05,173.91,0.4665,-1,-1,-1
285,18,390.27,448.17,77.65,232.14,0.6452,-1,-1,-1
285,25,549.46,423.97,64.86,211.47,0.6517,-1,-1,-1
285,29,822.23,384.18,61.19,203.42,0.3094,-1,-1,-1
285,31,284.41,801.96,86.57,275.59,0.6994,-1,-1,-1
285,32,1020.59,97.07,64.20,176.55,0.4519,-1,-1,-1
285,36,309.03,740.80,100.89,137.77,0.5574,-1,-1,-1
285,41,1095.71,91.21,58.03,162.62,0.3303,-1,-1,-1
285,43,766.36,349.76,58.91,185.48,0.3533,-1,-1,-1
286,1,461.85,144.11,65.91,197.84,0.3005,-1,-1,-1
286,2,227.33,577.82,71.17,256.77,0.5470,-1,-1,-1
286,3,938.95,921.95,88.14,155.80,0.7622,-1,-1,-1
286,4,1720.51,460.01,73.89,208.51,0.6184,-1,-1,-1
286,5,1446.73,579.70,79.08,247.77,0.4795,-1,-1,-1
286,6,227.27,411.37,65.42,198.25,0.3329,-1,-1,-1
286,8,462.79,411.03,69.26,223.77,0.6053,-1,-1,-1
286,11,940.18,78.70,61.30,174.85,0.4634,-1,-1,-1
286,18,390.68,445.76,76.41,231.01,0.6347,-1,-1,-1
286,25,547.83,425.18,64.64,211.71,0.6244,-1,-1,-1
286,29,823.76,385.99,60.82,204.59,0.3702,-1,-1,-1
286,31,285.97,804.21,87.60,272.47,0.7233,-1,-1,-1
286,32,1016.68,97.17,63.76,178.37,0.4906,-1,-1,-1
286,36,308.90,742.65,101.28,137.52,0.5544,-1,-1,-1
286,38,894.24,398.55,64.74,196.17,0.3613,-1,-1,-1
286,41,1092.93,89.98,57.96,165.23,0.3440,-1,-1,-1
287,1,461.12,143.68,65.91,198.08,0.3315,-1,-1,-1
287,2,230.32,579.91,69.57,254.84,0.5447,-1,-1,-1
287,3,938.80,922.16,87.43,155.82,0.7800,-1,-1,-1
287,4,1720.15,459.67,74.01,209.09,0.6068,-1,-1,-1
287,5,1449.97,579.62,79.24,247.25,0.5470,-1,-1,-1
287,6,226.56,411.68,68.52,210.08,0.3092,-1,-1,-1
287,8,462.57,412.26,68.88,224.78,0.5960,-1,-1,-1
287,11,939.69,78.10,61.95,176.72,0.4507,-1,-1,-1
287,18,392.08,443.93,74.24,224.08,0.6042,-1,-1,-1
287,25,545.12,425.74,64.88,211.10,0.6319,-1,-1,-1
287,29,826.23,391.21,62.73,204.73,0.3712,-1,-1,-1
287,31,287.79,808.86,88.79,266.66,0.7517,-1,-1,-1
287,32,1016.25,96.89,63.07,178.13,0.4811,-1,-1,-1
287,36,309.50,742.01,102.52,139.36,0.5582,-1,-1,-1
287,38,893.20,399.31,64.52,196.00,0.3728,-1,-1,-1
287,41,1091.92,90.54,57.53,164.47,0.3661,-1,-1,-1
288,1,462.62,144.04,65.75,197.12,0.3234,-1,-1,-1
288,2,232.22,579.31,69.24,255.48,0.5792,-1,-1,-1
288,3,939.33,921.67,86.35,156.03,0.7600,-1,-1,-1
288,4,1720.27,460.10,73.63,208.47,0.6026,-1,-1,-1
288,5,1452.46,583.22,78.00,240.46,0.5275,-1,-1,-1
288,6,228.71,410.69,65.79,202.69,0.3249,-1,-1,-1
288,8,460.43,408.28,69.30,228.49,0.5782,-1,-1,-1
288,11,937.67,74.83,61.24,176.31,0.5023,-1,-1,-1
288,18,392.84,441.33,73.20,221.64,0.6231,-1,-1,-1
288,25,543.24,426.30,65.24,210.40,0.6145,-1,-1,-1
288,29,828.15,394.26,64.06,203.22,0.4151,-1,-1,-1
288,31,288.14,812.12,91.03,266.70,0.7661,-1,-1,-1
288,32,1016.33,95.93,61.99,176.62,0.5123,-1,-1,-1
288,36,308.19,742.76,100.89,138.69,0.5782,-1,-1,-1
288,38,893.70,400.16,64.36,195.83,0.3706,-1,-1,-1
288,41,1091.13,90.23,57.40,164.57,0.4101,-1,-1,-1
289,1,462.23,143.60,65.82,197.97,0.3106,-1,-1,-1
289,2,234.86,580.24,68.87,253.57,0.5509,-1,-1,-1
289,3,939.25,921.04,84.81,156.47,0.7492,-1,-1,-1
289,4,1719.75,459.08,74.40,210.69,0.5915,-1,-1,-1
289,5,1454.19,582.14,78.77,239.70,0.4919,-1,-1,-1
289,6,231.92,409.24,61.05,187.45,0.4105,-1,-1,-1
289,8,460.41,411.67,68.09,227.71,0.6396,-1,-1,-1
289,11,936.91,73.64,60.30,175.41,0.5159,-1,-1,-1
289,18,393.19,439.21,72.93,221.04,0.6236,-1,-1,-1
289,25,541.56,427.14,65.86,210.06,0.6193,-1,-1,-1
289,29,828.48,394.66,65.02,202.95,0.3776,-1,-1,-1
289,31,290.66,812.33,92.61,266.73,0.7543,-1,-1,-1
289,32,1016.05,94.86,62.34,177.53,0.4767,-1,-1,-1
289,36,307.26,743.01,102.63,143.08,0.5943,-1,-1,-1
289,38,896.01,400.49,64.19,194.77,0.3241,-1,-1,-1
289,41,1090.80,91.12,57.07,164.01,0.3941,-1,-1,-1
289,43,780.42,351.73,60.44,192.41,0.3081,-1,-1,-1
290,2,236.00,581.76,68.54,252.85,0.5761,-1,-1,-1
290,3,939.59,920.13,82.86,156.80,0.7535,-1,-1,-1
290,4,1720.16,459.44,74.04,209.41,0.5992,-1,-1,-1
290,5,1456.84,588.72,77.29,230.07,0.4023,-1,-1,-1
290,6,233.78,408.81,59.53,182.56,0.4551,-1,-1,-1
290,8,459.18,411.67,68.41,231.14,0.6796,-1,-1,-1
290,11,936.42,72.30,59.56,175.60,0.5210,-1,-1,-1
290,18,390.21,437.35,74.80,224.68,0.6009,-1,-1,-1
290,25,540.20,427.19,66.42,209.78,0.6300,-1,-1,-1
290,29,829.31,395.11,67.08,203.58,0.4387,-1,-1,-1
290,31,292.58,816.05,93.29,263.98,0.7199,-1,-1,-1
290,32,1014.95,93.85,62.32,177.92,0.4978,-1,-1,-1
290,36,307.81,744.09,100.55,144.70,0.6312,-1,-1,-1
290,38,897.03,401.96,63.93,194.07,0.3320,-1,-1,-1
290,41,1088.92,90.51,57.44,164.69,0.4081,-1,-1,-1
290,43,784.24,353.11,58.61,190.29,0.3684,-1,-1,-1
291,2,238.17,580.95,68.76,254.09,0.5583,-1,-1,-1
291,3,940.16,919.73,81.19,157.01,0.7535,-1,-1,-1
291,4,1721.19,459.87,73.77,208.82,0.5849,-1,-1,-1
291,5,1458.76,593.75,76.33,221.88,0.3740,-1,-1,-1
291,6,233.75,408.27,59.67,181.89,0.4341,-1,-1,-1
291,8,459.60,412.70,67.95,230.91,0.6569,-1,-1,-1
291,11,936.18,70.90,59.68,178.30,0.5073,-1,-1,-1
291,18,387.16,435.42,76.94,227.21,0.5969,-1,-1,-1
291,25,537.66,427.93,67.01,209.30,0.6354,-1,-1,-1
291,29,830.57,398.18,67.07,203.31,0.3208,-1,-1,-1
291,31,294.47,820.54,92.86,259.55,0.7040,-1,-1,-1
291,32,1014.22,92.94,62.17,177.85,0.4531,-1,-1,-1
291,36,309.00,746.18,97.75,143.89,0.6181,-1,-1,-1
291,38,896.59,402.48,63.63,193.12,0.3259,-1,-1,-1
291,41,1086.79,89.22,57.71,165.58,0.3653,-1,-1,-1
291,43,788.60,353.58,59.22,194.25,0.4370,-1,-1,-1
292,1,456.53,139.90,64.51,195.31,0.3082,-1,-1,-1
292,2,242.37,581.22,69.46,253.05,0.5465,-1,-1,-1
292,3,940.25,919.70,79.70,157.52,0.7396,-1,-1,-1
292,4,1720.37,460.63,73.87,208.47,0.5782,-1,-1,-1
292,5,1464.29,599.12,76.92,222.51,0.4207,-1,-1,-1
292,6,232.78,407.51,60.31,183.68,0.4539,-1,-1,-1
292,8,459.92,414.27,67.48,230.16,0.5968,-1,-1,-1
292,11,936.93,69.82,58.39,175.51,0.5262,-1,-1,-1
292,18,385.55,435.21,78.02,227.89,0.5705,-1,-1,-1
292,25,538.26,429.81,66.95,207.37,0.6525,-1,-1,-1
292,29,830.65,398.39,67.36,206.38,0.4409,-1,-1,-1
292,31,299.13,827.43,92.01,251.24,0.6388,-1,-1,-1
292,32,1013.49,92.73,61.98,177.51,0.4208,-1,-1,-1
292,36,311.78,749.18,94.58,141.49,0.5284,-1,-1,-1
292,38,897.17,407.64,61.31,186.61,0.3526,-1,-1,-1
292,41,1085.57,88.79,57.48,164.59,0.3721,-1,-1,-1
292,43,789.37,351.77,61.09,202.22,0.3079,-1,-1,-1
293,2,246.97,581.93,72.24,253.64,0.5522,-1,-1,-1
293,3,939.45,918.48,77.75,159.32,0.7357,-1,-1,-1
293,4,1720.68,460.84,73.60,207.82,0.5612,-1,-1,-1
293,5,1465.97,598.46,79.11,225.71,0.4391,-1,-1,-1
293,6,232.21,406.10,60.52,183.86,0.5320,-1,-1,-1
293,8,460.43,415.12,66.92,227.27,0.5789,-1,-1,-1
293,11,937.56,68.64,57.28,172.65,0.4574,-1,-1,-1
293,18,383.53,433.28,79.25,228.81,0.5399,-1,-1,-1
293,25,536.39,432.52,67.32,206.31,0.6788,-1,-1,-1
293,29,831.38,398.71,66.86,205.93,0.3864,-1,-1,-1
293,31,297.50,832.19,90.67,245.45,0.6655,-1,-1,-1
293,32,1012.35,92.05,62.33,178.65,0.3502,-1,-1,-1
293,36,313.31,751.79,91.22,137.25,0.4064,-1,-1,-1
293,38,897.64,412.11,60.46,182.77,0.3423,-1,-1,-1
293,41,1084.21,88.14,57.43,164.73,0.3250,-1,-1,-1
294,1,456.64,137.74,63.30,192.31,0.3339,-1,-1,-1
294,2,248.57,582.73,76.16,253.37,0.6085,-1,-1,-1
294,3,939.01,917.80,74.70,160.39,0.7533,-1,-1,-1
294,4,1720.16,459.61,74.48,209.92,0.5845,-1,-1,-1
294,5,1461.78,594.35,83.74,230.27,0.5253,-1,-1,-1
294,6,232.67,404.80,59.92,180.77,0.5104,-1,-1,-1
294,8,459.93,415.56,67.43,226.60,0.6217,-1,-1,-1
294,11,937.59,67.40,56.46,170.98,0.4327,-1,-1,-1
294,18,381.12,433.07,80.77,230.10,0.5556,-1,-1,-1
294,25,535.74,434.55,68.57,209.20,0.6737,-1,-1,-1
294,29,832.72,400.71,66.05,204.50,0.3705,-1,-1,-1
294,31,298.89,836.85,90.05,241.40,0.7191,-1,-1,-1
294,32,1010.84,91.52,61.72,177.64,0.3570,-1,-1,-1
294,36,319.59,755.48,88.01,135.99,0.4974,-1,-1,-1
294,38,897.80,413.65,60.53,181.63,0.3590,-1,-1,-1
294,41,1083.04,87.82,57.52,164.48,0.4089,-1,-1,-1
294,43,793.87,355.46,64.21,213.47,0.3098,-1,-1,-1
294,45,322.45,753.66,89.70,260.64,0.3935,-1,-1,-1
295,1,457.13,137.73,62.60,191.33,0.3081,-1,-1,-1
295,2,248.93,582.94,80.51,252.27,0.6484,-1,-1,-1
295,3,938.29,916.51,72.70,162.18,0.7396,-1,-1,-1
295,4,1719.91,460.24,74.41,209.33,0.5886,-1,-1,-1
295,5,1462.10,595.43,85.15,228.61,0.4853,-1,-1,-1
295,6,231.59,401.79,60.80,183.49,0.4393,-1,-1,-1
295,8,460.05,416.06,67.24,224.65,0.6009,-1,-1,-1
295,11,936.65,66.97,56.68,172.67,0.4049,-1,-1,-1
295,18,378.87,433.38,82.29,230.75,0.5365,-1,-1,-1
295,25,534.08,436.34,68.96,210.50,0.6699,-1,-1,-1
295,29,832.89,401.70,65.49,203.33,0.3745,-1,-1,-1
295,31,300.80,840.03,89.45,239.32,0.7003,-1,-1,-1
295,32,1009.52,91.62,61.50,178.51,0.3921,-1,-1,-1
295,36,322.76,759.65,86.90,138.10,0.5066,-1,-1,-1
295,38,896.99,412.05,61.72,184.93,0.3723,-1,-1,-1
295,41,1081.13,86.78,57.80,165.85,0.4010,-1,-1,-1
295,45,326.49,757.54,87.46,254.57,0.4057,-1,-1,-1
296,2,247.55,583.43,83.49,251.54,0.6710,-1,-1,-1
296,3,938.16,915.67,69.67,162.71,0.7561,-1,-1,-1
296,4,1719.99,460.04,74.24,209.16,0.5955,-1,-1,-1
296,5,1464.40,598.33,86.66,226.87,0.4934,-1,-1,-1
296,6,232.44,400.59,60.71,181.75,0.5077,-1,-1,-1
296,8,459.71,418.94,67.90,223.00,0.6248,-1,-1,-1
296,11,936.52,65.95,56.17,172.24,0.4515,-1,-1,-1
296,18,377.56,431.28,83.48,232.60,0.5342,-1,-1,-1
296,25,534.96,438.92,67.46,205.77,0.6740,-1,-1,-1
296,29,832.13,401.75,65.28,203.67,0.4096,-1,-1,-1
296,31,302.85,842.79,89.28,236.37,0.7255,-1,-1,-1
296,32,1008.43,90.89,61.12,179.31,0.4056,-1,-1,-1
296,36,325.14,761.89,85.90,139.04,0.4921,-1,-1,-1
296,38,896.13,411.94,63.46,190.78,0.4579,-1,-1,-1
296,41,1079.88,86.45,57.53,165.38,0.4088,-1,-1,-1
296,46,787.16,151.66,68.30,171.07,0.3209,-1,-1,-1
297,2,247.90,585.23,85.23,250.37,0.6618,-1,-1,-1
297,3,938.62,914.97,67.66,164.23,0.7560,-1,-1,-1
297,4,1719.53,460.42,74.10,208.88,0.5756,-1,-1,-1
297,5,1465.98,596.55,90.55,229.73,0.5440,-1,-1,-1
297,6,233.27,399.98,61.14,183.04,0.5714,-1,-1,-1
297,8,458.14,419.60,67.91,221.70,0.6301,-1,-1,-1
297,11,935.85,64.84,56.37,173.81,0.4155,-1,-1,-1
297,18,377.11,430.00,83.96,233.45,0.5012,-1,-1,-1
297,25,534.17,441.14,66.79,205.43,0.6665,-1,-1,-1
297,29,831.84,401.02,65.94,207.44,0.3726,-1,-1,-1
297,31,303.94,842.88,90.17,236.80,0.7409,-1,-1,-1
297,32,1007.62,90.41,60.82,179.81,0.3721,-1,-1,-1
297,36,327.92,765.29,84.68,139.77,0.5168,-1,-1,-1
297,38,894.96,412.79,64.86,195.29,0.4661,-1,-1,-1
297,41,1078.85,86.99,57.12,164.18,0.3425,-1,-1,-1
297,46,788.58,151.18,68.21,170.89,0.3281,-1,-1,-1
298,2,247.86,584.88,86.40,249.80,0.6280,-1,-1,-1
298,3,939.04,914.57,66.37,165.19,0.7687,-1,-1,-1
298,4,1720.73,460.93,73.82,208.05,0.5996,-1,-1,-1
298,5,1467.77,598.63,93.51,229.61,0.5540,-1,-1,-1
298,6,234.07,398.65,61.69,184.74,0.5572,-1,-1,-1
298,8,457.23,419.95,68.23,221.48,0.6303,-1,-1,-1
298,11,936.28,64.22,55.98,172.20,0.4242,-1,-1,-1
298,18,377.00,429.76,83.22,229.71,0.5243,-1,-1,-1
298,25,534.62,443.01,65.61,201.80,0.6479,-1,-1,-1
298,29,830.82,400.55,66.86,209.94,0.3240,-1,-1,-1
298,31,305.64,844.65,90.98,235.39,0.7523,-1,-1,-1
298,32,1009.13,92.03,59.10,174.81,0.3666,-1,-1,-1
298,36,330.60,767.61,85.44,144.09,0.5770,-1,-1,-1
298,38,894.64,414.46,65.66,197.58,0.4875,-1,-1,-1
298,41,1077.54,86.02,57.64,165.25,0.3685,-1,-1,-1
299,2,249.30,583.56,87.06,250.56,0.6829,-1,-1,-1
299,3,938.53,913.62,64.83,165.44,0.7748,-1,-1,-1
299,4,1720.45,461.55,73.66,207.49,0.5952,-1,-1,-1
299,5,1465.87,592.63,98.25,236.52,0.5895,-1,-1,-1
299,6,233.74,397.67,61.60,184.01,0.5951,-1,-1,-1
299,8,456.55,421.09,68.85,223.80,0.6464,-1,-1,-1
299,11,936.67,63.82,55.85,171.10,0.4305,-1,-1,-1
299,18,377.71,428.43,82.68,228.07,0.5592,-1,-1,-1
299,25,534.56,444.39,65.62,203.40,0.6516,-1,-1,-1
299,31,306.37,845.82,91.68,234.21,0.7641,-1,-1,-1
299,32,1007.57,88.81,60.93,182.40,0.3995,-1,-1,-1
299,36,336.26,770.70,83.67,144.69,0.6277,-1,-1,-1
299,38,894.51,415.65,65.47,197.24,0.5023,-1,-1,-1
299,41,1074.18,84.06,58.82,169.14,0.3209,-1,-1,-1
300,2,250.77,583.36,87.60,249.52,0.6895,-1,-1,-1
300,3,938.86,914.13,63.19,164.87,0.7696,-1,-1,-1
300,4,1721.05,460.72,73.65,208.40,0.5807,-1,-1,-1
300,5,1466.15,589.82,100.79,239.78,0.5963,-1,-1,-1
300,6,233.51,397.69,61.37,183.96,0.5750,-1,-1,-1
300,8,456.14,423.61,68.89,224.15,0.6617,-1,-1,-1
300,11,935.75,63.15,56.54,172.89,0.4551,-1,-1,-1
300,18,379.58,425.89,81.09,224.02,0.5439,-1,-1,-1
300,25,534.19,445.66,65.65,204.60,0.6557,-1,-1,-1
300,31,308.07,846.54,92.54,233.49,0.7498,-1,-1,-1
300,32,1006.42,86.55,61.07,185.12,0.4005,-1,-1,-1
300,36,341.03,772.63,82.36,146.55,0.6383,-1,-1,-1
300,38,894.68,416.52,65.35,198.01,0.4480,-1,-1,-1
301,2,252.04,581.35,88.50,250.75,0.6660,-1,-1,-1
301,3,939.86,914.26,61.33,165.05,0.7693,-1,-1,-1
301,4,1720.81,460.89,73.39,207.88,0.5919,-1,-1,-1
301,5,1466.49,587.13,103.07,244.21,0.6005,-1,-1,-1
301,6,233.61,397.05,61.16,184.44,0.5645,-1,-1,-1
301,8,456.36,427.54,68.18,221.59,0.6715,-1,-1,-1
301,11,934.92,63.02,57.10,174.09,0.4821,-1,-1,-1
301,18,381.03,422.63,80.39,224.31,0.5512,-1,-1,-1
301,25,534.22,446.07,65.75,206.75,0.6671,-1,-1,-1
301,29,829.20,404.13,67.45,205.25,0.3055,-1,-1,-1
301,31,308.49,847.30,93.43,232.74,0.7489,-1,-1,-1
301,32,1006.51,85.18,60.50,184.77,0.4183,-1,-1,-1
301,36,345.47,774.60,80.07,143.46,0.5974,-1,-1,-1
301,38,894.79,417.10,64.63,196.62,0.4670,-1,-1,-1
302,2,254.08,580.41,89.09,252.23,0.6766,-1,-1,-1
302,3,939.77,912.28,60.50,167.70,0.7518,-1,-1,-1
302,4,1720.94,459.95,73.73,209.57,0.5722,-1,-1,-1
302,5,1468.77,589.51,101.94,241.56,0.5663,-1,-1,-1
302,6,232.79,396.58,61.22,185.41,0.5497,-1,-1,-1
302,8,456.07,429.30,68.20,221.71,0.6197,-1,-1,-1
302,11,934.28,62.23,57.21,174.17,0.4793,-1,-1,-1
302,18,383.94,422.03,77.44,218.97,0.5318,-1,-1,-1
302,25,534.40,446.79,64.92,204.89,0.6401,-1,-1,-1
302,29,831.62,407.11,70.46,212.31,0.4361,-1,-1,-1
302,31,310.75,847.30,94.90,232.72,0.7381,-1,-1,-1
302,32,1006.26,85.12,58.99,179.66,0.4283,-1,-1,-1
302,36,348.09,775.62,82.44,147.90,0.6332,-1,-1,-1
302,38,894.27,418.96,64.74,198.50,0.5523,-1,-1,-1
303,2,257.67,579.30,89.37,253.73,0.6385,-1,-1,-1
303,3,939.19,912.93,59.33,167.07,0.7241,-1,-1,-1
303,4,1720.81,460.04,73.51,209.46,0.5830,-1,-1,-1
303,5,1470.90,585.90,103.13,245.33,0.4843,-1,-1,-1
303,6,232.72,395.36,61.32,187.16,0.5517,-1,-1,-1
303,8,455.42,430.62,67.64,221.34,0.6295,-1,-1,-1
303,11,934.33,62.70,56.19,169.97,0.4930,-1,-1,-1
303,18,385.25,415.74,75.51,218.00,0.5974,-1,-1,-1
303,25,534.15,447.29,65.77,208.60,0.6541,-1,-1,-1
303,29,833.74,409.36,69.92,215.00,0.4760,-1,-1,-1
303,31,312.63,847.98,95.69,232.04,0.7381,-1,-1,-1
303,32,1006.58,85.32,57.74,174.80,0.4683,-1,-1,-1
303,36,351.50,776.41,84.84,150.34,0.6873,-1,-1,-1
303,38,894.35,421.26,63.22,195.27,0.5198,-1,-1,-1
303,41,1069.05,80.75,59.07,171.02,0.3438,-1,-1,-1
304,2,263.17,579.92,87.76,251.38,0.6160,-1,-1,-1
304,3,938.74,911.88,59.44,168.12,0.7402,-1,-1,-1
304,4,1721.03,459.97,73.61,210.31,0.5905,-1,-1,-1
304,5,1472.28,581.70,104.33,250.20,0.5025,-1,-1,-1
304,6,233.59,393.90,61.27,188.52,0.5433,-1,-1,-1
304,8,454.61,432.46,66.78,219.72,0.6324,-1,-1,-1
304,11,934.37,62.37,56.95,173.70,0.5339,-1,-1,-1
304,18,385.84,411.99,75.15,221.26,0.5725,-1,-1,-1
304,25,534.21,448.08,65.36,207.14,0.6425,-1,-1,-1
304,29,834.00,404.61,72.87,217.65,0.4786,-1,-1,-1
304,31,313.73,849.56,96.29,230.45,0.7474,-1,-1,-1
304,32,1006.23,85.19,57.74,174.54,0.4763,-1,-1,-1
304,36,355.32,777.52,86.70,152.75,0.6167,-1,-1,-1
304,38,895.55,421.01,62.52,195.97,0.4861,-1,-1,-1
304,41,1067.75,80.98,58.41,169.74,0.3091,-1,-1,-1
305,2,270.80,581.30,85.09,248.67,0.5991,-1,-1,-1
305,3,937.18,909.81,60.48,170.20,0.7406,-1,-1,-1
305,4,1720.50,460.36,73.30,209.40,0.5762,-1,-1,-1
305,5,1474.45,586.62,102.50,246.57,0.4534,-1,-1,-1
305,6,232.22,390.95,61.92,192.18,0.5357,-1,-1,-1
305,8,453.86,435.17,66.39,219.08,0.6627,-1,-1,-1
305,11,934.17,62.09,56.72,173.43,0.4927,-1,-1,-1
305,18,386.84,408.99,74.60,223.24,0.5620,-1,-1,-1
305,25,533.95,448.61,65.74,208.21,0.6385,-1,-1,-1
305,29,835.37,404.29,74.38,222.51,0.5170,-1,-1,-1
305,31,316.59,851.55,96.22,228.48,0.7613,-1,-1,-1
305,32,1006.30,85.42,57.35,171.38,0.4897,-1,-1,-1
305,36,356.47,778.77,90.66,157.95,0.6138,-1,-1,-1
305,38,896.61,420.02,61.60,196.24,0.4624,-1,-1,-1
306,2,280.18,581.89,82.37,247.53,0.5436,-1,-1,-1
306,3,936.54,909.14,61.84,170.82,0.7182,-1,-1,-1
306,4,1720.74,460.70,73.12,208.94,0.5687,-1,-1,-1
306,5,1478.35,588.71,101.38,245.51,0.5165,-1,-1,-1
306,6,231.49,389.32,62.19,194.14,0.5649,-1,-1,-1
306,8,452.55,436.42,65.94,219.22,0.6821,-1,-1,-1
306,11,934.52,59.67,57.42,175.28,0.4716,-1,-1,-1
306,18,387.20,407.81,73.44,222.74,0.5313,-1,-1,-1
306,25,533.56,449.14,64.81,204.08,0.6218,-1,-1,-1
306,29,834.39,404.00,74.72,220.79,0.5006,-1,-1,-1
306,31,319.13,858.73,92.80,221.28,0.7690,-1,-1,-1
306,32,1005.40,84.86,57.78,170.11,0.5223,-1,-1,-1
306,36,359.78,780.29,89.87,152.71,0.6553,-1,-1,-1
306,38,896.86,422.75,60.12,192.47,0.4342,-1,-1,-1
307,2,290.91,580.87,79.40,245.42,0.5695,-1,-1,-1
307,3,935.47,908.03,63.44,171.82,0.7119,-1,-1,-1
307,4,1720.67,459.69,73.47,209.99,0.5595,-1,-1,-1
307,5,1480.64,589.01,100.28,245.28,0.5470,-1,-1,-1
307,6,231.58,387.62,61.59,193.31,0.5266,-1,-1,-1
307,8,451.02,438.69,65.52,217.45,0.6757,-1,-1,-1
307,11,934.56,59.40,57.08,174.18,0.4958,-1,-1,-1
307,18,389.02,407.69,72.29,222.39,0.5570,-1,-1,-1
307,25,532.41,449.49,65.33,205.29,0.6415,-1,-1,-1
307,29,835.19,406.48,74.37,218.25,0.3527,-1,-1,-1
307,31,320.71,862.01,92.67,217.99,0.7755,-1,-1,-1
307,32,1004.32,83.41,58.26,169.87,0.5635,-1,-1,-1
307,36,361.81,781.73,93.46,154.97,0.6473,-1,-1,-1
307,38,897.46,425.31,59.27,190.45,0.3656,-1,-1,-1
307,46,789.19,104.23,84.90,218.35,0.3702,-1,-1,-1
308,2,300.75,580.31,76.78,244.16,0.6439,-1,-1,-1
308,3,933.76,908.03,65.34,171.98,0.7209,-1,-1,-1
308,4,1720.73,459.12,73.49,210.41,0.5808,-1,-1,-1
308,5,1482.82,593.20,97.89,241.50,0.6302,-1,-1,-1
308,6,230.60,385.91,61.29,190.98,0.5575,-1,-1,-1
308,8,449.63,440.68,64.84,215.38,0.6790,-1,-1,-1
308,11,935.35,56.32,55.75,169.80,0.5064,-1,-1,-1
308,18,389.52,406.56,72.35,224.10,0.5705,-1,-1,-1
308,25,530.89,451.56,65.85,204.21,0.6571,-1,-1,-1
308,29,836.10,412.53,73.59,213.16,0.3539,-1,-1,-1
308,31,323.52,867.48,92.22,212.53,0.7753,-1,-1,-1
308,32,1002.99,82.87,59.65,172.19,0.6041,-1,-1,-1
308,36,363.98,784.86,97.13,155.91,0.6934,-1,-1,-1
308,38,895.14,427.79,58.55,188.00,0.3305,-1,-1,-1
308,41,1063.68,82.19,57.33,166.55,0.3175,-1,-1,-1
308,46,789.34,103.20,83.27,219.58,0.3291,-1,-1,-1
309,2,307.59,579.74,77.75,247.96,0.6485,-1,-1,-1
309,3,931.96,907.30,67.54,172.64,0.7368,-1,-1,-1
309,4,1720.28,458.46,73.73,211.50,0.5735,-1,-1,-1
309,5,1484.56,589.66,98.48,244.88,0.5929,-1,-1,-1
309,6,230.78,383.73,61.09,189.23,0.5283,-1,-1,-1
309,8,447.59,441.86,65.11,216.38,0.6596,-1,-1,-1
309,11,934.78,53.17,55.66,170.03,0.4842,-1,-1,-1
309,18,390.04,407.08,71.81,222.27,0.5209,-1,-1,-1
309,25,529.14,454.99,67.33,207.65,0.6705,-1,-1,-1
309,29,835.70,416.89,72.54,211.64,0.3831,-1,-1,-1
309,31,325.31,872.05,91.49,207.96,0.7802,-1,-1,-1
309,32,1002.34,81.42,60.98,175.68,0.6234,-1,-1,-1
309,36,368.53,790.26,97.92,152.17,0.6760,-1,-1,-1
309,46,789.75,103.18,81.64,219.88,0.3716,-1,-1,-1
310,1,462.33,128.89,61.32,190.18,0.3100,-1,-1,-1
310,2,312.27,579.45,78.71,249.69,0.6942,-1,-1,-1
310,3,930.38,907.88,69.71,172.12,0.7483,-1,-1,-1
310,4,1720.35,458.36,73.31,210.74,0.5750,-1,-1,-1
310,5,1486.37,588.14,98.25,245.27,0.5556,-1,-1,-1
310,6,230.84,380.64,59.93,186.24,0.5567,-1,-1,-1
310,8,446.28,438.59,66.08,222.51,0.6519,-1,-1,-1
310,11,934.31,50.67,56.00,171.14,0.5422,-1,-1,-1
310,18,390.24,406.10,72.31,226.04,0.5017,-1,-1,-1
310,25,527.87,456.20,68.19,210.50,0.6984,-1,-1,-1
310,31,328.17,873.54,91.68,206.46,0.7566,-1,-1,-1
310,32,1001.40,80.05,61.51,176.38,0.6478,-1,-1,-1
310,36,370.04,794.57,99.18,149.80,0.6772,-1,-1,-1
310,41,1063.48,82.93,56.59,164.52,0.3327,-1,-1,-1
310,46,790.16,103.13,80.33,220.25,0.3229,-1,-1,-1
311,2,316.66,579.78,79.89,247.50,0.7417,-1,-1,-1
311,3,929.14,907.15,71.74,172.85,0.7625,-1,-1,-1
311,4,1720.51,458.28,73.23,210.65,0.5783,-1,-1,-1
311,5,1489.79,589.24,98.93,244.14,0.5832,-1,-1,-1
311,6,231.00,378.89,59.52,186.36,0.5299,-1,-1,-1
311,8,445.01,439.68,65.60,222.29,0.6842,-1,-1,-1
311,11,933.71,49.33,56.11,171.47,0.5087,-1,-1,-1
311,18,390.90,407.40,71.46,223.85,0.4722,-1,-1,-1
311,25,526.95,457.49,68.43,212.65,0.6759,-1,-1,-1
311,29,836.21,422.54,67.57,195.34,0.3110,-1,-1,-1
311,31,331.75,876.29,91.91,203.70,0.7339,-1,-1,-1
311,32,1000.90,79.88,61.51,175.30,0.6266,-1,-1,-1
311,36,371.99,798.85,99.92,146.62,0.6622,-1,-1,-1
311,46,790.63,102.46,79.12,220.86,0.3388,-1,-1,-1
312,1,462.67,127.63,60.95,188.73,0.3059,-1,-1,-1
312,2,320.50,581.63,82.98,243.81,0.7537,-1,-1,-1
312,3,928.56,905.95,73.17,174.06,0.7517,-1,-1,-1
312,4,1721.15,458.83,72.91,209.65,0.5817,-1,-1,-1
312,5,1491.32,592.99,98.39,239.25,0.6264,-1,-1,-1
312,6,230.53,376.18,59.81,188.01,0.5372,-1,-1,-1
312,8,443.84,442.05,65.31,221.59,0.6668,-1,-1,-1
312,11,933.74,48.78,56.50,172.21,0.5143,-1,-1,-1
312,18,391.57,407.83,70.61,221.43,0.4320,-1,-1,-1
312,25,526.30,460.98,68.93,215.95,0.6739,-1,-1,-1
312,31,335.32,879.16,92.79,200.86,0.7442,-1,-1,-1
312,32,1001.00,80.09,61.82,174.51,0.6073,-1,-1,-1
312,36,370.31,801.63,102.86,148.13,0.6513,-1,-1,-1
312,46,789.50,102.83,77.72,220.05,0.3413,-1,-1,-1
313,1,463.10,124.22,61.29,190.59,0.3262,-1,-1,-1
313,2,321.41,584.41,87.44,240.70,0.7642,-1,-1,-1
313,3,928.09,905.46,74.17,174.55,0.7549,-1,-1,-1
313,4,1721.68,457.83,72.93,210.39,0.5767,-1,-1,-1
313,5,1494.09,598.22,98.26,234.50,0.6175,-1,-1,-1
313,6,230.25,374.61,59.88,189.25,0.5227,-1,-1,-1
313,8,441.82,447.34,65.38,221.92,0.6858,-1,-1,-1
313,11,933.33,48.03,56.55,172.80,0.5205,-1,-1,-1
313,18,391.80,406.17,71.00,223.97,0.4085,-1,-1,-1
313,25,526.62,463.57,68.03,214.79,0.6592,-1,-1,-1
313,31,339.64,882.76,93.78,197.24,0.7359,-1,-1,-1
313,32,1000.90,80.55,61.56,173.08,0.5993,-1,-1,-1
313,36,370.66,805.12,104.02,146.87,0.6929,-1,-1,-1
314,1,461.23,125.39,61.32,187.56,0.3019,-1,-1,-1
314,2,320.74,585.03,91.81,240.22,0.7642,-1,-1,-1
314,3,928.31,905.26,75.12,174.74,0.7554,-1,-1,-1
314,4,1721.99,457.87,72.80,211.16,0.5739,-1,-1,-1
314,5,1496.16,599.79,98.54,233.51,0.5484,-1,-1,-1
314,6,230.03,374.08,59.81,189.45,0.5528,-1,-1,-1
314,8,440.58,447.43,65.55,221.83,0.6997,-1,-1,-1
314,11,932.62,47.27,56.85,173.02,0.5235,-1,-1,-1
314,18,391.27,404.28,70.44,224.22,0.3840,-1,-1,-1
314,25,526.24,464.77,67.72,215.53,0.6575,-1,-1,-1
314,29,832.22,426.11,70.02,201.07,0.3154,-1,-1,-1
314,31,342.63,886.75,93.24,193.25,0.7245,-1,-1,-1
314,32,999.49,80.04,61.15,173.04,0.5512,-1,-1,-1
314,36,371.41,808.38,106.53,148.02,0.6970,-1,-1,-1
315,2,321.55,585.41,97.83,240.47,0.7693,-1,-1,-1
315,3,926.90,905.00,76.05,175.00,0.7592,-1,-1,-1
315,4,1721.73,457.72,72.69,211.54,0.5547,-1,-1,-1
315,5,1497.66,602.20,97.39,231.27,0.5579,-1,-1,-1
315,6,230.26,373.88,60.15,189.41,0.5637,-1,-1,-1
315,8,438.61,447.85,66.38,221.78,0.7304,-1,-1,-1
315,11,932.03,46.73,57.09,173.43,0.5311,-1,-1,-1
315,25,525.67,466.51,66.47,215.95,0.6693,-1,-1,-1
315,31,344.81,889.27,93.57,190.73,0.7273,-1,-1,-1
315,32,998.29,79.60,60.93,173.94,0.5357,-1,-1,-1
315,36,371.94,808.47,107.47,148.49,0.6414,-1,-1,-1
315,43,889.45,371.89,58.65,155.07,0.4120,-1,-1,-1
316,2,322.25,585.30,102.89,239.72,0.7697,-1,-1,-1
316,3,926.87,905.43,76.33,174.59,0.7542,-1,-1,-1
316,4,1721.53,458.38,72.77,211.83,0.5329,-1,-1,-1
316,5,1500.29,602.12,96.71,232.87,0.6161,-1,-1,-1
316,6,230.89,373.04,60.53,189.02,0.5838,-1,-1,-1
316,8,436.80,449.24,67.26,222.57,0.7150,-1,-1,-1
316,11,932.28,46.41,57.08,172.03,0.5317,-1,-1,-1
316,25,524.59,469.41,66.23,219.26,0.6475,-1,-1,-1
316,31,346.32,892.24,93.03,187.77,0.7154,-1,-1,-1
316,32,998.13,80.46,60.25,174.05,0.5942,-1,-1,-1
316,36,371.62,809.20,109.69,152.79,0.6638,-1,-1,-1
316,43,889.36,373.85,61.80,160.50,0.3392,-1,-1,-1
317,1,459.69,121.28,63.25,190.26,0.3003,-1,-1,-1
317,2,321.28,584.57,108.12,242.04,0.7698,-1,-1,-1
317,3,927.14,905.98,76.72,174.02,0.7524,-1,-1,-1
317,4,1721.55,458.16,72.80,211.94,0.5641,-1,-1,-1
317,5,1504.64,610.96,91.90,224.60,0.5588,-1,-1,-1
317,6,230.75,372.34,60.55,187.91,0.5717,-1,-1,-1
317,8,434.82,449.58,67.01,218.87,0.7120,-1,-1,-1
317,11,931.74,45.76,57.70,172.78,0.5148,-1,-1,-1
317,18,393.20,394.36,68.55,221.45,0.3272,-1,-1,-1
317,25,522.62,472.23,65.55,219.20,0.6927,-1,-1,-1
317,31,346.19,887.97,94.81,192.02,0.7233,-1,-1,-1
317,32,996.44,79.53,59.87,173.79,0.5707,-1,-1,-1
317,36,372.99,812.96,107.70,151.16,0.5635,-1,-1,-1
317,38,895.34,440.83,61.47,191.70,0.3049,-1,-1,-1
317,41,1052.07,82.40,57.37,163.43,0.3003,-1,-1,-1
318,2,320.94,585.17,108.88,240.84,0.7562,-1,-1,-1
318,3,926.70,905.64,77.24,174.35,0.7456,-1,-1,-1
318,4,1721.76,458.51,72.52,211.08,0.5710,-1,-1,-1
318,5,1507.18,601.94,94.07,235.73,0.5667,-1,-1,-1
318,6,230.91,371.78,60.04,186.35,0.5601,-1,-1,-1
318,8,434.35,451.41,67.47,218.78,0.7241,-1,-1,-1
318,11,931.81,45.18,58.43,173.78,0.5129,-1,-1,-1
318,25,521.37,471.58,65.13,217.96,0.6656,-1,-1,-1
318,31,349.93,889.21,94.66,190.78,0.7071,-1,-1,-1
318,32,994.60,78.22,60.29,174.54,0.5958,-1,-1,-1
318,36,373.04,812.31,107.45,154.28,0.6272,-1,-1,-1
319,2,320.99,583.84,110.64,242.07,0.7529,-1,-1,-1
319,3,927.51,905.81,76.99,174.20,0.7319,-1,-1,-1
319,4,1722.32,459.10,72.05,210.58,0.5789,-1,-1,-1
319,5,1510.15,601.64,92.78,237.74,0.5144,-1,-1,-1
319,6,231.00,370.90,60.56,188.83,0.5898,-1,-1,-1
319,8,433.73,455.26,68.02,218.70,0.7253,-1,-1,-1
319,11,930.84,43.69,58.60,173.20,0.4965,-1,-1,-1
319,25,518.40,469.05,66.62,217.84,0.6753,-1,-1,-1
319,29,833.81,431.41,70.00,204.66,0.4219,-1,-1,-1
319,31,351.84,890.96,94.68,189.06,0.7008,-1,-1,-1
319,32,993.63,77.14,60.48,174.86,0.5780,-1,-1,-1
319,36,374.26,812.37,105.46,156.18,0.6723,-1,-1,-1
319,41,1050.14,83.67,56.94,159.78,0.3012,-1,-1,-1
320,2,324.38,583.44,110.72,240.67,0.7204,-1,-1,-1
320,3,929.54,906.24,76.05,173.76,0.7356,-1,-1,-1
320,4,1722.34,458.59,71.98,210.46,0.6019,-1,-1,-1
320,5,1512.92,603.15,90.32,234.01,0.3640,-1,-1,-1
320,6,231.81,370.62,60.18,188.67,0.5843,-1,-1,-1
320,8,433.84,460.88,67.79,215.80,0.7187,-1,-1,-1
320,11,929.70,41.84,59.77,175.79,0.5036,-1,-1,-1
320,25,515.42,470.32,68.02,218.74,0.6947,-1,-1,-1
320,29,834.73,432.91,69.17,201.59,0.5107,-1,-1,-1
320,31,354.94,895.48,94.51,184.53,0.7051,-1,-1,-1
320,32,992.57,78.04,60.27,174.04,0.5754,-1,-1,-1
320,36,376.56,813.63,100.46,151.78,0.6427,-1,-1,-1
321,2,324.42,582.29,110.06,241.69,0.6803,-1,-1,-1
321,3,929.67,907.39,75.16,172.34,0.7303,-1,-1,-1
321,4,1721.89,458.75,72.10,210.82,0.5723,-1,-1,-1
321,6,232.61,370.25,59.44,188.13,0.5606,-1,-1,-1
321,8,429.61,458.83,71.26,226.82,0.6417,-1,-1,-1
321,11,930.18,39.41,61.63,179.40,0.4817,-1,-1,-1
321,25,513.23,470.66,69.03,220.46,0.6686,-1,-1,-1
321,29,835.76,432.52,72.52,206.04,0.4893,-1,-1,-1
321,31,358.30,898.50,95.85,181.51,0.7175,-1,-1,-1
321,32,992.02,77.43,61.14,175.14,0.5977,-1,-1,-1
321,36,379.69,816.29,96.53,149.14,0.6005,-1,-1,-1
322,2,326.18,579.86,107.35,244.70,0.7095,-1,-1,-1
322,3,931.37,907.05,74.21,172.93,0.7237,-1,-1,-1
322,4,1721.63,459.41,71.83,209.30,0.5999,-1,-1,-1
322,6,233.41,368.12,59.13,189.39,0.5620,-1,-1,-1
322,8,428.90,459.94,71.36,225.42,0.6778,-1,-1,-1
322,11,929.28,36.81,63.59,182.99,0.4804,-1,-1,-1
322,25,511.98,470.32,69.19,218.77,0.7140,-1,-1,-1
322,29,835.58,432.46,76.53,209.26,0.5745,-1,-1,-1
322,31,359.45,903.83,94.90,176.17,0.7082,-1,-1,-1
322,32,990.34,76.12,60.99,174.75,0.6150,-1,-1,-1
322,36,383.31,817.27,94.28,149.61,0.5596,-1,-1,-1
322,41,1045.39,79.30,54.98,157.80,0.3316,-1,-1,-1
322,43,905.28,376.30,60.63,163.95,0.3712,-1,-1,-1
323,2,332.68,579.18,103.57,244.51,0.6237,-1,-1,-1
323,3,933.07,906.54,72.47,173.24,0.6961,-1,-1,-1
323,4,1721.76,458.80,72.35,210.24,0.6019,-1,-1,-1
323,6,232.94,364.13,59.73,192.31,0.5719,-1,-1,-1
323,8,428.67,462.45,71.72,225.57,0.6871,-1,-1,-1
323,11,929.38,35.56,63.24,179.37,0.4689,-1,-1,-1
323,25,511.89,470.60,70.00,219.60,0.7252,-1,-1,-1
323,29,834.75,432.65,78.94,211.13,0.5686,-1,-1,-1
323,31,360.56,906.30,94.59,173.31,0.7787,-1,-1,-1
323,32,990.38,75.11,60.79,173.01,0.6174,-1,-1,-1
323,36,385.96,820.55,91.42,149.37,0.5613,-1,-1,-1
323,41,1044.83,77.26,54.53,159.48,0.3355,-1,-1,-1
323,43,909.86,378.93,58.39,162.95,0.3912,-1,-1,-1
324,1,454.91,118.17,65.18,190.65,0.3097,-1,-1,-1
324,2,340.24,580.71,98.14,242.34,0.6271,-1,-1,-1
324,3,933.46,905.41,70.60,174.57,0.7032,-1,-1,-1
324,4,1721.57,459.01,72.18,209.69,0.6027,-1,-1,-1
324,6,232.85,361.83,59.47,192.03,0.5171,-1,-1,-1
324,8,427.01,463.27,73.19,227.19,0.7029,-1,-1,-1
324,11,929.36,33.57,64.13,179.08,0.4033,-1,-1,-1
324,25,510.28,471.14,70.86,219.34,0.7513,-1,-1,-1
324,29,835.73,435.21,79.83,209.25,0.4796,-1,-1,-1
324,31,361.99,910.19,93.83,168.82,0.7840,-1,-1,-1
324,32,989.47,73.33,61.06,173.22,0.5738,-1,-1,-1
324,36,390.97,824.64,87.57,147.83,0.5875,-1,-1,-1
325,1,455.23,118.72,65.36,188.44,0.3092,-1,-1,-1
325,2,347.84,580.43,91.78,240.74,0.6582,-1,-1,-1
325,3,935.45,907.98,68.15,171.55,0.7032,-1,-1,-1
325,4,1721.86,459.34,71.96,208.35,0.6108,-1,-1,-1
325,6,233.13,360.00,58.71,189.16,0.4478,-1,-1,-1
325,8,427.01,462.37,74.24,228.97,0.7081,-1,-1,-1
325,11,928.34,35.13,62.34,171.52,0.4013,-1,-1,-1
325,25,509.53,474.44,70.78,217.08,0.7633,-1,-1,-1
325,29,835.90,434.25,81.13,210.09,0.5013,-1,-1,-1
325,31,366.28,915.20,93.05,163.87,0.7716,-1,-1,-1
325,32,989.02,72.04,61.22,172.63,0.5539,-1,-1,-1
325,36,396.86,830.39,80.90,140.37,0.5963,-1,-1,-1
325,43,914.21,383.42,64.59,183.68,0.3282,-1,-1,-1
326,2,361.54,578.38,87.54,242.35,0.6431,-1,-1,-1
326,3,936.13,908.26,66.31,171.72,0.6765,-1,-1,-1
326,4,1721.74,459.56,72.37,208.46,0.6200,-1,-1,-1
326,5,1526.74,607.44,89.01,232.32,0.3944,-1,-1,-1
326,6,233.42,358.50,58.57,188.81,0.5024,-1,-1,-1
326,8,427.40,466.71,73.35,226.08,0.7035,-1,-1,-1
326,11,928.10,34.30,62.60,170.28,0.4110,-1,-1,-1
326,25,509.12,476.50,71.29,216.88,0.7602,-1,-1,-1
326,29,837.86,433.93,82.75,210.07,0.5790,-1,-1,-1
326,31,367.25,917.22,93.24,162.69,0.7177,-1,-1,-1
326,32,986.88,71.20,61.49,172.61,0.5740,-1,-1,-1
326,36,399.44,833.49,79.93,141.95,0.5904,-1,-1,-1
327,1,453.34,115.03,67.10,191.44,0.3648,-1,-1,-1
327,2,368.28,576.14,84.70,244.19,0.5869,-1,-1,-1
327,3,938.22,909.64,63.58,170.26,0.6689,-1,-1,-1
327,4,1721.84,459.73,72.18,207.43,0.6306,-1,-1,-1
327,5,1530.13,610.75,87.27,230.33,0.4213,-1,-1,-1
327,6,233.70,356.99,58.78,188.98,0.5189,-1,-1,-1
327,8,426.49,466.86,73.45,226.06,0.7145,-1,-1,-1
327,11,928.02,32.45,63.86,172.68,0.4311,-1,-1,-1
327,25,509.68,477.90,72.11,219.40,0.7048,-1,-1,-1
327,29,838.48,434.76,82.96,208.11,0.5363,-1,-1,-1
327,31,369.72,917.56,94.71,162.44,0.7018,-1,-1,-1
327,32,987.13,70.17,61.26,171.19,0.5282,-1,-1,-1
327,36,402.88,837.22,78.47,141.61,0.5759,-1,-1,-1
328,1,451.57,113.02,68.20,194.36,0.4532,-1,-1,-1
328,2,376.91,574.57,82.13,246.90,0.5859,-1,-1,-1
328,3,938.49,909.99,61.60,169.30,0.6784,-1,-1,-1
328,4,1722.04,460.67,72.17,207.14,0.6374,-1,-1,-1
328,5,1533.58,610.84,85.82,230.31,0.5006,-1,-1,-1
328,6,232.44,356.20,58.77,187.16,0.5472,-1,-1,-1
328,8,425.02,467.52,73.64,220.90,0.7040,-1,-1,-1
328,11,928.23,31.49,63.57,171.75,0.4210,-1,-1,-1
328,25,508.70,479.11,72.36,221.92,0.7042,-1,-1,-1
328,29,841.18,435.18,84.27,209.36,0.4723,-1,-1,-1
328,31,370.26,921.05,93.60,158.94,0.6851,-1,-1,-1
328,32,985.51,68.02,61.96,172.93,0.4955,-1,-1,-1
328,36,406.42,839.82,80.21,147.72,0.5482,-1,-1,-1
328,43,925.86,387.97,62.50,182.53,0.3264,-1,-1,-1
329,1,450.84,111.58,68.98,194.02,0.3801,-1,-1,-1
329,2,382.79,578.13,79.58,246.89,0.5797,-1,-1,-1
329,3,941.73,912.56,59.70,166.42,0.6978,-1,-1,-1
329,4,1721.86,458.74,72.69,209.10,0.6111,-1,-1,-1
329,5,1536.38,610.27,86.36,231.23,0.3981,-1,-1,-1
329,6,232.59,355.87,58.75,185.99,0.5482,-1,-1,-1
329,8,422.25,469.29,75.06,218.04,0.6909,-1,-1,-1
329,11,929.01,30.86,63.63,171.64,0.3878,-1,-1,-1
329,25,508.29,483.20,71.44,221.06,0.7129,-1,-1,-1
329,29,840.58,435.66,83.66,207.17,0.4003,-1,-1,-1
329,31,372.08,923.24,93.66,156.76,0.6869,-1,-1,-1
329,32,985.61,68.43,60.84,170.44,0.4625,-1,-1,-1
329,36,411.30,843.40,79.81,148.16,0.5571,-1,-1,-1
329,43,934.22,387.36,64.79,191.54,0.4198,-1,-1,-1
330,1,450.81,110.75,69.72,192.72,0.3655,-1,-1,-1
330,2,388.78,594.87,74.65,231.59,0.3995,-1,-1,-1
330,3,942.24,914.46,59.41,164.16,0.6933,-1,-1,-1
330,4,1722.10,459.99,72.38,207.82,0.6315,-1,-1,-1
330,5,1537.19,610.48,86.12,230.65,0.4146,-1,-1,-1
330,6,232.25,354.97,58.45,184.80,0.5660,-1,-1,-1
330,8,416.53,469.69,80.20,224.04,0.6676,-1,-1,-1
330,11,928.83,30.33,63.95,172.01,0.4275,-1,-1,-1
330,25,508.57,485.80,70.38,219.60,0.7320,-1,-1,-1
330,29,841.63,436.23,83.25,206.53,0.3674,-1,-1,-1
330,31,373.56,924.18,92.94,154.54,0.6374,-1,-1,-1
330,32,983.99,67.59,61.43,172.58,0.4712,-1,-1,-1
330,36,400.35,845.09,110.12,223.54,0.5932,-1,-1,-1
330,41,1037.78,75.57,53.84,158.38,0.3093,-1,-1,-1
330,43,937.67,388.41,64.36,193.57,0.4183,-1,-1,-1
331,1,450.39,110.02,69.15,188.11,0.3807,-1,-1,-1
331,3,941.41,913.27,60.70,165.68,0.7369,-1,-1,-1
331,4,1722.01,457.43,73.32,210.78,0.6495,-1,-1,-1
331,5,1536.56,613.12,84.19,229.32,0.5352,-1,-1,-1
331,6,231.01,354.16,59.46,188.45,0.5210,-1,-1,-1
331,8,389.52,471.71,117.25,338.67,0.5987,-1,-1,-1
331,11,927.38,30.60,64.15,172.97,0.4037,-1,-1,-1
331,25,507.83,488.17,69.45,219.55,0.7408,-1,-1,-1
331,29,844.44,439.04,82.61,205.96,0.4881,-1,-1,-1
331,31,375.63,923.86,90.81,149.27,0.6460,-1,-1,-1
331,32,982.75,67.21,62.06,174.58,0.5001,-1,-1,-1
331,36,407.73,847.39,103.57,231.35,0.6612,-1,-1,-1
331,41,1036.92,73.75,54.61,160.98,0.3595,-1,-1,-1
331,43,939.70,388.96,63.51,194.55,0.3407,-1,-1,-1
332,1,450.03,109.17,69.16,185.89,0.3408,-1,-1,-1
332,3,942.57,914.93,60.25,162.97,0.7210,-1,-1,-1
332,4,1722.57,458.83,73.14,210.36,0.6395,-1,-1,-1
332,5,1539.96,612.42,85.29,230.63,0.4485,-1,-1,-1
332,6,230.22,352.67,60.15,190.04,0.5018,-1,-1,-1
332,8,386.79,473.27,118.95,353.71,0.6044,-1,-1,-1
332,11,926.94,30.26,64.19,173.06,0.4115,-1,-1,-1
332,25,507.84,490.09,69.56,220.40,0.7418,-1,-1,-1
332,29,843.30,437.62,84.81,210.87,0.3811,-1,-1,-1
332,31,377.58,924.79,89.12,145.45,0.6350,-1,-1,-1
332,32,982.19,67.62,62.23,175.48,0.5243,-1,-1,-1
332,36,415.25,849.06,96.46,229.77,0.6643,-1,-1,-1
332,41,1037.49,73.65,54.35,162.41,0.4012,-1,-1,-1
332,43,942.86,391.06,62.14,192.71,0.4154,-1,-1,-1
332,48,405.18,371.83,78.47,122.69,0.3852,-1,-1,-1
333,1,449.79,107.85,70.78,187.18,0.3282,-1,-1,-1
333,3,943.62,915.09,60.22,162.71,0.7332,-1,-1,-1
333,4,1723.08,459.07,72.78,209.83,0.6222,-1,-1,-1
333,5,1540.85,612.61,86.84,233.44,0.4466,-1,-1,-1
333,6,229.49,352.32,60.32,190.95,0.5167,-1,-1,-1
333,8,388.51,474.95,116.47,354.47,0.6423,-1,-1,-1
333,11,927.40,30.44,63.45,171.70,0.4199,-1,-1,-1
333,25,507.10,491.41,69.81,221.43,0.7448,-1,-1,-1
333,29,844.14,438.43,86.56,214.98,0.4332,-1,-1,-1
333,31,380.27,924.76,91.83,147.61,0.6697,-1,-1,-1
333,32,982.21,66.50,61.87,177.46,0.5050,-1,-1,-1
333,36,429.34,850.20,74.64,165.82,0.5855,-1,-1,-1
333,38,906.00,448.84,60.31,195.74,0.3124,-1,-1,-1
333,41,1036.84,73.06,54.07,163.18,0.4111,-1,-1,-1
333,43,947.12,391.00,60.95,191.71,0.4171,-1,-1,-1
333,48,406.72,367.05,80.64,126.70,0.3255,-1,-1,-1
334,1,448.23,108.76,70.69,185.78,0.3168,-1,-1,-1
334,3,944.71,916.54,59.90,160.86,0.7180,-1,-1,-1
334,4,1722.08,459.91,72.68,209.36,0.6197,-1,-1,-1
334,5,1539.73,615.99,85.76,231.30,0.5666,-1,-1,-1
334,6,229.70,352.09,59.47,188.03,0.4715,-1,-1,-1
334,8,391.59,475.10,115.68,355.61,0.6301,-1,-1,-1
334,11,927.35,29.55,63.58,172.77,0.3805,-1,-1,-1
334,25,506.65,491.85,69.84,222.93,0.7312,-1,-1,-1
334,29,844.65,438.60,87.38,217.91,0.4892,-1,-1,-1
334,31,382.75,928.04,91.37,144.07,0.6547,-1,-1,-1
334,32,981.82,66.86,60.80,176.45,0.4840,-1,-1,-1
334,36,431.79,851.47,74.38,155.82,0.5495,-1,-1,-1
334,38,909.07,453.06,57.84,193.73,0.3353,-1,-1,-1
334,41,1036.29,72.37,53.94,163.86,0.3881,-1,-1,-1
334,43,950.93,392.13,60.35,192.87,0.4490,-1,-1,-1
335,3,945.59,918.38,60.00,159.77,0.7188,-1,-1,-1
335,4,1722.40,459.85,72.30,208.50,0.6220,-1,-1,-1
335,5,1539.10,614.11,88.17,240.23,0.5471,-1,-1,-1
335,6,228.48,350.38,60.87,191.36,0.4945,-1,-1,-1
335,8,391.56,477.54,116.46,353.80,0.6712,-1,-1,-1
335,11,928.04,27.76,63.19,172.21,0.3671,-1,-1,-1
335,25,505.52,492.67,69.55,222.67,0.7262,-1,-1,-1
335,29,845.38,439.84,86.22,218.00,0.4986,-1,-1,-1
335,31,385.93,931.31,91.87,141.56,0.6631,-1,-1,-1
335,32,981.55,66.71,60.01,175.24,0.4756,-1,-1,-1
335,36,433.71,850.52,80.70,160.27,0.5658,-1,-1,-1
335,38,909.39,452.53,57.93,197.60,0.3360,-1,-1,-1
335,41,1036.30,72.31,53.53,163.62,0.3748,-1,-1,-1
335,43,955.42,393.69,58.60,189.44,0.4978,-1,-1,-1
336,3,946.01,919.02,60.60,159.70,0.7165,-1,-1,-1
336,4,1721.77,459.30,72.68,208.88,0.6377,-1,-1,-1
336,5,1539.41,615.36,87.59,242.12,0.5850,-1,-1,-1
336,6,227.55,349.04,61.93,193.89,0.5092,-1,-1,-1
336,8,398.94,482.01,115.44,346.88,0.7020,-1,-1,-1
336,11,927.04,27.32,64.21,175.14,0.3710,-1,-1,-1
336,25,504.85,492.86,69.44,221.71,0.7201,-1,-1,-1
336,29,843.14,440.63,85.86,218.77,0.4426,-1,-1,-1
336,31,389.07,936.77,89.05,133.90,0.6730,-1,-1,-1
336,32,980.69,66.22,59.79,176.04,0.4611,-1,-1,-1
336,36,434.03,852.33,86.70,164.35,0.5338,-1,-1,-1
336,38,909.55,454.60,57.83,195.80,0.3787,-1,-1,-1
336,41,1036.08,71.67,53.53,164.06,0.3422,-1,-1,-1
336,43,958.14,392.76,58.70,190.55,0.4313,-1,-1,-1
336,48,408.90,359.16,86.96,138.51,0.3203,-1,-1,-1
337,3,948.25,919.55,60.23,158.90,0.6831,-1,-1,-1
337,4,1722.26,459.26,72.48,207.87,0.6125,-1,-1,-1
337,5,1539.90,616.10,85.19,239.12,0.6444,-1,-1,-1
337,6,226.84,348.19,61.21,189.55,0.4995,-1,-1,-1
337,8,403.59,486.14,117.53,341.93,0.7104,-1,-1,-1
337,11,928.55,24.92,64.38,175.19,0.3797,-1,-1,-1
337,25,504.45,493.06,69.52,221.49,0.7002,-1,-1,-1
337,29,842.15,442.85,85.18,221.01,0.4077,-1,-1,-1
337,31,390.45,942.07,90.68,132.14,0.6905,-1,-1,-1
337,32,979.92,64.86,59.73,176.83,0.4472,-1,-1,-1
337,36,436.80,856.29,90.99,165.97,0.4651,-1,-1,-1
337,38,908.84,456.53,58.27,198.44,0.3670,-1,-1,-1
337,41,1035.68,71.26,53.89,165.57,0.4169,-1,-1,-1
337,43,962.34,391.63,58.72,190.92,0.5608,-1,-1,-1
337,48,411.39,358.32,86.42,139.49,0.3255,-1,-1,-1
338,3,949.30,921.63,60.01,156.61,0.7041,-1,-1,-1
338,4,1722.13,458.85,72.75,208.28,0.5862,-1,-1,-1
338,5,1540.62,615.89,84.65,241.62,0.6080,-1,-1,-1
338,6,226.37,347.08,61.24,187.80,0.5266,-1,-1,-1
338,8,404.57,487.28,119.45,340.25,0.7124,-1,-1,-1
338,11,928.60,22.75,63.87,174.46,0.3624,-1,-1,-1
338,25,503.99,493.06,69.47,220.77,0.6971,-1,-1,-1
338,29,844.71,444.84,83.65,220.38,0.4247,-1,-1,-1
338,31,391.93,944.97,91.86,130.32,0.7150,-1,-1,-1
338,32,979.60,64.13,59.39,176.89,0.4421,-1,-1,-1
338,36,441.33,860.88,94.00,159.47,0.6328,-1,-1,-1
338,38,908.68,458.09,57.33,198.77,0.3365,-1,-1,-1
338,41,1035.41,70.85,53.91,165.87,0.3909,-1,-1,-1
338,43,965.20,392.19,59.38,193.46,0.5275,-1,-1,-1
338,48,411.69,358.15,86.89,142.20,0.3291,-1,-1,-1
339,3,951.36,922.39,60.36,154.83,0.7037,-1,-1,-1
339,4,1722.07,459.84,72.80,207.31,0.6069,-1,-1,-1
339,5,1541.65,616.46,84.07,243.05,0.6253,-1,-1,-1
339,6,225.39,346.08,60.92,184.16,0.5265,-1,-1,-1
339,8,403.98,487.26,120.13,338.71,0.7391,-1,-1,-1
339,11,929.26,22.23,61.84,168.60,0.3569,-1,-1,-1
339,25,502.90,493.98,69.25,221.03,0.6891,-1,-1,-1
339,29,844.04,447.06,81.77,217.54,0.4255,-1,-1,-1
339,31,394.58,948.88,92.36,127.47,0.7279,-1,-1,-1
339,32,978.83,61.61,59.74,178.62,0.4544,-1,-1,-1
339,36,444.46,866.59,96.86,157.89,0.6151,-1,-1,-1
339,38,909.22,459.55,56.33,198.66,0.3260,-1,-1,-1
339,41,1035.53,70.37,53.62,166.30,0.4355,-1,-1,-1
339,43,968.31,394.70,59.81,194.40,0.5963,-1,-1,-1
339,48,413.37,357.91,86.93,143.70,0.3311,-1,-1,-1
340,3,951.98,923.05,60.92,154.13,0.6989,-1,-1,-1
340,4,1721.44,458.03,73.61,209.84,0.6069,-1,-1,-1
340,5,1543.19,615.66,83.55,244.33,0.6002,-1,-1,-1
340,6,223.84,344.12,61.19,182.73,0.5185,-1,-1,-1
340,8,404.99,488.11,121.01,338.34,0.6977,-1,-1,-1
340,11,929.44,20.82,61.77,167.81,0.3433,-1,-1,-1
340,25,501.76,496.85,68.85,216.97,0.6595,-1,-1,-1
340,29,843.50,449.44,81.90,221.23,0.4336,-1,-1,-1
340,31,396.79,950.81,93.69,127.78,0.7110,-1,-1,-1
340,32,978.05,60.82,59.54,179.30,0.4919,-1,-1,-1
340,36,446.86,872.10,99.57,151.11,0.6901,-1,-1,-1
340,38,909.45,459.44,55.93,199.62,0.3370,-1,-1,-1
340,41,1034.74,69.72,53.95,167.68,0.4181,-1,-1,-1
340,43,970.73,397.03,60.33,194.82,0.5861,-1,-1,-1
340,48,414.30,356.58,88.99,148.69,0.3237,-1,-1,-1
341,1,443.07,99.07,74.94,192.50,0.3029,-1,-1,-1
341,3,952.07,924.08,61.41,153.11,0.7038,-1,-1,-1
341,4,1721.47,458.74,73.43,209.08,0.6055,-1,-1,-1
341,5,1544.23,616.21,82.97,243.39,0.6541,-1,-1,-1
341,6,223.19,342.39,62.06,183.03,0.5232,-1,-1,-1
341,8,405.57,488.85,121.31,339.00,0.3958,-1,-1,-1
341,11,928.99,19.67,61.48,165.97,0.3548,-1,-1,-1
341,25,499.47,498.75,69.01,215.18,0.6819,-1,-1,-1
341,29,843.40,451.07,81.13,221.58,0.4574,-1,-1,-1
341,31,401.09,955.08,92.39,123.83,0.6939,-1,-1,-1
341,32,977.31,59.01,59.19,180.17,0.4666,-1,-1,-1
341,36,447.41,875.90,102.66,146.97,0.6956,-1,-1,-1
341,38,909.34,460.23,55.83,201.09,0.3397,-1,-1,-1
341,41,1034.64,68.93,54.27,170.23,0.4608,-1,-1,-1
341,43,974.64,398.25,60.73,195.34,0.5525,-1,-1,-1
341,48,415.32,356.50,90.60,152.45,0.3039,-1,-1,-1
342,1,442.25,99.88,75.86,192.14,0.3130,-1,-1,-1
342,3,952.70,924.17,62.63,153.05,0.6960,-1,-1,-1
342,4,1722.47,457.27,73.96,211.47,0.6238,-1,-1,-1
342,5,1545.31,617.97,82.02,239.99,0.6389,-1,-1,-1
342,6,221.14,340.94,63.48,185.23,0.5138,-1,-1,-1
342,11,928.36,18.53,61.19,164.31,0.3291,-1,-1,-1
342,18,426.02,355.46,71.55,190.44,0.3204,-1,-1,-1
342,25,498.56,500.93,69.30,212.84,0.6917,-1,-1,-1
342,29,840.51,452.31,79.13,220.70,0.3875,-1,-1,-1
342,31,405.45,960.85,91.20,118.43,0.7165,-1,-1,-1
342,32,976.84,57.86,58.96,180.72,0.3981,-1,-1,-1
342,36,447.62,878.85,105.98,145.00,0.6867,-1,-1,-1
342,38,909.07,461.37,55.74,200.98,0.3544,-1,-1,-1
342,41,1034.86,68.28,53.82,169.71,0.4110,-1,-1,-1
342,43,976.38,400.47,61.44,195.88,0.6030,-1,-1,-1
342,49,396.69,487.16,92.84,242.05,0.5927,-1,-1,-1
343,1,441.54,101.55,75.70,190.52,0.3001,-1,-1,-1
343,3,952.82,924.96,63.18,151.65,0.7070,-1,-1,-1
343,4,1722.05,457.97,73.04,209.26,0.5943,-1,-1,-1
343,5,1545.89,617.78,82.61,240.54,0.5991,-1,-1,-1
343,6,220.40,339.83,64.47,185.33,0.5042,-1,-1,-1
343,11,927.40,16.75,61.23,162.60,0.3083,-1,-1,-1
343,18,423.89,354.42,77.74,195.91,0.3025,-1,-1,-1
343,25,496.39,502.23,70.61,213.38,0.6723,-1,-1,-1
343,29,838.85,453.38,77.30,220.04,0.3289,-1,-1,-1
343,31,407.35,963.02,92.35,116.36,0.7208,-1,-1,-1
343,32,976.02,57.81,57.71,177.36,0.3676,-1,-1,-1
343,36,446.29,881.75,109.29,143.96,0.6736,-1,-1,-1
343,38,909.14,462.41,55.65,200.21,0.3303,-1,-1,-1
343,41,1034.12,67.40,54.01,171.28,0.3732,-1,-1,-1
343,43,980.27,401.80,60.98,193.18,0.6358,-1,-1,-1
343,49,394.65,485.99,91.65,243.15,0.5738,-1,-1,-1
344,1,440.62,102.05,76.12,188.89,0.3213,-1,-1,-1
344,3,953.16,924.95,64.31,151.12,0.6952,-1,-1,-1
344,4,1721.64,459.28,72.62,207.17,0.6047,-1,-1,-1
344,5,1547.34,617.63,82.63,238.28,0.5899,-1,-1,-1
344,6,220.25,339.28,64.97,186.10,0.5436,-1,-1,-1
344,11,925.37,15.33,63.72,166.78,0.3476,-1,-1,-1
344,18,422.43,353.46,81.86,202.46,0.3321,-1,-1,-1
344,25,496.40,503.39,70.11,211.16,0.6449,-1,-1,-1
344,29,841.05,454.81,72.28,206.36,0.3306,-1,-1,-1
344,31,409.86,964.45,92.00,113.64,0.7272,-1,-1,-1
344,32,976.58,56.15,57.30,176.51,0.3815,-1,-1,-1
344,36,448.47,883.28,112.22,145.37,0.6799,-1,-1,-1
344,38,909.61,462.63,55.02,195.40,0.3873,-1,-1,-1
344,41,1034.18,66.29,53.92,171.73,0.3337,-1,-1,-1
344,43,983.53,405.92,61.22,191.58,0.5797,-1,-1,-1
344,49,393.88,486.51,88.55,241.78,0.6259,-1,-1,-1
345,3,953.76,925.67,65.11,149.97,0.6993,-1,-1,-1
345,4,1721.28,458.63,72.84,206.86,0.6117,-1,-1,-1
345,5,1547.59,618.72,83.58,239.96,0.5660,-1,-1,-1
345,6,219.54,338.65,64.85,185.58,0.5140,-1,-1,-1
345,11,925.38,15.79,64.19,165.91,0.3687,-1,-1,-1
345,18,424.11,352.16,79.78,193.74,0.3747,-1,-1,-1
345,25,496.35,505.63,69.52,210.74,0.5651,-1,-1,-1
345,29,838.89,454.52,74.25,215.07,0.3401,-1,-1,-1
345,31,412.76,964.27,93.48,113.38,0.7052,-1,-1,-1
345,32,976.79,53.91,56.04,172.80,0.4170,-1,-1,-1
345,36,448.88,884.67,116.52,150.99,0.6598,-1,-1,-1
345,38,910.35,463.08,55.50,194.30,0.3918,-1,-1,-1
345,41,1034.75,66.20,52.99,168.89,0.3405,-1,-1,-1
345,43,985.27,407.23,62.33,193.60,0.5287,-1,-1,-1
345,49,395.65,487.56,84.79,237.37,0.6667,-1,-1,-1
346,2,458.67,586.10,74.82,229.45,0.3697,-1,-1,-1
346,3,953.93,926.37,66.32,149.51,0.7130,-1,-1,-1
346,4,1721.85,457.76,73.27,207.94,0.6133,-1,-1,-1
346,5,1552.74,620.48,81.40,236.30,0.5691,-1,-1,-1
346,6,219.56,337.60,65.76,187.06,0.5116,-1,-1,-1
346,11,924.14,14.55,66.39,170.47,0.3310,-1,-1,-1
346,18,423.89,349.69,81.61,200.82,0.3211,-1,-1,-1
346,25,489.60,507.84,69.94,206.58,0.5514,-1,-1,-1
346,29,839.94,453.82,69.81,202.58,0.3789,-1,-1,-1
346,31,415.98,964.78,97.63,114.11,0.7048,-1,-1,-1
346,32,975.66,54.34,56.74,174.53,0.3620,-1,-1,-1
346,36,451.00,885.24,116.97,153.97,0.6693,-1,-1,-1
346,38,907.67,463.80,58.21,197.50,0.4630,-1,-1,-1
346,43,986.64,407.99,63.32,195.04,0.4623,-1,-1,-1
346,49,395.29,487.09,82.84,234.56,0.7008,-1,-1,-1
347,2,466.43,583.54,74.71,232.77,0.3937,-1,-1,-1
347,3,953.86,927.35,67.58,148.43,0.7031,-1,-1,-1
347,4,1722.50,458.22,73.36,209.14,0.6247,-1,-1,-1
347,5,1551.93,621.43,81.72,235.18,0.5572,-1,-1,-1
347,6,218.84,336.80,66.14,187.40,0.4517,-1,-1,-1
347,18,423.91,348.32,81.99,206.41,0.3355,-1,-1,-1
347,25,486.95,510.87,70.06,201.22,0.5342,-1,-1,-1
347,29,840.59,454.97,69.17,201.35,0.3360,-1,-1,-1
347,31,415.74,965.42,98.82,113.75,0.6975,-1,-1,-1
347,32,975.35,54.10,56.85,174.33,0.3638,-1,-1,-1
347,36,452.34,887.22,115.25,154.86,0.6729,-1,-1,-1
347,38,909.68,465.47,59.31,196.76,0.4581,-1,-1,-1
347,43,989.95,409.50,63.14,193.33,0.5305,-1,-1,-1
347,49,395.72,488.93,81.90,232.54,0.7110,-1,-1,-1
348,2,470.30,571.52,79.44,248.18,0.5979,-1,-1,-1
348,3,952.98,927.37,69.10,149.00,0.7289,-1,-1,-1
348,4,1722.30,457.87,73.37,209.02,0.6153,-1,-1,-1
348,5,1554.05,621.84,81.48,232.99,0.5380,-1,-1,-1
348,6,218.18,336.24,65.94,186.13,0.4055,-1,-1,-1
348,18,428.50,347.27,75.47,191.83,0.3942,-1,-1,-1
348,25,488.29,512.64,68.50,194.01,0.4439,-1,-1,-1
348,31,417.35,967.00,98.56,111.88,0.7086,-1,-1,-1
348,32,974.68,52.20,56.07,172.33,0.3428,-1,-1,-1
348,36,449.22,890.20,117.05,162.38,0.6440,-1,-1,-1
348,38,909.36,466.23,60.70,197.37,0.5207,-1,-1,-1
348,43,994.03,410.24,62.68,192.82,0.5836,-1,-1,-1
348,49,393.97,489.70,81.93,232.79,0.7211,-1,-1,-1
349,2,474.23,577.96,76.74,241.62,0.6646,-1,-1,-1
349,3,953.62,927.79,70.69,147.80,0.7385,-1,-1,-1
349,4,1722.46,457.84,73.06,208.43,0.6026,-1,-1,-1
349,5,1553.81,622.13,83.66,237.20,0.5481,-1,-1,-1
349,6,217.67,333.95,66.76,188.25,0.4351,-1,-1,-1
349,18,427.27,345.02,77.64,200.80,0.4492,-1,-1,-1
349,31,418.94,969.34,98.22,110.05,0.7049,-1,-1,-1
349,32,973.67,51.68,56.23,173.60,0.4554,-1,-1,-1
349,36,450.85,892.25,114.17,164.64,0.6408,-1,-1,-1
349,38,908.26,469.46,60.47,197.15,0.4722,-1,-1,-1
349,43,996.42,411.31,62.96,193.16,0.6044,-1,-1,-1
349,49,392.73,489.33,81.35,233.41,0.7185,-1,-1,-1
350,2,478.95,578.61,76.78,240.89,0.5704,-1,-1,-1
350,3,953.23,928.70,72.23,146.82,0.7283,-1,-1,-1
350,4,1722.27,457.71,72.96,207.44,0.6070,-1,-1,-1
350,5,1555.09,623.28,85.29,240.30,0.5350,-1,-1,-1
350,6,216.24,333.11,66.56,187.09,0.3941,-1,-1,-1
350,18,427.37,342.43,77.62,204.03,0.4445,-1,-1,-1
350,31,420.99,972.31,98.11,107.55,0.6934,-1,-1,-1
350,32,973.02,49.95,56.72,176.34,0.3872,-1,-1,-1
350,36,455.25,894.53,106.35,159.26,0.6168,-1,-1,-1
350,38,908.98,468.55,62.36,201.70,0.4104,-1,-1,-1
350,43,1000.39,410.63,63.43,194.32,0.6154,-1,-1,-1
350,49,391.09,491.35,80.78,232.56,0.6654,-1,-1,-1
351,3,953.16,929.84,74.45,146.84,0.7362,-1,-1,-1
351,4,1722.13,458.00,73.24,208.74,0.5800,-1,-1,-1
351,5,1555.01,623.87,86.34,237.05,0.5587,-1,-1,-1
351,6,214.19,330.07,66.69,187.15,0.3092,-1,-1,-1
351,8,476.22,522.61,98.14,295.12,0.6589,-1,-1,-1
351,18,427.78,339.13,77.06,205.16,0.4666,-1,-1,-1
351,31,422.90,976.03,97.01,103.63,0.6975,-1,-1,-1
351,32,972.49,49.37,56.57,177.43,0.4682,-1,-1,-1
351,36,459.49,898.11,100.01,154.83,0.5868,-1,-1,-1
351,38,909.67,469.37,63.47,204.01,0.3725,-1,-1,-1
351,43,1001.93,408.65,63.70,195.24,0.5936,-1,-1,-1
351,49,390.92,493.96,79.91,233.50,0.6816,-1,-1,-1
352,2,488.42,563.83,88.30,252.52,0.6566,-1,-1,-1
352,3,952.45,929.88,76.39,147.55,0.7255,-1,-1,-1
352,4,1722.64,457.08,73.37,209.51,0.5956,-1,-1,-1
352,5,1553.59,625.86,88.42,238.83,0.5540,-1,-1,-1
352,6,211.90,327.78,67.28,188.61,0.3163,-1,-1,-1
352,18,426.23,337.40,77.91,210.87,0.3821,-1,-1,-1
352,31,426.78,980.07,97.35,99.78,0.6904,-1,-1,-1
352,32,971.23,47.80,56.65,178.73,0.4320,-1,-1,-1
352,36,463.01,900.06,94.81,150.84,0.5720,-1,-1,-1
352,38,910.62,472.21,63.52,203.08,0.4370,-1,-1,-1
352,43,1006.79,410.00,62.98,194.07,0.5951,-1,-1,-1
352,49,390.43,495.38,79.13,234.61,0.7085,-1,-1,-1
353,2,489.20,574.82,95.42,240.91,0.7219,-1,-1,-1
353,3,952.46,930.26,78.21,147.64,0.7475,-1,-1,-1
353,4,1721.93,458.14,73.47,209.80,0.6057,-1,-1,-1
353,5,1561.17,624.79,87.80,240.33,0.5149,-1,-1,-1
353,6,211.72,325.37,67.09,188.26,0.3040,-1,-1,-1
353,18,429.77,334.56,74.73,202.02,0.4524,-1,-1,-1
353,29,843.77,459.09,74.31,219.63,0.3694,-1,-1,-1
353,31,427.54,983.80,97.80,96.21,0.6864,-1,-1,-1
353,32,969.41,47.25,57.10,179.50,0.3711,-1,-1,-1
353,36,463.54,902.35,93.84,151.18,0.4819,-1,-1,-1
353,38,910.85,473.86,63.66,202.09,0.4823,-1,-1,-1
353,43,1009.38,410.99,63.59,194.30,0.6474,-1,-1,-1
353,49,389.93,497.03,78.50,235.73,0.7021,-1,-1,-1
354,2,487.06,577.41,101.82,238.25,0.7361,-1,-1,-1
354,3,952.40,930.76,79.10,147.16,0.7472,-1,-1,-1
354,4,1721.91,458.14,73.39,209.94,0.5894,-1,-1,-1
354,5,1563.91,626.04,88.66,245.61,0.5241,-1,-1,-1
354,6,212.55,324.22,66.21,186.67,0.3003,-1,-1,-1
354,18,429.17,334.65,75.26,202.30,0.4273,-1,-1,-1
354,29,843.07,460.85,73.89,221.82,0.3659,-1,-1,-1
354,31,430.75,990.00,94.74,90.05,0.6513,-1,-1,-1
354,32,967.47,47.08,57.54,178.99,0.3174,-1,-1,-1
354,36,466.51,907.86,90.57,148.89,0.5197,-1,-1,-1
354,38,911.00,477.29,64.28,200.83,0.4620,-1,-1,-1
354,43,1012.88,413.75,64.18,193.87,0.5958,-1,-1,-1
354,49,389.35,498.63,78.69,235.44,0.6843,-1,-1,-1
355,2,484.91,579.93,106.40,236.59,0.7571,-1,-1,-1
355,3,952.04,929.58,80.70,148.11,0.7464,-1,-1,-1
355,4,1722.38,458.27,72.53,208.63,0.6057,-1,-1,-1
355,5,1566.74,628.35,87.86,245.95,0.5546,-1,-1,-1
355,18,427.06,333.50,77.75,208.29,0.4527,-1,-1,-1
355,29,843.14,463.31,73.12,222.13,0.3724,-1,-1,-1
355,31,435.82,994.66,90.77,84.29,0.6170,-1,-1,-1
355,36,466.52,910.49,94.20,160.40,0.5779,-1,-1,-1
355,38,910.67,480.62,64.09,198.51,0.4022,-1,-1,-1
355,43,1015.76,417.05,64.00,191.28,0.5705,-1,-1,-1
355,49,388.60,501.08,79.53,236.55,0.6944,-1,-1,-1
356,2,484.00,575.85,110.57,240.30,0.7304,-1,-1,-1
356,3,952.05,928.77,80.74,147.75,0.7432,-1,-1,-1
356,4,1722.25,458.29,72.36,208.61,0.6058,-1,-1,-1
356,5,1568.06,627.62,87.56,246.53,0.5845,-1,-1,-1
356,18,426.29,332.48,79.02,210.38,0.4717,-1,-1,-1
356,29,844.71,464.61,71.70,219.79,0.4241,-1,-1,-1
356,31,438.96,998.39,88.69,80.64,0.6165,-1,-1,-1
356,32,965.14,50.86,57.00,173.76,0.3363,-1,-1,-1
356,36,469.78,915.42,91.25,157.95,0.5490,-1,-1,-1
356,38,910.32,482.17,65.47,202.79,0.4206,-1,-1,-1
356,43,1017.80,418.79,64.61,190.54,0.5037,-1,-1,-1
356,49,386.51,503.65,79.59,236.35,0.6989,-1,-1,-1
357,2,485.20,573.63,113.30,242.67,0.7084,-1,-1,-1
357,3,952.55,927.66,81.38,149.19,0.7290,-1,-1,-1
357,4,1722.51,458.32,72.00,207.81,0.5888,-1,-1,-1
357,5,1570.16,630.45,86.42,243.96,0.5878,-1,-1,-1
357,18,425.21,330.66,80.70,213.49,0.4445,-1,-1,-1
357,25,471.60,520.87,71.81,216.40,0.4192,-1,-1,-1
357,29,846.36,467.22,70.00,214.50,0.4765,-1,-1,-1
357,31,443.82,1003.49,84.82,75.52,0.5528,-1,-1,-1
357,36,474.86,919.77,89.21,156.95,0.5160,-1,-1,-1
357,38,911.13,485.15,64.30,198.81,0.4847,-1,-1,-1
357,43,1022.01,420.87,67.14,193.57,0.4390,-1,-1,-1
357,49,384.83,505.17,79.77,236.89,0.6875,-1,-1,-1
358,2,487.63,578.83,112.72,236.99,0.7534,-1,-1,-1
358,3,953.09,927.27,81.81,152.53,0.7234,-1,-1,-1
358,4,1722.89,458.04,71.99,208.17,0.5798,-1,-1,-1
358,5,1570.57,632.74,85.68,242.30,0.5366,-1,-1,-1
358,6,213.29,318.47,64.02,183.38,0.3549,-1,-1,-1
358,18,424.91,331.08,80.30,210.52,0.4526,-1,-1,-1
358,25,473.59,521.58,70.53,218.39,0.5417,-1,-1,-1
358,29,847.26,468.28,70.03,215.11,0.4890,-1,-1,-1
358,31,444.23,1006.82,82.72,72.37,0.5573,-1,-1,-1
358,32,965.46,55.31,55.67,167.88,0.3174,-1,-1,-1
358,36,482.06,921.47,87.45,154.77,0.5998,-1,-1,-1
358,38,912.35,486.84,64.39,199.20,0.4784,-1,-1,-1
358,43,1022.05,423.03,69.30,193.89,0.5047,-1,-1,-1
358,49,383.20,506.24,80.88,241.35,0.6983,-1,-1,-1
359,2,487.91,579.55,112.37,235.90,0.7390,-1,-1,-1
359,3,954.19,927.18,80.23,149.83,0.7142,-1,-1,-1
359,4,1722.42,457.13,72.39,209.28,0.5837,-1,-1,-1
359,5,1570.43,635.20,85.85,242.33,0.5839,-1,-1,-1
359,6,210.15,317.33,64.71,185.15,0.3743,-1,-1,-1
359,18,424.76,330.22,80.64,210.51,0.4778,-1,-1,-1
359,25,474.00,524.05,69.04,217.17,0.5348,-1,-1,-1
359,29,847.57,474.49,71.16,216.97,0.5529,-1,-1,-1
359,31,448.70,1011.13,81.03,68.63,0.5407,-1,-1,-1
359,32,964.04,56.23,55.86,168.94,0.3723,-1,-1,-1
359,36,483.39,922.69,86.80,153.45,0.5679,-1,-1,-1
359,38,913.88,488.09,64.17,198.48,0.4437,-1,-1,-1
359,41,1028.20,61.87,53.78,164.24,0.3324,-1,-1,-1
359,43,1023.77,425.92,70.50,192.58,0.5000,-1,-1,-1
359,49,382.02,507.12,80.99,242.62,0.6909,-1,-1,-1
359,51,1752.12,74.67,56.88,171.53,0.3417,-1,-1,-1
360,2,490.43,581.10,111.42,234.92,0.6955,-1,-1,-1
360,3,954.68,926.65,80.06,150.74,0.7148,-1,-1,-1
360,4,1722.59,457.66,72.02,207.98,0.6175,-1,-1,-1
360,5,1569.01,635.42,85.76,244.42,0.5803,-1,-1,-1
360,6,209.24,317.46,64.70,185.24,0.3816,-1,-1,-1
360,18,425.97,329.29,79.89,208.94,0.5079,-1,-1,-1
360,25,473.99,528.21,67.03,219.24,0.6201,-1,-1,-1
360,29,848.65,476.11,72.61,219.54,0.5622,-1,-1,-1
360,31,449.69,1012.25,81.60,67.69,0.5192,-1,-1,-1
360,32,962.84,55.15,56.33,170.05,0.3686,-1,-1,-1
360,36,488.17,924.01,86.59,153.70,0.6046,-1,-1,-1
360,38,915.33,487.94,64.22,198.97,0.4698,-1,-1,-1
360,41,1027.20,62.05,54.15,161.96,0.3437,-1,-1,-1
360,43,1025.97,425.73,73.42,197.85,0.5173,-1,-1,-1
360,49,380.33,508.06,81.36,242.46,0.7215,-1,-1,-1
360,51,1752.45,75.61,56.92,171.64,0.3372,-1,-1,-1
361,2,495.04,577.48,110.34,238.30,0.6562,-1,-1,-1
361,3,955.66,926.25,79.66,151.38,0.7188,-1,-1,-1
361,4,1722.85,457.79,72.27,208.77,0.6122,-1,-1,-1
361,5,1567.91,635.90,85.05,243.40,0.6137,-1,-1,-1
361,18,427.08,328.49,79.06,207.79,0.5139,-1,-1,-1
361,25,473.32,529.07,69.18,229.39,0.6367,-1,-1,-1
361,29,849.95,477.54,72.47,219.41,0.6195,-1,-1,-1
361,31,452.61,1014.92,79.88,64.40,0.4415,-1,-1,-1
361,32,959.38,52.62,57.54,171.90,0.4080,-1,-1,-1
361,36,492.53,924.19,87.08,155.84,0.6524,-1,-1,-1
361,38,916.30,487.52,65.21,201.07,0.4864,-1,-1,-1
361,41,1026.03,60.74,54.40,161.55,0.3843,-1,-1,-1
361,43,1028.96,428.42,73.35,196.35,0.4507,-1,-1,-1
361,49,379.11,508.80,80.74,242.37,0.7080,-1,-1,-1
361,51,1753.00,77.05,57.33,172.87,0.3686,-1,-1,-1
362,2,504.60,577.30,105.57,235.45,0.6012,-1,-1,-1
362,3,957.13,926.16,78.49,151.53,0.6825,-1,-1,-1
362,4,1722.91,457.94,72.42,208.75,0.5889,-1,-1,-1
362,5,1569.85,634.83,85.04,245.21,0.5535,-1,-1,-1
362,18,430.30,325.39,77.41,205.36,0.4851,-1,-1,-1
362,25,471.12,526.12,69.63,235.70,0.6950,-1,-1,-1
362,29,850.07,477.86,72.04,218.65,0.5482,-1,-1,-1
362,31,452.23,1017.56,76.84,61.05,0.4468,-1,-1,-1
362,32,956.97,49.95,58.89,174.27,0.4191,-1,-1,-1
362,36,497.09,926.69,88.03,153.48,0.6729,-1,-1,-1
362,38,916.06,489.51,65.13,199.91,0.3961,-1,-1,-1
362,41,1025.39,59.81,54.81,162.71,0.3819,-1,-1,-1
362,43,1031.06,429.48,73.40,195.31,0.4730,-1,-1,-1
362,49,377.23,509.85,79.67,240.40,0.6908,-1,-1,-1
362,51,1753.67,81.63,56.32,169.76,0.3803,-1,-1,-1
362,52,797.92,153.94,56.72,166.38,0.3047,-1,-1,-1
363,2,511.81,576.68,101.93,233.49,0.6178,-1,-1,-1
363,3,958.62,926.02,77.38,151.51,0.6450,-1,-1,-1
363,4,1722.97,458.19,72.38,208.38,0.5977,-1,-1,-1
363,5,1571.62,634.83,84.38,244.39,0.5802,-1,-1,-1
363,18,432.45,323.99,76.82,207.44,0.4889,-1,-1,-1
363,25,472.25,535.43,67.21,226.59,0.7131,-1,-1,-1
363,29,851.57,478.91,70.76,216.83,0.5921,-1,-1,-1
363,31,454.65,1018.15,79.56,61.19,0.5111,-1,-1,-1
363,32,956.47,48.32,58.82,173.48,0.3449,-1,-1,-1
363,36,500.40,928.63,90.05,151.59,0.6548,-1,-1,-1
363,38,916.23,491.73,64.88,198.26,0.4514,-1,-1,-1
363,41,1025.07,59.44,55.01,161.61,0.4396,-1,-1,-1
363,43,1034.27,429.70,73.08,195.65,0.5349,-1,-1,-1
363,49,375.95,509.81,79.47,240.03,0.7083,-1,-1,-1
363,51,1753.30,81.83,56.54,170.44,0.3731,-1,-1,-1
363,52,795.03,154.01,56.65,166.39,0.3131,-1,-1,-1
364,2,519.76,576.06,98.76,236.13,0.6583,-1,-1,-1
364,3,960.41,925.24,76.72,152.83,0.6626,-1,-1,-1
364,4,1722.18,458.00,72.67,208.28,0.5894,-1,-1,-1
364,5,1571.73,633.74,84.10,246.29,0.5528,-1,-1,-1
364,18,433.39,322.69,75.41,206.73,0.4866,-1,-1,-1
364,25,470.93,539.57,66.39,223.67,0.7209,-1,-1,-1
364,29,852.46,478.22,71.15,217.54,0.5556,-1,-1,-1
364,31,455.82,1018.31,81.54,61.62,0.4987,-1,-1,-1
364,32,956.78,47.41,58.61,172.91,0.3105,-1,-1,-1
364,36,504.64,932.12,91.56,148.07,0.6698,-1,-1,-1
364,38,916.92,492.43,64.74,197.76,0.4146,-1,-1,-1
364,41,1023.95,58.40,55.84,162.55,0.3819,-1,-1,-1
364,43,1039.15,430.03,71.86,194.18,0.6047,-1,-1,-1
364,49,373.99,511.37,79.30,239.49,0.6917,-1,-1,-1
364,51,1753.61,82.76,56.30,169.69,0.3100,-1,-1,-1
364,52,794.10,154.10,56.43,166.07,0.3252,-1,-1,-1
365,2,530.29,573.51,94.49,237.86,0.6433,-1,-1,-1
365,3,961.12,923.45,76.20,155.00,0.6770,-1,-1,-1
365,4,1722.41,456.89,72.95,209.52,0.5713,-1,-1,-1
365,5,1573.25,635.31,82.15,243.09,0.6048,-1,-1,-1
365,18,434.21,317.73,74.47,209.06,0.5329,-1,-1,-1
365,25,469.81,537.84,67.12,227.38,0.7146,-1,-1,-1
365,29,851.87,479.13,71.02,215.94,0.5337,-1,-1,-1
365,31,455.91,1016.74,83.92,63.25,0.4654,-1,-1,-1
365,36,508.20,934.06,93.94,146.08,0.6750,-1,-1,-1
365,38,916.78,490.47,65.53,199.89,0.4050,-1,-1,-1
365,41,1022.94,58.17,56.19,161.88,0.3884,-1,-1,-1
365,43,1043.03,430.78,70.98,193.70,0.6229,-1,-1,-1
365,49,370.82,512.52,79.13,237.82,0.6926,-1,-1,-1
365,52,794.14,154.31,56.27,165.80,0.3125,-1,-1,-1
366,1,440.17,80.70,73.49,192.53,0.3175,-1,-1,-1
366,2,537.65,572.58,88.31,239.73,0.7075,-1,-1,-1
366,3,963.31,922.78,75.00,155.96,0.7050,-1,-1,-1
366,4,1722.04,457.32,72.75,209.19,0.5805,-1,-1,-1
366,5,1574.32,633.38,83.19,246.60,0.5604,-1,-1,-1
366,18,436.41,316.13,73.27,209.08,0.5350,-1,-1,-1
366,25,468.41,539.17,67.20,231.71,0.7373,-1,-1,-1
366,29,851.32,479.81,71.16,215.35,0.5810,-1,-1,-1
366,31,455.22,1017.26,82.44,62.68,0.3916,-1,-1,-1
366,32,958.37,49.57,56.94,166.75,0.3246,-1,-1,-1
366,36,512.45,936.74,95.48,143.36,0.6744,-1,-1,-1
366,38,916.46,490.02,66.15,201.12,0.4541,-1,-1,-1
366,41,1021.79,59.25,54.77,157.10,0.4131,-1,-1,-1
366,43,1045.99,430.25,70.78,195.53,0.6339,-1,-1,-1
366,49,367.10,512.19,79.78,237.22,0.7386,-1,-1,-1
366,52,793.75,153.78,56.45,167.01,0.3456,-1,-1,-1
367,2,541.19,572.03,85.10,242.91,0.6913,-1,-1,-1
367,3,964.67,921.36,73.98,156.57,0.7096,-1,-1,-1
367,4,1721.61,457.66,72.66,209.52,0.5755,-1,-1,-1
367,5,1577.66,640.83,82.87,240.33,0.5770,-1,-1,-1
367,18,437.55,314.01,72.40,209.09,0.5601,-1,-1,-1
367,25,466.98,540.12,66.90,233.30,0.7385,-1,-1,-1
367,29,851.69,479.88,72.20,217.71,0.5989,-1,-1,-1
367,31,459.80,1021.06,76.79,58.96,0.3442,-1,-1,-1
367,32,957.69,47.70,57.52,167.59,0.3204,-1,-1,-1
367,36,511.95,941.07,96.88,139.04,0.6848,-1,-1,-1
367,38,915.76,490.94,66.59,202.42,0.4410,-1,-1,-1
367,41,1021.32,58.72,54.37,155.29,0.4284,-1,-1,-1
367,43,1049.51,430.70,69.75,194.44,0.6265,-1,-1,-1
367,49,363.98,514.56,81.21,235.26,0.7544,-1,-1,-1
367,52,793.80,153.71,56.32,167.41,0.3321,-1,-1,-1
368,2,545.19,571.82,82.48,241.27,0.6900,-1,-1,-1
368,3,966.51,921.24,73.38,157.21,0.6915,-1,-1,-1
368,4,1722.57,458.00,72.42,207.67,0.5794,-1,-1,-1
368,5,1578.82,644.71,82.74,234.97,0.5187,-1,-1,-1
368,18,438.50,312.70,71.54,208.12,0.5695,-1,-1,-1
368,25,465.57,540.69,66.92,233.21,0.7517,-1,-1,-1
368,29,851.17,480.88,71.53,217.53,0.6341,-1,-1,-1
368,36,514.59,943.31,99.10,136.78,0.6921,-1,-1,-1
368,38,915.55,492.03,66.88,202.35,0.4875,-1,-1,-1
368,41,1020.96,57.97,54.20,154.13,0.4449,-1,-1,-1
368,43,1053.31,432.04,69.91,197.59,0.6633,-1,-1,-1
368,49,361.19,515.17,83.38,234.93,0.7695,-1,-1,-1
368,52,794.71,152.05,56.98,168.80,0.3290,-1,-1,-1
369,2,546.87,572.51,81.80,240.99,0.6850,-1,-1,-1
369,3,967.99,920.97,73.04,158.00,0.7150,-1,-1,-1
369,4,1723.29,458.23,72.63,206.46,0.5701,-1,-1,-1
369,5,1577.92,645.38,84.05,236.32,0.5141,-1,-1,-1
369,18,439.16,310.45,71.20,209.93,0.5335,-1,-1,-1
369,25,464.58,540.94,66.59,232.57,0.7328,-1,-1,-1
369,29,850.05,482.24,71.05,219.48,0.5734,-1,-1,-1
369,32,957.87,47.63,57.20,167.85,0.3068,-1,-1,-1
369,36,518.15,946.20,101.06,133.86,0.6971,-1,-1,-1
369,38,914.22,493.63,67.65,204.10,0.3973,-1,-1,-1
369,41,1019.64,57.10,54.63,155.59,0.4412,-1,-1,-1
369,43,1057.20,432.86,68.83,194.50,0.6209,-1,-1,-1
369,49,357.74,516.03,86.65,239.48,0.7539,-1,-1,-1
369,52,795.02,151.91,57.16,169.23,0.3325,-1,-1,-1
370,2,548.15,572.65,82.27,240.81,0.6620,-1,-1,-1
370,3,968.70,919.56,73.40,158.70,0.7278,-1,-1,-1
370,4,1722.65,457.64,73.26,208.13,0.5860,-1,-1,-1
370,5,1577.83,644.77,84.76,235.57,0.4653,-1,-1,-1
370,18,440.10,309.19,71.33,212.93,0.5436,-1,-1,-1
370,25,463.18,541.31,66.78,232.23,0.7271,-1,-1,-1
370,29,850.79,482.43,69.72,217.17,0.4652,-1,-1,-1
370,36,521.80,951.50,101.94,128.56,0.6847,-1,-1,-1
370,38,915.58,497.68,67.33,203.17,0.3749,-1,-1,-1
370,41,1017.43,55.65,56.08,158.79,0.4010,-1,-1,-1
370,43,1059.05,434.86,69.67,198.71,0.6176,-1,-1,-1
370,49,353.84,518.94,88.67,242.80,0.7171,-1,-1,-1
370,52,795.38,152.53,57.18,167.98,0.3142,-1,-1,-1
371,2,552.48,572.27,85.46,241.56,0.6371,-1,-1,-1
371,3,969.96,917.50,74.22,160.78,0.7223,-1,-1,-1
371,4,1722.85,457.73,73.34,207.57,0.5573,-1,-1,-1
371,5,1578.52,638.97,87.35,240.32,0.3970,-1,-1,-1
371,18,441.15,310.05,70.29,210.01,0.5039,-1,-1,-1
371,25,461.65,541.73,66.98,232.10,0.7148,-1,-1,-1
371,29,849.85,482.69,71.47,224.45,0.4585,-1,-1,-1
371,36,522.95,954.89,104.30,125.16,0.6957,-1,-1,-1
371,38,915.52,503.01,67.78,203.47,0.4722,-1,-1,-1
371,41,1016.36,54.13,57.16,160.83,0.3365,-1,-1,-1
371,43,1062.39,435.99,69.84,199.34,0.6657,-1,-1,-1
371,49,350.33,522.36,89.65,242.28,0.6988,-1,-1,-1
371,51,1762.52,93.29,53.42,159.29,0.3381,-1,-1,-1
371,52,795.60,153.08,57.62,167.96,0.3024,-1,-1,-1
372,2,557.14,571.16,91.58,242.98,0.6555,-1,-1,-1
372,3,971.49,917.10,75.37,161.28,0.7405,-1,-1,-1
372,4,1722.77,458.74,73.74,206.78,0.5365,-1,-1,-1
372,5,1577.43,645.49,86.32,233.84,0.4455,-1,-1,-1
372,18,442.28,310.59,69.94,209.40,0.5496,-1,-1,-1
372,25,460.48,542.17,66.98,230.19,0.7108,-1,-1,-1
372,29,849.87,484.10,71.17,224.37,0.4061,-1,-1,-1
372,36,524.65,959.10,104.75,120.96,0.6824,-1,-1,-1
372,38,914.32,505.42,68.49,203.57,0.4702,-1,-1,-1
372,41,1015.46,53.39,58.19,163.54,0.3705,-1,-1,-1
372,43,1064.11,439.00,71.00,203.35,0.6598,-1,-1,-1
372,49,349.30,524.93,90.97,242.93,0.7195,-1,-1,-1
372,51,1764.10,96.14,53.60,156.97,0.3662,-1,-1,-1
373,2,557.23,571.02,96.53,243.05,0.6639,-1,-1,-1
373,3,972.70,915.63,76.50,162.30,0.7324,-1,-1,-1
373,4,1722.37,458.04,74.91,207.95,0.5363,-1,-1,-1
373,5,1576.81,645.57,86.55,232.02,0.4215,-1,-1,-1
373,18,442.67,309.56,69.85,209.98,0.5553,-1,-1,-1
373,25,459.26,543.41,66.77,229.19,0.7047,-1,-1,-1
373,29,849.50,485.67,70.24,222.74,0.3831,-1,-1,-1
373,36,524.99,962.52,105.58,117.50,0.6650,-1,-1,-1
373,38,914.63,505.73,69.27,205.26,0.4771,-1,-1,-1
373,41,1015.30,52.83,57.65,162.03,0.3822,-1,-1,-1
373,43,1067.05,441.22,70.92,203.16,0.6469,-1,-1,-1
373,49,347.97,526.95,90.50,239.64,0.6988,-1,-1,-1
374,2,559.24,569.57,99.72,244.14,0.6560,-1,-1,-1
374,3,973.04,915.47,77.29,162.81,0.7307,-1,-1,-1
374,4,1721.29,456.90,75.76,207.99,0.5488,-1,-1,-1
374,5,1575.86,645.83,87.97,232.77,0.4282,-1,-1,-1
374,18,443.64,308.88,69.40,208.76,0.5965,-1,-1,-1
374,25,457.76,545.40,66.37,225.62,0.7049,-1,-1,-1
374,29,850.72,488.15,68.74,218.62,0.4420,-1,-1,-1
374,36,526.04,964.52,106.33,115.52,0.6549,-1,-1,-1
374,38,913.99,506.43,69.59,205.70,0.5504,-1,-1,-1
374,41,1014.41,52.37,57.50,161.74,0.3986,-1,-1,-1
374,43,1071.68,443.05,69.64,201.77,0.6222,-1,-1,-1
374,49,345.84,527.67,90.28,238.03,0.7001,-1,-1,-1
374,52,794.65,152.66,58.05,166.70,0.3119,-1,-1,-1
375,2,563.59,567.96,102.01,245.41,0.6324,-1,-1,-1
375,3,973.25,914.25,78.44,164.71,0.7215,-1,-1,-1
375,4,1719.75,457.00,76.57,208.58,0.5773,-1,-1,-1
375,18,445.32,307.36,69.49,209.23,0.6044,-1,-1,-1
375,25,456.78,547.02,67.09,222.43,0.7348,-1,-1,-1
375,29,852.12,490.48,67.64,216.54,0.4046,-1,-1,-1
375,36,527.46,966.45,106.07,113.59,0.6393,-1,-1,-1
375,38,913.95,507.09,69.52,205.73,0.5549,-1,-1,-1
375,41,1014.29,52.01,56.98,160.34,0.4206,-1,-1,-1
375,43,1075.91,444.11,69.63,203.06,0.5902,-1,-1,-1
375,49,344.48,528.64,90.64,237.83,0.6902,-1,-1,-1
375,52,792.53,151.42,59.14,167.94,0.3376,-1,-1,-1
376,2,566.24,564.67,104.25,250.10,0.5840,-1,-1,-1
376,3,974.28,912.60,79.05,166.64,0.7171,-1,-1,-1
376,4,1719.55,456.79,76.41,209.70,0.6119,-1,-1,-1
376,5,1576.73,647.61,89.24,233.11,0.3188,-1,-1,-1
376,18,446.91,306.39,69.40,209.00,0.5908,-1,-1,-1
376,25,454.83,549.41,67.75,223.61,0.7416,-1,-1,-1
376,29,852.42,494.50,67.01,215.95,0.5090,-1,-1,-1
376,36,530.34,969.12,104.09,110.91,0.6359,-1,-1,-1
376,38,913.86,507.16,69.29,206.44,0.5748,-1,-1,-1
376,41,1013.52,52.64,57.52,162.43,0.3713,-1,-1,-1
376,43,1079.18,444.83,68.92,201.21,0.5825,-1,-1,-1
376,49,342.10,531.77,90.37,235.90,0.6838,-1,-1,-1
376,52,791.33,153.39,58.88,167.51,0.3243,-1,-1,-1
377,2,569.13,564.48,104.20,249.60,0.5901,-1,-1,-1
377,3,973.66,911.55,80.42,167.64,0.7053,-1,-1,-1
377,4,1719.89,456.71,75.64,208.93,0.6236,-1,-1,-1
377,18,447.38,303.86,69.82,210.84,0.6378,-1,-1,-1
377,25,453.39,550.86,68.87,228.03,0.7338,-1,-1,-1
377,29,852.35,495.62,66.43,214.28,0.5071,-1,-1,-1
377,36,530.64,969.39,103.90,110.62,0.6485,-1,-1,-1
377,38,913.70,508.22,68.60,205.08,0.5751,-1,-1,-1
377,41,1013.13,51.66,57.12,161.42,0.3950,-1,-1,-1
377,43,1080.73,447.15,68.76,200.75,0.5975,-1,-1,-1
377,49,339.84,534.08,89.56,231.65,0.6855,-1,-1,-1
377,52,791.39,153.21,59.51,167.06,0.3005,-1,-1,-1
378,2,571.02,563.25,103.03,248.80,0.5010,-1,-1,-1
378,3,974.44,910.10,81.74,169.86,0.7159,-1,-1,-1
378,4,1720.01,456.48,75.74,209.40,0.6188,-1,-1,-1
378,18,448.45,302.78,70.02,209.89,0.6321,-1,-1,-1
378,25,452.15,553.21,69.33,230.17,0.7250,-1,-1,-1
378,29,850.78,492.37,68.77,223.64,0.5067,-1,-1,-1
378,36,532.76,971.28,101.95,108.75,0.6423,-1,-1,-1
378,38,914.60,509.26,67.86,204.19,0.5561,-1,-1,-1
378,41,1012.73,51.95,56.98,161.82,0.3790,-1,-1,-1
378,43,1084.64,449.34,67.69,197.70,0.6358,-1,-1,-1
378,49,338.30,534.74,89.29,230.68,0.6962,-1,-1,-1
379,2,574.35,562.20,101.51,248.75,0.4036,-1,-1,-1
379,3,975.11,909.75,82.54,169.90,0.7198,-1,-1,-1
379,4,1720.26,457.07,75.75,208.44,0.6199,-1,-1,-1
379,18,448.34,301.07,70.30,208.37,0.6428,-1,-1,-1
379,25,450.92,555.18,70.27,233.37,0.7144,-1,-1,-1
379,29,850.28,492.54,69.37,226.21,0.5169,-1,-1,-1
379,36,534.67,972.81,100.07,107.23,0.6109,-1,-1,-1
379,38,915.11,508.73,67.71,204.90,0.5595,-1,-1,-1
379,41,1011.85,51.04,57.52,164.72,0.3872,-1,-1,-1
379,43,1089.71,448.56,67.37,200.14,0.6337,-1,-1,-1
379,49,337.88,535.97,88.17,227.73,0.6948,-1,-1,-1
380,3,975.68,908.83,83.18,170.43,0.7103,-1,-1,-1
380,4,1719.93,456.48,76.01,209.56,0.6107,-1,-1,-1
380,18,448.66,299.02,70.06,205.50,0.5915,-1,-1,-1
380,25,449.42,558.76,69.37,230.47,0.7314,-1,-1,-1
380,29,850.27,492.51,67.81,218.74,0.4426,-1,-1,-1
380,32,955.94,34.58,58.62,177.12,0.3062,-1,-1,-1
380,36,536.78,974.14,98.25,105.85,0.6081,-1,-1,-1
380,38,915.33,506.97,67.65,205.17,0.4806,-1,-1,-1
380,41,1011.46,50.05,57.14,165.39,0.4299,-1,-1,-1
380,43,1091.75,449.11,66.74,199.18,0.6023,-1,-1,-1
380,49,336.94,536.99,87.94,227.03,0.7025,-1,-1,-1
381,2,589.49,562.42,94.80,239.46,0.3209,-1,-1,-1
381,3,976.07,907.89,83.79,171.44,0.7045,-1,-1,-1
381,4,1719.58,456.32,75.62,209.52,0.6324,-1,-1,-1
381,18,448.57,297.64,70.01,202.94,0.6312,-1,-1,-1
381,25,448.50,561.51,69.81,234.10,0.7347,-1,-1,-1
381,29,848.71,492.68,68.36,219.60,0.3918,-1,-1,-1
381,32,956.41,33.12,57.49,176.63,0.3207,-1,-1,-1
381,36,540.13,977.39,95.01,102.63,0.6081,-1,-1,-1
381,38,916.48,506.74,67.30,204.65,0.4835,-1,-1,-1
381,41,1011.20,49.42,56.75,165.92,0.4501,-1,-1,-1
381,43,1093.51,449.21,66.59,198.25,0.6688,-1,-1,-1
381,49,335.00,537.54,89.21,235.29,0.7547,-1,-1,-1
381,52,790.27,151.77,61.22,169.44,0.3087,-1,-1,-1
382,3,976.40,907.23,84.11,171.56,0.7193,-1,-1,-1
382,4,1719.10,456.88,75.01,208.01,0.6005,-1,-1,-1
382,18,448.84,294.54,70.98,203.51,0.6233,-1,-1,-1
382,25,447.73,562.11,69.80,235.32,0.7429,-1,-1,-1
382,32,957.65,32.80,56.40,174.73,0.3700,-1,-1,-1
382,36,543.72,980.73,91.73,99.30,0.5994,-1,-1,-1
382,38,916.79,509.49,67.17,203.45,0.4695,-1,-1,-1
382,41,1010.80,48.08,57.16,169.55,0.4642,-1,-1,-1
382,43,1095.12,448.62,67.18,199.99,0.6667,-1,-1,-1
382,49,334.93,539.20,87.41,236.16,0.7804,-1,-1,-1
382,52,790.31,151.70,61.78,169.64,0.3057,-1,-1,-1
383,3,977.73,906.31,83.86,172.09,0.6950,-1,-1,-1
383,4,1719.10,456.52,75.10,209.39,0.6006,-1,-1,-1
383,18,449.13,291.78,71.85,204.24,0.5802,-1,-1,-1
383,25,446.97,561.16,70.80,237.05,0.7658,-1,-1,-1
383,29,850.89,497.13,66.80,213.27,0.3741,-1,-1,-1
383,32,959.30,31.75,55.13,172.37,0.3902,-1,-1,-1
383,36,548.61,989.21,84.88,90.80,0.5859,-1,-1,-1
383,38,916.40,510.72,67.34,202.83,0.4879,-1,-1,-1
383,41,1011.21,47.49,56.48,169.83,0.4480,-1,-1,-1
383,43,1097.96,449.01,66.83,198.25,0.6580,-1,-1,-1
383,49,334.47,539.94,86.12,235.45,0.7797,-1,-1,-1
383,51,1773.52,95.48,57.47,166.10,0.3186,-1,-1,-1
383,52,789.87,151.43,62.34,170.25,0.3289,-1,-1,-1
384,1,451.32,75.12,68.90,185.97,0.3057,-1,-1,-1
384,3,978.78,906.32,83.65,172.35,0.6984,-1,-1,-1
384,4,1718.94,456.84,74.01,208.31,0.5856,-1,-1,-1
384,5,1599.06,651.14,79.02,226.53,0.3164,-1,-1,-1
384,18,448.87,289.89,72.82,205.98,0.6012,-1,-1,-1
384,25,444.84,564.33,71.11,234.67,0.7714,-1,-1,-1
384,29,851.85,497.33,66.78,211.21,0.4244,-1,-1,-1
384,32,958.71,30.53,55.35,173.32,0.3277,-1,-1,-1
384,36,553.17,993.41,82.16,86.58,0.5777,-1,-1,-1
384,38,916.98,512.82,67.47,201.78,0.5728,-1,-1,-1
384,41,1011.28,46.07,55.74,169.30,0.4228,-1,-1,-1
384,43,1101.12,453.84,67.63,197.33,0.6481,-1,-1,-1
384,49,334.07,540.48,85.23,237.67,0.7748,-1,-1,-1
384,51,1773.29,98.27,57.45,163.27,0.3732,-1,-1,-1
384,52,789.38,151.17,62.86,170.42,0.3413,-1,-1,-1
385,1,452.82,74.08,68.32,185.73,0.3203,-1,-1,-1
385,3,979.65,905.88,83.04,172.73,0.7089,-1,-1,-1
385,4,1718.42,457.00,73.53,208.07,0.6486,-1,-1,-1
385,18,446.94,289.05,74.20,207.74,0.5651,-1,-1,-1
385,25,444.40,563.97,71.81,235.83,0.7674,-1,-1,-1
385,29,852.56,499.43,66.61,208.10,0.4454,-1,-1,-1
385,32,958.03,30.70,55.37,172.14,0.3545,-1,-1,-1
385,36,556.57,997.69,79.83,82.33,0.5668,-1,-1,-1
385,38,919.54,514.85,67.79,203.70,0.5243,-1,-1,-1
385,41,1011.26,45.80,55.61,170.63,0.3896,-1,-1,-1
385,43,1103.58,454.43,69.43,200.28,0.5821,-1,-1,-1
385,49,333.58,541.30,85.16,239.37,0.7686,-1,-1,-1
385,51,1773.24,98.57,58.40,164.00,0.3699,-1,-1,-1
385,52,789.34,150.93,63.35,170.73,0.3642,-1,-1,-1
386,1,453.23,73.67,68.53,185.69,0.3303,-1,-1,-1
386,3,980.97,905.10,82.13,173.19,0.6759,-1,-1,-1
386,4,1719.30,457.42,73.13,207.42,0.5985,-1,-1,-1
386,18,445.89,288.18,75.64,208.45,0.5690,-1,-1,-1
386,25,442.57,565.20,71.84,235.33,0.7521,-1,-1,-1
386,29,851.69,500.08,67.39,208.70,0.4784,-1,-1,-1
386,32,955.88,29.57,56.05,172.12,0.3371,-1,-1,-1
386,36,561.54,1002.28,77.05,77.73,0.5119,-1,-1,-1
386,38,918.72,515.69,68.42,205.19,0.4938,-1,-1,-1
386,41,1011.41,45.80,53.54,164.63,0.3484,-1,-1,-1
386,43,1108.48,456.11,69.88,200.23,0.5336,-1,-1,-1
386,49,332.82,544.28,85.42,239.06,0.7442,-1,-1,-1
386,51,1773.74,98.48,59.78,164.63,0.3664,-1,-1,-1
386,52,788.26,150.98,63.93,170.61,0.3583,-1,-1,-1
387,3,982.45,904.60,80.88,173.11,0.6608,-1,-1,-1
387,4,1719.45,458.34,72.75,206.46,0.5508,-1,-1,-1
387,18,446.05,288.14,76.90,208.27,0.5789,-1,-1,-1
387,25,440.44,565.15,71.48,235.69,0.7457,-1,-1,-1
387,29,851.38,499.92,68.34,211.25,0.4371,-1,-1,-1
387,32,955.79,29.70,56.31,171.37,0.3244,-1,-1,-1
387,36,564.69,1005.56,75.64,74.40,0.5012,-1,-1,-1
387,38,920.83,517.99,69.09,209.59,0.4461,-1,-1,-1
387,41,1011.62,45.16,52.62,162.11,0.3194,-1,-1,-1
387,43,1112.25,458.44,71.20,199.33,0.5176,-1,-1,-1
387,49,331.56,545.58,87.01,244.01,0.7475,-1,-1,-1
387,51,1772.96,95.97,61.56,169.45,0.3668,-1,-1,-1
387,52,788.03,150.39,64.50,171.51,0.3466,-1,-1,-1
388,3,983.21,904.44,80.71,173.66,0.6202,-1,-1,-1
388,4,1719.14,457.31,72.85,207.21,0.5456,-1,-1,-1
388,18,445.37,287.64,78.30,208.61,0.5925,-1,-1,-1
388,25,439.30,567.35,70.92,234.12,0.7461,-1,-1,-1
388,29,851.20,501.85,68.22,209.90,0.4324,-1,-1,-1
388,32,955.76,29.52,56.64,171.88,0.3445,-1,-1,-1
388,36,568.12,1010.33,72.83,69.70,0.4464,-1,-1,-1
388,38,921.27,519.63,68.56,208.61,0.4739,-1,-1,-1
388,41,1012.09,45.00,51.65,158.61,0.3209,-1,-1,-1
388,43,1113.82,462.52,73.27,198.32,0.5451,-1,-1,-1
388,49,328.56,550.24,88.85,247.62,0.7585,-1,-1,-1
388,51,1772.71,93.58,63.05,172.88,0.3624,-1,-1,-1
388,52,789.01,150.72,64.14,170.82,0.3476,-1,-1,-1
389,3,984.05,904.74,80.64,173.47,0.6536,-1,-1,-1
389,4,1719.74,457.40,73.14,208.48,0.5552,-1,-1,-1
389,18,443.78,287.11,79.83,209.11,0.6108,-1,-1,-1
389,25,438.19,568.05,71.37,232.65,0.7651,-1,-1,-1
389,29,853.58,501.11,64.77,195.21,0.4285,-1,-1,-1
389,32,954.48,29.20,57.03,172.06,0.3471,-1,-1,-1
389,36,570.02,1013.05,72.02,66.97,0.4309,-1,-1,-1
389,38,922.88,524.59,67.70,203.32,0.5317,-1,-1,-1
389,41,1011.07,43.95,52.66,161.56,0.3580,-1,-1,-1
389,43,1116.55,463.63,76.25,200.79,0.4800,-1,-1,-1
389,49,327.14,552.20,89.46,245.74,0.7756,-1,-1,-1
389,51,1771.24,85.11,65.63,181.44,0.3486,-1,-1,-1
389,52,789.26,150.98,64.07,170.47,0.3568,-1,-1,-1
390,1,457.47,70.91,71.70,189.91,0.3297,-1,-1,-1
390,3,983.89,904.51,80.89,173.53,0.6174,-1,-1,-1
390,4,1719.43,456.68,73.00,208.98,0.5492,-1,-1,-1
390,18,443.11,287.05,80.74,209.12,0.6382,-1,-1,-1
390,25,436.80,569.15,71.86,231.69,0.7766,-1,-1,-1
390,29,851.49,503.69,70.30,212.61,0.5204,-1,-1,-1
390,32,954.93,28.44,57.15,173.17,0.3587,-1,-1,-1
390,36,573.04,1015.64,71.07,64.39,0.3864,-1,-1,-1
390,38,924.00,526.27,67.84,201.04,0.5937,-1,-1,-1
390,41,1010.87,43.14,53.38,163.79,0.3871,-1,-1,-1
390,43,1120.24,464.53,77.18,201.66,0.4757,-1,-1,-1
390,49,324.52,553.69,89.84,245.23,0.7912,-1,-1,-1
390,51,1770.81,89.02,63.96,178.23,0.3544,-1,-1,-1
390,52,790.03,151.33,63.66,169.96,0.3919,-1,-1,-1
391,1,458.26,70.80,72.46,189.05,0.3364,-1,-1,-1
391,3,982.53,904.81,81.55,174.47,0.6166,-1,-1,-1
391,4,1719.55,456.79,73.39,210.51,0.5625,-1,-1,-1
391,18,443.24,284.82,81.10,209.31,0.6376,-1,-1,-1
391,25,435.20,572.48,72.37,229.08,0.8020,-1,-1,-1
391,29,851.59,506.98,70.77,212.80,0.5873,-1,-1,-1
391,32,954.10,28.40,57.22,172.48,0.4099,-1,-1,-1
391,36,575.94,1016.94,71.30,62.76,0.3882,-1,-1,-1
391,38,923.55,527.70,70.58,208.32,0.6189,-1,-1,-1
391,41,1010.50,42.35,53.75,164.69,0.3629,-1,-1,-1
391,43,1122.33,465.80,77.45,202.11,0.4453,-1,-1,-1
391,49,322.93,556.41,90.51,245.43,0.7920,-1,-1,-1
391,51,1771.71,101.57,59.97,166.16,0.3898,-1,-1,-1
391,52,789.66,152.92,62.69,168.62,0.3700,-1,-1,-1
392,1,458.75,71.90,72.88,188.04,0.3391,-1,-1,-1
392,3,981.91,905.06,82.07,173.36,0.6710,-1,-1,-1
392,4,1720.99,456.83,72.58,209.17,0.5862,-1,-1,-1
392,18,443.53,282.80,81.14,210.84,0.6669,-1,-1,-1
392,25,434.11,574.06,73.58,229.86,0.8104,-1,-1,-1
392,29,849.74,508.56,74.28,226.76,0.5647,-1,-1,-1
392,32,954.42,28.19,57.26,172.41,0.3946,-1,-1,-1
392,36,576.56,1016.93,73.57,63.03,0.4018,-1,-1,-1
392,38,922.93,528.67,71.65,209.25,0.6076,-1,-1,-1
392,41,1011.12,41.90,53.09,161.60,0.3321,-1,-1,-1
392,43,1126.98,467.69,75.87,198.98,0.5122,-1,-1,-1
392,49,321.00,557.08,92.25,248.08,0.8023,-1,-1,-1
392,51,1772.80,107.04,58.92,162.36,0.3532,-1,-1,-1
392,52,789.79,153.19,61.91,168.13,0.3891,-1,-1,-1
393,1,459.54,71.92,72.94,186.97,0.3361,-1,-1,-1
393,3,981.47,905.90,82.45,172.29,0.6830,-1,-1,-1
393,4,1721.26,456.65,72.45,209.77,0.5854,-1,-1,-1
393,18,444.92,279.41,80.38,212.00,0.6620,-1,-1,-1
393,25,432.52,576.99,73.93,230.99,0.8171,-1,-1,-1
393,29,849.92,510.73,72.83,222.74,0.5589,-1,-1,-1
393,32,954.06,28.76,57.42,172.47,0.3862,-1,-1,-1
393,36,578.18,1017.48,74.90,62.55,0.4238,-1,-1,-1
393,38,924.76,529.51,72.41,210.82,0.6582,-1,-1,-1
393,41,1011.23,41.35,53.32,161.20,0.3197,-1,-1,-1
393,43,1130.71,466.57,75.86,201.64,0.5165,-1,-1,-1
393,49,320.10,559.59,93.02,247.60,0.7958,-1,-1,-1
393,51,1772.24,110.21,59.37,161.85,0.3668,-1,-1,-1
393,52,790.05,153.13,61.31,168.03,0.3824,-1,-1,-1
394,1,460.51,71.35,73.21,187.13,0.3026,-1,-1,-1
394,3,981.90,906.88,82.30,171.11,0.6815,-1,-1,-1
394,4,1719.98,456.20,72.55,210.86,0.5811,-1,-1,-1
394,18,446.61,277.33,78.88,212.14,0.6724,-1,-1,-1
394,25,431.75,579.75,72.96,230.44,0.8000,-1,-1,-1
394,29,849.86,511.95,74.27,229.09,0.5168,-1,-1,-1
394,32,954.77,29.83,57.06,171.54,0.3830,-1,-1,-1
394,36,579.50,1017.93,76.39,62.04,0.4425,-1,-1,-1
394,38,925.78,524.47,72.43,213.43,0.6616,-1,-1,-1
394,41,1009.92,40.71,54.56,163.65,0.3463,-1,-1,-1
394,43,1136.05,467.06,74.42,201.82,0.5342,-1,-1,-1
394,49,319.67,560.55,93.06,247.65,0.7911,-1,-1,-1
394,51,1771.31,111.96,60.19,161.67,0.3447,-1,-1,-1
394,52,790.59,151.39,61.69,169.39,0.3716,-1,-1,-1
395,3,982.50,906.90,82.76,171.13,0.6671,-1,-1,-1
395,4,1720.13,456.05,72.45,211.63,0.5830,-1,-1,-1
395,18,448.36,275.54,76.86,209.81,0.6572,-1,-1,-1
395,25,430.91,583.30,72.39,232.05,0.7920,-1,-1,-1
395,29,852.79,515.70,71.65,221.25,0.5649,-1,-1,-1
395,32,954.03,28.47,57.24,172.81,0.4052,-1,-1,-1
395,36,580.86,1019.66,76.19,60.33,0.4024,-1,-1,-1
395,38,927.66,525.16,72.19,212.07,0.6760,-1,-1,-1
395,41,1009.52,39.95,55.55,165.15,0.3475,-1,-1,-1
395,43,1139.28,468.81,73.53,200.80,0.4431,-1,-1,-1
395,49,317.75,560.51,92.78,248.87,0.7875,-1,-1,-1
395,51,1771.00,112.42,60.60,162.28,0.3434,-1,-1,-1
395,52,790.34,150.65,62.18,170.17,0.3984,-1,-1,-1
396,3,982.09,907.82,83.05,170.36,0.6858,-1,-1,-1
396,4,1720.79,457.69,71.66,209.06,0.6232,-1,-1,-1
396,18,449.63,274.01,74.49,205.94,0.6752,-1,-1,-1
396,25,430.37,585.47,71.74,231.07,0.7760,-1,-1,-1
396,29,853.85,518.02,72.29,225.17,0.6069,-1,-1,-1
396,32,953.55,28.84,57.05,171.86,0.4373,-1,-1,-1
396,38,928.54,526.22,72.06,212.00,0.6931,-1,-1,-1
396,41,1009.70,39.67,55.62,163.89,0.3832,-1,-1,-1
396,43,1144.60,468.87,72.37,199.50,0.4849,-1,-1,-1
396,49,315.50,562.11,90.85,248.69,0.7875,-1,-1,-1
396,51,1770.20,111.79,60.94,163.15,0.3207,-1,-1,-1
396,52,789.68,150.26,62.83,171.23,0.4023,-1,-1,-1
397,3,981.78,908.33,83.61,170.23,0.7022,-1,-1,-1
397,4,1720.77,457.81,71.95,209.14,0.6301,-1,-1,-1
397,18,451.24,271.98,72.34,201.88,0.6855,-1,-1,-1
397,25,429.49,587.63,71.13,231.50,0.7713,-1,-1,-1
397,29,855.84,519.82,68.60,207.62,0.6179,-1,-1,-1
397,32,953.14,28.77,56.63,170.39,0.4219,-1,-1,-1
397,38,929.55,528.02,71.47,209.07,0.6868,-1,-1,-1
397,41,1009.06,39.63,56.73,165.77,0.3287,-1,-1,-1
397,43,1147.84,471.73,71.45,197.27,0.4756,-1,-1,-1
397,49,314.39,562.06,89.15,249.40,0.7930,-1,-1,-1
397,51,1769.86,113.92,60.11,160.82,0.3345,-1,-1,-1
397,52,789.44,150.21,62.94,171.07,0.4060,-1,-1,-1
398,1,463.84,70.88,73.56,185.85,0.3604,-1,-1,-1
398,3,982.00,908.23,83.16,170.31,0.7214,-1,-1,-1
398,4,1720.66,458.79,71.78,208.22,0.5912,-1,-1,-1
398,18,451.69,270.29,71.97,200.38,0.6636,-1,-1,-1
398,25,427.84,588.96,70.50,236.42,0.7511,-1,-1,-1
398,29,855.44,519.42,73.16,223.80,0.6068,-1,-1,-1
398,32,953.68,29.36,56.18,169.42,0.4315,-1,-1,-1
398,38,931.20,530.88,69.86,206.08,0.6510,-1,-1,-1
398,41,1008.60,41.35,55.39,160.01,0.3555,-1,-1,-1
398,43,1151.89,469.59,72.74,200.08,0.5295,-1,-1,-1
398,49,312.76,562.91,87.45,248.47,0.7893,-1,-1,-1
398,52,789.37,150.32,62.84,170.55,0.4148,-1,-1,-1
399,1,464.53,70.88,74.41,186.69,0.3728,-1,-1,-1
399,3,982.76,908.64,82.93,171.28,0.7311,-1,-1,-1
399,4,1720.79,458.61,71.87,208.14,0.5767,-1,-1,-1
399,18,452.65,266.98,72.88,202.71,0.6445,-1,-1,-1
399,25,427.84,591.06,69.38,236.90,0.7535,-1,-1,-1
399,29,856.18,520.28,72.76,222.56,0.6084,-1,-1,-1
399,32,953.01,29.13,55.67,167.85,0.4412,-1,-1,-1
399,38,932.95,531.66,69.79,206.03,0.6660,-1,-1,-1
399,41,1008.79,40.82,55.14,158.20,0.3579,-1,-1,-1
399,43,1154.92,467.03,74.93,205.77,0.5756,-1,-1,-1
399,49,312.07,563.32,86.12,246.45,0.7838,-1,-1,-1
399,52,789.28,150.14,62.73,169.96,0.4054,-1,-1,-1
400,1,465.42,70.92,74.72,188.04,0.4270,-1,-1,-1
400,3,983.79,909.51,81.78,170.04,0.7246,-1,-1,-1
400,4,1720.59,457.75,71.96,208.37,0.5436,-1,-1,-1
400,18,452.44,266.44,73.28,203.37,0.6444,-1,-1,-1
400,25,427.45,592.50,68.15,237.16,0.7664,-1,-1,-1
400,29,856.80,521.26,73.06,224.18,0.6055,-1,-1,-1
400,32,951.93,27.15,56.05,168.68,0.4438,-1,-1,-1
400,38,931.67,533.38,70.40,206.30,0.6484,-1,-1,-1
400,41,1008.35,40.47,55.74,158.50,0.3670,-1,-1,-1
400,43,1157.34,470.22,74.53,205.84,0.5751,-1,-1,-1
400,49,312.04,565.17,84.52,242.58,0.7863,-1,-1,-1
400,52,789.03,149.93,63.30,170.65,0.4445,-1,-1,-1
401,1,465.84,70.84,74.56,187.83,0.4777,-1,-1,-1
401,3,983.17,911.06,80.32,168.40,0.7077,-1,-1,-1
401,4,1720.37,456.45,72.18,210.29,0.5082,-1,-1,-1
401,18,452.18,266.08,73.75,203.10,0.6432,-1,-1,-1
401,25,427.53,593.60,67.69,237.24,0.7536,-1,-1,-1
401,29,856.66,520.85,74.06,228.03,0.6110,-1,-1,-1
401,32,951.37,24.58,56.51,169.71,0.4787,-1,-1,-1
401,38,934.60,535.16,70.03,206.43,0.6574,-1,-1,-1
401,41,1007.63,39.46,56.66,159.96,0.4224,-1,-1,-1
401,43,1162.25,471.43,74.23,207.29,0.6032,-1,-1,-1
401,49,310.85,566.75,84.05,238.58,0.7850,-1,-1,-1
401,52,789.15,150.53,63.11,169.78,0.4213,-1,-1,-1
402,1,466.07,70.78,74.64,188.93,0.4641,-1,-1,-1
402,3,984.17,912.56,78.85,167.26,0.7041,-1,-1,-1
402,4,1720.68,455.64,72.27,211.28,0.5201,-1,-1,-1
402,18,452.56,265.28,74.55,204.57,0.6368,-1,-1,-1
402,25,427.30,594.78,66.78,236.36,0.7496,-1,-1,-1
402,29,856.56,522.19,74.12,227.90,0.6058,-1,-1,-1
402,32,950.69,21.82,56.94,170.49,0.4370,-1,-1,-1
402,38,934.76,536.28,70.98,209.19,0.6376,-1,-1,-1
402,41,1006.59,38.71,56.79,159.69,0.4423,-1,-1,-1
402,43,1167.22,475.17,72.64,200.43,0.5433,-1,-1,-1
402,49,309.12,568.61,85.69,240.86,0.7815,-1,-1,-1
402,52,789.45,150.60,63.22,169.74,0.4295,-1,-1,-1
403,1,465.54,71.01,74.41,189.29,0.4481,-1,-1,-1
403,3,984.20,913.90,77.20,165.31,0.7161,-1,-1,-1
403,4,1721.65,459.21,71.26,208.23,0.5068,-1,-1,-1
403,18,452.91,265.12,74.95,204.90,0.6439,-1,-1,-1
403,25,426.15,596.11,66.12,235.93,0.7420,-1,-1,-1
403,29,857.42,522.87,74.27,227.19,0.6415,-1,-1,-1
403,32,951.23,21.61,55.18,164.37,0.4124,-1,-1,-1
403,38,934.43,538.16,70.81,206.94,0.6351,-1,-1,-1
403,41,1006.09,38.61,56.85,158.80,0.4417,-1,-1,-1
403,43,1171.30,479.02,72.25,198.30,0.3751,-1,-1,-1
403,49,307.04,571.39,86.41,245.02,0.7803,-1,-1,-1
403,52,790.46,150.67,63.21,169.88,0.4411,-1,-1,-1
404,1,465.96,70.93,73.56,188.17,0.4280,-1,-1,-1
404,3,984.71,915.96,75.71,163.37,0.6959,-1,-1,-1
404,4,1721.39,460.09,70.87,207.07,0.4495,-1,-1,-1
404,18,453.00,264.06,75.43,206.96,0.6609,-1,-1,-1
404,25,425.50,596.80,66.06,235.05,0.7299,-1,-1,-1
404,29,857.68,522.98,74.53,226.67,0.6506,-1,-1,-1
404,32,950.73,20.69,54.91,163.51,0.3861,-1,-1,-1
404,38,932.85,540.04,72.65,212.47,0.6119,-1,-1,-1
404,41,1004.84,37.49,57.09,157.78,0.4408,-1,-1,-1
404,43,1173.96,482.63,73.74,199.72,0.4733,-1,-1,-1
404,49,306.25,574.43,86.04,246.70,0.7799,-1,-1,-1
404,52,790.89,150.47,63.01,169.74,0.4132,-1,-1,-1
405,1,466.15,70.74,72.99,187.62,0.4072,-1,-1,-1
405,3,984.87,918.32,74.24,160.86,0.6974,-1,-1,-1
405,4,1722.23,456.99,71.74,209.03,0.4621,-1,-1,-1
405,5,1609.17,614.98,77.20,246.65,0.3400,-1,-1,-1
405,18,453.15,263.82,75.18,206.13,0.6715,-1,-1,-1
405,25,423.22,598.31,66.61,233.97,0.7476,-1,-1,-1
405,29,859.77,523.84,75.68,227.24,0.6712,-1,-1,-1
405,32,950.56,20.14,53.69,160.18,0.3813,-1,-1,-1
405,38,934.55,541.29,72.42,214.09,0.6423,-1,-1,-1
405,41,1004.01,36.98,56.92,156.05,0.4035,-1,-1,-1
405,43,1175.33,483.98,75.60,201.16,0.5425,-1,-1,-1
405,49,304.89,575.71,85.48,249.37,0.7703,-1,-1,-1
405,52,790.52,149.86,63.17,170.26,0.4119,-1,-1,-1
406,1,466.24,70.36,72.51,186.95,0.3901,-1,-1,-1
406,3,984.34,918.97,74.49,160.26,0.7103,-1,-1,-1
406,4,1722.80,457.01,72.20,209.28,0.4898,-1,-1,-1
406,5,1610.17,606.01,76.80,251.43,0.4264,-1,-1,-1
406,18,453.63,263.18,75.31,204.01,0.6597,-1,-1,-1
406,25,421.10,600.23,66.89,231.77,0.7347,-1,-1,-1
406,29,860.65,526.12,76.39,226.97,0.6863,-1,-1,-1
406,32,950.95,19.16,53.48,160.14,0.3905,-1,-1,-1
406,38,933.41,544.19,73.10,213.84,0.6615,-1,-1,-1
406,41,1003.05,36.41,57.00,155.78,0.3741,-1,-1,-1
406,43,1178.96,486.01,77.03,203.72,0.4504,-1,-1,-1
406,49,304.56,577.76,84.55,249.88,0.7537,-1,-1,-1
406,52,789.73,151.01,62.14,169.78,0.4453,-1,-1,-1
407,1,467.09,69.68,71.94,185.79,0.3871,-1,-1,-1
407,3,983.52,920.65,74.09,158.18,0.6981,-1,-1,-1
407,4,1723.10,458.79,72.02,207.26,0.4469,-1,-1,-1
407,18,454.10,262.98,75.55,203.73,0.6780,-1,-1,-1
407,25,418.21,600.23,66.80,231.46,0.7571,-1,-1,-1
407,29,857.71,526.31,79.55,236.24,0.6437,-1,-1,-1
407,32,950.02,18.18,53.75,160.63,0.3665,-1,-1,-1
407,38,932.75,545.95,73.59,216.94,0.6853,-1,-1,-1
407,41,1002.72,35.49,57.40,156.23,0.4417,-1,-1,-1
407,43,1182.33,487.04,76.76,202.64,0.3584,-1,-1,-1
407,49,304.32,580.13,83.17,248.32,0.7589,-1,-1,-1
407,52,789.74,149.84,62.47,170.52,0.4510,-1,-1,-1
407,53,1649.94,47.55,62.00,169.98,0.3452,-1,-1,-1
408,1,467.20,69.59,71.59,185.35,0.3255,-1,-1,-1
408,2,691.20,559.36,78.28,231.49,0.3159,-1,-1,-1
408,3,983.08,922.91,73.51,154.79,0.7116,-1,-1,-1
408,4,1721.23,455.76,73.29,211.63,0.4582,-1,-1,-1
408,18,454.18,261.20,76.19,205.36,0.6792,-1,-1,-1
408,25,418.22,604.02,67.87,230.51,0.7636,-1,-1,-1
408,29,858.51,527.21,79.89,239.16,0.6623,-1,-1,-1
408,32,949.90,19.86,53.78,160.50,0.3598,-1,-1,-1
408,38,931.76,547.51,73.22,214.31,0.6936,-1,-1,-1
408,41,1002.98,35.96,57.14,155.62,0.4346,-1,-1,-1
408,43,1186.02,486.76,77.02,204.90,0.4291,-1,-1,-1
408,49,302.64,583.30,83.09,250.23,0.7557,-1,-1,-1
408,52,789.51,149.87,62.44,170.40,0.4599,-1,-1,-1
408,53,1651.64,48.82,61.73,168.57,0.3179,-1,-1,-1
409,1,467.25,69.41,70.77,183.33,0.3413,-1,-1,-1
409,3,982.68,924.22,73.90,153.66,0.6881,-1,-1,-1
409,4,1720.93,453.19,73.45,213.52,0.5249,-1,-1,-1
409,18,456.22,260.06,74.92,202.92,0.6621,-1,-1,-1
409,25,416.18,608.58,68.82,231.38,0.7629,-1,-1,-1
409,29,859.51,530.41,79.96,240.65,0.6322,-1,-1,-1
409,32,950.54,19.24,53.63,161.06,0.3860,-1,-1,-1
409,38,933.12,548.90,72.56,212.31,0.6870,-1,-1,-1
409,41,1003.19,35.68,57.29,156.33,0.4254,-1,-1,-1
409,43,1193.70,487.21,75.16,204.10,0.4698,-1,-1,-1
409,49,301.31,585.47,82.41,250.19,0.7667,-1,-1,-1
409,52,789.93,149.82,62.55,170.35,0.4266,-1,-1,-1
409,53,1653.27,50.34,61.89,168.23,0.3013,-1,-1,-1
410,1,465.70,66.94,72.29,187.42,0.3190,-1,-1,-1
410,2,704.71,557.74,83.37,236.52,0.3417,-1,-1,-1
410,3,982.21,925.23,74.17,152.57,0.6906,-1,-1,-1
410,4,1720.91,449.92,74.01,217.20,0.5461,-1,-1,-1
410,5,1590.29,618.10,81.30,236.99,0.3295,-1,-1,-1
410,18,457.81,259.33,73.40,199.38,0.6667,-1,-1,-1
410,25,413.95,609.93,69.67,234.69,0.7295,-1,-1,-1
410,29,858.58,532.87,79.62,243.25,0.6341,-1,-1,-1
410,32,949.68,19.35,53.99,161.70,0.4011,-1,-1,-1
410,38,933.87,550.77,72.01,211.98,0.7032,-1,-1,-1
410,41,1003.15,35.66,57.28,156.44,0.4377,-1,-1,-1
410,43,1201.22,488.19,72.21,202.54,0.4730,-1,-1,-1
410,49,298.29,586.29,83.76,251.56,0.7945,-1,-1,-1
410,52,790.28,149.97,62.62,170.04,0.4285,-1,-1,-1
410,53,1653.18,47.42,65.16,175.67,0.3168,-1,-1,-1
411,2,706.48,558.96,85.54,236.41,0.3316,-1,-1,-1
411,3,981.10,925.59,75.25,151.89,0.6895,-1,-1,-1
411,4,1720.81,448.93,74.22,219.32,0.5377,-1,-1,-1
411,5,1586.16,618.73,86.92,236.53,0.3717,-1,-1,-1
411,18,457.92,257.22,72.43,196.63,0.6786,-1,-1,-1
411,25,411.99,612.76,69.42,234.03,0.7072,-1,-1,-1
411,29,860.08,535.71,77.83,243.52,0.6578,-1,-1,-1
411,32,949.39,18.50,53.83,161.64,0.3550,-1,-1,-1
411,38,933.90,551.34,71.28,210.58,0.6876,-1,-1,-1
411,41,1002.42,34.76,57.03,156.23,0.4038,-1,-1,-1
411,43,1205.38,486.96,71.88,205.33,0.4238,-1,-1,-1
411,49,297.05,587.60,83.06,249.36,0.7970,-1,-1,-1
411,52,789.37,149.99,62.94,169.94,0.4347,-1,-1,-1
411,53,1653.91,47.56,66.71,178.29,0.3083,-1,-1,-1
412,2,708.35,558.97,88.42,238.27,0.3805,-1,-1,-1
412,3,980.42,925.52,77.30,152.65,0.7054,-1,-1,-1
412,4,1721.17,448.24,73.78,219.68,0.5731,-1,-1,-1
412,5,1583.04,617.71,90.87,237.43,0.3906,-1,-1,-1
412,18,456.90,253.99,72.97,197.68,0.6563,-1,-1,-1
412,25,407.27,614.38,70.72,236.24,0.7283,-1,-1,-1
412,29,862.00,538.46,74.77,235.57,0.6554,-1,-1,-1
412,32,950.34,19.05,54.65,164.67,0.3702,-1,-1,-1
412,38,935.71,552.97,70.14,209.45,0.6721,-1,-1,-1
412,41,1002.10,34.77,57.24,157.95,0.4114,-1,-1,-1
412,43,1208.93,486.44,70.59,205.85,0.5110,-1,-1,-1
412,49,295.34,587.97,82.53,248.84,0.7994,-1,-1,-1
412,52,789.07,151.13,62.16,168.96,0.4162,-1,-1,-1
413,2,708.16,558.87,90.15,239.08,0.4021,-1,-1,-1
413,3,979.74,926.88,78.15,150.62,0.6954,-1,-1,-1
413,4,1722.29,451.03,72.69,217.15,0.5495,-1,-1,-1
413,5,1581.83,615.25,94.22,239.13,0.4377,-1,-1,-1
413,18,456.06,251.30,73.55,199.02,0.6538,-1,-1,-1
413,25,406.71,616.44,70.67,235.23,0.7389,-1,-1,-1
413,29,862.53,539.73,74.89,239.55,0.6424,-1,-1,-1
413,32,949.50,18.78,55.38,166.59,0.3722,-1,-1,-1
413,38,937.51,553.08,69.52,209.43,0.6480,-1,-1,-1
413,41,1002.08,34.75,56.51,156.95,0.4344,-1,-1,-1
413,43,1214.63,494.99,66.59,197.88,0.5866,-1,-1,-1
413,49,293.16,589.74,82.84,246.86,0.7894,-1,-1,-1
413,52,788.26,150.91,62.32,169.69,0.4324,-1,-1,-1
414,2,708.47,559.39,91.21,238.92,0.4068,-1,-1,-1
414,3,979.09,927.20,79.89,150.30,0.7040,-1,-1,-1
414,4,1722.45,457.69,70.74,210.69,0.4780,-1,-1,-1
414,5,1580.59,613.02,100.57,244.12,0.5768,-1,-1,-1
414,18,453.81,249.04,74.83,201.45,0.6629,-1,-1,-1
414,25,406.06,618.38,70.93,236.40,0.7248,-1,-1,-1
414,29,863.21,540.61,74.47,243.18,0.6481,-1,-1,-1
414,32,948.85,16.38,54.99,166.20,0.3824,-1,-1,-1
414,38,934.27,555.97,70.59,205.40,0.6700,-1,-1,-1
414,41,1002.29,34.77,56.03,156.17,0.4126,-1,-1,-1
414,43,1219.79,486.90,68.80,205.89,0.5254,-1,-1,-1
414,49,292.05,589.96,83.44,247.13,0.7820,-1,-1,-1
414,52,788.91,150.04,62.80,169.76,0.4166,-1,-1,-1
414,53,1659.03,57.39,67.66,177.64,0.3449,-1,-1,-1
415,2,708.47,559.60,92.08,240.08,0.3909,-1,-1,-1
415,3,979.62,928.56,81.59,148.89,0.7249,-1,-1,-1
415,4,1722.43,452.34,72.39,215.52,0.4946,-1,-1,-1
415,5,1578.32,614.47,102.43,241.94,0.5361,-1,-1,-1
415,18,452.77,249.26,75.09,199.13,0.6195,-1,-1,-1
415,25,403.59,619.85,71.30,238.22,0.7211,-1,-1,-1
415,29,864.31,542.20,73.55,244.01,0.6306,-1,-1,-1
415,32,949.07,13.88,54.96,167.73,0.3409,-1,-1,-1
415,38,935.25,557.22,72.25,205.40,0.6420,-1,-1,-1
415,41,1002.48,34.36,55.91,156.21,0.4046,-1,-1,-1
415,43,1223.16,493.99,68.46,201.64,0.5825,-1,-1,-1
415,49,290.96,591.97,83.43,245.12,0.7816,-1,-1,-1
415,52,788.97,150.11,63.26,169.53,0.3851,-1,-1,-1
415,53,1661.34,63.15,67.34,174.00,0.3689,-1,-1,-1
416,1,459.52,65.59,74.65,194.35,0.3086,-1,-1,-1
416,2,709.26,559.71,92.12,239.90,0.3873,-1,-1,-1
416,3,978.36,928.72,83.62,148.75,0.7303,-1,-1,-1
416,4,1722.23,452.30,72.52,215.23,0.4781,-1,-1,-1
416,5,1577.57,613.52,104.38,243.47,0.5601,-1,-1,-1
416,18,451.11,249.10,76.08,198.89,0.6009,-1,-1,-1
416,25,401.82,621.00,71.61,238.19,0.7395,-1,-1,-1
416,29,864.95,543.08,72.22,242.81,0.6034,-1,-1,-1
416,38,935.45,558.72,73.50,206.71,0.6430,-1,-1,-1
416,41,1002.57,33.69,56.09,157.52,0.4390,-1,-1,-1
416,43,1229.23,489.26,71.34,207.30,0.4214,-1,-1,-1
416,49,291.14,592.92,82.83,242.28,0.7907,-1,-1,-1
416,52,788.13,150.55,63.10,170.19,0.3915,-1,-1,-1
416,53,1660.69,64.67,68.89,176.66,0.4686,-1,-1,-1
417,1,460.40,64.68,74.78,195.24,0.3052,-1,-1,-1
417,2,711.90,558.86,91.06,239.26,0.3778,-1,-1,-1
417,3,978.23,929.94,84.55,147.37,0.7107,-1,-1,-1
417,4,1721.57,454.84,71.91,213.05,0.4830,-1,-1,-1
417,5,1574.85,610.31,106.31,246.58,0.5615,-1,-1,-1
417,18,449.26,250.20,77.10,197.72,0.5980,-1,-1,-1
417,25,399.61,623.74,71.55,234.27,0.7413,-1,-1,-1
417,29,866.49,544.31,67.81,228.45,0.5605,-1,-1,-1
417,32,948.54,12.59,55.02,169.48,0.3028,-1,-1,-1
417,38,936.20,561.06,73.64,204.07,0.6163,-1,-1,-1
417,41,1002.56,33.59,55.96,157.62,0.4515,-1,-1,-1
417,43,1234.35,490.84,74.38,208.30,0.5257,-1,-1,-1
417,49,290.54,595.94,83.23,240.15,0.7693,-1,-1,-1
417,52,787.75,150.00,63.71,170.24,0.3537,-1,-1,-1
417,53,1661.81,66.46,68.72,174.47,0.3269,-1,-1,-1
418,2,714.45,558.15,89.47,239.50,0.3823,-1,-1,-1
418,3,977.32,930.47,86.35,147.27,0.7074,-1,-1,-1
418,4,1720.94,453.83,72.59,214.56,0.4690,-1,-1,-1
418,5,1574.84,614.27,104.38,242.11,0.5849,-1,-1,-1
418,18,447.91,249.74,78.53,198.60,0.5497,-1,-1,-1
418,25,396.16,623.35,72.74,235.54,0.7810,-1,-1,-1
418,29,868.37,545.82,65.19,217.57,0.5149,-1,-1,-1
418,32,947.98,11.65,54.80,169.49,0.3284,-1,-1,-1
418,38,937.38,562.39,74.39,205.29,0.6010,-1,-1,-1
418,41,1003.32,32.87,55.38,156.56,0.4391,-1,-1,-1
418,43,1235.99,490.80,79.04,211.57,0.5416,-1,-1,-1
418,49,289.24,597.32,84.54,241.95,0.7827,-1,-1,-1
418,52,788.19,149.51,64.09,170.58,0.3385,-1,-1,-1
418,53,1662.81,67.42,69.28,174.04,0.4223,-1,-1,-1
419,2,717.77,558.35,86.10,238.21,0.4191,-1,-1,-1
419,3,976.57,931.24,87.98,146.35,0.7164,-1,-1,-1
419,4,1720.39,448.33,74.03,219.73,0.5305,-1,-1,-1
419,5,1575.11,615.19,104.46,241.12,0.5873,-1,-1,-1
419,18,447.73,249.38,79.54,199.28,0.5466,-1,-1,-1
419,25,393.98,623.14,73.10,236.35,0.7939,-1,-1,-1
419,29,869.29,546.51,64.85,213.95,0.5412,-1,-1,-1
419,32,947.99,8.90,55.92,173.63,0.3673,-1,-1,-1
419,38,940.21,564.02,75.77,213.28,0.5486,-1,-1,-1
419,41,1003.88,31.96,55.34,157.17,0.4796,-1,-1,-1
419,43,1236.23,493.02,81.22,211.61,0.4787,-1,-1,-1
419,49,288.10,599.40,86.12,245.90,0.7873,-1,-1,-1
419,52,789.15,149.52,64.10,170.43,0.3509,-1,-1,-1
419,53,1662.93,65.33,70.98,178.19,0.3886,-1,-1,-1
420,2,720.33,558.58,84.25,239.93,0.4165,-1,-1,-1
420,3,976.59,931.16,90.08,146.82,0.7010,-1,-1,-1
420,4,1722.19,449.47,73.01,216.46,0.4990,-1,-1,-1
420,5,1574.57,614.99,103.73,240.64,0.5887,-1,-1,-1
420,18,448.44,249.02,79.70,198.65,0.5255,-1,-1,-1
420,25,392.83,624.33,73.60,235.64,0.7863,-1,-1,-1
420,29,869.25,545.40,66.78,218.09,0.5591,-1,-1,-1
420,32,948.43,9.24,54.72,171.26,0.3838,-1,-1,-1
420,38,942.28,567.59,74.25,211.32,0.5340,-1,-1,-1
420,41,1004.39,30.61,55.35,158.21,0.4893,-1,-1,-1
420,43,1234.95,491.29,84.01,216.62,0.4168,-1,-1,-1
420,49,287.18,601.09,87.02,249.57,0.7782,-1,-1,-1
420,52,789.63,149.03,64.26,170.50,0.3416,-1,-1,-1
421,2,723.48,558.98,80.87,238.41,0.4808,-1,-1,-1
421,3,975.83,931.94,90.89,146.29,0.7085,-1,-1,-1
421,4,1722.95,455.60,72.37,213.07,0.4893,-1,-1,-1
421,5,1574.85,624.03,99.95,231.63,0.5485,-1,-1,-1
421,18,446.91,246.88,81.03,199.67,0.5855,-1,-1,-1
421,25,391.34,624.77,74.09,235.42,0.7875,-1,-1,-1
421,29,869.15,546.71,68.08,219.75,0.5200,-1,-1,-1
421,32,949.38,8.56,54.63,171.01,0.3884,-1,-1,-1
421,38,943.93,571.41,74.11,212.39,0.4534,-1,-1,-1
421,41,1004.98,28.78,55.19,158.59,0.5088,-1,-1,-1
421,43,1238.01,498.11,83.64,211.69,0.3862,-1,-1,-1
421,49,285.95,602.81,88.59,254.21,0.7641,-1,-1,-1
421,52,789.98,149.68,63.62,171.46,0.3682,-1,-1,-1
422,2,727.53,561.42,75.96,229.95,0.5278,-1,-1,-1
422,3,975.74,931.27,91.79,146.88,0.7210,-1,-1,-1
422,4,1722.08,459.56,70.91,206.75,0.5261,-1,-1,-1
422,5,1574.16,625.43,99.43,230.23,0.4853,-1,-1,-1
422,18,446.67,244.98,81.20,201.54,0.6082,-1,-1,-1
422,25,391.31,627.26,74.05,232.39,0.7814,-1,-1,-1
422,29,869.67,548.98,70.02,225.22,0.4379,-1,-1,-1
422,32,949.30,7.97,52.80,164.69,0.3747,-1,-1,-1
422,38,945.69,574.92,71.88,209.23,0.5531,-1,-1,-1
422,41,1005.67,27.54,54.26,156.16,0.4731,-1,-1,-1
422,43,1242.80,501.74,82.96,207.64,0.3871,-1,-1,-1
422,49,285.47,604.71,90.90,258.41,0.7470,-1,-1,-1
422,51,1760.11,101.40,74.73,198.75,0.3658,-1,-1,-1
422,52,790.11,149.20,62.89,171.56,0.3526,-1,-1,-1
423,2,732.58,560.82,72.97,228.20,0.6165,-1,-1,-1
423,3,976.55,930.84,92.08,146.91,0.6958,-1,-1,-1
423,4,1721.95,459.03,71.57,207.36,0.5458,-1,-1,-1
423,5,1574.30,625.08,99.17,230.34,0.4357,-1,-1,-1
423,18,446.60,242.82,80.49,201.65,0.5941,-1,-1,-1
423,25,389.77,629.94,74.89,233.07,0.7808,-1,-1,-1
423,29,876.37,549.48,54.12,162.96,0.3624,-1,-1,-1
423,32,948.93,7.16,52.63,162.91,0.3814,-1,-1,-1
423,38,946.32,576.40,71.18,209.15,0.5579,-1,-1,-1
423,41,1006.29,25.49,53.87,155.60,0.4418,-1,-1,-1
423,49,285.81,607.42,91.34,257.78,0.7405,-1,-1,-1
423,51,1759.11,102.27,72.65,198.40,0.3407,-1,-1,-1
423,52,790.30,148.98,62.41,172.14,0.3342,-1,-1,-1
424,2,736.15,560.10,73.70,231.24,0.6618,-1,-1,-1
424,3,976.90,931.67,91.73,146.08,0.7093,-1,-1,-1
424,4,1721.87,461.18,71.66,205.84,0.5562,-1,-1,-1
424,5,1577.25,634.78,94.22,220.23,0.4270,-1,-1,-1
424,18,446.19,242.68,79.67,201.78,0.5972,-1,-1,-1
424,25,387.57,632.16,78.43,236.50,0.7808,-1,-1,-1
424,29,869.20,551.04,70.79,213.32,0.3868,-1,-1,-1
424,32,947.16,6.53,53.78,164.44,0.4192,-1,-1,-1
424,38,947.55,577.91,71.19,209.10,0.5913,-1,-1,-1
424,41,1006.51,23.70,54.07,156.85,0.4637,-1,-1,-1
424,49,284.77,609.67,91.21,256.77,0.7514,-1,-1,-1
424,51,1758.58,121.98,63.41,178.41,0.3074,-1,-1,-1
424,52,790.96,149.51,61.39,171.27,0.3702,-1,-1,-1
424,53,1666.12,72.72,67.39,171.84,0.3064,-1,-1,-1
425,2,739.15,559.30,75.89,236.96,0.6251,-1,-1,-1
425,3,978.35,931.71,91.81,146.38,0.6975,-1,-1,-1
425,4,1721.24,460.22,72.62,207.44,0.5447,-1,-1,-1
425,5,1575.82,635.44,93.85,220.72,0.4290,-1,-1,-1
425,18,446.12,239.38,78.91,202.42,0.6361,-1,-1,-1
425,25,385.68,633.58,80.05,238.30,0.7597,-1,-1,-1
425,29,875.82,552.03,57.46,162.96,0.3482,-1,-1,-1
425,32,945.55,5.43,54.65,164.20,0.3898,-1,-1,-1
425,38,948.79,576.18,71.85,208.06,0.5781,-1,-1,-1
425,41,1006.71,22.91,54.06,157.58,0.4301,-1,-1,-1
425,49,284.26,611.43,92.41,258.80,0.7281,-1,-1,-1
425,51,1758.30,127.97,59.92,173.68,0.3283,-1,-1,-1
425,52,791.75,150.03,60.28,170.16,0.3775,-1,-1,-1
426,2,741.22,559.94,77.02,239.16,0.6269,-1,-1,-1
426,3,979.72,931.73,91.97,146.87,0.7120,-1,-1,-1
426,4,1722.00,459.86,73.32,207.68,0.5635,-1,-1,-1
426,5,1576.07,636.85,92.67,219.04,0.3638,-1,-1,-1
426,18,446.54,237.57,76.71,198.39,0.6273,-1,-1,-1
426,25,384.57,635.48,80.52,239.06,0.7307,-1,-1,-1
426,29,868.75,555.61,75.05,214.51,0.4857,-1,-1,-1
426,32,944.59,4.85,55.90,165.43,0.4245,-1,-1,-1
426,38,949.31,576.94,72.82,208.04,0.6223,-1,-1,-1
426,41,1007.27,22.14,54.10,158.52,0.4387,-1,-1,-1
426,43,1265.64,504.96,79.35,203.22,0.3302,-1,-1,-1
426,49,283.73,613.73,92.19,258.72,0.7227,-1,-1,-1
426,51,1759.52,129.02,57.86,174.88,0.3353,-1,-1,-1
426,52,790.32,149.46,60.31,171.49,0.3393,-1,-1,-1
427,2,742.56,560.27,78.07,242.52,0.5611,-1,-1,-1
427,3,980.66,930.52,92.31,148.33,0.7067,-1,-1,-1
427,4,1720.50,462.00,73.14,205.86,0.5424,-1,-1,-1
427,5,1574.06,632.21,93.78,223.44,0.3219,-1,-1,-1
427,18,447.41,237.02,75.14,194.94,0.6148,-1,-1,-1
427,25,385.37,638.04,82.81,240.97,0.6814,-1,-1,-1
427,29,868.32,557.43,77.10,222.66,0.5286,-1,-1,-1
427,32,943.99,4.52,56.62,165.78,0.4088,-1,-1,-1
427,38,950.52,577.94,73.83,209.21,0.6070,-1,-1,-1
427,41,1007.42,22.01,53.90,158.57,0.4387,-1,-1,-1
427,43,1277.59,503.63,73.82,195.20,0.3009,-1,-1,-1
427,49,282.56,614.95,92.96,259.75,0.7049,-1,-1,-1
427,51,1760.32,129.13,56.52,176.14,0.3797,-1,-1,-1
427,52,791.69,149.88,59.81,171.09,0.3955,-1,-1,-1
428,2,746.13,561.60,79.29,243.13,0.6019,-1,-1,-1
428,3,981.86,929.92,92.36,148.87,0.7258,-1,-1,-1
428,4,1719.09,462.59,73.72,204.83,0.5272,-1,-1,-1
428,5,1574.47,632.55,93.03,223.43,0.3745,-1,-1,-1
428,18,447.67,234.82,74.33,193.10,0.6391,-1,-1,-1
428,25,379.91,642.09,79.28,237.28,0.7222,-1,-1,-1
428,29,869.44,560.58,78.88,230.35,0.6007,-1,-1,-1
428,32,943.93,3.72,57.28,166.74,0.3718,-1,-1,-1
428,38,952.24,578.34,74.53,210.67,0.6468,-1,-1,-1
428,41,1007.59,21.81,53.83,158.67,0.4334,-1,-1,-1
428,43,1282.10,501.67,76.45,210.87,0.4021,-1,-1,-1
428,49,281.96,617.97,93.21,258.76,0.7028,-1,-1,-1
428,51,1760.64,129.57,55.48,176.84,0.3979,-1,-1,-1
428,52,792.54,149.20,60.03,171.03,0.4033,-1,-1,-1
429,2,749.17,562.42,82.07,247.60,0.6671,-1,-1,-1
429,3,983.04,930.29,91.66,148.43,0.7322,-1,-1,-1
429,4,1720.20,460.99,75.23,207.63,0.5470,-1,-1,-1
429,5,1574.72,635.40,91.48,221.35,0.4367,-1,-1,-1
429,18,447.24,234.26,74.31,192.22,0.5974,-1,-1,-1
429,25,379.25,644.64,77.62,237.86,0.7132,-1,-1,-1
429,29,871.11,563.41,76.95,225.26,0.6410,-1,-1,-1
429,32,943.27,3.64,57.77,167.41,0.3725,-1,-1,-1
429,38,954.56,579.38,73.77,209.90,0.6488,-1,-1,-1
429,41,1007.06,21.03,54.88,162.63,0.4507,-1,-1,-1
429,43,1284.59,505.28,74.24,209.02,0.3998,-1,-1,-1
429,49,280.96,617.94,93.06,256.02,0.7233,-1,-1,-1
429,51,1760.77,136.81,52.05,168.67,0.3195,-1,-1,-1
429,52,792.21,148.75,59.96,172.16,0.3995,-1,-1,-1
430,2,751.89,563.37,82.81,245.03,0.6755,-1,-1,-1
430,3,986.06,929.44,90.62,149.16,0.7070,-1,-1,-1
430,4,1721.61,464.51,74.02,203.05,0.5222,-1,-1,-1
430,5,1574.44,634.37,91.19,222.29,0.4737,-1,-1,-1
430,18,446.50,232.16,74.93,193.51,0.5610,-1,-1,-1
430,25,377.10,646.92,77.00,241.97,0.7087,-1,-1,-1
430,29,871.86,564.53,76.73,225.74,0.5902,-1,-1,-1
430,32,943.30,3.50,57.93,167.68,0.3147,-1,-1,-1
430,38,956.88,580.87,73.13,207.48,0.6310,-1,-1,-1
430,41,1007.70,21.29,54.11,160.87,0.4021,-1,-1,-1
430,43,1289.79,518.24,69.39,194.61,0.3789,-1,-1,-1
430,49,279.35,620.18,92.82,255.44,0.7242,-1,-1,-1
430,52,792.71,147.98,59.59,173.02,0.3810,-1,-1,-1
431,2,753.61,563.44,83.92,244.62,0.6968,-1,-1,-1
431,3,987.49,928.68,89.68,149.89,0.6962,-1,-1,-1
431,4,1721.26,461.93,74.95,207.74,0.5384,-1,-1,-1
431,5,1574.60,633.28,90.87,222.59,0.4187,-1,-1,-1
431,18,445.35,230.46,75.34,194.51,0.5680,-1,-1,-1
431,25,376.17,648.79,75.39,240.13,0.7412,-1,-1,-1
431,29,872.57,566.67,76.92,225.61,0.6155,-1,-1,-1
431,32,943.44,3.69,57.96,167.53,0.3740,-1,-1,-1
431,38,959.01,581.93,72.50,206.66,0.6157,-1,-1,-1
431,41,1008.45,20.68,53.46,158.94,0.3968,-1,-1,-1
431,49,279.85,621.39,92.10,253.78,0.7542,-1,-1,-1
431,52,791.48,149.15,59.94,171.32,0.3766,-1,-1,-1
432,2,754.48,564.34,85.26,246.24,0.7274,-1,-1,-1
432,3,989.20,927.14,88.62,151.42,0.7002,-1,-1,-1
432,4,1720.98,462.15,74.00,206.22,0.5636,-1,-1,-1
432,5,1572.99,627.89,92.74,228.54,0.4534,-1,-1,-1
432,18,444.54,228.37,76.10,196.64,0.5819,-1,-1,-1
432,25,376.67,650.08,74.73,238.81,0.7334,-1,-1,-1
432,29,873.11,569.36,76.19,224.71,0.6105,-1,-1,-1
432,32,943.68,4.26,58.49,168.63,0.3584,-1,-1,-1
432,38,959.94,583.06,72.68,207.24,0.6274,-1,-1,-1
432,41,1008.25,21.70,53.44,158.78,0.4154,-1,-1,-1
432,49,279.21,623.11,91.39,250.79,0.7414,-1,-1,-1
432,52,791.65,148.01,60.02,172.70,0.4035,-1,-1,-1
433,2,755.15,564.83,86.22,249.14,0.7079,-1,-1,-1
433,3,991.32,927.75,86.89,150.52,0.6875,-1,-1,-1
433,4,1722.63,463.19,73.71,204.62,0.5227,-1,-1,-1
433,5,1572.36,626.47,92.14,228.91,0.3971,-1,-1,-1
433,18,444.37,227.35,76.41,197.49,0.6027,-1,-1,-1
433,25,375.71,651.82,74.36,237.99,0.7008,-1,-1,-1
433,29,875.65,570.39,75.06,221.53,0.6065,-1,-1,-1
433,32,943.12,3.74,59.19,170.23,0.4320,-1,-1,-1
433,38,961.80,583.78,73.10,210.23,0.5926,-1,-1,-1
433,41,1008.00,21.01,53.83,159.67,0.4049,-1,-1,-1
433,49,278.64,622.49,90.18,249.05,0.7520,-1,-1,-1
433,52,792.45,147.74,59.76,173.24,0.3873,-1,-1,-1
434,2,756.18,566.42,85.73,249.13,0.7276,-1,-1,-1
434,3,993.99,927.99,85.48,149.97,0.7308,-1,-1,-1
434,4,1723.63,464.55,72.96,202.85,0.4749,-1,-1,-1
434,5,1573.03,630.09,90.12,224.69,0.3816,-1,-1,-1
434,18,444.65,226.65,76.43,198.35,0.5977,-1,-1,-1
434,25,374.09,652.59,75.03,237.26,0.7259,-1,-1,-1
434,29,878.42,571.24,74.92,222.07,0.6033,-1,-1,-1
434,32,942.64,3.54,58.98,169.93,0.4260,-1,-1,-1
434,38,962.61,586.15,73.31,211.67,0.6025,-1,-1,-1
434,41,1008.08,21.03,53.73,158.76,0.4219,-1,-1,-1
434,49,278.50,623.76,89.68,248.25,0.7393,-1,-1,-1
434,52,792.72,148.67,58.98,171.75,0.4266,-1,-1,-1
435,2,757.31,566.40,84.76,249.64,0.7064,-1,-1,-1
435,3,995.95,926.52,85.25,151.47,0.7072,-1,-1,-1
435,4,1723.69,464.86,73.15,203.66,0.4895,-1,-1,-1
435,5,1572.49,629.96,89.56,224.39,0.3785,-1,-1,-1
435,18,444.40,225.89,76.49,199.20,0.5998,-1,-1,-1
435,25,371.37,652.73,76.13,238.82,0.7217,-1,-1,-1
435,29,879.83,572.14,74.62,219.67,0.6096,-1,-1,-1
435,32,942.58,4.42,58.19,167.88,0.4248,-1,-1,-1
435,38,963.35,587.23,74.12,217.53,0.6062,-1,-1,-1
435,41,1007.68,20.32,54.17,159.06,0.3905,-1,-1,-1
435,43,1319.27,521.07,70.42,185.58,0.3747,-1,-1,-1
435,49,277.87,624.58,89.55,248.57,0.7551,-1,-1,-1
435,52,792.85,147.98,58.60,171.98,0.3998,-1,-1,-1
436,2,758.10,566.61,83.95,250.62,0.6867,-1,-1,-1
436,3,998.28,926.36,84.81,151.28,0.6918,-1,-1,-1
436,4,1724.33,466.10,72.34,201.53,0.4643,-1,-1,-1
436,5,1572.66,635.39,86.23,217.35,0.3276,-1,-1,-1
436,18,444.21,225.23,76.56,200.28,0.6232,-1,-1,-1
436,25,369.02,653.63,76.06,237.50,0.7305,-1,-1,-1
436,29,881.31,573.46,72.28,209.80,0.6295,-1,-1,-1
436,32,942.73,2.95,58.34,169.19,0.4333,-1,-1,-1
436,38,965.15,587.91,74.69,223.70,0.6187,-1,-1,-1
436,41,1007.49,19.32,54.10,157.56,0.3969,-1,-1,-1
436,43,1321.86,521.94,73.50,181.94,0.4838,-1,-1,-1
436,49,276.28,625.48,90.35,252.23,0.7627,-1,-1,-1
436,52,792.51,148.84,58.29,171.14,0.4053,-1,-1,-1
437,2,759.16,566.75,83.29,251.18,0.6855,-1,-1,-1
437,3,1000.10,924.96,85.23,152.81,0.7146,-1,-1,-1
437,4,1724.05,465.78,72.35,200.56,0.5036,-1,-1,-1
437,5,1572.55,638.22,84.38,214.00,0.3283,-1,-1,-1
437,18,445.06,223.88,75.72,199.86,0.6121,-1,-1,-1
437,25,368.37,654.85,75.86,235.85,0.7367,-1,-1,-1
437,29,881.10,574.24,74.74,216.82,0.6402,-1,-1,-1
437,32,942.42,3.15,57.32,166.51,0.4459,-1,-1,-1
437,38,965.38,589.88,73.66,224.23,0.6094,-1,-1,-1
437,41,1006.97,18.23,54.60,157.67,0.4088,-1,-1,-1
437,43,1324.10,526.58,73.56,178.07,0.4389,-1,-1,-1
437,49,274.54,627.71,91.40,257.28,0.7763,-1,-1,-1
437,52,792.82,148.70,58.06,171.13,0.3991,-1,-1,-1
438,2,760.76,567.33,82.16,251.80,0.6778,-1,-1,-1
438,3,1003.39,925.66,84.49,152.32,0.7073,-1,-1,-1
438,4,1722.24,463.91,73.23,204.36,0.5341,-1,-1,-1
438,5,1569.46,635.57,83.96,216.56,0.3567,-1,-1,-1
438,18,446.02,224.79,74.61,198.22,0.6165,-1,-1,-1
438,25,367.00,656.37,75.39,235.96,0.7399,-1,-1,-1
438,29,880.61,574.92,76.90,224.50,0.6689,-1,-1,-1
438,32,942.23,2.12,56.85,165.50,0.4114,-1,-1,-1
438,38,966.11,591.96,73.76,225.57,0.5798,-1,-1,-1
438,41,1006.64,16.39,54.88,157.73,0.3377,-1,-1,-1
438,43,1327.47,530.56,73.67,175.27,0.3236,-1,-1,-1
438,49,272.55,630.64,91.78,261.33,0.7686,-1,-1,-1
438,52,792.74,148.63,57.99,170.67,0.4232,-1,-1,-1
439,2,762.77,568.75,80.78,250.56,0.6470,-1,-1,-1
439,3,1005.77,925.65,84.69,152.68,0.6935,-1,-1,-1
439,4,1721.79,461.61,73.13,205.40,0.5582,-1,-1,-1
439,5,1567.79,636.72,82.53,216.34,0.3066,-1,-1,-1
439,18,446.87,224.32,74.45,199.75,0.6157,-1,-1,-1
439,25,365.56,656.94,75.61,236.26,0.7629,-1,-1,-1
439,29,881.93,575.77,77.42,226.52,0.6671,-1,-1,-1
439,32,941.75,0.33,56.44,165.01,0.4090,-1,-1,-1
439,38,966.39,595.23,73.42,224.89,0.5633,-1,-1,-1
439,41,1006.92,14.83,54.83,156.87,0.3238,-1,-1,-1
439,49,272.86,631.60,89.99,262.72,0.7550,-1,-1,-1
439,52,792.67,147.55,58.50,172.26,0.4348,-1,-1,-1
440,2,765.27,568.84,79.29,249.81,0.6693,-1,-1,-1
440,3,1007.59,925.40,85.06,152.86,0.6972,-1,-1,-1
440,4,1722.49,460.98,72.58,205.52,0.6071,-1,-1,-1
440,18,446.76,223.17,74.07,199.29,0.6124,-1,-1,-1
440,25,365.69,656.94,75.79,242.07,0.7498,-1,-1,-1
440,29,883.08,576.47,77.18,225.53,0.6684,-1,-1,-1
440,32,941.55,-0.04,55.14,161.07,0.4343,-1,-1,-1
440,38,967.13,596.92,73.57,224.20,0.5853,-1,-1,-1
440,41,1006.73,13.81,53.98,153.32,0.3644,-1,-1,-1
440,49,271.57,634.04,89.74,261.91,0.7626,-1,-1,-1
440,52,793.26,147.18,58.19,172.40,0.4462,-1,-1,-1
441,2,767.58,570.04,77.14,250.51,0.6537,-1,-1,-1
441,3,1009.57,924.26,85.67,154.53,0.7325,-1,-1,-1
441,4,1722.58,459.67,72.48,206.70,0.5941,-1,-1,-1
441,18,446.41,220.38,73.94,200.01,0.6134,-1,-1,-1
441,25,364.31,659.61,75.51,246.81,0.7757,-1,-1,-1
441,29,885.83,576.81,73.90,217.22,0.6603,-1,-1,-1
441,32,941.80,-0.11,54.52,158.93,0.4088,-1,-1,-1
441,38,966.59,599.12,73.53,221.60,0.5202,-1,-1,-1
441,41,1006.47,13.24,54.02,152.26,0.3683,-1,-1,-1
441,43,1339.25,530.19,79.67,195.44,0.3895,-1,-1,-1
441,49,270.38,636.67,89.49,258.95,0.7676,-1,-1,-1
441,52,792.78,147.59,57.83,171.64,0.4633,-1,-1,-1
442,2,770.74,570.76,75.07,251.20,0.6382,-1,-1,-1
442,3,1011.62,924.35,85.48,154.09,0.7427,-1,-1,-1
442,4,1723.23,459.32,72.03,207.87,0.5854,-1,-1,-1
442,18,446.81,218.56,72.77,197.16,0.5449,-1,-1,-1
442,25,362.63,662.80,74.89,245.31,0.7717,-1,-1,-1
442,29,886.79,577.91,73.84,216.96,0.6405,-1,-1,-1
442,32,941.82,-0.08,53.98,156.23,0.4213,-1,-1,-1
442,38,967.43,599.76,73.70,220.81,0.5358,-1,-1,-1
442,41,1005.74,12.33,54.60,153.08,0.3804,-1,-1,-1
442,43,1351.65,527.20,76.79,198.70,0.3797,-1,-1,-1
442,49,266.74,638.92,90.24,260.39,0.7724,-1,-1,-1
442,52,792.89,147.72,57.36,171.26,0.4318,-1,-1,-1
443,2,773.85,570.70,73.30,249.77,0.6221,-1,-1,-1
443,3,1013.18,924.48,85.94,154.56,0.7337,-1,-1,-1
443,4,1723.72,459.45,71.29,207.59,0.5816,-1,-1,-1
443,18,447.89,217.29,71.72,194.00,0.5325,-1,-1,-1
443,25,359.83,665.84,75.44,245.38,0.7663,-1,-1,-1
443,29,884.38,580.46,77.94,229.31,0.6011,-1,-1,-1
443,32,939.41,0.01,54.59,156.45,0.4308,-1,-1,-1
443,38,967.48,601.46,73.76,220.62,0.4738,-1,-1,-1
443,41,1005.41,12.21,55.15,153.76,0.3920,-1,-1,-1
443,43,1356.18,526.89,76.65,206.24,0.4459,-1,-1,-1
443,49,262.77,640.99,90.82,260.67,0.7559,-1,-1,-1
443,52,792.96,147.62,57.29,172.06,0.4224,-1,-1,-1
444,2,776.44,570.82,72.56,252.49,0.6432,-1,-1,-1
444,3,1015.25,925.04,85.55,154.24,0.7497,-1,-1,-1
444,4,1724.13,458.93,71.03,208.35,0.5788,-1,-1,-1
444,18,447.24,215.49,71.22,191.05,0.5111,-1,-1,-1
444,25,358.59,668.53,75.94,246.88,0.7725,-1,-1,-1
444,29,884.66,583.07,77.74,230.60,0.6191,-1,-1,-1
444,32,938.63,-0.06,55.19,157.51,0.4113,-1,-1,-1
444,38,967.56,602.72,73.96,219.75,0.4638,-1,-1,-1
444,41,1005.34,12.24,55.09,152.61,0.3931,-1,-1,-1
444,49,260.10,643.62,91.26,257.79,0.7690,-1,-1,-1
444,52,791.91,147.29,57.10,171.79,0.4181,-1,-1,-1
445,2,779.04,571.45,71.95,251.70,0.6488,-1,-1,-1
445,3,1015.77,923.68,85.98,155.80,0.7426,-1,-1,-1
445,4,1723.76,458.14,70.65,208.28,0.5721,-1,-1,-1
445,18,445.93,213.94,71.66,190.95,0.5377,-1,-1,-1
445,25,358.51,672.61,74.60,242.60,0.7518,-1,-1,-1
445,29,884.56,584.67,76.99,229.36,0.6495,-1,-1,-1
445,32,940.06,-0.08,54.97,156.61,0.4241,-1,-1,-1
445,38,967.33,602.37,75.05,221.36,0.5778,-1,-1,-1
445,41,1005.30,11.49,56.48,156.88,0.3944,-1,-1,-1
445,49,257.22,643.80,91.90,256.93,0.7529,-1,-1,-1
445,52,792.31,147.90,56.98,172.50,0.4055,-1,-1,-1
446,2,782.48,572.14,71.54,249.56,0.6330,-1,-1,-1
446,3,1018.40,923.52,84.60,154.89,0.7476,-1,-1,-1
446,4,1723.86,457.77,70.45,209.12,0.5625,-1,-1,-1
446,18,444.87,212.19,72.37,192.23,0.5334,-1,-1,-1
446,25,356.35,674.85,75.03,245.08,0.7413,-1,-1,-1
446,29,883.57,586.45,78.83,236.26,0.6286,-1,-1,-1
446,32,941.22,-0.04,54.05,154.53,0.4123,-1,-1,-1
446,38,966.15,603.37,75.24,218.80,0.5974,-1,-1,-1
446,41,1004.91,11.72,56.00,155.22,0.3788,-1,-1,-1
446,49,254.39,645.36,92.94,255.69,0.7522,-1,-1,-1
446,52,792.47,147.75,56.60,172.64,0.3862,-1,-1,-1
447,2,785.25,572.33,71.66,248.57,0.6364,-1,-1,-1
447,3,1018.91,921.70,84.98,157.76,0.7501,-1,-1,-1
447,4,1722.21,458.23,70.86,209.55,0.5636,-1,-1,-1
447,18,444.23,210.84,73.01,193.97,0.5186,-1,-1,-1
447,25,355.11,676.56,74.84,244.36,0.7557,-1,-1,-1
447,29,883.66,588.98,78.36,235.90,0.6176,-1,-1,-1
447,32,941.22,-0.07,53.56,153.98,0.3907,-1,-1,-1
447,38,969.01,607.75,73.22,210.32,0.5581,-1,-1,-1
447,41,1004.81,11.62,55.81,154.62,0.3495,-1,-1,-1
447,49,253.40,647.24,94.12,254.55,0.7632,-1,-1,-1
447,52,793.47,148.78,56.73,171.93,0.3549,-1,-1,-1
448,2,787.80,571.99,72.86,248.47,0.6536,-1,-1,-1
448,3,1020.85,921.21,83.51,157.82,0.7502,-1,-1,-1
448,4,1721.09,458.06,71.45,209.75,0.5695,-1,-1,-1
448,18,442.94,210.24,72.98,193.63,0.5446,-1,-1,-1
448,25,353.69,678.41,74.28,243.14,0.7585,-1,-1,-1
448,29,882.22,590.87,80.49,242.78,0.6489,-1,-1,-1
448,32,940.28,-0.06,53.35,154.08,0.4614,-1,-1,-1
448,38,968.52,608.18,74.50,211.93,0.6531,-1,-1,-1
448,41,1004.62,11.95,55.76,154.61,0.4224,-1,-1,-1
448,49,251.74,647.60,94.64,253.47,0.7706,-1,-1,-1
448,52,794.07,148.95,56.54,171.39,0.3677,-1,-1,-1
449,2,788.56,572.85,73.83,247.60,0.6551,-1,-1,-1
449,3,1022.24,922.10,82.31,156.97,0.7503,-1,-1,-1
449,4,1723.86,457.22,72.03,209.68,0.5459,-1,-1,-1
449,18,442.65,209.88,72.86,193.39,0.5240,-1,-1,-1
449,25,350.87,678.81,74.86,242.70,0.7629,-1,-1,-1
449,29,881.91,593.57,81.64,245.92,0.6599,-1,-1,-1
449,32,938.42,-0.06,53.40,154.47,0.4381,-1,-1,-1
449,38,967.95,609.98,75.56,210.88,0.6526,-1,-1,-1
449,41,1004.79,12.06,55.47,153.85,0.3977,-1,-1,-1
449,49,251.84,647.89,94.67,252.76,0.7614,-1,-1,-1
449,52,793.86,149.04,56.79,171.40,0.3744,-1,-1,-1
450,2,789.21,573.68,74.57,246.49,0.6372,-1,-1,-1
450,3,1023.25,920.52,81.69,157.99,0.7473,-1,-1,-1
450,4,1723.77,457.31,72.42,209.83,0.5642,-1,-1,-1
450,18,442.10,209.40,72.98,194.44,0.5358,-1,-1,-1
450,25,348.82,678.60,76.13,243.03,0.7609,-1,-1,-1
450,29,882.11,594.22,81.99,245.71,0.6518,-1,-1,-1
450,32,938.28,-0.05,53.01,153.68,0.4795,-1,-1,-1
450,38,969.20,611.24,75.94,211.60,0.6552,-1,-1,-1
450,41,1004.97,11.82,55.30,153.15,0.3956,-1,-1,-1
450,49,250.32,649.99,94.33,248.91,0.7589,-1,-1,-1
450,52,793.95,148.82,56.84,171.60,0.3725,-1,-1,-1
451,2,790.12,575.43,74.28,243.95,0.6333,-1,-1,-1
451,3,1024.84,922.12,80.46,157.70,0.7439,-1,-1,-1
451,4,1720.42,458.10,72.58,208.75,0.5199,-1,-1,-1
451,18,440.86,209.23,73.01,194.01,0.5076,-1,-1,-1
451,25,346.45,680.14,76.80,243.96,0.7554,-1,-1,-1
451,29,881.96,597.26,81.48,243.28,0.6080,-1,-1,-1
451,32,937.98,-0.04,53.16,154.15,0.4595,-1,-1,-1
451,38,970.47,612.31,77.21,216.83,0.6075,-1,-1,-1
451,41,1004.72,12.37,55.35,153.30,0.3784,-1,-1,-1
451,43,1411.03,543.59,57.78,149.73,0.3230,-1,-1,-1
451,49,249.84,651.98,93.07,246.23,0.7250,-1,-1,-1
451,52,793.89,148.99,55.74,170.56,0.3660,-1,-1,-1
452,2,792.21,575.56,74.81,245.15,0.6450,-1,-1,-1
452,3,1026.02,922.08,79.41,157.91,0.7638,-1,-1,-1
452,4,1719.72,458.46,73.06,208.58,0.5371,-1,-1,-1
452,5,1551.39,621.05,80.05,229.89,0.4182,-1,-1,-1
452,18,440.35,208.25,73.62,195.20,0.4617,-1,-1,-1
452,25,344.09,680.21,77.64,241.61,0.7864,-1,-1,-1
452,29,884.00,598.09,81.20,244.00,0.6392,-1,-1,-1
452,32,937.47,-0.04,53.80,156.71,0.4921,-1,-1,-1
452,38,971.67,614.00,78.22,220.72,0.6030,-1,-1,-1
452,41,1004.55,12.39,55.12,152.57,0.3808,-1,-1,-1
452,43,1417.21,542.91,61.96,153.23,0.3922,-1,-1,-1
452,49,248.86,653.53,93.63,250.59,0.7525,-1,-1,-1
452,52,794.36,148.42,54.97,170.09,0.3514,-1,-1,-1
453,2,795.05,577.30,75.11,244.99,0.6387,-1,-1,-1
453,3,1026.66,921.50,78.83,158.50,0.7543,-1,-1,-1
453,4,1719.16,458.89,73.57,208.38,0.5330,-1,-1,-1
453,5,1546.05,617.36,81.35,233.48,0.4650,-1,-1,-1
453,18,439.97,208.33,73.58,195.73,0.4324,-1,-1,-1
453,25,342.40,680.40,78.72,241.28,0.7834,-1,-1,-1
453,29,887.41,599.71,79.32,241.48,0.6336,-1,-1,-1
453,32,937.23,-0.04,53.45,156.18,0.5078,-1,-1,-1
453,38,972.24,617.07,78.15,221.18,0.6078,-1,-1,-1
453,41,1004.66,11.88,55.16,152.68,0.4045,-1,-1,-1
453,43,1425.54,544.16,63.87,154.43,0.3838,-1,-1,-1
453,49,248.04,656.32,93.28,253.24,0.7495,-1,-1,-1
453,52,793.47,147.90,55.11,172.18,0.3078,-1,-1,-1
454,2,795.96,578.18,74.52,243.89,0.6215,-1,-1,-1
454,3,1026.53,921.02,78.65,158.99,0.7552,-1,-1,-1
454,4,1717.64,457.84,74.47,208.52,0.5616,-1,-1,-1
454,5,1551.76,621.38,76.31,230.10,0.4468,-1,-1,-1
454,18,441.68,207.96,72.95,196.99,0.4458,-1,-1,-1
454,25,341.16,681.41,80.28,240.60,0.7978,-1,-1,-1
454,29,885.05,600.48,79.97,240.53,0.6417,-1,-1,-1
454,32,936.91,-0.01,53.29,155.82,0.5302,-1,-1,-1
454,38,975.45,618.94,76.59,220.16,0.6455,-1,-1,-1
454,41,1004.84,11.21,55.23,153.57,0.4116,-1,-1,-1
454,43,1428.23,543.97,65.65,157.05,0.3619,-1,-1,-1
454,49,247.11,657.31,93.57,256.17,0.7521,-1,-1,-1
454,52,794.51,148.08,54.84,171.45,0.3311,-1,-1,-1
454,57,1661.65,359.90,65.67,189.81,0.4124,-1,-1,-1
455,2,797.45,579.68,74.45,242.53,0.6459,-1,-1,-1
455,3,1027.90,922.03,77.89,157.99,0.7529,-1,-1,-1
455,4,1716.72,457.81,75.74,209.94,0.5581,-1,-1,-1
455,5,1543.83,615.57,79.54,235.40,0.4991,-1,-1,-1
455,18,440.86,204.51,73.01,197.92,0.4556,-1,-1,-1
455,25,339.51,683.05,80.55,242.64,0.7862,-1,-1,-1
455,29,886.63,601.30,78.93,235.71,0.6320,-1,-1,-1
455,32,937.01,0.14,52.82,155.31,0.5346,-1,-1,-1
455,38,977.51,621.99,75.56,216.09,0.6435,-1,-1,-1
455,41,1005.29,10.78,54.80,152.92,0.4312,-1,-1,-1
455,49,246.38,658.25,94.45,259.54,0.7569,-1,-1,-1
455,52,794.18,148.03,54.98,171.22,0.3225,-1,-1,-1
455,57,1661.10,359.35,65.98,190.77,0.3732,-1,-1,-1
456,2,798.42,581.15,74.11,241.18,0.6527,-1,-1,-1
456,3,1028.52,921.94,77.95,158.06,0.7448,-1,-1,-1
456,4,1716.78,457.96,76.06,209.77,0.5721,-1,-1,-1
456,5,1547.52,614.77,78.60,236.58,0.4729,-1,-1,-1
456,18,441.35,203.74,71.98,198.27,0.5163,-1,-1,-1
456,25,337.05,684.46,81.61,247.20,0.7767,-1,-1,-1
456,29,886.89,601.70,80.39,235.91,0.6556,-1,-1,-1
456,32,937.36,0.00,52.25,154.33,0.5443,-1,-1,-1
456,38,978.79,623.81,76.75,219.97,0.6811,-1,-1,-1
456,41,1005.53,9.41,54.65,153.30,0.4678,-1,-1,-1
456,49,245.19,660.59,94.68,262.00,0.7581,-1,-1,-1
456,52,794.13,146.17,55.52,172.69,0.3077,-1,-1,-1
456,57,1658.98,359.33,66.39,191.97,0.3938,-1,-1,-1
457,2,799.37,581.47,73.58,241.51,0.6690,-1,-1,-1
457,3,1028.51,922.14,78.02,157.87,0.7306,-1,-1,-1
457,4,1716.19,458.08,76.59,209.25,0.6010,-1,-1,-1
457,5,1548.02,614.35,78.15,238.47,0.4565,-1,-1,-1
457,18,442.30,201.48,70.75,198.32,0.5362,-1,-1,-1
457,25,335.07,688.42,81.07,249.28,0.7935,-1,-1,-1
457,29,887.80,602.55,81.66,237.36,0.6549,-1,-1,-1
457,32,937.54,-0.01,51.64,152.77,0.5351,-1,-1,-1
457,38,979.38,624.90,76.85,221.97,0.6708,-1,-1,-1
457,41,1006.06,9.16,53.69,150.56,0.4524,-1,-1,-1
457,49,244.24,662.76,94.84,262.04,0.7619,-1,-1,-1
457,52,792.98,145.36,56.46,174.56,0.3197,-1,-1,-1
457,57,1658.62,359.57,65.50,189.38,0.4065,-1,-1,-1
458,2,802.22,583.58,73.64,240.72,0.6576,-1,-1,-1
458,3,1028.62,921.61,78.74,158.40,0.7396,-1,-1,-1
458,4,1715.81,458.18,77.37,210.14,0.5700,-1,-1,-1
458,5,1548.59,613.86,77.14,238.45,0.4577,-1,-1,-1
458,18,443.84,199.70,68.59,195.31,0.5317,-1,-1,-1
458,25,334.70,691.84,79.91,247.64,0.7933,-1,-1,-1
458,29,892.59,603.87,80.90,239.02,0.6841,-1,-1,-1
458,32,936.60,-0.02,51.57,151.71,0.4903,-1,-1,-1
458,38,980.54,625.37,77.27,222.38,0.6740,-1,-1,-1
458,41,1006.42,8.27,53.13,148.40,0.4154,-1,-1,-1
458,49,243.51,665.70,95.47,262.12,0.7638,-1,-1,-1
458,52,794.86,145.55,55.91,174.03,0.3023,-1,-1,-1
458,57,1656.68,358.68,65.37,189.81,0.4433,-1,-1,-1
459,2,804.75,584.01,74.31,240.66,0.6422,-1,-1,-1
459,3,1028.19,921.23,79.45,158.65,0.7310,-1,-1,-1
459,4,1717.01,458.37,77.01,209.47,0.5413,-1,-1,-1
459,5,1548.79,614.16,75.92,238.35,0.4907,-1,-1,-1
459,18,444.34,197.00,67.43,193.44,0.4999,-1,-1,-1
459,25,333.81,695.64,78.39,245.87,0.8080,-1,-1,-1
459,29,894.91,605.60,79.71,238.25,0.6813,-1,-1,-1
459,32,936.67,0.02,50.85,148.30,0.4691,-1,-1,-1
459,38,981.75,627.63,77.79,221.48,0.6877,-1,-1,-1
459,41,1007.47,7.25,52.29,146.02,0.3968,-1,-1,-1
459,49,242.32,668.04,96.55,265.46,0.7719,-1,-1,-1
459,57,1654.79,357.27,65.19,189.57,0.3799,-1,-1,-1
459,58,1838.41,382.58,70.64,200.79,0.3715,-1,-1,-1
460,2,807.20,583.93,75.49,240.89,0.6625,-1,-1,-1
460,3,1028.26,921.41,79.89,158.56,0.7354,-1,-1,-1
460,4,1717.07,457.02,77.38,211.39,0.5457,-1,-1,-1
460,5,1549.15,615.73,74.36,237.27,0.4465,-1,-1,-1
460,18,444.82,195.34,66.41,190.39,0.5144,-1,-1,-1
460,25,334.54,698.95,77.29,242.15,0.8116,-1,-1,-1
460,29,897.09,607.08,79.76,240.41,0.7076,-1,-1,-1
460,32,935.90,0.12,51.42,147.22,0.5077,-1,-1,-1
460,38,982.71,628.28,77.79,220.71,0.6722,-1,-1,-1
460,41,1007.68,5.68,52.26,146.61,0.4398,-1,-1,-1
460,49,241.99,668.24,97.00,267.56,0.7748,-1,-1,-1
460,52,795.09,145.96,55.61,173.59,0.3152,-1,-1,-1
460,58,1834.05,379.46,73.66,208.37,0.3329,-1,-1,-1
461,2,809.27,583.01,76.46,240.53,0.6707,-1,-1,-1
461,3,1028.24,921.81,80.26,158.19,0.7365,-1,-1,-1
461,4,1718.58,457.61,76.39,210.17,0.5476,-1,-1,-1
461,5,1548.64,613.34,73.81,238.84,0.4312,-1,-1,-1
461,18,444.67,193.39,66.20,190.02,0.5138,-1,-1,-1
461,25,334.36,702.32,77.73,244.90,0.8070,-1,-1,-1
461,29,898.40,609.90,79.47,240.17,0.7093,-1,-1,-1
461,32,935.87,0.99,51.45,145.26,0.4429,-1,-1,-1
461,38,983.39,629.33,78.06,220.87,0.6586,-1,-1,-1
461,41,1007.45,5.33,52.69,148.13,0.4040,-1,-1,-1
461,49,242.32,670.00,97.17,266.13,0.7844,-1,-1,-1
461,52,795.87,145.42,55.33,173.72,0.3443,-1,-1,-1
461,58,1829.66,378.97,72.12,202.85,0.3261,-1,-1,-1
462,2,811.19,583.32,78.30,242.42,0.6680,-1,-1,-1
462,3,1027.76,921.63,80.52,158.29,0.7498,-1,-1,-1
462,4,1719.04,455.39,76.91,213.51,0.5332,-1,-1,-1
462,5,1550.64,618.58,71.34,233.79,0.3258,-1,-1,-1
462,18,444.18,192.75,66.15,189.42,0.5091,-1,-1,-1
462,25,332.72,703.72,79.00,248.34,0.8079,-1,-1,-1
462,29,899.36,611.54,79.23,239.41,0.7144,-1,-1,-1
462,32,935.89,3.15,51.29,142.62,0.3588,-1,-1,-1
462,38,984.78,630.73,78.00,219.04,0.6686,-1,-1,-1
462,41,1007.48,4.77,52.97,149.22,0.4001,-1,-1,-1
462,49,241.63,671.65,95.50,264.19,0.7662,-1,-1,-1
462,52,796.75,145.45,54.83,173.89,0.3495,-1,-1,-1
462,58,1830.54,377.56,75.09,207.98,0.3072,-1,-1,-1
463,2,813.02,583.37,80.38,243.18,0.6871,-1,-1,-1
463,3,1027.46,921.32,80.84,158.67,0.7400,-1,-1,-1
463,4,1719.23,456.65,75.82,211.44,0.5607,-1,-1,-1
463,5,1550.24,614.95,71.49,237.06,0.3084,-1,-1,-1
463,18,444.71,193.90,66.10,188.28,0.4822,-1,-1,-1
463,25,332.10,704.02,79.38,249.72,0.8071,-1,-1,-1
463,29,901.30,613.76,78.19,235.59,0.7067,-1,-1,-1
463,32,936.06,3.53,51.57,141.62,0.4157,-1,-1,-1
463,38,987.13,631.11,77.03,215.21,0.6904,-1,-1,-1
463,41,1007.05,4.30,53.48,150.26,0.4364,-1,-1,-1
463,49,241.48,673.58,94.61,264.52,0.7677,-1,-1,-1
463,52,796.43,144.61,54.79,174.38,0.3635,-1,-1,-1
463,58,1823.00,376.12,73.60,203.08,0.3667,-1,-1,-1
464,2,814.51,584.56,83.28,244.73,0.6955,-1,-1,-1
464,3,1026.96,920.99,81.20,159.01,0.7489,-1,-1,-1
464,4,1718.75,455.74,75.97,212.25,0.5242,-1,-1,-1
464,18,445.39,191.75,67.58,190.49,0.4858,-1,-1,-1
464,25,333.40,705.50,78.20,250.77,0.8035,-1,-1,-1
464,29,902.72,616.17,77.64,233.77,0.6802,-1,-1,-1
464,32,935.70,2.48,52.48,142.91,0.3833,-1,-1,-1
464,38,986.16,632.09,77.80,217.09,0.6616,-1,-1,-1
464,41,1006.76,3.22,54.16,151.82,0.4628,-1,-1,-1
464,49,241.57,675.43,95.12,264.17,0.7494,-1,-1,-1
464,52,796.40,144.80,54.61,173.65,0.3757,-1,-1,-1
464,58,1819.68,374.72,73.83,203.65,0.3434,-1,-1,-1
465,2,815.23,585.36,85.13,243.46,0.6829,-1,-1,-1
465,3,1026.48,922.04,80.91,157.96,0.7429,-1,-1,-1
465,4,1719.47,456.10,75.61,212.29,0.5301,-1,-1,-1
465,18,444.77,191.38,68.88,191.49,0.5128,-1,-1,-1
465,25,333.62,706.53,76.04,250.54,0.7918,-1,-1,-1
465,29,904.19,618.31,77.30,230.95,0.6821,-1,-1,-1
465,32,935.60,2.45,52.90,142.68,0.4026,-1,-1,-1
465,38,988.06,635.00,77.14,215.44,0.6505,-1,-1,-1
465,41,1006.97,3.98,53.94,150.56,0.4292,-1,-1,-1
465,49,240.83,677.59,94.50,260.32,0.7564,-1,-1,-1
465,52,797.35,144.90,54.45,174.31,0.3959,-1,-1,-1
465,58,1816.60,372.73,73.89,202.64,0.3463,-1,-1,-1
466,2,814.44,584.51,87.91,243.24,0.7228,-1,-1,-1
466,3,1026.50,922.40,80.98,157.60,0.7224,-1,-1,-1
466,4,1720.20,456.00,74.66,211.38,0.5422,-1,-1,-1
466,18,444.84,191.08,69.32,190.63,0.5269,-1,-1,-1
466,25,333.51,706.56,74.74,249.36,0.7793,-1,-1,-1
466,29,904.60,620.73,78.19,232.16,0.6907,-1,-1,-1
466,32,936.58,1.96,52.91,142.56,0.4292,-1,-1,-1
466,38,988.94,637.36,77.70,218.48,0.6281,-1,-1,-1
466,41,1006.73,2.99,54.28,150.72,0.4543,-1,-1,-1
466,49,238.51,679.55,91.14,256.02,0.7708,-1,-1,-1
466,52,798.16,144.66,54.19,175.21,0.3824,-1,-1,-1
466,58,1814.54,371.77,75.53,205.26,0.4134,-1,-1,-1
467,2,812.47,584.47,90.94,245.18,0.7365,-1,-1,-1
467,3,1026.65,922.30,80.75,155.92,0.7228,-1,-1,-1
467,4,1720.07,454.38,75.09,214.08,0.5504,-1,-1,-1
467,18,445.98,191.23,69.94,189.85,0.5819,-1,-1,-1
467,25,333.77,706.71,73.64,249.58,0.7877,-1,-1,-1
467,29,904.42,621.41,79.67,237.10,0.7204,-1,-1,-1
467,32,937.21,2.95,52.80,142.56,0.4137,-1,-1,-1
467,38,989.96,637.78,77.83,220.07,0.5957,-1,-1,-1
467,41,1007.14,3.74,54.40,150.04,0.4453,-1,-1,-1
467,49,238.43,680.69,89.22,250.66,0.7722,-1,-1,-1
467,52,798.77,144.19,53.65,175.02,0.3321,-1,-1,-1
467,58,1812.29,369.64,76.87,208.55,0.3932,-1,-1,-1
468,2,811.95,584.66,93.76,247.22,0.7377,-1,-1,-1
468,3,1026.92,922.60,80.71,155.50,0.7187,-1,-1,-1
468,4,1720.23,455.85,74.04,211.91,0.5397,-1,-1,-1
468,18,447.72,190.94,69.69,189.12,0.5440,-1,-1,-1
468,25,333.78,708.41,72.29,245.94,0.7651,-1,-1,-1
468,29,906.49,622.37,78.45,233.04,0.6928,-1,-1,-1
468,32,937.77,3.95,52.39,141.30,0.4520,-1,-1,-1
468,38,990.45,640.64,77.24,218.93,0.5687,-1,-1,-1
468,41,1006.77,3.89,54.53,149.49,0.4190,-1,-1,-1
468,49,236.69,681.21,89.61,251.86,0.7835,-1,-1,-1
468,52,798.23,143.39,54.00,176.54,0.3716,-1,-1,-1
468,58,1808.78,368.27,77.94,210.61,0.4680,-1,-1,-1
469,2,811.31,584.82,96.32,249.59,0.7287,-1,-1,-1
469,3,1027.10,922.84,80.21,155.51,0.7272,-1,-1,-1
469,4,1720.50,454.27,73.92,212.58,0.5332,-1,-1,-1
469,18,448.90,189.43,69.42,188.77,0.5631,-1,-1,-1
469,25,333.11,710.69,72.82,246.87,0.7775,-1,-1,-1
469,29,908.26,623.32,77.78,230.36,0.6868,-1,-1,-1
469,32,937.73,3.63,52.62,140.88,0.4317,-1,-1,-1
469,38,990.82,642.85,75.39,210.93,0.5474,-1,-1,-1
469,41,1006.36,3.10,55.24,150.36,0.3837,-1,-1,-1
469,49,234.75,683.59,90.80,252.67,0.7806,-1,-1,-1
469,52,799.07,142.61,53.84,177.44,0.3490,-1,-1,-1
469,58,1805.89,366.50,78.66,211.71,0.4944,-1,-1,-1
470,2,809.89,584.97,98.75,253.00,0.7260,-1,-1,-1
470,3,1025.98,922.31,80.57,156.34,0.7225,-1,-1,-1
470,4,1721.07,455.41,73.32,211.47,0.5311,-1,-1,-1
470,18,448.41,188.30,70.07,189.82,0.5750,-1,-1,-1
470,25,331.59,712.26,72.86,245.33,0.7976,-1,-1,-1
470,29,910.45,624.51,76.89,227.57,0.6452,-1,-1,-1
470,32,937.19,2.79,53.15,141.71,0.3947,-1,-1,-1
470,38,990.06,644.48,77.19,216.23,0.4770,-1,-1,-1
470,41,1005.77,1.64,55.83,151.33,0.3838,-1,-1,-1
470,49,233.32,686.13,91.91,255.61,0.7879,-1,-1,-1
470,52,798.71,142.48,53.64,177.53,0.3894,-1,-1,-1
470,58,1804.98,364.94,78.16,209.71,0.4617,-1,-1,-1
471,2,809.74,585.62,100.86,255.87,0.7076,-1,-1,-1
471,3,1025.27,923.80,80.30,156.13,0.7271,-1,-1,-1
471,4,1720.60,455.29,73.74,213.11,0.5355,-1,-1,-1
471,18,449.14,185.31,70.79,193.56,0.5805,-1,-1,-1
471,25,329.07,714.49,74.00,244.61,0.8037,-1,-1,-1
471,29,912.88,625.00,75.49,221.51,0.5912,-1,-1,-1
471,32,937.63,3.07,52.85,140.66,0.4088,-1,-1,-1
471,38,988.88,646.53,79.22,221.69,0.4884,-1,-1,-1
471,41,1004.82,1.69,55.64,150.70,0.4061,-1,-1,-1
471,49,231.44,687.98,94.06,260.62,0.7879,-1,-1,-1
471,52,798.91,142.70,53.52,177.86,0.3667,-1,-1,-1
471,58,1803.18,365.16,78.37,208.38,0.5075,-1,-1,-1
472,2,808.87,586.64,101.49,257.48,0.7262,-1,-1,-1
472,3,1025.19,924.35,79.74,155.65,0.7042,-1,-1,-1
472,4,1720.10,455.41,73.98,213.52,0.5548,-1,-1,-1
472,18,450.02,183.95,70.34,195.06,0.5978,-1,-1,-1
472,25,327.93,716.61,75.42,246.07,0.8164,-1,-1,-1
472,29,913.89,625.88,75.71,221.36,0.6320,-1,-1,-1
472,32,937.03,3.03,53.01,140.34,0.3718,-1,-1,-1
472,38,988.79,647.57,80.00,224.27,0.5033,-1,-1,-1
472,41,1003.77,0.24,55.95,151.83,0.4107,-1,-1,-1
472,49,229.50,690.28,95.18,264.92,0.7863,-1,-1,-1
472,52,799.45,141.97,53.63,178.32,0.3948,-1,-1,-1
472,58,1802.38,364.93,78.03,206.49,0.4954,-1,-1,-1
473,2,807.78,587.15,100.90,257.66,0.7552,-1,-1,-1
473,3,1024.41,925.54,79.61,154.47,0.7215,-1,-1,-1
473,4,1719.26,454.49,75.05,215.98,0.5501,-1,-1,-1
473,18,451.09,181.39,69.00,191.43,0.5696,-1,-1,-1
473,25,325.55,720.94,76.86,247.96,0.8012,-1,-1,-1
473,29,913.91,627.17,77.84,227.51,0.6851,-1,-1,-1
473,32,937.03,3.39,53.00,139.76,0.3647,-1,-1,-1
473,38,989.29,648.76,79.65,224.04,0.5336,-1,-1,-1
473,41,1003.62,-0.06,56.36,152.56,0.3402,-1,-1,-1
473,49,227.96,693.60,95.33,265.08,0.7660,-1,-1,-1
473,52,800.44,144.61,52.51,175.61,0.3748,-1,-1,-1
473,58,1800.05,363.79,79.22,207.41,0.4842,-1,-1,-1
474,2,807.50,587.81,99.89,257.06,0.7578,-1,-1,-1
474,3,1024.62,924.93,79.51,154.62,0.7101,-1,-1,-1
474,4,1718.10,455.04,75.30,215.24,0.5399,-1,-1,-1
474,18,452.67,178.98,68.21,190.04,0.5176,-1,-1,-1
474,25,323.77,723.65,78.12,251.09,0.7889,-1,-1,-1
474,29,914.58,627.79,78.24,227.05,0.6430,-1,-1,-1
474,32,937.18,3.14,53.24,140.09,0.3696,-1,-1,-1
474,38,989.70,649.99,79.80,226.36,0.5512,-1,-1,-1
474,41,1003.09,-0.12,56.47,152.48,0.3794,-1,-1,-1
474,49,226.09,694.65,96.44,268.64,0.7615,-1,-1,-1
474,52,799.97,143.43,52.68,177.09,0.3932,-1,-1,-1
474,58,1796.82,363.23,80.15,206.69,0.4751,-1,-1,-1
475,2,807.22,588.68,98.37,255.89,0.7549,-1,-1,-1
475,3,1024.48,925.35,78.86,154.33,0.7104,-1,-1,-1
475,4,1717.75,455.57,76.30,214.58,0.5218,-1,-1,-1
475,18,453.29,180.39,66.31,185.62,0.5141,-1,-1,-1
475,25,322.34,726.60,78.54,251.67,0.7796,-1,-1,-1
475,29,915.01,629.71,79.58,233.44,0.6726,-1,-1,-1
475,32,936.68,3.09,53.68,141.24,0.3579,-1,-1,-1
475,38,991.38,652.47,78.81,224.79,0.5985,-1,-1,-1
475,41,1002.39,-0.13,55.83,150.81,0.3840,-1,-1,-1
475,49,224.24,697.19,96.59,270.46,0.7566,-1,-1,-1
475,52,800.82,143.63,52.26,176.98,0.3915,-1,-1,-1
475,58,1794.50,363.41,81.20,206.78,0.4788,-1,-1,-1
476,2,806.26,589.11,96.78,255.90,0.7432,-1,-1,-1
476,3,1024.21,926.46,78.44,153.27,0.7218,-1,-1,-1
476,4,1715.95,456.16,77.45,213.80,0.4998,-1,-1,-1
476,18,453.35,179.85,65.87,184.56,0.5311,-1,-1,-1
476,25,321.57,728.26,78.12,249.97,0.7718,-1,-1,-1
476,29,915.79,631.31,78.88,231.31,0.6058,-1,-1,-1
476,32,936.64,3.25,53.76,141.53,0.3197,-1,-1,-1
476,38,993.94,654.51,77.07,222.59,0.5613,-1,-1,-1
476,41,1002.06,-0.14,54.89,147.89,0.3118,-1,-1,-1
476,49,223.72,700.35,95.86,268.81,0.7453,-1,-1,-1
476,52,801.34,142.79,51.84,177.06,0.4350,-1,-1,-1
476,58,1789.79,362.65,82.75,208.08,0.4429,-1,-1,-1
477,2,806.62,589.96,94.14,254.67,0.7750,-1,-1,-1
477,3,1023.86,926.90,78.39,153.07,0.7135,-1,-1,-1
477,4,1715.81,457.17,78.10,212.17,0.5110,-1,-1,-1
477,18,451.53,175.41,67.70,188.90,0.5386,-1,-1,-1
477,25,319.86,730.46,78.36,251.97,0.7649,-1,-1,-1
477,29,916.54,633.68,79.07,230.31,0.6560,-1,-1,-1
477,38,995.33,656.11,75.52,221.67,0.5793,-1,-1,-1
477,49,222.68,701.95,94.89,266.42,0.7464,-1,-1,-1
477,52,801.62,145.15,51.13,175.05,0.4651,-1,-1,-1
477,58,1789.09,361.91,83.02,207.33,0.5018,-1,-1,-1
478,2,805.73,590.42,91.81,254.73,0.7848,-1,-1,-1
478,3,1023.39,928.52,77.81,151.49,0.7246,-1,-1,-1
478,4,1713.69,457.04,79.49,211.77,0.4684,-1,-1,-1
478,18,453.40,177.65,66.33,185.03,0.5338,-1,-1,-1
478,25,319.94,732.98,78.29,252.92,0.7587,-1,-1,-1
478,29,914.82,635.45,79.89,229.18,0.6714,-1,-1,-1
478,32,937.27,4.60,52.78,139.49,0.3251,-1,-1,-1
478,38,997.00,656.52,74.30,220.33,0.5603,-1,-1,-1
478,41,1001.47,1.03,54.19,146.37,0.3082,-1,-1,-1
478,49,220.70,703.34,95.06,265.60,0.7401,-1,-1,-1
478,52,801.92,145.74,50.93,174.61,0.4709,-1,-1,-1
478,58,1789.90,360.17,82.23,206.34,0.4611,-1,-1,-1
479,2,804.85,591.20,89.21,253.87,0.7851,-1,-1,-1
479,3,1022.21,929.65,77.43,150.36,0.7199,-1,-1,-1
479,4,1714.01,457.50,80.31,210.75,0.4743,-1,-1,-1
479,18,452.52,177.00,67.04,186.08,0.5666,-1,-1,-1
479,25,317.90,734.72,79.38,254.87,0.7569,-1,-1,-1
479,29,914.51,639.16,80.82,232.26,0.7042,-1,-1,-1
479,32,936.69,4.46,52.31,138.98,0.3325,-1,-1,-1
479,38,996.32,656.73,74.55,222.49,0.6304,-1,-1,-1
479,49,221.13,704.00,95.39,264.47,0.7293,-1,-1,-1
479,52,802.95,145.98,50.69,175.20,0.4562,-1,-1,-1
479,58,1787.37,360.29,82.37,206.23,0.5366,-1,-1,-1
480,2,804.24,592.14,87.82,253.67,0.7775,-1,-1,-1
480,3,1021.04,932.22,76.97,147.79,0.7371,-1,-1,-1
480,4,1706.47,456.87,83.33,210.25,0.3887,-1,-1,-1
480,18,448.45,172.92,70.43,191.96,0.5275,-1,-1,-1
480,25,313.84,736.55,80.31,253.13,0.7508,-1,-1,-1
480,29,912.45,641.26,83.51,239.33,0.6699,-1,-1,-1
480,32,935.55,2.31,52.29,139.13,0.3027,-1,-1,-1
480,38,997.59,658.02,73.05,220.26,0.6105,-1,-1,-1
480,49,219.32,704.19,94.55,263.00,0.7455,-1,-1,-1
480,52,803.72,146.33,50.14,175.24,0.4214,-1,-1,-1
480,58,1785.49,359.53,81.43,206.72,0.5201,-1,-1,-1
481,2,803.94,593.48,86.04,253.18,0.7920,-1,-1,-1
481,3,1019.90,930.99,77.99,149.02,0.7375,-1,-1,-1
481,4,1709.14,457.89,84.76,210.18,0.3960,-1,-1,-1
481,18,447.64,171.31,71.82,193.31,0.5352,-1,-1,-1
481,25,307.41,737.28,83.75,254.99,0.7765,-1,-1,-1
481,29,910.72,644.28,83.45,236.44,0.6780,-1,-1,-1
481,32,934.24,1.15,52.18,138.39,0.3851,-1,-1,-1
481,38,994.31,660.18,73.85,220.83,0.5935,-1,-1,-1
481,41,1000.49,0.20,53.28,143.67,0.3817,-1,-1,-1
481,49,218.72,704.43,93.65,262.89,0.7620,-1,-1,-1
481,52,803.38,144.18,50.11,176.44,0.4373,-1,-1,-1
481,58,1785.73,358.19,78.88,204.71,0.5711,-1,-1,-1
481,60,1730.49,169.73,60.98,170.46,0.4173,-1,-1,-1
482,2,803.25,594.27,85.10,253.17,0.7817,-1,-1,-1
482,3,1020.02,932.77,77.59,147.24,0.7318,-1,-1,-1
482,4,1709.70,458.73,85.55,210.00,0.4341,-1,-1,-1
482,18,450.79,175.49,69.74,186.92,0.5106,-1,-1,-1
482,25,306.77,738.26,84.79,255.93,0.7730,-1,-1,-1
482,29,907.80,646.05,87.70,247.28,0.6959,-1,-1,-1
482,32,934.05,1.15,51.34,135.54,0.3260,-1,-1,-1
482,38,995.43,662.69,74.06,221.91,0.6288,-1,-1,-1
482,41,999.52,0.53,52.93,142.91,0.3558,-1,-1,-1
482,49,218.96,706.29,92.23,261.00,0.7567,-1,-1,-1
482,52,804.15,144.14,49.78,177.24,0.4877,-1,-1,-1
482,58,1783.97,356.50,77.94,206.03,0.5449,-1,-1,-1
482,60,1730.49,171.74,61.08,170.04,0.4141,-1,-1,-1
483,2,801.67,595.35,84.56,252.05,0.7749,-1,-1,-1
483,3,1019.59,933.00,77.97,147.00,0.7341,-1,-1,-1
483,4,1704.38,458.20,87.95,209.89,0.3725,-1,-1,-1
483,18,452.56,173.51,69.77,188.44,0.5149,-1,-1,-1
483,25,303.53,739.30,85.28,255.63,0.7747,-1,-1,-1
483,29,908.56,648.73,87.13,246.56,0.7108,-1,-1,-1
483,32,933.91,1.43,51.04,134.38,0.3301,-1,-1,-1
483,38,997.67,664.52,73.49,221.95,0.6214,-1,-1,-1
483,41,999.01,0.08,53.49,144.67,0.3856,-1,-1,-1
483,49,218.94,707.33,91.52,259.05,0.7560,-1,-1,-1
483,52,804.64,143.42,49.22,176.73,0.4693,-1,-1,-1
483,58,1782.63,355.55,77.31,206.70,0.5061,-1,-1,-1
483,60,1729.46,170.23,61.71,171.77,0.4124,-1,-1,-1
484,2,801.27,596.47,84.96,250.85,0.7704,-1,-1,-1
484,3,1019.16,933.44,78.52,146.56,0.7211,-1,-1,-1
484,4,1701.42,458.39,90.58,210.50,0.3799,-1,-1,-1
484,18,454.00,172.99,68.66,188.93,0.5114,-1,-1,-1
484,25,302.80,740.67,84.89,254.12,0.7661,-1,-1,-1
484,29,908.89,649.15,87.62,250.15,0.7006,-1,-1,-1
484,32,934.08,2.48,50.08,130.93,0.3277,-1,-1,-1
484,38,998.23,667.58,73.67,223.79,0.6051,-1,-1,-1
484,41,999.36,-0.03,53.39,145.01,0.4211,-1,-1,-1
484,49,218.65,709.09,90.65,256.82,0.7553,-1,-1,-1
484,52,806.18,144.89,48.17,175.12,0.4644,-1,-1,-1
484,58,1782.62,353.87,74.91,205.25,0.5102,-1,-1,-1
484,60,1730.36,169.51,62.43,173.13,0.4064,-1,-1,-1
485,2,800.26,597.13,85.96,250.47,0.7825,-1,-1,-1
485,3,1019.04,933.84,79.09,146.16,0.7110,-1,-1,-1
485,4,1692.45,457.79,94.58,209.24,0.3766,-1,-1,-1
485,18,454.26,170.81,68.15,190.70,0.5326,-1,-1,-1
485,25,301.15,742.05,84.71,252.21,0.7637,-1,-1,-1
485,29,910.36,650.03,85.32,247.02,0.7237,-1,-1,-1
485,32,933.18,2.42,49.69,128.53,0.3161,-1,-1,-1
485,38,998.55,668.84,74.23,226.50,0.6333,-1,-1,-1
485,41,999.33,-0.04,52.76,143.77,0.4202,-1,-1,-1
485,49,218.27,711.00,90.62,256.49,0.7631,-1,-1,-1
485,52,806.84,145.03,47.70,175.72,0.4741,-1,-1,-1
485,58,1782.02,353.17,72.19,199.41,0.4362,-1,-1,-1
485,60,1730.29,169.85,63.50,175.18,0.3886,-1,-1,-1
486,2,799.82,597.44,87.45,251.39,0.7894,-1,-1,-1
486,3,1018.09,934.25,79.86,145.76,0.7146,-1,-1,-1
486,18,455.25,163.31,68.71,198.05,0.5532,-1,-1,-1
486,25,300.35,742.40,84.64,251.40,0.7718,-1,-1,-1
486,29,910.39,650.99,84.29,244.73,0.7323,-1,-1,-1
486,32,932.98,2.52,49.89,128.30,0.3431,-1,-1,-1
486,38,1000.54,671.25,72.31,222.01,0.6571,-1,-1,-1
486,41,998.93,-0.02,52.46,143.61,0.4080,-1,-1,-1
486,49,216.61,712.81,91.48,259.59,0.7752,-1,-1,-1
486,52,807.59,145.59,47.22,174.99,0.4851,-1,-1,-1
486,58,1780.20,351.27,71.83,200.48,0.4604,-1,-1,-1
486,60,1730.89,176.44,62.57,170.99,0.3636,-1,-1,-1
487,2,799.69,598.24,89.55,251.14,0.7921,-1,-1,-1
487,3,1018.62,935.02,80.16,144.98,0.7063,-1,-1,-1
487,4,1690.80,456.64,97.32,210.24,0.3792,-1,-1,-1
487,18,456.06,163.11,66.45,196.21,0.5256,-1,-1,-1
487,25,301.39,744.31,83.37,250.04,0.7635,-1,-1,-1
487,29,911.41,651.78,83.40,240.88,0.7372,-1,-1,-1
487,38,1003.19,673.31,71.58,223.61,0.6621,-1,-1,-1
487,41,999.07,-0.05,51.92,142.60,0.3556,-1,-1,-1
487,49,216.71,713.61,92.52,264.16,0.7684,-1,-1,-1
487,52,807.73,145.81,47.44,175.71,0.4553,-1,-1,-1
487,57,1630.87,326.16,61.05,188.60,0.4469,-1,-1,-1
487,58,1778.86,351.33,71.01,199.47,0.3960,-1,-1,-1
487,60,1730.44,175.95,64.19,175.33,0.3079,-1,-1,-1
488,2,798.76,600.02,90.73,249.44,0.7807,-1,-1,-1
488,3,1018.83,936.22,80.25,143.78,0.7178,-1,-1,-1
488,4,1687.10,456.53,99.81,210.62,0.3558,-1,-1,-1
488,18,458.00,160.35,64.31,195.38,0.4915,-1,-1,-1
488,25,299.98,748.47,82.20,246.45,0.7647,-1,-1,-1
488,29,912.43,652.99,83.89,240.27,0.7077,-1,-1,-1
488,32,932.56,2.55,50.35,128.63,0.3154,-1,-1,-1
488,38,1005.52,675.62,70.71,224.15,0.6982,-1,-1,-1
488,41,999.65,-0.02,51.46,141.90,0.3833,-1,-1,-1
488,49,215.80,716.00,93.91,271.39,0.7674,-1,-1,-1
488,52,808.23,146.37,47.48,175.47,0.4589,-1,-1,-1
488,57,1630.73,328.76,59.25,186.07,0.3776,-1,-1,-1
488,60,1730.61,176.21,64.61,176.30,0.3470,-1,-1,-1
489,2,797.93,600.71,92.25,252.25,0.7879,-1,-1,-1
489,3,1018.39,936.47,81.02,143.53,0.7169,-1,-1,-1
489,4,1690.28,455.35,100.74,212.30,0.3644,-1,-1,-1
489,5,1546.34,608.35,74.50,223.72,0.3150,-1,-1,-1
489,18,459.35,159.93,61.47,191.37,0.4754,-1,-1,-1
489,25,299.32,750.20,83.04,250.80,0.7600,-1,-1,-1
489,29,913.36,654.06,84.20,238.17,0.6961,-1,-1,-1
489,32,932.15,2.53,50.36,127.92,0.3422,-1,-1,-1
489,38,1007.44,677.03,70.54,225.59,0.6841,-1,-1,-1
489,41,1000.55,2.43,50.33,139.49,0.3570,-1,-1,-1
489,49,215.39,718.23,93.23,272.64,0.7681,-1,-1,-1
489,52,809.11,144.94,47.32,175.07,0.4409,-1,-1,-1
489,57,1632.14,333.61,56.58,181.16,0.3795,-1,-1,-1
489,60,1731.80,177.97,64.08,174.62,0.3642,-1,-1,-1
490,2,797.38,601.07,93.97,256.16,0.7887,-1,-1,-1
490,3,1016.89,936.98,82.14,143.02,0.6999,-1,-1,-1
490,4,1694.22,454.93,99.96,213.11,0.3644,-1,-1,-1
490,18,461.65,160.29,58.61,185.47,0.4464,-1,-1,-1
490,25,298.81,751.86,82.43,252.53,0.7510,-1,-1,-1
490,29,915.83,655.55,82.95,232.49,0.6985,-1,-1,-1
490,32,931.70,2.52,50.39,127.19,0.3175,-1,-1,-1
490,38,1009.39,677.93,70.45,227.00,0.7207,-1,-1,-1
490,49,214.55,720.93,94.16,275.91,0.7642,-1,-1,-1
490,52,810.17,144.56,47.33,175.78,0.3722,-1,-1,-1
490,57,1630.71,328.56,57.51,187.64,0.4461,-1,-1,-1
490,60,1732.36,180.19,62.78,170.72,0.4089,-1,-1,-1
491,2,797.65,602.13,95.00,259.17,0.7815,-1,-1,-1
491,3,1017.80,937.74,82.32,142.26,0.6963,-1,-1,-1
491,4,1699.89,455.96,98.06,214.84,0.4162,-1,-1,-1
491,18,461.13,157.99,58.71,186.00,0.4018,-1,-1,-1
491,25,296.80,754.16,84.10,260.09,0.7472,-1,-1,-1
491,29,918.49,660.58,83.91,239.84,0.7045,-1,-1,-1
491,38,1011.15,679.54,70.18,225.96,0.6897,-1,-1,-1
491,41,1001.99,6.23,47.95,132.68,0.3247,-1,-1,-1
491,49,213.60,723.23,94.43,278.00,0.7583,-1,-1,-1
491,52,810.44,146.02,47.44,173.87,0.3810,-1,-1,-1
491,57,1630.31,332.61,56.24,183.81,0.3466,-1,-1,-1
491,60,1732.97,181.54,62.37,169.74,0.3437,-1,-1,-1
492,2,798.80,603.61,94.72,258.23,0.7873,-1,-1,-1
492,3,1017.78,938.00,82.65,142.00,0.7052,-1,-1,-1
492,4,1700.92,457.58,95.01,210.40,0.4302,-1,-1,-1
492,5,1544.76,604.42,78.31,224.21,0.3257,-1,-1,-1
492,18,463.03,158.04,58.16,185.94,0.3149,-1,-1,-1
492,25,297.00,756.73,82.47,257.93,0.7411,-1,-1,-1
492,29,919.32,661.62,82.84,240.32,0.7229,-1,-1,-1
492,38,1013.09,682.21,70.33,223.94,0.6817,-1,-1,-1
492,49,213.20,725.00,95.56,279.79,0.7728,-1,-1,-1
492,52,810.77,146.19,47.66,172.39,0.3526,-1,-1,-1
492,57,1628.72,328.06,57.13,187.64,0.4029,-1,-1,-1
492,60,1733.69,182.10,61.62,167.80,0.4372,-1,-1,-1
493,2,800.29,604.70,94.41,257.80,0.7696,-1,-1,-1
493,3,1017.66,938.10,83.09,141.90,0.6854,-1,-1,-1
493,4,1705.78,457.65,93.35,211.86,0.4885,-1,-1,-1
493,25,299.02,759.79,81.34,254.88,0.7377,-1,-1,-1
493,29,919.57,663.52,83.00,242.56,0.7047,-1,-1,-1
493,38,1015.13,682.02,71.61,226.63,0.6374,-1,-1,-1
493,49,212.46,728.36,94.90,277.22,0.7795,-1,-1,-1
493,52,810.14,145.63,48.65,172.86,0.3329,-1,-1,-1
493,57,1627.65,324.33,57.93,190.14,0.3513,-1,-1,-1
493,60,1734.23,184.48,61.29,166.87,0.4839,-1,-1,-1
493,64,413.73,162.32,55.07,183.47,0.3412,-1,-1,-1
493,65,1812.33,169.12,73.74,183.94,0.3694,-1,-1,-1
494,2,801.39,606.00,93.90,255.94,0.7555,-1,-1,-1
494,3,1017.71,938.55,83.26,141.45,0.6785,-1,-1,-1
494,4,1710.06,453.60,91.62,217.10,0.5248,-1,-1,-1
494,25,298.57,763.38,80.62,254.87,0.7432,-1,-1,-1
494,29,921.30,666.18,81.97,239.86,0.6696,-1,-1,-1
494,38,1017.57,684.47,71.12,220.68,0.6311,-1,-1,-1
494,49,212.82,730.26,95.05,277.82,0.7788,-1,-1,-1
494,52,809.57,145.59,49.44,171.95,0.3061,-1,-1,-1
494,57,1626.73,322.73,58.36,191.33,0.3999,-1,-1,-1
494,60,1735.58,184.61,61.75,167.26,0.4623,-1,-1,-1
494,65,1814.82,170.25,73.69,183.30,0.3285,-1,-1,-1
495,2,803.50,606.18,92.16,253.75,0.7531,-1,-1,-1
495,3,1018.16,937.68,83.91,142.32,0.6710,-1,-1,-1
495,4,1715.45,451.28,86.90,217.44,0.6053,-1,-1,-1
495,5,1544.08,612.72,79.71,216.43,0.3151,-1,-1,-1
495,25,297.84,767.16,80.97,259.40,0.7373,-1,-1,-1
495,29,920.80,667.94,83.19,244.70,0.6567,-1,-1,-1
495,38,1019.72,685.33,72.04,221.18,0.5849,-1,-1,-1
495,49,212.03,732.41,94.09,275.52,0.7754,-1,-1,-1
495,52,809.46,145.22,50.40,172.16,0.3357,-1,-1,-1
495,57,1626.28,323.35,58.24,190.47,0.4025,-1,-1,-1
495,60,1734.69,186.21,63.68,172.07,0.4903,-1,-1,-1
495,64,412.36,165.13,53.94,179.67,0.3023,-1,-1,-1
495,65,1817.17,173.04,73.71,182.37,0.3452,-1,-1,-1
496,2,807.39,606.01,88.81,249.47,0.7422,-1,-1,-1
496,3,1019.60,939.16,83.00,140.83,0.6835,-1,-1,-1
496,4,1719.07,451.85,83.50,217.24,0.5829,-1,-1,-1
496,5,1541.54,610.61,82.59,219.33,0.4056,-1,-1,-1
496,25,296.79,768.72,80.94,259.30,0.7489,-1,-1,-1
496,29,922.80,671.12,81.13,237.18,0.6905,-1,-1,-1
496,38,1019.81,686.76,72.58,220.86,0.5953,-1,-1,-1
496,49,211.85,735.83,93.53,272.52,0.7731,-1,-1,-1
496,52,808.37,144.63,51.22,171.96,0.3310,-1,-1,-1
496,57,1624.95,322.13,57.90,189.12,0.4355,-1,-1,-1
496,60,1734.63,187.59,64.21,172.74,0.4689,-1,-1,-1
496,64,411.77,164.64,54.24,181.31,0.3172,-1,-1,-1
496,66,1625.68,583.81,115.42,228.71,0.5684,-1,-1,-1
497,2,811.62,606.29,85.98,247.84,0.7183,-1,-1,-1
497,3,1020.46,939.01,82.59,141.00,0.6768,-1,-1,-1
497,4,1720.92,452.73,80.60,216.95,0.5619,-1,-1,-1
497,5,1540.72,609.90,84.04,220.40,0.4271,-1,-1,-1
497,25,294.78,770.22,81.72,259.05,0.7609,-1,-1,-1
497,29,923.39,673.80,81.20,237.11,0.6546,-1,-1,-1
497,38,1020.84,687.59,72.78,221.32,0.5564,-1,-1,-1
497,41,1003.52,5.79,46.12,126.64,0.3033,-1,-1,-1
497,49,212.82,736.70,91.85,269.03,0.7466,-1,-1,-1
497,52,807.69,145.09,52.05,172.60,0.3695,-1,-1,-1
497,57,1624.59,322.06,58.05,188.61,0.3741,-1,-1,-1
497,60,1734.86,188.16,64.41,172.22,0.4950,-1,-1,-1
497,64,411.25,164.66,54.07,181.38,0.3575,-1,-1,-1
497,65,1821.21,175.28,75.34,184.23,0.3811,-1,-1,-1
498,2,813.90,606.42,84.04,246.82,0.7065,-1,-1,-1
498,3,1020.33,938.11,82.80,141.90,0.6604,-1,-1,-1
498,4,1723.45,453.63,78.29,215.40,0.5067,-1,-1,-1
498,5,1540.65,609.33,85.10,221.47,0.4614,-1,-1,-1
498,25,295.08,771.95,81.53,257.24,0.7493,-1,-1,-1
498,29,924.41,675.59,81.77,239.59,0.6437,-1,-1,-1
498,38,1021.71,689.32,73.66,221.04,0.5130,-1,-1,-1
498,49,212.90,738.38,90.78,266.18,0.7399,-1,-1,-1
498,52,806.18,145.51,52.73,172.59,0.3527,-1,-1,-1
498,57,1623.66,321.48,58.36,189.83,0.3610,-1,-1,-1
498,60,1734.19,188.50,64.95,172.41,0.4556,-1,-1,-1
498,64,409.86,165.02,54.11,182.04,0.4127,-1,-1,-1
498,65,1821.47,176.10,76.98,187.17,0.3462,-1,-1,-1
498,66,1633.72,592.88,110.10,221.63,0.4391,-1,-1,-1
499,2,817.21,607.55,81.86,246.19,0.6843,-1,-1,-1
499,3,1021.72,937.47,82.12,142.53,0.6733,-1,-1,-1
499,5,1540.32,610.10,85.21,220.08,0.4849,-1,-1,-1
499,18,470.65,163.18,55.81,175.18,0.3281,-1,-1,-1
499,25,294.36,772.85,81.64,256.35,0.7413,-1,-1,-1
499,29,925.28,677.89,81.25,238.17,0.6096,-1,-1,-1
499,38,1023.76,693.91,72.71,218.44,0.5118,-1,-1,-1
499,49,212.43,740.79,90.59,265.21,0.7516,-1,-1,-1
499,52,803.71,143.26,53.62,174.29,0.3382,-1,-1,-1
499,60,1734.03,188.48,64.79,169.79,0.4907,-1,-1,-1
499,64,409.48,165.35,54.60,182.16,0.4461,-1,-1,-1
499,65,1822.44,177.55,77.35,186.66,0.3901,-1,-1,-1
499,66,1635.06,590.54,108.55,223.35,0.3680,-1,-1,-1
500,2,819.23,607.79,79.94,244.78,0.6898,-1,-1,-1
500,3,1023.65,935.83,81.68,144.17,0.6737,-1,-1,-1
500,4,1723.60,450.74,76.93,217.85,0.4888,-1,-1,-1
500,5,1540.03,610.73,85.46,218.29,0.4108,-1,-1,-1
500,18,468.77,165.05,56.02,171.51,0.3283,-1,-1,-1
500,25,293.72,773.58,81.36,255.27,0.7339,-1,-1,-1
500,29,924.56,679.16,84.79,248.31,0.6173,-1,-1,-1
500,38,1024.71,697.55,70.66,211.61,0.4809,-1,-1,-1
500,49,209.76,741.91,92.25,267.15,0.7710,-1,-1,-1
500,52,802.98,142.24,54.35,176.17,0.3537,-1,-1,-1
500,57,1625.31,315.01,55.12,176.52,0.3241,-1,-1,-1
500,60,1733.91,189.16,65.41,168.93,0.4945,-1,-1,-1
500,64,408.76,166.16,54.71,180.12,0.4762,-1,-1,-1
500,65,1823.03,178.85,78.46,188.29,0.3858,-1,-1,-1
500,66,1643.02,594.79,102.34,219.23,0.4562,-1,-1,-1
501,2,820.59,608.68,78.64,245.23,0.7016,-1,-1,-1
501,3,1026.13,935.22,80.64,144.78,0.6431,-1,-1,-1
501,4,1723.60,448.90,75.65,219.13,0.4562,-1,-1,-1
501,5,1540.16,611.30,84.45,214.36,0.3794,-1,-1,-1
501,18,467.75,162.21,58.30,174.83,0.3619,-1,-1,-1
501,25,293.12,774.47,80.95,255.16,0.7207,-1,-1,-1
501,29,926.64,679.60,85.29,252.37,0.6007,-1,-1,-1
501,38,1024.87,698.92,71.22,211.85,0.5119,-1,-1,-1
501,49,209.45,743.14,91.87,262.62,0.7791,-1,-1,-1
501,52,802.48,143.97,53.73,173.83,0.3575,-1,-1,-1
501,57,1623.94,312.61,56.79,180.49,0.3598,-1,-1,-1
501,60,1733.41,189.08,66.60,169.91,0.4953,-1,-1,-1
501,64,408.80,168.05,55.06,178.84,0.5121,-1,-1,-1
501,65,1823.65,179.88,79.88,191.48,0.3555,-1,-1,-1
501,66,1647.35,592.74,97.49,220.76,0.5209,-1,-1,-1
502,2,820.91,609.04,77.96,246.70,0.7026,-1,-1,-1
502,3,1027.74,934.72,79.81,145.28,0.6754,-1,-1,-1
502,4,1724.57,449.44,73.98,219.54,0.4434,-1,-1,-1
502,5,1539.53,609.99,85.07,215.25,0.3928,-1,-1,-1
502,18,469.20,160.52,59.22,175.41,0.3315,-1,-1,-1
502,25,292.65,775.05,80.72,253.87,0.7334,-1,-1,-1
502,29,926.46,681.58,85.95,255.94,0.6319,-1,-1,-1
502,38,1026.64,701.32,70.82,207.91,0.5835,-1,-1,-1
502,49,208.88,744.79,92.58,262.47,0.7750,-1,-1,-1
502,52,800.68,144.35,54.02,174.52,0.3099,-1,-1,-1
502,60,1733.62,189.90,66.46,167.39,0.4923,-1,-1,-1
502,64,408.12,169.46,55.22,177.10,0.4810,-1,-1,-1
502,65,1824.94,180.38,80.74,194.33,0.3009,-1,-1,-1
502,66,1651.46,595.97,92.57,219.94,0.4939,-1,-1,-1
503,2,821.06,609.21,77.24,246.87,0.7175,-1,-1,-1
503,3,1029.21,933.99,79.36,146.00,0.6440,-1,-1,-1
503,4,1725.01,446.08,73.41,222.78,0.4008,-1,-1,-1
503,5,1538.20,611.98,86.33,215.27,0.4742,-1,-1,-1
503,18,471.02,159.73,58.80,173.70,0.3056,-1,-1,-1
503,25,288.76,776.07,81.00,254.62,0.7495,-1,-1,-1
503,29,928.40,682.98,84.93,253.00,0.6169,-1,-1,-1
503,38,1027.82,703.89,69.83,202.01,0.5887,-1,-1,-1
503,49,208.47,746.43,93.04,264.15,0.7599,-1,-1,-1
503,52,799.50,145.33,53.69,174.29,0.3193,-1,-1,-1
503,57,1622.28,308.10,57.37,181.02,0.3396,-1,-1,-1
503,60,1733.78,190.35,67.26,168.45,0.4667,-1,-1,-1
503,64,407.43,170.44,56.05,175.63,0.4872,-1,-1,-1
503,66,1657.49,601.01,85.79,213.08,0.4717,-1,-1,-1
504,2,821.07,609.59,76.80,247.91,0.6927,-1,-1,-1
504,3,1031.01,933.20,78.69,146.80,0.6368,-1,-1,-1
504,4,1725.29,446.73,72.52,223.68,0.3405,-1,-1,-1
504,5,1537.28,611.85,87.08,214.89,0.3537,-1,-1,-1
504,18,472.70,157.08,59.01,173.34,0.3164,-1,-1,-1
504,25,286.22,777.23,80.93,253.13,0.7734,-1,-1,-1
504,29,928.50,684.04,85.03,251.07,0.5844,-1,-1,-1
504,38,1027.53,704.83,72.98,214.38,0.5908,-1,-1,-1
504,49,208.82,747.73,93.63,270.26,0.7556,-1,-1,-1
504,60,1733.82,191.05,67.88,170.09,0.4795,-1,-1,-1
504,64,407.32,170.60,57.22,174.15,0.4742,-1,-1,-1
505,2,821.32,609.97,76.63,249.40,0.6718,-1,-1,-1
505,3,1032.09,933.95,77.43,146.05,0.6742,-1,-1,-1
505,4,1726.31,453.21,69.34,216.73,0.3928,-1,-1,-1
505,18,470.75,152.04,60.77,177.01,0.4156,-1,-1,-1
505,25,283.61,778.88,83.01,253.33,0.7731,-1,-1,-1
505,29,928.70,684.42,85.41,251.26,0.5511,-1,-1,-1
505,38,1028.51,706.32,73.08,218.05,0.6070,-1,-1,-1
505,49,207.34,749.86,93.36,274.71,0.7347,-1,-1,-1
505,57,1620.92,305.43,58.93,184.76,0.3245,-1,-1,-1
505,60,1735.94,190.49,67.36,170.91,0.4989,-1,-1,-1
505,64,406.10,170.57,59.04,174.55,0.4757,-1,-1,-1
506,2,821.57,610.08,76.75,250.88,0.6797,-1,-1,-1
506,3,1033.74,932.74,77.18,147.25,0.6656,-1,-1,-1
506,4,1727.29,458.56,66.61,210.58,0.4967,-1,-1,-1
506,18,470.51,147.42,62.15,181.31,0.3819,-1,-1,-1
506,25,280.77,780.44,85.53,255.69,0.7597,-1,-1,-1
506,29,924.19,686.44,87.27,247.11,0.6131,-1,-1,-1
506,38,1029.44,707.30,73.21,221.03,0.6350,-1,-1,-1
506,49,206.72,751.46,92.70,279.35,0.7277,-1,-1,-1
506,52,797.33,147.41,53.22,175.82,0.3007,-1,-1,-1
506,57,1620.13,305.05,59.34,185.94,0.4622,-1,-1,-1
506,60,1737.89,194.15,65.45,167.25,0.4964,-1,-1,-1
506,64,404.47,170.80,60.83,176.08,0.4545,-1,-1,-1
507,2,822.54,611.45,75.39,249.28,0.6979,-1,-1,-1
507,3,1035.91,934.07,76.27,145.94,0.6482,-1,-1,-1
507,4,1726.84,458.56,66.38,210.90,0.3478,-1,-1,-1
507,18,470.02,151.89,59.86,174.21,0.3046,-1,-1,-1
507,25,279.13,782.18,88.25,261.30,0.7620,-1,-1,-1
507,29,929.85,687.27,86.97,245.09,0.6068,-1,-1,-1
507,38,1029.21,708.59,73.51,223.55,0.6134,-1,-1,-1
507,49,206.70,753.54,91.00,279.32,0.7257,-1,-1,-1
507,57,1619.27,303.17,60.17,188.19,0.4307,-1,-1,-1
507,60,1738.52,194.34,64.47,165.81,0.4658,-1,-1,-1
507,64,402.22,168.20,63.13,180.62,0.3865,-1,-1,-1
508,2,824.02,611.54,74.34,249.02,0.7005,-1,-1,-1
508,3,1037.06,933.52,76.41,146.47,0.6493,-1,-1,-1
508,4,1726.43,460.17,64.90,207.43,0.3725,-1,-1,-1
508,25,277.95,784.19,90.28,264.74,0.7674,-1,-1,-1
508,29,926.62,688.40,89.54,247.78,0.6068,-1,-1,-1
508,38,1029.68,710.10,73.38,224.05,0.6238,-1,-1,-1
508,49,206.94,755.63,89.91,278.67,0.7430,-1,-1,-1
508,57,1619.36,303.95,60.13,187.07,0.4918,-1,-1,-1
508,60,1739.88,195.56,63.31,164.83,0.5248,-1,-1,-1
509,2,824.86,611.55,73.78,249.79,0.7007,-1,-1,-1
509,3,1038.52,933.19,76.38,146.80,0.6428,-1,-1,-1
509,4,1726.96,459.30,64.70,206.77,0.3603,-1,-1,-1
509,25,278.95,788.35,87.84,259.90,0.7676,-1,-1,-1
509,29,930.60,690.38,90.17,249.19,0.6219,-1,-1,-1
509,38,1030.87,710.20,75.19,229.50,0.6290,-1,-1,-1
509,49,205.76,758.58,87.79,274.04,0.7324,-1,-1,-1
509,57,1618.26,301.10,60.02,188.17,0.4190,-1,-1,-1
509,60,1741.46,197.93,62.17,163.81,0.4763,-1,-1,-1
510,2,825.34,611.65,73.03,250.00,0.7005,-1,-1,-1
510,3,1040.16,934.48,75.98,145.53,0.6352,-1,-1,-1
510,4,1727.09,459.45,63.14,201.81,0.3777,-1,-1,-1
510,25,279.80,791.87,86.32,255.80,0.7570,-1,-1,-1
510,29,929.95,692.06,91.35,249.92,0.6185,-1,-1,-1
510,38,1031.10,711.62,76.15,228.04,0.5969,-1,-1,-1
510,49,203.93,761.86,85.97,275.48,0.7396,-1,-1,-1
510,57,1617.56,300.89,59.90,189.35,0.4571,-1,-1,-1
510,60,1743.30,200.37,61.07,163.22,0.5357,-1,-1,-1
510,65,1833.64,186.94,79.83,200.77,0.3133,-1,-1,-1
511,2,826.09,612.03,72.49,249.65,0.6950,-1,-1,-1
511,3,1040.81,931.96,76.84,148.05,0.6252,-1,-1,-1
511,4,1725.49,459.42,63.58,202.12,0.3957,-1,-1,-1
511,25,279.96,797.31,84.41,254.09,0.7810,-1,-1,-1
511,29,932.82,695.33,93.42,258.07,0.6370,-1,-1,-1
511,38,1033.08,713.71,73.93,217.29,0.5886,-1,-1,-1
511,49,204.41,763.36,87.16,276.96,0.7621,-1,-1,-1
511,57,1615.99,298.70,60.07,191.50,0.3588,-1,-1,-1
511,60,1745.90,202.34,59.87,162.73,0.5114,-1,-1,-1
512,2,826.45,612.15,71.90,249.23,0.6945,-1,-1,-1
512,3,1041.21,931.57,76.65,148.35,0.6333,-1,-1,-1
512,4,1724.58,457.68,64.41,204.69,0.3420,-1,-1,-1
512,25,279.12,798.72,84.60,259.84,0.7715,-1,-1,-1
512,29,933.70,697.82,94.08,262.23,0.6314,-1,-1,-1
512,38,1033.93,715.46,73.51,213.57,0.5685,-1,-1,-1
512,49,204.07,766.18,88.60,275.59,0.7600,-1,-1,-1
512,57,1615.04,299.73,59.25,189.94,0.3388,-1,-1,-1
512,60,1748.10,203.46,58.68,163.30,0.5362,-1,-1,-1
513,2,826.48,611.64,71.64,250.49,0.6786,-1,-1,-1
513,3,1041.85,932.98,75.85,146.34,0.6101,-1,-1,-1
513,4,1724.01,458.08,63.68,202.58,0.3492,-1,-1,-1
513,25,278.46,800.49,83.79,264.15,0.7784,-1,-1,-1
513,29,935.19,701.43,91.82,260.16,0.6128,-1,-1,-1
513,38,1034.33,717.41,76.87,225.02,0.5635,-1,-1,-1
513,49,202.37,767.15,89.77,275.30,0.7576,-1,-1,-1
513,57,1614.18,300.36,58.65,189.53,0.3846,-1,-1,-1
513,60,1749.03,203.59,58.57,166.29,0.5080,-1,-1,-1
514,2,826.51,611.59,71.29,250.50,0.6590,-1,-1,-1
514,3,1042.08,932.11,75.90,146.98,0.6357,-1,-1,-1
514,4,1724.32,460.98,62.36,198.51,0.3388,-1,-1,-1
514,25,277.30,800.72,81.74,264.01,0.7985,-1,-1,-1
514,29,939.90,704.35,89.18,260.21,0.6248,-1,-1,-1
514,38,1034.97,718.70,76.65,226.30,0.5792,-1,-1,-1
514,49,199.30,769.86,90.68,274.54,0.7548,-1,-1,-1
514,57,1613.67,301.17,57.92,189.28,0.3324,-1,-1,-1
514,60,1751.12,204.08,58.30,168.42,0.4573,-1,-1,-1
515,2,826.97,611.84,70.71,250.13,0.6516,-1,-1,-1
515,3,1042.83,932.38,75.59,146.65,0.6428,-1,-1,-1
515,4,1723.77,459.91,62.22,198.83,0.3413,-1,-1,-1
515,25,275.58,801.54,81.57,263.64,0.8024,-1,-1,-1
515,29,937.91,706.39,88.29,255.78,0.5981,-1,-1,-1
515,38,1034.04,719.85,77.93,231.07,0.6182,-1,-1,-1
515,49,198.31,770.94,91.69,272.26,0.7595,-1,-1,-1
515,57,1611.97,301.28,56.76,186.80,0.3133,-1,-1,-1
515,60,1753.03,205.59,57.40,167.89,0.4316,-1,-1,-1
516,2,827.41,612.29,69.98,249.68,0.6382,-1,-1,-1
516,3,1043.56,932.45,75.38,146.84,0.6137,-1,-1,-1
516,4,1722.15,459.12,63.87,203.61,0.4058,-1,-1,-1
516,25,273.60,801.91,81.43,262.38,0.8159,-1,-1,-1
516,29,939.49,709.12,87.83,252.10,0.6531,-1,-1,-1
516,38,1034.21,721.50,79.40,240.82,0.6360,-1,-1,-1
516,49,195.32,772.59,92.97,269.76,0.7638,-1,-1,-1
516,60,1754.65,205.27,56.05,165.26,0.4432,-1,-1,-1
517,2,826.84,611.50,70.16,250.85,0.6499,-1,-1,-1
517,3,1043.92,931.63,75.29,147.39,0.6179,-1,-1,-1
517,4,1722.80,457.11,64.74,207.02,0.3170,-1,-1,-1
517,25,273.28,803.35,81.40,262.13,0.8187,-1,-1,-1
517,29,939.24,711.29,89.13,253.64,0.6462,-1,-1,-1
517,38,1035.68,724.00,76.91,238.69,0.6404,-1,-1,-1
517,49,193.69,775.24,91.89,264.22,0.7599,-1,-1,-1
517,60,1758.19,204.60,53.60,158.03,0.4174,-1,-1,-1
518,2,826.91,610.88,69.76,251.25,0.6394,-1,-1,-1
518,3,1043.50,929.65,75.27,149.15,0.6506,-1,-1,-1
518,4,1722.64,456.68,64.29,206.21,0.3666,-1,-1,-1
518,25,271.82,803.55,81.79,260.92,0.8227,-1,-1,-1
518,29,941.22,712.68,90.57,258.69,0.6353,-1,-1,-1
518,38,1038.42,726.60,73.41,230.69,0.6212,-1,-1,-1
518,49,191.46,776.53,91.45,263.05,0.7939,-1,-1,-1
518,60,1760.58,205.10,52.48,154.63,0.3887,-1,-1,-1
519,2,826.94,610.57,69.21,251.06,0.6207,-1,-1,-1
519,3,1043.46,928.88,74.91,149.76,0.6273,-1,-1,-1
519,4,1723.44,459.22,64.76,206.45,0.3301,-1,-1,-1
519,18,464.22,137.05,61.58,178.01,0.3591,-1,-1,-1
519,25,270.77,805.17,82.16,259.83,0.8200,-1,-1,-1
519,29,942.43,713.86,90.09,259.52,0.6377,-1,-1,-1
519,38,1038.36,731.03,71.41,223.62,0.5525,-1,-1,-1
519,49,190.37,778.37,91.42,261.74,0.7920,-1,-1,-1
519,60,1759.62,204.70,56.49,166.15,0.3801,-1,-1,-1
519,66,1725.85,629.21,86.30,218.21,0.3593,-1,-1,-1
520,2,827.07,607.94,69.28,252.11,0.5866,-1,-1,-1
520,3,1043.21,926.26,75.51,152.76,0.6478,-1,-1,-1
520,4,1721.60,459.09,66.22,209.97,0.3657,-1,-1,-1
520,18,465.87,136.75,59.93,174.08,0.3062,-1,-1,-1
520,25,269.45,807.95,82.97,258.36,0.8219,-1,-1,-1
520,29,942.76,714.70,88.98,259.50,0.6922,-1,-1,-1
520,38,1042.15,733.93,68.12,206.03,0.5963,-1,-1,-1
520,49,189.47,779.83,91.81,262.01,0.7899,-1,-1,-1
520,60,1760.62,205.37,57.50,168.27,0.3053,-1,-1,-1
520,66,1730.08,629.76,85.80,222.67,0.4432,-1,-1,-1
521,2,827.46,607.73,68.99,253.45,0.6094,-1,-1,-1
521,3,1043.74,927.61,74.52,151.88,0.6577,-1,-1,-1
521,4,1719.45,460.33,66.88,209.90,0.3698,-1,-1,-1
521,18,467.50,145.21,55.69,161.00,0.3294,-1,-1,-1
521,25,267.69,810.58,83.61,257.75,0.8145,-1,-1,-1
521,29,946.84,717.83,87.07,257.01,0.6590,-1,-1,-1
521,38,1043.36,735.73,68.52,200.97,0.6012,-1,-1,-1
521,49,188.85,780.23,94.50,268.91,0.7921,-1,-1,-1
521,66,1734.57,633.32,85.15,215.01,0.5698,-1,-1,-1
522,2,827.25,606.82,68.63,254.38,0.6268,-1,-1,-1
522,3,1043.87,929.19,73.60,150.61,0.6439,-1,-1,-1
522,4,1718.69,461.94,67.07,208.13,0.3256,-1,-1,-1
522,18,467.75,144.12,55.40,160.66,0.3567,-1,-1,-1
522,25,268.28,813.46,83.21,255.86,0.7974,-1,-1,-1
522,29,947.32,719.04,86.33,255.54,0.6857,-1,-1,-1
522,38,1043.50,739.08,70.97,203.01,0.6260,-1,-1,-1
522,49,188.68,781.78,95.82,272.34,0.7774,-1,-1,-1
522,60,1764.03,207.30,58.69,171.01,0.3364,-1,-1,-1
522,66,1739.14,635.60,86.44,213.90,0.5509,-1,-1,-1
523,2,827.66,607.57,68.03,254.03,0.6329,-1,-1,-1
523,3,1043.93,929.59,73.00,149.76,0.6096,-1,-1,-1
523,4,1719.02,461.19,66.95,206.72,0.3884,-1,-1,-1
523,18,466.39,133.43,58.97,172.65,0.3464,-1,-1,-1
523,25,266.66,816.93,83.93,255.42,0.8006,-1,-1,-1
523,29,949.58,719.64,86.27,255.84,0.6343,-1,-1,-1
523,38,1044.67,740.07,72.66,207.86,0.6184,-1,-1,-1
523,49,187.97,783.43,96.89,275.19,0.7728,-1,-1,-1
523,60,1766.03,209.43,57.90,167.44,0.3791,-1,-1,-1
523,66,1743.96,637.17,87.28,214.80,0.4890,-1,-1,-1
523,67,1707.69,312.92,85.37,180.83,0.3923,-1,-1,-1
524,2,826.66,608.28,67.43,253.03,0.6287,-1,-1,-1
524,3,1043.95,930.37,72.38,148.88,0.5853,-1,-1,-1
524,4,1720.49,461.74,66.76,205.83,0.3746,-1,-1,-1
524,25,262.92,819.70,86.04,257.11,0.8094,-1,-1,-1
524,29,952.70,720.24,83.90,249.38,0.5977,-1,-1,-1
524,38,1043.77,742.68,76.42,220.46,0.6168,-1,-1,-1
524,49,187.44,785.09,95.21,276.21,0.7695,-1,-1,-1
524,60,1767.27,211.07,59.37,171.62,0.3880,-1,-1,-1
524,66,1745.21,640.63,88.45,215.85,0.3405,-1,-1,-1
524,67,1703.55,309.22,89.35,192.36,0.4368,-1,-1,-1
525,2,826.69,607.87,67.22,253.10,0.6574,-1,-1,-1
525,3,1044.24,931.73,72.14,148.07,0.5426,-1,-1,-1
525,4,1718.54,461.33,67.73,205.75,0.4629,-1,-1,-1
525,25,263.81,822.44,85.97,256.76,0.8099,-1,-1,-1
525,29,958.09,720.99,79.83,237.22,0.5087,-1,-1,-1
525,38,1044.26,743.27,78.23,227.81,0.6214,-1,-1,-1
525,49,187.60,785.90,96.33,281.83,0.7708,-1,-1,-1
525,60,1767.99,212.39,59.16,169.99,0.4597,-1,-1,-1
525,66,1750.72,643.25,89.29,219.86,0.3483,-1,-1,-1
525,67,1702.65,307.49,87.55,191.54,0.4013,-1,-1,-1
526,2,826.31,606.36,67.53,255.12,0.6678,-1,-1,-1
526,3,1043.39,929.58,72.95,150.40,0.6021,-1,-1,-1
526,4,1717.11,460.40,69.05,206.17,0.4467,-1,-1,-1
526,25,261.48,824.96,86.63,254.22,0.8044,-1,-1,-1
526,29,956.95,718.71,81.65,246.55,0.4979,-1,-1,-1
526,38,1049.77,743.37,74.04,215.29,0.5205,-1,-1,-1
526,49,187.70,788.28,94.71,281.05,0.7714,-1,-1,-1
526,60,1767.61,211.73,62.21,178.89,0.4270,-1,-1,-1
526,67,1701.41,306.12,85.09,188.98,0.3913,-1,-1,-1
527,2,826.37,605.84,66.87,252.16,0.6680,-1,-1,-1
527,3,1042.44,926.98,73.60,153.02,0.6514,-1,-1,-1
527,4,1717.02,460.42,70.12,206.11,0.4663,-1,-1,-1
527,18,464.16,125.83,60.84,180.23,0.3049,-1,-1,-1
527,25,260.47,827.15,86.99,251.37,0.7869,-1,-1,-1
527,29,957.71,722.95,80.49,244.18,0.4360,-1,-1,-1
527,38,1054.32,744.16,70.55,201.70,0.5252,-1,-1,-1
527,49,188.01,788.77,94.51,283.53,0.7836,-1,-1,-1
527,52,778.62,140.59,55.37,179.69,0.3455,-1,-1,-1
527,60,1768.20,213.75,62.23,176.70,0.4472,-1,-1,-1
527,64,385.42,198.08,63.86,183.22,0.3043,-1,-1,-1
527,67,1699.71,305.63,83.57,187.49,0.4029,-1,-1,-1
528,2,826.16,605.44,67.02,252.36,0.6926,-1,-1,-1
528,3,1041.55,923.50,73.57,156.51,0.6971,-1,-1,-1
528,4,1717.25,460.07,71.70,206.74,0.5019,-1,-1,-1
528,18,465.14,125.79,60.26,181.41,0.3319,-1,-1,-1
528,25,258.55,828.18,88.04,250.07,0.7950,-1,-1,-1
528,29,969.77,726.12,60.02,170.95,0.4188,-1,-1,-1
528,38,1056.45,745.11,70.30,197.51,0.5259,-1,-1,-1
528,49,187.99,790.59,92.40,282.46,0.7786,-1,-1,-1
528,52,778.04,140.57,55.52,179.65,0.3187,-1,-1,-1
528,60,1770.47,214.81,61.00,168.87,0.5166,-1,-1,-1
528,64,386.54,203.01,62.62,181.07,0.3118,-1,-1,-1
528,67,1697.80,305.69,82.33,186.45,0.4187,-1,-1,-1
529,2,825.60,605.63,67.11,251.89,0.7107,-1,-1,-1
529,3,1040.91,925.02,72.38,154.98,0.7088,-1,-1,-1
529,4,1717.09,460.40,72.91,206.75,0.5138,-1,-1,-1
529,18,465.24,125.36,60.07,182.27,0.3412,-1,-1,-1
529,25,257.74,829.12,87.97,247.94,0.7873,-1,-1,-1
529,29,960.09,728.81,85.02,247.98,0.4716,-1,-1,-1
529,38,1057.38,745.87,72.64,202.21,0.5672,-1,-1,-1
529,49,189.62,791.80,90.46,281.25,0.7743,-1,-1,-1
529,52,776.28,142.02,56.87,178.79,0.3109,-1,-1,-1
529,60,1768.88,213.34,63.91,174.34,0.5195,-1,-1,-1
529,64,386.21,202.83,63.50,186.68,0.3331,-1,-1,-1
529,67,1695.47,305.49,82.13,186.65,0.3176,-1,-1,-1
530,2,823.61,604.88,67.15,251.85,0.7131,-1,-1,-1
530,3,1040.44,927.36,71.60,152.63,0.6416,-1,-1,-1
530,4,1716.27,459.38,74.31,208.53,0.5285,-1,-1,-1
530,25,257.24,831.48,88.35,245.76,0.7871,-1,-1,-1
530,29,961.66,732.12,84.40,253.50,0.6288,-1,-1,-1
530,38,1058.14,747.82,72.79,199.46,0.5644,-1,-1,-1
530,49,190.29,792.86,89.39,280.97,0.7637,-1,-1,-1
530,60,1768.17,213.81,65.23,174.54,0.5135,-1,-1,-1
530,64,385.94,201.79,63.58,189.15,0.3470,-1,-1,-1
530,67,1694.52,306.93,80.18,182.58,0.3620,-1,-1,-1
531,2,821.43,603.98,67.79,253.07,0.7079,-1,-1,-1
531,3,1039.97,930.01,70.84,150.00,0.6540,-1,-1,-1
531,4,1716.40,460.48,74.41,207.07,0.5389,-1,-1,-1
531,18,467.42,124.46,58.33,177.49,0.3103,-1,-1,-1
531,25,257.09,832.69,88.53,245.22,0.7844,-1,-1,-1
531,29,963.41,733.06,82.90,253.97,0.6366,-1,-1,-1
531,38,1058.42,749.25,75.33,206.69,0.5973,-1,-1,-1
531,49,191.00,794.86,88.24,279.10,0.7521,-1,-1,-1
531,60,1767.15,214.35,66.26,173.66,0.5200,-1,-1,-1
531,64,378.94,197.38,67.05,194.50,0.4177,-1,-1,-1
531,67,1693.70,305.85,79.90,183.06,0.3705,-1,-1,-1
532,2,818.88,603.11,68.18,251.44,0.7099,-1,-1,-1
532,3,1041.00,936.55,68.56,143.45,0.6097,-1,-1,-1
532,4,1714.35,459.77,75.78,211.29,0.6018,-1,-1,-1
532,18,467.67,122.45,58.95,180.47,0.3334,-1,-1,-1
532,25,257.15,833.58,88.75,244.73,0.7899,-1,-1,-1
532,29,966.51,736.20,83.22,254.54,0.6743,-1,-1,-1
532,38,1058.39,750.62,76.69,210.71,0.6405,-1,-1,-1
532,49,191.63,796.69,87.19,275.80,0.7768,-1,-1,-1
532,60,1766.96,215.38,67.95,174.65,0.5165,-1,-1,-1
532,64,378.09,194.92,68.38,195.70,0.4117,-1,-1,-1
532,67,1694.01,305.06,79.99,185.07,0.3386,-1,-1,-1
533,2,813.66,602.56,69.26,254.35,0.7122,-1,-1,-1
533,3,1042.01,944.76,65.81,135.23,0.5311,-1,-1,-1
533,4,1714.15,458.54,75.61,211.43,0.6038,-1,-1,-1
533,25,256.88,835.05,88.77,243.85,0.7916,-1,-1,-1
533,29,969.95,739.13,83.05,249.11,0.6902,-1,-1,-1
533,38,1060.36,753.31,76.84,210.99,0.6015,-1,-1,-1
533,49,191.48,798.03,87.94,273.84,0.7658,-1,-1,-1
533,60,1767.63,218.34,68.20,172.66,0.4868,-1,-1,-1
533,64,377.59,195.88,68.91,195.77,0.3674,-1,-1,-1
533,67,1694.53,304.90,78.58,184.59,0.3674,-1,-1,-1
534,2,809.67,601.27,70.26,256.88,0.7300,-1,-1,-1
534,3,1041.68,948.66,65.07,131.35,0.4488,-1,-1,-1
534,4,1713.68,458.81,75.64,210.71,0.5888,-1,-1,-1
534,18,467.30,122.83,57.19,175.25,0.3688,-1,-1,-1
534,25,257.40,836.34,88.75,241.80,0.7829,-1,-1,-1
534,29,969.37,740.66,84.59,248.38,0.6799,-1,-1,-1
534,38,1062.03,755.09,77.27,214.68,0.5560,-1,-1,-1
534,49,191.46,799.47,88.83,270.28,0.7755,-1,-1,-1
534,60,1768.46,219.96,68.83,170.85,0.5252,-1,-1,-1
534,64,381.12,197.97,67.89,193.06,0.3665,-1,-1,-1
534,67,1693.51,303.55,77.51,184.81,0.4167,-1,-1,-1
535,2,805.67,599.91,70.95,254.70,0.7457,-1,-1,-1
535,4,1713.53,457.19,76.06,212.88,0.6176,-1,-1,-1
535,25,257.54,837.38,88.99,240.23,0.7887,-1,-1,-1
535,29,969.89,743.01,85.20,246.97,0.6599,-1,-1,-1
535,38,1059.95,757.58,80.67,225.43,0.4514,-1,-1,-1
535,49,190.97,799.55,91.52,271.77,0.7963,-1,-1,-1
535,60,1768.26,222.14,68.97,169.11,0.4699,-1,-1,-1
535,64,385.42,200.94,66.06,189.27,0.4037,-1,-1,-1
535,67,1692.16,300.46,77.81,187.15,0.3237,-1,-1,-1
535,69,136.89,311.65,98.13,188.32,0.3306,-1,-1,-1
536,2,803.21,599.80,71.43,253.47,0.7305,-1,-1,-1
536,4,1714.44,458.75,75.21,210.54,0.6237,-1,-1,-1
536,25,257.41,838.71,88.59,239.35,0.7894,-1,-1,-1
536,29,972.50,743.00,86.73,251.59,0.6402,-1,-1,-1
536,38,1061.33,761.17,79.35,222.23,0.4686,-1,-1,-1
536,49,190.44,800.42,93.29,275.28,0.8008,-1,-1,-1
536,60,1767.75,223.00,69.47,167.98,0.5121,-1,-1,-1
536,64,387.46,199.57,65.91,190.98,0.3940,-1,-1,-1
536,67,1691.52,299.94,77.21,187.44,0.3111,-1,-1,-1
536,69,137.62,310.04,98.03,189.20,0.4294,-1,-1,-1
537,2,799.42,599.90,73.45,255.29,0.7274,-1,-1,-1
537,4,1715.46,460.22,74.77,209.92,0.6184,-1,-1,-1
537,25,257.32,841.08,87.57,237.54,0.7763,-1,-1,-1
537,29,974.03,745.83,86.82,248.37,0.6561,-1,-1,-1
537,38,1062.59,762.77,80.03,227.16,0.5254,-1,-1,-1
537,49,191.11,801.37,93.77,278.41,0.7857,-1,-1,-1
537,60,1769.02,223.52,69.99,167.71,0.5019,-1,-1,-1
537,64,388.13,200.03,65.05,189.99,0.4261,-1,-1,-1
537,69,138.94,309.47,97.48,189.62,0.4440,-1,-1,-1
538,2,798.53,600.38,74.67,254.36,0.7362,-1,-1,-1
538,3,1036.43,944.26,68.93,135.75,0.3105,-1,-1,-1
538,4,1716.26,460.83,73.92,208.87,0.6259,-1,-1,-1
538,25,256.52,844.20,87.18,235.42,0.7830,-1,-1,-1
538,29,976.23,747.62,87.27,245.60,0.6989,-1,-1,-1
538,38,1061.72,764.96,79.45,226.02,0.5723,-1,-1,-1
538,49,192.47,802.97,92.79,277.08,0.7956,-1,-1,-1
538,60,1770.51,223.66,69.37,167.37,0.5207,-1,-1,-1
538,64,387.97,196.45,65.79,194.30,0.3624,-1,-1,-1
538,67,1686.51,296.49,76.76,190.44,0.3831,-1,-1,-1
538,69,141.43,309.46,96.42,188.81,0.3817,-1,-1,-1
539,2,795.87,599.96,75.76,254.99,0.7297,-1,-1,-1
539,3,1033.21,940.80,73.10,139.19,0.5008,-1,-1,-1
539,4,1715.99,460.36,73.91,209.00,0.6110,-1,-1,-1
539,25,255.00,846.73,87.17,233.02,0.7834,-1,-1,-1
539,29,976.63,748.72,87.58,244.20,0.7038,-1,-1,-1
539,38,1060.88,767.45,80.63,228.08,0.6095,-1,-1,-1
539,49,193.22,804.86,92.05,275.19,0.7848,-1,-1,-1
539,60,1772.86,224.65,68.18,166.42,0.4939,-1,-1,-1
539,64,387.31,191.51,66.58,200.05,0.4182,-1,-1,-1
539,67,1685.34,294.08,77.25,194.44,0.3624,-1,-1,-1
540,2,793.67,599.79,76.82,254.09,0.7462,-1,-1,-1
540,3,1032.92,943.67,73.15,136.33,0.3970,-1,-1,-1
540,4,1715.83,459.32,74.11,210.04,0.6306,-1,-1,-1
540,25,254.45,848.95,86.19,229.21,0.7685,-1,-1,-1
540,29,978.57,748.92,87.60,242.53,0.6745,-1,-1,-1
540,38,1063.04,769.39,78.95,221.33,0.5426,-1,-1,-1
540,49,193.20,806.19,91.61,273.10,0.7671,-1,-1,-1
540,60,1773.46,225.05,67.51,166.49,0.4509,-1,-1,-1
540,64,387.23,186.83,66.64,204.93,0.4420,-1,-1,-1
540,67,1682.03,291.17,77.07,196.68,0.4186,-1,-1,-1
541,2,793.04,599.93,76.89,251.76,0.7224,-1,-1,-1
541,3,1030.18,939.79,76.97,140.22,0.5404,-1,-1,-1
541,4,1716.06,458.67,73.90,209.92,0.6412,-1,-1,-1
541,25,254.99,850.49,86.12,228.27,0.7680,-1,-1,-1
541,29,981.69,750.92,85.82,238.27,0.6863,-1,-1,-1
541,38,1057.59,769.93,82.18,222.93,0.6325,-1,-1,-1
541,49,196.35,809.36,90.36,270.34,0.7777,-1,-1,-1
541,52,774.65,90.33,73.54,232.16,0.3055,-1,-1,-1
541,60,1774.66,225.66,66.83,166.39,0.4483,-1,-1,-1
541,64,387.15,186.91,66.01,206.95,0.4692,-1,-1,-1
541,67,1678.06,288.26,77.68,198.61,0.4099,-1,-1,-1
542,2,791.02,599.16,77.32,251.86,0.7132,-1,-1,-1
542,3,1032.82,947.31,73.65,132.70,0.3613,-1,-1,-1
542,4,1715.64,457.90,74.16,210.91,0.5984,-1,-1,-1
542,25,255.99,852.77,85.01,226.73,0.7469,-1,-1,-1
542,29,983.75,751.00,84.75,239.35,0.6710,-1,-1,-1
542,38,1065.51,771.41,81.14,223.93,0.5655,-1,-1,-1
542,49,199.70,810.71,88.87,269.32,0.7557,-1,-1,-1
542,52,775.38,90.55,73.70,231.48,0.3005,-1,-1,-1
542,60,1776.04,227.19,65.76,165.12,0.4327,-1,-1,-1
542,64,387.64,189.95,64.30,204.99,0.3987,-1,-1,-1
542,67,1675.95,284.84,79.19,202.06,0.4371,-1,-1,-1
543,2,789.19,599.23,78.20,251.52,0.7077,-1,-1,-1
543,3,1031.82,945.77,75.19,134.24,0.4403,-1,-1,-1
543,4,1715.09,456.72,74.69,211.98,0.5699,-1,-1,-1
543,25,256.07,857.50,83.01,222.30,0.7136,-1,-1,-1
543,29,988.38,753.12,81.88,231.65,0.6377,-1,-1,-1
543,38,1067.71,772.22,81.01,228.33,0.5949,-1,-1,-1
543,49,202.29,811.79,87.71,268.27,0.7123,-1,-1,-1
543,52,777.01,89.28,73.65,232.01,0.3138,-1,-1,-1
543,60,1777.65,227.51,65.36,165.91,0.4199,-1,-1,-1
543,64,389.02,205.03,59.70,191.41,0.3006,-1,-1,-1
543,67,1673.37,283.73,80.09,202.76,0.4385,-1,-1,-1
544,2,785.59,598.93,79.91,252.38,0.7251,-1,-1,-1
544,3,1029.86,944.27,76.98,135.74,0.4525,-1,-1,-1
544,4,1714.60,456.90,75.00,212.20,0.5608,-1,-1,-1
544,25,256.78,862.61,81.23,216.25,0.6976,-1,-1,-1
544,29,989.62,755.36,81.48,225.95,0.6524,-1,-1,-1
544,38,1069.71,772.70,79.81,227.18,0.5996,-1,-1,-1
544,49,205.20,813.08,86.33,266.97,0.7178,-1,-1,-1
544,52,777.89,86.79,73.76,233.77,0.3591,-1,-1,-1
544,60,1778.61,227.96,64.85,166.32,0.4219,-1,-1,-1
544,64,388.98,202.49,60.16,194.47,0.3186,-1,-1,-1
544,67,1671.48,283.42,80.96,202.69,0.4205,-1,-1,-1
545,2,779.11,598.41,83.68,253.52,0.7364,-1,-1,-1
545,3,1023.21,942.61,80.79,137.40,0.5469,-1,-1,-1
545,4,1714.26,458.29,74.45,208.97,0.6114,-1,-1,-1
545,25,254.82,866.12,81.27,212.83,0.7242,-1,-1,-1
545,29,992.01,756.98,81.58,224.97,0.6540,-1,-1,-1
545,38,1070.11,775.73,79.34,225.33,0.5953,-1,-1,-1
545,49,207.25,814.75,84.95,265.31,0.6978,-1,-1,-1
545,52,777.20,86.03,73.95,234.90,0.3533,-1,-1,-1
545,60,1780.79,227.71,65.11,169.95,0.4187,-1,-1,-1
545,64,389.97,210.92,58.23,188.74,0.3657,-1,-1,-1
545,67,1668.78,283.10,82.22,203.36,0.3899,-1,-1,-1
546,2,774.14,598.41,86.93,253.07,0.7461,-1,-1,-1
546,3,1023.07,942.72,81.94,137.28,0.5612,-1,-1,-1
546,4,1712.54,457.50,76.11,211.08,0.6235,-1,-1,-1
546,25,253.01,868.80,81.47,210.85,0.7188,-1,-1,-1
546,29,993.55,759.46,82.53,225.84,0.6304,-1,-1,-1
546,38,1072.15,776.85,79.83,227.82,0.6101,-1,-1,-1
546,49,209.03,815.74,84.16,264.31,0.6788,-1,-1,-1
546,52,778.11,84.81,73.49,235.22,0.4338,-1,-1,-1
546,60,1783.25,229.41,64.11,170.50,0.3927,-1,-1,-1
546,67,1668.42,283.77,82.40,201.67,0.3893,-1,-1,-1
547,2,772.66,597.93,89.64,255.34,0.7605,-1,-1,-1
547,3,1026.65,944.52,80.68,135.49,0.5319,-1,-1,-1
547,4,1714.32,457.02,77.74,211.30,0.5921,-1,-1,-1
547,25,253.32,872.52,81.17,207.47,0.6903,-1,-1,-1
547,29,997.06,761.78,81.56,219.48,0.6357,-1,-1,-1
547,38,1073.57,779.19,80.12,230.29,0.6291,-1,-1,-1
547,49,210.87,817.35,83.47,262.69,0.6817,-1,-1,-1
547,52,778.25,84.82,73.39,235.51,0.4511,-1,-1,-1
547,60,1785.59,231.60,63.68,171.68,0.3923,-1,-1,-1
547,67,1665.40,284.89,82.41,198.16,0.3394,-1,-1,-1
548,2,770.82,598.13,91.15,256.02,0.7462,-1,-1,-1
548,3,1025.23,939.11,83.10,140.89,0.5494,-1,-1,-1
548,4,1715.03,458.56,76.76,210.77,0.5886,-1,-1,-1
548,25,252.37,875.35,80.26,204.67,0.6880,-1,-1,-1
548,29,996.57,765.75,82.31,216.60,0.6599,-1,-1,-1
548,38,1069.35,781.54,84.18,237.71,0.6415,-1,-1,-1
548,49,212.00,818.49,82.73,261.56,0.6488,-1,-1,-1
548,52,778.38,83.63,73.85,238.25,0.4320,-1,-1,-1
548,60,1787.38,234.85,63.81,173.50,0.4258,-1,-1,-1
548,64,385.85,218.31,58.76,187.83,0.3724,-1,-1,-1
548,67,1664.51,285.17,83.30,196.67,0.3616,-1,-1,-1
549,2,770.35,599.25,91.32,254.22,0.7488,-1,-1,-1
549,3,1023.40,935.04,84.95,144.97,0.5255,-1,-1,-1
549,4,1718.41,459.18,74.13,208.73,0.6295,-1,-1,-1
549,25,249.41,873.50,80.98,206.52,0.6309,-1,-1,-1
549,29,998.11,768.60,80.98,211.70,0.5850,-1,-1,-1
549,38,1068.83,783.42,86.45,243.36,0.6419,-1,-1,-1
549,49,213.48,819.99,82.24,260.09,0.5254,-1,-1,-1
549,52,778.81,84.30,72.95,236.64,0.4413,-1,-1,-1
549,60,1789.17,236.63,63.86,174.49,0.3902,-1,-1,-1
549,64,386.50,225.07,57.13,182.92,0.4233,-1,-1,-1
549,67,1663.42,284.73,85.57,198.25,0.3832,-1,-1,-1
549,69,170.74,300.56,93.77,199.14,0.3119,-1,-1,-1
550,2,768.61,600.01,91.90,252.80,0.7335,-1,-1,-1
550,3,1022.77,934.71,84.66,145.29,0.5165,-1,-1,-1
550,4,1717.55,458.55,73.81,209.86,0.6131,-1,-1,-1
550,25,247.27,873.80,80.93,206.21,0.5721,-1,-1,-1
550,29,1000.83,772.83,76.66,198.75,0.5128,-1,-1,-1
550,38,1068.97,786.77,87.49,244.78,0.5967,-1,-1,-1
550,49,215.48,821.92,81.77,258.15,0.4100,-1,-1,-1
550,52,780.86,84.71,72.45,236.65,0.4438,-1,-1,-1
550,60,1791.62,236.21,63.30,175.35,0.4180,-1,-1,-1
550,64,385.64,228.87,56.69,178.75,0.3811,-1,-1,-1
550,67,1662.35,283.93,86.54,197.39,0.4002,-1,-1,-1
551,2,766.94,598.60,92.69,255.13,0.7295,-1,-1,-1
551,3,1020.30,936.38,84.44,143.61,0.5713,-1,-1,-1
551,4,1719.12,459.17,72.49,209.16,0.6051,-1,-1,-1
551,25,242.94,874.23,82.38,205.78,0.5715,-1,-1,-1
551,29,1005.23,773.35,73.64,188.30,0.4895,-1,-1,-1
551,38,1075.16,789.98,86.27,241.90,0.5681,-1,-1,-1
551,49,219.09,823.50,81.75,256.57,0.3523,-1,-1,-1
551,52,781.22,84.60,72.21,236.95,0.4776,-1,-1,-1
551,60,1793.56,236.04,62.67,176.04,0.4389,-1,-1,-1
551,64,383.27,226.19,58.69,181.79,0.4695,-1,-1,-1
551,67,1661.71,282.16,89.14,202.15,0.4083,-1,-1,-1
552,2,766.54,597.94,92.20,254.15,0.7420,-1,-1,-1
552,3,1015.35,934.58,86.70,145.43,0.5270,-1,-1,-1
552,4,1721.56,458.40,70.62,208.62,0.6062,-1,-1,-1
552,25,238.14,874.85,85.40,205.15,0.6563,-1,-1,-1
552,29,1010.37,775.52,70.21,176.62,0.4712,-1,-1,-1
552,38,1075.47,793.05,87.00,240.79,0.5720,-1,-1,-1
552,52,783.37,83.43,72.14,237.97,0.4573,-1,-1,-1
552,60,1794.97,236.79,62.13,176.63,0.3951,-1,-1,-1
552,64,382.36,225.79,59.72,182.09,0.4154,-1,-1,-1
552,67,1660.18,280.97,91.56,209.36,0.3966,-1,-1,-1
553,2,766.21,595.84,92.12,254.42,0.7524,-1,-1,-1
553,3,1004.49,928.78,93.72,151.04,0.5364,-1,-1,-1
553,4,1721.08,458.78,69.78,208.10,0.5768,-1,-1,-1
553,25,236.79,875.64,86.96,204.37,0.6737,-1,-1,-1
553,29,1013.53,777.91,67.35,166.08,0.5104,-1,-1,-1
553,38,1075.84,795.07,89.57,243.35,0.5789,-1,-1,-1
553,52,785.88,84.46,71.34,235.25,0.4183,-1,-1,-1
553,60,1797.24,237.06,61.37,176.04,0.3755,-1,-1,-1
553,64,381.88,223.27,61.07,184.01,0.4120,-1,-1,-1
553,67,1658.72,278.94,94.55,218.55,0.3751,-1,-1,-1
554,2,765.72,595.69,90.05,251.52,0.7511,-1,-1,-1
554,4,1721.48,459.05,69.04,207.78,0.5985,-1,-1,-1
554,29,1012.19,781.18,67.64,165.84,0.3104,-1,-1,-1
554,38,1081.99,797.21,89.45,242.44,0.5158,-1,-1,-1
554,49,237.17,832.78,84.60,247.24,0.6351,-1,-1,-1
554,52,788.45,85.12,71.03,233.81,0.4258,-1,-1,-1
554,60,1800.41,236.68,60.74,176.03,0.3026,-1,-1,-1
554,64,379.37,219.84,63.07,186.71,0.5271,-1,-1,-1
554,67,1660.78,276.77,89.40,208.92,0.4109,-1,-1,-1
555,2,764.49,595.95,89.56,251.08,0.7344,-1,-1,-1
555,3,1007.01,928.24,94.93,151.73,0.3213,-1,-1,-1
555,4,1721.64,457.27,68.85,209.38,0.6001,-1,-1,-1
555,29,1015.76,783.57,65.22,157.95,0.3537,-1,-1,-1
555,38,1086.51,798.94,87.44,238.79,0.6162,-1,-1,-1
555,49,236.74,834.37,88.97,245.65,0.7003,-1,-1,-1
555,52,788.66,84.43,71.82,234.67,0.3998,-1,-1,-1
555,64,377.76,218.12,64.28,188.87,0.5312,-1,-1,-1
555,67,1665.27,275.72,83.92,198.38,0.4645,-1,-1,-1
556,2,762.44,593.81,88.69,250.22,0.7562,-1,-1,-1
556,3,982.60,806.02,155.96,273.83,0.4625,-1,-1,-1
556,4,1722.14,456.01,67.63,208.07,0.6181,-1,-1,-1
556,25,239.13,877.38,87.85,202.36,0.6131,-1,-1,-1
556,29,1014.37,784.82,73.19,178.64,0.3027,-1,-1,-1
556,38,1092.92,799.29,86.23,238.79,0.5739,-1,-1,-1
556,52,789.31,85.58,71.91,232.97,0.4121,-1,-1,-1
556,60,1806.79,236.84,60.62,175.17,0.3256,-1,-1,-1
556,64,377.95,220.07,64.80,189.59,0.5016,-1,-1,-1
556,67,1665.02,273.85,81.15,194.47,0.4873,-1,-1,-1
557,2,760.43,593.71,87.42,247.03,0.7159,-1,-1,-1
557,3,981.72,787.26,152.99,291.40,0.4499,-1,-1,-1
557,4,1724.35,457.70,67.33,206.91,0.6170,-1,-1,-1
557,38,1098.40,800.67,83.91,235.85,0.5541,-1,-1,-1
557,49,240.92,837.21,91.07,242.79,0.7365,-1,-1,-1
557,52,789.87,84.77,72.08,233.34,0.4474,-1,-1,-1
557,60,1807.27,237.22,60.55,174.00,0.3461,-1,-1,-1
557,64,377.19,222.57,64.64,186.70,0.5111,-1,-1,-1
557,67,1667.19,273.58,80.59,194.36,0.5163,-1,-1,-1
558,2,757.56,594.07,86.62,244.06,0.7109,-1,-1,-1
558,3,987.42,783.51,140.60,295.42,0.5358,-1,-1,-1
558,4,1720.82,455.93,67.98,209.86,0.6835,-1,-1,-1
558,38,1100.95,800.49,82.69,234.20,0.6042,-1,-1,-1
558,49,242.09,838.00,93.60,242.00,0.7190,-1,-1,-1
558,52,790.83,84.04,72.33,235.02,0.4338,-1,-1,-1
558,60,1811.14,237.08,61.07,174.98,0.3606,-1,-1,-1
558,64,376.63,223.13,65.53,187.69,0.5429,-1,-1,-1
558,67,1667.40,271.56,79.28,193.67,0.5492,-1,-1,-1
559,2,753.60,593.43,85.21,242.71,0.6848,-1,-1,-1
559,4,1724.49,458.12,66.25,205.61,0.6567,-1,-1,-1
559,25,242.78,889.15,89.40,190.85,0.7282,-1,-1,-1
559,29,1016.68,785.83,79.29,197.14,0.4999,-1,-1,-1
559,38,1102.41,801.53,83.02,233.60,0.6068,-1,-1,-1
559,52,790.79,82.91,72.39,236.92,0.3929,-1,-1,-1
559,60,1814.12,237.14,60.89,174.65,0.3662,-1,-1,-1
559,64,376.06,225.40,65.83,187.08,0.5571,-1,-1,-1
559,67,1667.84,271.73,78.46,193.94,0.5372,-1,-1,-1
560,2,750.13,590.88,84.22,244.50,0.6902,-1,-1,-1
560,4,1725.65,458.87,65.20,202.59,0.6607,-1,-1,-1
560,18,461.13,92.24,58.25,180.11,0.3287,-1,-1,-1
560,25,241.85,890.97,90.66,189.04,0.7417,-1,-1,-1
560,29,1018.64,786.54,79.89,198.35,0.5257,-1,-1,-1
560,38,1103.61,802.00,83.13,232.60,0.5581,-1,-1,-1
560,52,792.88,91.94,69.06,227.06,0.4046,-1,-1,-1
560,60,1816.21,237.24,60.92,175.80,0.3580,-1,-1,-1
560,64,374.04,225.78,66.68,189.07,0.5476,-1,-1,-1
560,67,1666.92,271.08,77.46,192.87,0.5489,-1,-1,-1
561,2,746.36,590.93,80.91,242.12,0.6932,-1,-1,-1
561,4,1723.73,458.21,64.99,203.31,0.6692,-1,-1,-1
561,18,462.16,92.48,57.05,175.78,0.3462,-1,-1,-1
561,25,243.88,894.84,89.50,185.07,0.6748,-1,-1,-1
561,29,1018.36,787.80,79.98,199.04,0.4826,-1,-1,-1
561,38,1104.61,803.03,83.00,232.32,0.5990,-1,-1,-1
561,52,792.53,82.92,70.78,235.78,0.4365,-1,-1,-1
561,60,1818.26,237.70,61.35,176.99,0.3352,-1,-1,-1
561,64,373.94,228.01,66.50,187.96,0.5728,-1,-1,-1
561,67,1665.95,271.14,77.12,192.84,0.5644,-1,-1,-1
562,2,744.49,593.11,76.87,236.13,0.6951,-1,-1,-1
562,4,1722.26,456.93,65.49,206.34,0.6457,-1,-1,-1
562,25,245.87,898.39,88.70,181.06,0.6623,-1,-1,-1
562,29,1018.38,790.98,80.01,197.44,0.6257,-1,-1,-1
562,38,1106.14,805.33,84.45,234.79,0.6008,-1,-1,-1
562,52,792.33,79.38,71.01,238.62,0.4263,-1,-1,-1
562,60,1820.18,238.02,62.32,179.71,0.3342,-1,-1,-1
562,64,374.04,230.95,66.44,186.40,0.5958,-1,-1,-1
562,67,1664.11,270.67,77.01,192.14,0.5677,-1,-1,-1
563,2,739.77,590.96,77.62,241.25,0.7023,-1,-1,-1
563,4,1723.12,456.32,67.42,207.53,0.6362,-1,-1,-1
563,25,243.70,902.35,85.62,177.53,0.6873,-1,-1,-1
563,29,1015.77,793.35,88.22,220.38,0.5468,-1,-1,-1
563,38,1107.51,809.23,85.85,236.67,0.5827,-1,-1,-1
563,49,265.14,841.52,88.14,230.48,0.5089,-1,-1,-1
563,52,793.25,78.79,70.60,239.74,0.3966,-1,-1,-1
563,60,1820.91,241.42,61.81,177.70,0.3142,-1,-1,-1
563,64,375.37,234.26,66.02,184.89,0.5617,-1,-1,-1
563,67,1663.33,270.40,75.93,189.41,0.5080,-1,-1,-1
563,70,989.46,936.16,105.68,142.70,0.5193,-1,-1,-1
564,2,735.54,589.70,78.30,242.83,0.6926,-1,-1,-1
564,4,1720.99,453.96,68.13,208.79,0.6452,-1,-1,-1
564,25,244.89,905.52,82.86,174.44,0.7043,-1,-1,-1
564,29,1013.72,796.37,95.31,249.65,0.5989,-1,-1,-1
564,38,1106.14,811.79,87.60,241.97,0.5645,-1,-1,-1
564,49,268.17,842.76,87.63,230.01,0.5922,-1,-1,-1
564,52,794.47,77.16,70.60,241.90,0.4446,-1,-1,-1
564,60,1823.37,242.60,62.85,178.93,0.3452,-1,-1,-1
564,64,374.71,234.43,67.20,189.30,0.6126,-1,-1,-1
564,67,1662.95,269.61,75.57,188.99,0.5098,-1,-1,-1
564,70,988.00,935.93,106.37,142.81,0.5763,-1,-1,-1
565,2,733.71,589.29,78.48,242.60,0.6092,-1,-1,-1
565,4,1721.72,456.47,69.61,207.60,0.6391,-1,-1,-1
565,25,247.30,906.56,81.44,173.11,0.7141,-1,-1,-1
565,29,1014.35,798.12,97.55,266.34,0.6417,-1,-1,-1
565,38,1106.78,814.20,88.41,243.03,0.6163,-1,-1,-1
565,49,270.47,843.98,89.20,231.44,0.5832,-1,-1,-1
565,52,795.43,75.87,70.70,243.87,0.4424,-1,-1,-1
565,60,1825.42,245.02,62.92,176.69,0.3827,-1,-1,-1
565,64,374.30,235.72,66.89,191.18,0.6520,-1,-1,-1
565,67,1663.30,268.79,75.46,189.91,0.4923,-1,-1,-1
565,70,985.95,936.65,105.70,141.61,0.4413,-1,-1,-1
566,2,733.15,590.58,77.61,240.66,0.6116,-1,-1,-1
566,4,1720.26,456.21,71.35,208.33,0.6350,-1,-1,-1
566,25,248.41,908.72,80.27,171.26,0.7456,-1,-1,-1
566,29,1016.88,801.08,95.41,267.42,0.5945,-1,-1,-1
566,38,1104.00,817.19,90.42,243.93,0.6226,-1,-1,-1
566,49,273.42,846.31,92.27,232.10,0.6399,-1,-1,-1
566,52,796.29,76.07,70.18,243.17,0.4446,-1,-1,-1
566,60,1827.35,246.71,62.58,172.52,0.4078,-1,-1,-1
566,64,374.40,235.26,66.21,191.75,0.6633,-1,-1,-1
566,67,1665.49,269.68,72.05,183.20,0.5109,-1,-1,-1
566,70,982.75,933.16,108.19,145.94,0.5274,-1,-1,-1
566,71,1583.86,603.24,86.49,225.83,0.3020,-1,-1,-1
567,2,730.39,590.64,78.26,242.51,0.5696,-1,-1,-1
567,4,1719.38,456.92,73.83,209.90,0.6463,-1,-1,-1
567,18,471.67,89.97,53.00,168.02,0.3047,-1,-1,-1
567,25,249.01,910.97,79.22,169.03,0.7539,-1,-1,-1
567,29,1021.59,805.10,91.48,260.62,0.4887,-1,-1,-1
567,38,1110.34,819.95,88.66,240.95,0.4847,-1,-1,-1
567,49,274.64,848.04,95.59,231.73,0.6446,-1,-1,-1
567,52,796.36,76.84,70.07,242.33,0.4445,-1,-1,-1
567,60,1827.94,249.07,62.94,170.82,0.4119,-1,-1,-1
567,64,374.07,236.35,65.49,191.53,0.6653,-1,-1,-1
567,67,1666.07,270.12,70.05,181.30,0.5393,-1,-1,-1
567,70,982.13,931.62,107.15,146.92,0.6045,-1,-1,-1
567,71,1578.94,589.38,92.12,235.97,0.5710,-1,-1,-1
568,2,729.46,589.16,78.35,244.48,0.6217,-1,-1,-1
568,4,1717.93,456.62,75.09,210.39,0.6965,-1,-1,-1
568,25,249.57,912.84,79.30,167.16,0.7605,-1,-1,-1
568,29,1023.82,808.64,90.34,260.56,0.4812,-1,-1,-1
568,38,1111.94,822.13,87.82,240.18,0.4960,-1,-1,-1
568,49,275.83,849.29,98.30,230.25,0.6575,-1,-1,-1
568,52,796.00,75.80,70.93,243.55,0.4727,-1,-1,-1
568,60,1827.46,251.70,63.73,171.16,0.3843,-1,-1,-1
568,64,374.90,237.78,64.79,190.36,0.6409,-1,-1,-1
568,67,1666.24,270.48,68.45,181.93,0.5738,-1,-1,-1
568,70,982.57,932.94,104.93,144.59,0.3815,-1,-1,-1
568,71,1574.41,587.21,94.51,237.56,0.4046,-1,-1,-1
569,2,726.54,587.99,79.11,246.02,0.6255,-1,-1,-1
569,4,1716.91,457.45,75.99,209.72,0.6937,-1,-1,-1
569,25,249.68,914.23,79.50,165.76,0.7553,-1,-1,-1
569,29,1028.72,810.18,89.48,263.64,0.5718,-1,-1,-1
569,38,1113.64,825.15,86.98,239.75,0.4755,-1,-1,-1
569,49,280.88,851.26,99.89,228.46,0.6480,-1,-1,-1
569,52,796.51,74.68,71.54,244.84,0.4433,-1,-1,-1
569,60,1827.91,253.08,64.72,172.64,0.3846,-1,-1,-1
569,64,375.04,236.77,65.69,192.75,0.6382,-1,-1,-1
569,67,1664.97,267.33,67.87,184.32,0.5477,-1,-1,-1
569,71,1576.81,593.91,94.35,231.91,0.4364,-1,-1,-1
570,2,724.58,586.47,80.34,249.30,0.6121,-1,-1,-1
570,4,1715.96,457.06,76.74,209.31,0.6843,-1,-1,-1
570,25,249.46,915.66,79.45,164.34,0.7440,-1,-1,-1
570,29,1031.13,812.02,87.92,264.66,0.6019,-1,-1,-1
570,38,1117.50,826.45,86.81,241.70,0.5841,-1,-1,-1
570,49,283.67,852.64,101.85,227.36,0.6638,-1,-1,-1
570,52,796.06,72.83,72.67,247.20,0.4924,-1,-1,-1
570,60,1828.40,254.20,65.68,173.84,0.3345,-1,-1,-1
570,64,375.45,237.11,65.79,192.71,0.6360,-1,-1,-1
570,67,1664.74,266.03,66.17,182.26,0.5398,-1,-1,-1
570,70,982.18,932.42,103.51,145.75,0.3424,-1,-1,-1
570,71,1575.06,593.31,97.11,232.24,0.5573,-1,-1,-1
571,2,721.68,587.50,80.84,247.18,0.5525,-1,-1,-1
571,4,1716.21,455.70,77.85,209.34,0.6716,-1,-1,-1
571,25,248.53,918.84,79.14,161.17,0.7474,-1,-1,-1
571,29,1036.73,813.90,84.52,263.30,0.6702,-1,-1,-1
571,38,1124.14,828.58,83.50,242.64,0.6648,-1,-1,-1
571,49,285.13,855.43,102.24,224.60,0.6721,-1,-1,-1
571,52,795.95,71.23,73.78,248.01,0.4730,-1,-1,-1
571,64,375.45,236.38,65.88,191.93,0.6212,-1,-1,-1
571,67,1662.93,263.19,64.75,179.96,0.5539,-1,-1,-1
571,70,984.02,931.26,100.83,146.89,0.4004,-1,-1,-1
571,71,1567.97,587.91,103.07,237.11,0.5822,-1,-1,-1
572,2,717.82,586.92,82.90,249.59,0.5177,-1,-1,-1
572,4,1716.08,457.59,78.12,208.21,0.6369,-1,-1,-1
572,25,250.11,918.84,80.01,160.95,0.7480,-1,-1,-1
572,29,1040.47,816.97,82.02,258.73,0.6373,-1,-1,-1
572,38,1122.66,829.71,82.56,241.52,0.6073,-1,-1,-1
572,49,292.93,857.21,100.59,222.80,0.6897,-1,-1,-1
572,52,795.17,71.72,74.56,247.24,0.4477,-1,-1,-1
572,64,377.15,238.58,64.57,188.06,0.6144,-1,-1,-1
572,67,1662.77,260.41,64.83,180.42,0.5111,-1,-1,-1
572,70,984.61,929.53,97.49,149.35,0.5683,-1,-1,-1
572,71,1569.57,589.69,104.23,236.04,0.5144,-1,-1,-1
573,2,714.77,587.14,84.43,249.65,0.6433,-1,-1,-1
573,4,1715.97,457.05,79.55,210.23,0.6214,-1,-1,-1
573,25,249.21,925.08,78.97,154.91,0.7368,-1,-1,-1
573,29,1044.26,819.05,80.59,254.32,0.6230,-1,-1,-1
573,38,1122.93,831.50,82.57,245.02,0.6401,-1,-1,-1
573,49,291.27,859.24,98.13,220.20,0.6913,-1,-1,-1
573,52,795.01,70.36,76.11,248.89,0.4695,-1,-1,-1
573,64,377.62,240.34,63.59,184.58,0.6200,-1,-1,-1
573,67,1659.82,258.41,65.60,183.12,0.5203,-1,-1,-1
573,70,987.23,929.65,93.11,149.27,0.6001,-1,-1,-1
573,71,1567.53,587.58,106.89,237.74,0.4860,-1,-1,-1
574,2,711.10,585.50,86.21,249.47,0.6973,-1,-1,-1
574,4,1716.59,457.73,79.16,208.04,0.6429,-1,-1,-1
574,25,249.70,928.11,79.12,151.89,0.7365,-1,-1,-1
574,29,1046.89,819.65,80.22,251.86,0.6010,-1,-1,-1
574,38,1123.99,832.22,82.25,245.00,0.6194,-1,-1,-1
574,49,295.89,860.85,97.58,219.13,0.6987,-1,-1,-1
574,52,793.79,69.49,77.74,251.03,0.4648,-1,-1,-1
574,64,377.86,241.16,63.48,184.26,0.6426,-1,-1,-1
574,67,1660.02,256.93,66.32,184.54,0.5341,-1,-1,-1
574,70,990.04,928.93,89.41,149.63,0.6000,-1,-1,-1
574,71,1570.27,595.28,105.74,231.39,0.4310,-1,-1,-1
575,2,709.68,584.25,87.15,249.33,0.6841,-1,-1,-1
575,4,1716.14,456.49,79.65,208.64,0.6428,-1,-1,-1
575,25,249.36,925.40,80.58,154.60,0.7335,-1,-1,-1
575,29,1047.61,820.39,81.28,252.97,0.6199,-1,-1,-1
575,38,1124.00,834.28,83.80,243.91,0.6431,-1,-1,-1
575,49,297.01,863.09,96.15,216.93,0.6977,-1,-1,-1
575,52,798.27,70.01,76.70,249.21,0.4354,-1,-1,-1
575,64,377.72,240.55,64.49,187.27,0.6438,-1,-1,-1
575,67,1658.87,255.46,67.20,186.26,0.5477,-1,-1,-1
575,70,993.37,928.45,85.85,149.50,0.5780,-1,-1,-1
575,71,1568.82,599.81,105.80,227.14,0.5406,-1,-1,-1
576,2,707.65,582.88,88.42,251.27,0.7062,-1,-1,-1
576,4,1716.53,456.66,80.35,209.83,0.6138,-1,-1,-1
576,25,250.13,929.76,79.45,150.23,0.7418,-1,-1,-1
576,29,1048.05,821.06,81.25,252.34,0.5828,-1,-1,-1
576,38,1126.44,835.18,84.52,242.04,0.5978,-1,-1,-1
576,49,297.03,865.82,94.58,214.04,0.6981,-1,-1,-1
576,52,801.21,69.91,75.60,248.66,0.4033,-1,-1,-1
576,64,377.68,244.13,64.58,187.51,0.6619,-1,-1,-1
576,67,1657.92,253.98,67.71,186.03,0.5612,-1,-1,-1
576,70,996.39,927.88,82.72,149.50,0.4797,-1,-1,-1
576,71,1568.54,598.49,106.57,226.67,0.6099,-1,-1,-1
577,2,705.53,580.78,88.18,248.98,0.7005,-1,-1,-1
577,4,1716.93,457.70,80.09,208.59,0.5880,-1,-1,-1
577,25,250.88,935.43,78.71,144.57,0.7432,-1,-1,-1
577,29,1049.81,823.02,80.30,249.03,0.5016,-1,-1,-1
577,38,1126.46,837.76,85.67,239.20,0.5126,-1,-1,-1
577,49,299.49,870.29,94.11,209.41,0.6998,-1,-1,-1
577,52,803.06,70.31,74.44,247.66,0.4469,-1,-1,-1
577,64,378.18,247.47,64.38,187.51,0.6273,-1,-1,-1
577,67,1656.43,251.74,68.96,187.63,0.5222,-1,-1,-1
577,70,998.56,927.08,79.67,150.16,0.5718,-1,-1,-1
577,71,1566.58,600.03,107.99,226.52,0.5659,-1,-1,-1
578,2,703.86,576.99,87.59,246.30,0.6775,-1,-1,-1
578,4,1716.67,458.47,80.46,209.36,0.5575,-1,-1,-1
578,25,251.21,940.68,77.99,139.33,0.7391,-1,-1,-1
578,29,1052.62,824.08,79.21,246.03,0.4853,-1,-1,-1
578,38,1125.16,839.72,84.68,238.00,0.4747,-1,-1,-1
578,49,298.65,872.10,93.98,207.18,0.6970,-1,-1,-1
578,52,805.19,70.30,73.22,246.97,0.4341,-1,-1,-1
578,64,377.45,249.64,64.51,188.41,0.6461,-1,-1,-1
578,67,1655.61,250.32,70.38,189.40,0.5596,-1,-1,-1
578,70,1000.91,926.56,78.11,150.75,0.5379,-1,-1,-1
578,71,1564.35,601.27,108.97,226.15,0.5775,-1,-1,-1
579,2,703.36,575.31,82.99,233.11,0.5908,-1,-1,-1
579,4,1716.88,459.07,80.35,209.07,0.5637,-1,-1,-1
579,25,250.82,944.17,77.88,135.84,0.7279,-1,-1,-1
579,29,1054.01,826.13,80.34,248.00,0.4999,-1,-1,-1
579,38,1129.87,839.68,86.08,237.73,0.5749,-1,-1,-1
579,49,298.57,873.81,93.80,204.89,0.6986,-1,-1,-1
579,52,805.89,69.38,72.42,248.10,0.4626,-1,-1,-1
579,60,1840.69,255.91,65.21,173.75,0.3459,-1,-1,-1
579,64,377.54,250.56,64.19,187.95,0.6678,-1,-1,-1
579,67,1652.76,248.58,72.92,192.54,0.5490,-1,-1,-1
579,70,1004.13,925.55,77.18,151.20,0.5378,-1,-1,-1
579,71,1564.60,601.77,109.73,225.45,0.6078,-1,-1,-1
580,2,700.20,575.23,86.39,247.80,0.5795,-1,-1,-1
580,4,1716.43,459.03,80.93,211.35,0.5831,-1,-1,-1
580,25,249.17,945.95,78.53,133.52,0.7220,-1,-1,-1
580,29,1055.41,828.44,80.05,246.60,0.4887,-1,-1,-1
580,38,1128.22,841.42,85.55,238.02,0.5564,-1,-1,-1
580,49,296.00,874.54,94.84,205.38,0.7240,-1,-1,-1
580,52,805.15,67.59,72.21,250.44,0.4907,-1,-1,-1
580,60,1843.66,255.98,65.80,175.65,0.3610,-1,-1,-1
580,64,377.36,252.71,63.76,187.12,0.6868,-1,-1,-1
580,67,1651.33,248.39,73.75,191.00,0.5543,-1,-1,-1
580,70,1005.62,925.75,77.10,150.78,0.5670,-1,-1,-1
580,71,1563.44,601.85,111.28,225.75,0.6064,-1,-1,-1
581,2,698.87,573.90,84.36,249.79,0.6000,-1,-1,-1
581,4,1716.69,458.03,79.99,210.74,0.5733,-1,-1,-1
581,25,249.75,947.65,78.89,132.05,0.7270,-1,-1,-1
581,29,1059.06,831.37,79.13,242.14,0.5535,-1,-1,-1
581,38,1134.38,841.57,87.61,238.38,0.5224,-1,-1,-1
581,49,295.92,875.90,95.98,204.02,0.7253,-1,-1,-1
581,52,805.51,68.22,71.18,249.29,0.4384,-1,-1,-1
581,60,1845.84,255.49,66.11,179.75,0.3798,-1,-1,-1
581,64,377.29,254.97,63.21,184.84,0.6495,-1,-1,-1
581,67,1649.70,246.86,74.70,191.35,0.4979,-1,-1,-1
581,70,1006.32,925.40,77.62,151.10,0.5918,-1,-1,-1
581,71,1563.39,601.08,112.13,226.12,0.5761,-1,-1,-1
582,2,699.45,571.51,80.49,241.51,0.4719,-1,-1,-1
582,4,1718.81,457.98,78.61,207.96,0.5333,-1,-1,-1
582,25,248.71,948.36,79.49,131.36,0.7115,-1,-1,-1
582,29,1061.70,834.90,77.61,235.51,0.5550,-1,-1,-1
582,38,1134.25,844.89,88.74,235.30,0.5294,-1,-1,-1
582,49,297.87,877.59,97.03,202.41,0.7379,-1,-1,-1
582,52,805.89,67.16,70.72,250.22,0.4474,-1,-1,-1
582,64,376.33,255.67,63.94,186.30,0.6421,-1,-1,-1
582,67,1648.43,246.81,75.53,191.68,0.4698,-1,-1,-1
582,70,1006.44,925.62,79.78,152.28,0.6060,-1,-1,-1
582,71,1564.36,602.91,111.46,223.80,0.5262,-1,-1,-1
583,2,698.87,570.24,76.29,232.00,0.4284,-1,-1,-1
583,4,1718.93,457.66,78.25,208.56,0.5856,-1,-1,-1
583,25,247.46,948.81,80.21,131.13,0.7088,-1,-1,-1
583,29,1064.03,838.53,78.43,237.99,0.6572,-1,-1,-1
583,38,1141.30,845.70,88.50,234.41,0.6566,-1,-1,-1
583,49,298.44,879.66,96.62,200.35,0.7513,-1,-1,-1
583,52,806.09,65.58,70.44,251.79,0.4598,-1,-1,-1
583,60,1849.82,257.22,66.51,182.41,0.3632,-1,-1,-1
583,64,375.09,256.68,65.18,188.76,0.6739,-1,-1,-1
583,67,1648.02,246.77,76.01,190.46,0.4968,-1,-1,-1
583,70,1005.12,926.35,79.70,152.04,0.5773,-1,-1,-1
583,71,1560.25,605.56,111.63,224.01,0.4246,-1,-1,-1
584,4,1718.12,454.13,79.63,212.65,0.6184,-1,-1,-1
584,25,246.37,949.78,80.16,130.22,0.7005,-1,-1,-1
584,29,1062.46,841.93,79.84,237.94,0.6877,-1,-1,-1
584,38,1140.74,848.16,88.56,231.94,0.6701,-1,-1,-1
584,49,299.54,881.32,95.90,198.69,0.7555,-1,-1,-1
584,52,807.73,66.50,69.22,250.65,0.4434,-1,-1,-1
584,64,373.14,257.35,65.99,190.11,0.6968,-1,-1,-1
584,67,1647.47,247.20,76.29,188.84,0.5106,-1,-1,-1
584,70,998.70,926.41,76.67,152.20,0.5637,-1,-1,-1
584,71,1561.24,602.75,112.07,224.84,0.5065,-1,-1,-1
585,4,1719.26,456.38,77.46,208.13,0.6331,-1,-1,-1
585,25,246.47,951.02,79.89,128.73,0.7086,-1,-1,-1
585,29,1061.67,843.92,79.20,235.67,0.7316,-1,-1,-1
585,38,1141.51,851.72,88.21,228.35,0.7216,-1,-1,-1
585,49,299.68,883.33,95.13,196.68,0.7540,-1,-1,-1
585,52,807.55,68.11,68.40,249.43,0.4724,-1,-1,-1
585,64,372.46,257.87,65.93,189.12,0.7123,-1,-1,-1
585,67,1646.82,247.30,77.37,187.99,0.5317,-1,-1,-1
585,70,998.72,927.37,73.35,150.61,0.5902,-1,-1,-1
585,71,1559.80,605.67,111.84,224.11,0.4350,-1,-1,-1
586,4,1718.80,456.80,76.16,206.17,0.6221,-1,-1,-1
586,25,245.36,952.61,80.19,127.20,0.7044,-1,-1,-1
586,29,1063.11,846.07,78.83,232.19,0.7109,-1,-1,-1
586,38,1145.79,854.73,87.45,225.33,0.6960,-1,-1,-1
586,49,301.14,886.25,93.95,193.75,0.7595,-1,-1,-1
586,52,807.63,68.86,67.79,249.34,0.4833,-1,-1,-1
586,64,371.96,258.01,65.91,189.69,0.7196,-1,-1,-1
586,67,1647.47,247.67,77.67,186.83,0.5339,-1,-1,-1
586,70,999.62,928.21,70.17,149.94,0.6019,-1,-1,-1
586,71,1563.74,603.42,112.30,224.15,0.5337,-1,-1,-1
587,4,1719.99,455.08,76.42,209.83,0.6410,-1,-1,-1
587,25,247.38,954.96,79.62,125.02,0.7236,-1,-1,-1
587,29,1065.80,847.61,78.27,230.04,0.7135,-1,-1,-1
587,38,1149.94,858.25,86.75,221.80,0.6704,-1,-1,-1
587,49,302.85,888.55,93.30,191.28,0.7587,-1,-1,-1
587,52,807.22,70.49,67.19,248.58,0.4748,-1,-1,-1
587,60,1853.29,257.40,67.22,185.80,0.3107,-1,-1,-1
587,64,371.17,258.47,65.76,189.37,0.7010,-1,-1,-1
587,67,1647.43,247.31,77.91,185.93,0.5087,-1,-1,-1
587,70,1000.17,929.28,67.95,148.90,0.6297,-1,-1,-1
587,71,1560.48,602.83,113.58,227.40,0.5409,-1,-1,-1
588,4,1718.10,452.99,75.42,213.66,0.6281,-1,-1,-1
588,25,247.92,957.65,79.13,122.35,0.7202,-1,-1,-1
588,29,1066.84,849.54,77.29,227.25,0.7055,-1,-1,-1
588,38,1151.72,857.96,88.43,222.09,0.6634,-1,-1,-1
588,49,303.16,891.16,92.74,188.83,0.7552,-1,-1,-1
588,52,807.33,70.13,66.82,248.58,0.4542,-1,-1,-1
588,60,1855.01,256.91,66.35,186.02,0.3220,-1,-1,-1
588,64,371.19,258.60,65.80,189.51,0.7073,-1,-1,-1
588,67,1648.05,245.49,78.34,186.86,0.4996,-1,-1,-1
588,70,999.67,930.20,67.15,149.50,0.6196,-1,-1,-1
588,71,1562.89,602.66,112.50,224.92,0.5299,-1,-1,-1
589,4,1722.23,455.75,72.78,208.33,0.6433,-1,-1,-1
589,25,248.67,961.05,78.66,118.97,0.7211,-1,-1,-1
589,29,1067.47,850.65,77.76,227.01,0.7150,-1,-1,-1
589,38,1155.34,858.01,89.19,222.03,0.6849,-1,-1,-1
589,49,303.35,894.90,92.06,185.11,0.7672,-1,-1,-1
589,52,808.41,75.49,64.92,242.10,0.4087,-1,-1,-1
589,64,370.63,259.95,65.17,187.10,0.7045,-1,-1,-1
589,67,1650.44,242.97,76.66,182.96,0.5037,-1,-1,-1
589,70,1000.18,930.76,65.72,149.24,0.6252,-1,-1,-1
589,71,1559.52,603.42,113.23,226.58,0.5504,-1,-1,-1
589,73,284.57,117.12,58.94,177.20,0.3531,-1,-1,-1
590,4,1722.45,455.87,72.94,208.91,0.6039,-1,-1,-1
590,25,248.08,963.26,78.58,116.74,0.6994,-1,-1,-1
590,29,1068.78,852.21,78.72,226.12,0.7313,-1,-1,-1
590,38,1157.82,861.70,88.32,218.33,0.6945,-1,-1,-1
590,49,305.37,895.76,91.72,183.69,0.7620,-1,-1,-1
590,52,807.69,73.17,65.26,244.71,0.3700,-1,-1,-1
590,64,370.14,261.55,64.88,185.81,0.7152,-1,-1,-1
590,67,1652.50,240.68,76.26,183.60,0.5250,-1,-1,-1
590,70,1000.00,931.12,64.63,148.90,0.6389,-1,-1,-1
590,71,1559.16,603.84,112.92,226.15,0.5481,-1,-1,-1
590,73,285.03,118.95,58.76,176.41,0.3605,-1,-1,-1
591,4,1723.01,457.64,72.07,206.64,0.6259,-1,-1,-1
591,25,248.14,966.61,78.02,113.38,0.7018,-1,-1,-1
591,29,1070.14,853.08,79.78,225.56,0.7235,-1,-1,-1
591,38,1159.58,863.04,88.53,216.98,0.6913,-1,-1,-1
591,49,306.87,897.99,90.46,179.86,0.7609,-1,-1,-1
591,52,807.07,76.70,63.81,240.80,0.3316,-1,-1,-1
591,64,369.38,262.74,65.15,184.89,0.7217,-1,-1,-1
591,67,1654.23,239.64,75.29,182.96,0.5817,-1,-1,-1
591,70,999.50,932.16,63.10,147.85,0.6280,-1,-1,-1
591,71,1559.99,603.68,112.66,225.78,0.5709,-1,-1,-1
591,73,284.41,120.63,58.49,175.40,0.3591,-1,-1,-1
592,4,1722.25,457.40,72.03,206.71,0.6256,-1,-1,-1
592,25,250.28,968.97,78.27,111.03,0.7213,-1,-1,-1
592,29,1070.78,854.47,79.49,222.59,0.7154,-1,-1,-1
592,38,1159.27,865.90,89.18,214.12,0.6864,-1,-1,-1
592,49,308.50,901.93,89.34,176.56,0.7391,-1,-1,-1
592,52,807.48,82.52,61.82,234.48,0.3065,-1,-1,-1
592,64,368.85,264.53,64.68,181.90,0.7176,-1,-1,-1
592,67,1655.28,237.65,75.94,186.41,0.6350,-1,-1,-1
592,70,999.21,932.93,62.24,147.09,0.5837,-1,-1,-1
592,71,1560.02,603.08,113.09,226.75,0.5074,-1,-1,-1
592,73,284.23,118.83,58.76,176.41,0.3563,-1,-1,-1
593,4,1719.17,454.77,73.10,212.93,0.6501,-1,-1,-1
593,25,251.41,971.47,78.36,108.53,0.7289,-1,-1,-1
593,29,1072.08,855.43,79.39,221.27,0.7240,-1,-1,-1
593,38,1162.35,868.42,88.64,211.62,0.6762,-1,-1,-1
593,49,309.50,907.96,88.74,171.97,0.7728,-1,-1,-1
593,52,808.13,83.77,61.15,233.37,0.3156,-1,-1,-1
593,64,367.90,265.21,65.73,184.09,0.7253,-1,-1,-1
593,67,1655.17,235.48,74.92,185.64,0.6653,-1,-1,-1
593,70,999.62,933.43,61.36,146.20,0.5825,-1,-1,-1
593,71,1560.08,603.33,112.66,226.42,0.4749,-1,-1,-1
593,73,283.64,118.11,59.14,177.63,0.3425,-1,-1,-1
594,4,1719.30,454.88,72.36,213.04,0.6487,-1,-1,-1
594,25,253.45,975.23,78.72,104.77,0.7218,-1,-1,-1
594,29,1072.75,856.62,79.60,222.23,0.7187,-1,-1,-1
594,38,1163.72,870.47,88.25,209.55,0.6682,-1,-1,-1
594,49,311.11,910.27,89.83,169.73,0.7756,-1,-1,-1
594,64,366.93,266.84,66.19,186.37,0.7209,-1,-1,-1
594,67,1655.82,232.95,74.44,186.85,0.6364,-1,-1,-1
594,70,1000.02,934.99,60.36,144.97,0.5750,-1,-1,-1
594,71,1561.00,605.48,111.11,223.74,0.4861,-1,-1,-1
594,73,283.10,117.08,59.61,179.24,0.3426,-1,-1,-1
595,4,1720.15,453.63,72.02,213.54,0.6796,-1,-1,-1
595,25,252.89,978.62,77.99,101.37,0.7018,-1,-1,-1
595,29,1074.45,858.80,79.61,221.17,0.7198,-1,-1,-1
595,38,1165.59,872.01,87.77,208.01,0.6596,-1,-1,-1
595,49,312.24,911.56,91.25,168.44,0.7620,-1,-1,-1
595,64,365.84,269.59,66.73,188.72,0.7235,-1,-1,-1
595,67,1656.39,230.94,74.13,188.61,0.6287,-1,-1,-1
595,70,999.49,935.53,59.57,144.48,0.5936,-1,-1,-1
595,71,1561.55,605.38,110.90,223.83,0.4457,-1,-1,-1
595,73,282.65,115.05,59.98,180.54,0.3436,-1,-1,-1
596,4,1718.92,453.11,72.79,214.88,0.7018,-1,-1,-1
596,25,253.86,981.23,78.10,98.78,0.7023,-1,-1,-1
596,29,1075.19,861.07,79.77,218.97,0.7210,-1,-1,-1
596,38,1168.79,873.85,86.04,206.17,0.6872,-1,-1,-1
596,49,313.41,912.55,92.20,167.46,0.7688,-1,-1,-1
596,64,364.74,269.86,67.38,192.04,0.7263,-1,-1,-1
596,67,1656.39,229.66,73.16,187.73,0.6107,-1,-1,-1
596,70,999.42,935.15,58.85,143.06,0.5730,-1,-1,-1
596,71,1561.68,606.16,110.67,223.80,0.4586,-1,-1,-1
596,73,283.03,117.18,59.37,178.52,0.3265,-1,-1,-1
597,4,1718.32,454.38,72.98,213.15,0.6876,-1,-1,-1
597,25,253.80,982.37,79.11,97.63,0.6963,-1,-1,-1
597,29,1076.02,863.48,78.73,216.57,0.6754,-1,-1,-1
597,38,1171.03,875.67,84.77,204.34,0.6498,-1,-1,-1
597,49,314.95,912.93,92.73,167.08,0.7388,-1,-1,-1
597,64,364.18,271.85,67.04,191.29,0.7106,-1,-1,-1
597,67,1657.06,227.54,72.94,188.86,0.5942,-1,-1,-1
597,70,999.45,935.80,58.58,141.82,0.6177,-1,-1,-1
597,71,1561.41,608.55,109.86,221.58,0.4109,-1,-1,-1
598,4,1716.81,453.90,74.18,213.24,0.7063,-1,-1,-1
598,25,254.24,983.99,79.36,96.01,0.6773,-1,-1,-1
598,29,1077.84,865.04,78.57,215.00,0.6628,-1,-1,-1
598,38,1170.25,877.67,85.08,202.35,0.6631,-1,-1,-1
598,49,316.06,913.50,93.92,165.57,0.7353,-1,-1,-1
598,64,363.91,272.59,66.81,190.63,0.7063,-1,-1,-1
598,67,1655.94,226.75,72.48,189.38,0.5918,-1,-1,-1
598,70,1000.70,936.48,59.23,141.13,0.6250,-1,-1,-1
598,71,1561.15,611.08,109.18,219.24,0.3846,-1,-1,-1
599,4,1715.74,453.88,75.62,212.93,0.7033,-1,-1,-1
599,25,254.02,985.01,78.80,94.98,0.6593,-1,-1,-1
599,29,1080.00,867.38,78.63,212.68,0.6202,-1,-1,-1
599,38,1172.30,880.73,84.48,199.29,0.6585,-1,-1,-1
599,49,316.58,915.86,95.08,162.80,0.7269,-1,-1,-1
599,64,364.28,272.79,66.89,191.76,0.6714,-1,-1,-1
599,67,1653.61,227.52,71.88,188.35,0.5505,-1,-1,-1
599,70,999.21,936.81,59.54,140.83,0.6461,-1,-1,-1
599,71,1560.62,609.13,110.58,221.55,0.3645,-1,-1,-1
599,73,281.30,114.96,60.53,181.57,0.3122,-1,-1,-1
600,4,1715.54,453.98,76.39,211.46,0.7201,-1,-1,-1
600,25,255.20,986.03,79.28,93.98,0.6489,-1,-1,-1
600,29,1081.44,869.48,78.86,210.56,0.6532,-1,-1,-1
600,38,1176.69,884.48,82.28,195.54,0.6587,-1,-1,-1
600,49,318.38,917.98,96.43,159.82,0.7043,-1,-1,-1
600,64,364.70,274.88,66.66,192.04,0.6770,-1,-1,-1
600,67,1651.92,227.05,70.88,185.21,0.5433,-1,-1,-1
600,70,999.17,938.61,59.28,139.20,0.6405,-1,-1,-1
600,71,1561.21,607.68,110.81,221.44,0.3525,-1,-1,-1
600,74,429.66,74.04,54.06,160.69,0.3705,-1,-1,-1
601,4,1715.29,454.03,77.94,213.18,0.7016,-1,-1,-1
601,25,255.47,986.23,80.36,93.77,0.6263,-1,-1,-1
601,29,1083.80,872.16,79.45,207.88,0.6059,-1,-1,-1
601,38,1176.14,886.59,82.06,193.42,0.6561,-1,-1,-1
601,49,317.39,919.62,98.09,158.53,0.7216,-1,-1,-1
601,64,363.12,274.52,67.53,197.11,0.7021,-1,-1,-1
601,67,1648.56,226.78,71.74,186.36,0.5767,-1,-1,-1
601,70,998.59,939.83,58.71,137.93,0.6213,-1,-1,-1
601,71,1561.21,602.85,112.25,224.87,0.3923,-1,-1,-1
602,4,1713.78,455.40,78.97,211.90,0.6954,-1,-1,-1
602,25,256.07,988.46,79.87,91.53,0.6100,-1,-1,-1
602,29,1082.91,875.29,81.09,204.73,0.6725,-1,-1,-1
602,38,1176.31,888.51,82.28,191.49,0.6497,-1,-1,-1
602,49,318.79,921.39,99.01,156.05,0.7223,-1,-1,-1
602,64,363.96,274.30,66.49,196.78,0.6821,-1,-1,-1
602,67,1648.21,227.47,70.95,183.36,0.5898,-1,-1,-1
602,70,996.75,940.37,59.03,137.54,0.6516,-1,-1,-1
602,71,1562.93,599.26,113.76,226.62,0.5916,-1,-1,-1
603,4,1712.39,455.32,81.21,214.24,0.7157,-1,-1,-1
603,25,256.84,991.18,79.18,88.82,0.6235,-1,-1,-1
603,29,1083.48,878.09,82.02,201.93,0.6606,-1,-1,-1
603,38,1176.90,890.90,81.70,189.12,0.6049,-1,-1,-1
603,49,318.87,924.56,99.75,153.72,0.7365,-1,-1,-1
603,64,363.76,276.46,66.00,195.00,0.6959,-1,-1,-1
603,67,1646.91,228.21,70.48,182.82,0.6220,-1,-1,-1
603,70,996.13,940.92,58.94,136.97,0.6627,-1,-1,-1
603,71,1562.60,599.87,113.69,226.99,0.4890,-1,-1,-1
604,4,1711.25,454.66,81.91,211.71,0.7131,-1,-1,-1
604,25,257.34,992.80,79.47,87.20,0.6277,-1,-1,-1
604,29,1084.19,880.93,83.08,199.08,0.6017,-1,-1,-1
604,38,1178.38,893.18,80.61,186.82,0.5312,-1,-1,-1
604,49,319.84,927.21,100.30,151.15,0.7546,-1,-1,-1
604,64,364.39,276.67,65.94,196.22,0.6813,-1,-1,-1
604,67,1647.60,227.77,69.16,182.01,0.6060,-1,-1,-1
604,70,996.83,942.38,58.75,135.97,0.6399,-1,-1,-1
604,71,1562.56,598.90,114.05,228.06,0.4353,-1,-1,-1
605,4,1711.52,454.11,83.24,213.55,0.7033,-1,-1,-1
605,25,257.49,994.67,79.66,85.34,0.6278,-1,-1,-1
605,29,1087.74,883.17,83.43,196.84,0.5588,-1,-1,-1
605,38,1180.32,896.04,78.40,183.96,0.5162,-1,-1,-1
605,49,321.00,930.09,99.31,148.50,0.7468,-1,-1,-1
605,64,363.72,276.64,66.18,195.70,0.6851,-1,-1,-1
605,67,1647.52,228.32,67.70,178.90,0.5553,-1,-1,-1
605,70,996.86,943.54,58.66,135.31,0.6214,-1,-1,-1
605,71,1562.56,601.88,112.17,225.15,0.3535,-1,-1,-1
606,4,1712.21,454.87,83.45,212.93,0.6995,-1,-1,-1
606,25,257.25,997.61,78.82,82.40,0.6128,-1,-1,-1
606,29,1091.10,886.00,82.77,194.03,0.5627,-1,-1,-1
606,38,1180.51,898.17,77.38,181.83,0.5178,-1,-1,-1
606,49,322.31,933.28,98.09,146.47,0.7544,-1,-1,-1
606,64,363.28,277.24,66.31,195.03,0.6935,-1,-1,-1
606,67,1646.60,228.30,67.18,177.76,0.5478,-1,-1,-1
606,70,996.18,944.72,58.52,134.84,0.5915,-1,-1,-1
606,71,1561.07,606.88,110.92,222.79,0.5028,-1,-1,-1
607,4,1711.18,455.23,84.29,212.37,0.7107,-1,-1,-1
607,25,256.80,1000.33,77.89,79.67,0.6117,-1,-1,-1
607,29,1095.37,887.22,82.50,192.79,0.5634,-1,-1,-1
607,38,1181.21,897.85,77.38,182.14,0.4722,-1,-1,-1
607,49,323.01,935.93,96.46,144.06,0.7348,-1,-1,-1
607,64,363.74,278.13,66.04,193.89,0.6974,-1,-1,-1
607,67,1645.75,227.38,66.90,177.73,0.5484,-1,-1,-1
607,70,995.69,945.33,58.46,134.28,0.5981,-1,-1,-1
607,71,1562.65,609.83,109.45,220.02,0.4497,-1,-1,-1
607,74,430.80,72.16,57.03,172.52,0.4022,-1,-1,-1
608,4,1710.76,454.46,85.25,213.37,0.7104,-1,-1,-1
608,25,256.51,1002.35,78.01,77.66,0.6197,-1,-1,-1
608,29,1098.74,889.26,81.43,190.77,0.5824,-1,-1,-1
608,38,1182.44,898.98,76.35,181.04,0.5002,-1,-1,-1
608,49,324.20,940.72,94.64,139.29,0.7450,-1,-1,-1
608,52,810.60,141.17,50.46,175.68,0.3172,-1,-1,-1
608,64,362.55,277.77,66.11,193.31,0.6765,-1,-1,-1
608,67,1644.09,226.21,67.33,181.07,0.5322,-1,-1,-1
608,70,995.55,945.64,58.75,134.34,0.5930,-1,-1,-1
608,71,1562.52,610.75,108.83,218.68,0.4514,-1,-1,-1
608,74,431.82,71.72,56.56,174.28,0.3617,-1,-1,-1
609,2,598.89,555.79,77.98,227.24,0.4166,-1,-1,-1
609,4,1711.62,454.41,84.63,212.30,0.7434,-1,-1,-1
609,25,257.00,1005.34,76.89,74.44,0.6135,-1,-1,-1
609,29,1100.60,889.88,81.09,190.14,0.5874,-1,-1,-1
609,38,1184.56,900.00,77.03,180.01,0.5185,-1,-1,-1
609,49,323.27,942.88,93.55,134.10,0.7327,-1,-1,-1
609,64,362.50,277.21,66.33,193.98,0.6860,-1,-1,-1
609,67,1641.27,223.15,69.07,186.86,0.5487,-1,-1,-1
609,70,994.68,946.57,59.02,133.45,0.6183,-1,-1,-1
609,71,1561.54,608.04,110.12,222.02,0.4508,-1,-1,-1
609,74,432.76,70.64,56.19,176.04,0.3797,-1,-1,-1
610,2,593.48,552.67,81.86,228.57,0.5013,-1,-1,-1
610,4,1711.73,454.30,84.52,212.10,0.7385,-1,-1,-1
610,25,256.66,1008.50,74.44,70.75,0.5548,-1,-1,-1
610,29,1101.45,890.04,80.98,189.97,0.5694,-1,-1,-1
610,38,1184.37,900.29,77.52,179.70,0.5102,-1,-1,-1
610,49,322.98,945.45,93.32,131.37,0.7272,-1,-1,-1
610,64,361.82,278.28,66.35,193.69,0.6984,-1,-1,-1
610,67,1640.09,221.53,67.83,183.60,0.5339,-1,-1,-1
610,70,993.19,946.27,59.72,133.73,0.6246,-1,-1,-1
610,71,1563.32,599.20,112.64,227.46,0.3978,-1,-1,-1
610,74,433.66,72.38,55.07,174.18,0.3620,-1,-1,-1
611,2,587.72,548.86,87.06,233.36,0.5637,-1,-1,-1
611,4,1711.01,454.65,85.13,213.26,0.7411,-1,-1,-1
611,25,256.48,1011.77,71.62,67.30,0.5000,-1,-1,-1
611,29,1103.39,890.86,81.15,189.15,0.5769,-1,-1,-1
611,38,1184.85,901.95,77.75,178.05,0.5078,-1,-1,-1
611,49,320.49,948.18,94.39,131.59,0.7304,-1,-1,-1
611,64,361.29,280.36,66.57,192.66,0.7044,-1,-1,-1
611,67,1639.01,218.52,67.74,184.10,0.5441,-1,-1,-1
611,70,992.09,946.04,60.38,133.96,0.6313,-1,-1,-1
611,71,1564.40,595.06,113.49,229.92,0.5345,-1,-1,-1
611,74,435.08,74.95,54.02,171.74,0.3355,-1,-1,-1
612,2,582.91,548.26,91.61,234.60,0.6284,-1,-1,-1
612,4,1710.11,453.69,85.73,213.19,0.7544,-1,-1,-1
612,25,256.38,1014.76,70.34,64.97,0.4775,-1,-1,-1
612,29,1105.68,892.23,80.32,187.76,0.5754,-1,-1,-1
612,38,1183.68,904.07,78.17,175.92,0.5083,-1,-1,-1
612,49,320.17,948.90,95.07,131.09,0.7591,-1,-1,-1
612,52,806.53,130.85,55.55,187.33,0.3187,-1,-1,-1
612,64,360.17,282.91,66.79,191.97,0.6710,-1,-1,-1
612,67,1637.28,215.95,68.22,185.84,0.5590,-1,-1,-1
612,70,991.45,946.01,60.89,133.99,0.6087,-1,-1,-1
612,71,1565.40,601.15,110.78,224.94,0.4832,-1,-1,-1
613,2,581.82,548.18,94.31,235.06,0.6566,-1,-1,-1
613,4,1710.99,453.33,85.24,213.54,0.7486,-1,-1,-1
613,25,256.96,1017.21,68.79,62.63,0.3951,-1,-1,-1
613,29,1106.67,893.40,79.85,186.59,0.5127,-1,-1,-1
613,38,1185.98,906.80,77.64,173.19,0.3367,-1,-1,-1
613,49,320.53,951.66,93.77,128.33,0.7302,-1,-1,-1
613,52,806.54,135.37,55.91,183.24,0.3800,-1,-1,-1
613,64,359.68,286.15,66.95,193.21,0.6754,-1,-1,-1
613,67,1635.77,213.21,68.93,188.81,0.5704,-1,-1,-1
613,70,990.48,947.08,61.07,132.91,0.6227,-1,-1,-1
613,71,1563.47,606.26,109.32,222.63,0.5298,-1,-1,-1
614,2,578.98,548.62,96.40,235.69,0.6421,-1,-1,-1
614,4,1711.53,453.02,84.58,213.36,0.7400,-1,-1,-1
614,25,257.98,1020.14,66.86,59.82,0.3781,-1,-1,-1
614,29,1108.84,896.59,79.59,183.41,0.5913,-1,-1,-1
614,38,1188.10,910.47,76.83,169.53,0.4906,-1,-1,-1
614,49,320.69,952.66,93.98,127.35,0.7285,-1,-1,-1
614,52,807.69,138.16,55.65,180.11,0.3854,-1,-1,-1
614,64,358.18,285.68,68.09,197.35,0.6760,-1,-1,-1
614,67,1634.66,212.00,67.89,185.23,0.5782,-1,-1,-1
614,70,988.77,946.11,62.29,133.90,0.6450,-1,-1,-1
614,71,1562.86,608.90,108.62,221.04,0.4839,-1,-1,-1
615,2,577.84,548.33,96.95,235.30,0.6234,-1,-1,-1
615,4,1711.58,452.32,84.50,215.28,0.7523,-1,-1,-1
615,25,255.83,1023.83,63.89,56.16,0.3560,-1,-1,-1
615,29,1108.27,898.47,79.44,181.54,0.5788,-1,-1,-1
615,38,1191.57,913.91,75.87,166.10,0.4067,-1,-1,-1
615,49,320.85,955.73,92.52,124.28,0.7235,-1,-1,-1
615,52,807.44,141.69,55.60,177.70,0.3922,-1,-1,-1
615,64,357.03,286.56,68.15,197.89,0.6712,-1,-1,-1
615,67,1632.69,210.29,68.13,184.68,0.5846,-1,-1,-1
615,70,987.71,945.95,62.74,134.06,0.6479,-1,-1,-1
615,71,1562.17,607.13,109.44,222.68,0.4943,-1,-1,-1
616,2,577.28,547.19,95.48,232.25,0.5548,-1,-1,-1
616,4,1712.37,452.20,83.99,216.16,0.7282,-1,-1,-1
616,25,257.60,1023.45,64.84,56.48,0.3791,-1,-1,-1
616,29,1110.96,901.29,79.53,178.71,0.6107,-1,-1,-1
616,38,1196.70,915.72,75.24,164.00,0.4821,-1,-1,-1
616,49,321.41,958.63,91.37,121.36,0.7305,-1,-1,-1
616,52,807.17,143.25,55.87,176.59,0.3829,-1,-1,-1
616,64,356.35,287.00,68.35,197.33,0.6786,-1,-1,-1
616,67,1631.72,209.92,68.18,183.46,0.5463,-1,-1,-1
616,70,985.77,947.12,62.73,132.88,0.6756,-1,-1,-1
616,71,1561.67,605.73,110.25,224.13,0.5195,-1,-1,-1
617,2,570.26,545.24,92.13,232.18,0.4812,-1,-1,-1
617,4,1712.94,452.82,83.11,214.60,0.7014,-1,-1,-1
617,25,256.39,1025.84,62.90,54.16,0.3569,-1,-1,-1
617,29,1110.79,903.03,79.30,176.99,0.6094,-1,-1,-1
617,38,1196.49,918.29,74.88,161.68,0.3866,-1,-1,-1
617,49,322.39,960.62,91.19,119.39,0.7207,-1,-1,-1
617,52,807.35,144.52,56.14,176.14,0.3680,-1,-1,-1
617,64,355.19,290.51,67.80,195.78,0.6572,-1,-1,-1
617,67,1630.25,209.16,69.46,185.69,0.5325,-1,-1,-1
617,70,983.24,945.65,64.09,134.36,0.6921,-1,-1,-1
617,71,1560.73,601.46,112.27,227.99,0.5699,-1,-1,-1
618,2,566.56,541.38,88.52,234.95,0.5767,-1,-1,-1
618,4,1713.95,453.55,81.61,211.91,0.6878,-1,-1,-1
618,25,256.05,1027.13,61.78,52.87,0.3309,-1,-1,-1
618,29,1112.15,907.06,77.74,172.94,0.6349,-1,-1,-1
618,38,1195.88,920.37,74.97,159.63,0.4311,-1,-1,-1
618,49,322.43,963.29,90.82,116.71,0.7010,-1,-1,-1
618,52,807.21,145.32,56.10,174.65,0.3665,-1,-1,-1
618,64,354.39,291.79,67.75,195.67,0.6649,-1,-1,-1
618,67,1628.78,208.90,70.15,185.90,0.4843,-1,-1,-1
618,70,981.60,944.96,64.80,135.04,0.6971,-1,-1,-1
618,71,1561.56,603.06,111.13,226.10,0.4444,-1,-1,-1
619,2,565.23,540.81,84.68,237.18,0.6149,-1,-1,-1
619,4,1714.16,452.68,81.64,213.77,0.6913,-1,-1,-1
619,25,255.21,1028.37,60.22,51.62,0.3195,-1,-1,-1
619,29,1113.23,911.08,76.88,168.92,0.6639,-1,-1,-1
619,38,1196.79,921.96,76.07,157.66,0.5310,-1,-1,-1
619,49,323.00,965.93,90.65,114.07,0.6981,-1,-1,-1
619,52,807.77,146.20,55.76,172.80,0.3631,-1,-1,-1
619,64,352.96,294.57,67.64,195.49,0.6102,-1,-1,-1
619,67,1626.36,208.21,72.19,189.53,0.4458,-1,-1,-1
619,70,978.29,943.61,65.63,136.38,0.7036,-1,-1,-1
619,71,1561.52,608.50,109.11,221.36,0.3766,-1,-1,-1
620,2,566.35,539.44,81.67,237.58,0.6439,-1,-1,-1
620,4,1714.83,453.27,80.71,212.21,0.6928,-1,-1,-1
620,25,255.36,1028.23,59.02,51.29,0.3048,-1,-1,-1
620,29,1113.76,914.14,75.97,165.88,0.6598,-1,-1,-1
620,38,1195.58,922.36,78.29,157.52,0.5654,-1,-1,-1
620,49,324.30,968.78,90.27,110.63,0.6984,-1,-1,-1
620,52,808.59,145.88,56.17,172.18,0.3251,-1,-1,-1
620,64,352.57,294.64,67.79,197.21,0.5667,-1,-1,-1
620,67,1625.49,208.50,72.45,187.83,0.4151,-1,-1,-1
620,70,975.65,943.45,65.92,136.56,0.6942,-1,-1,-1
620,71,1562.27,606.40,109.79,223.56,0.4069,-1,-1,-1
621,2,564.94,538.28,78.31,237.78,0.6566,-1,-1,-1
621,4,1714.83,452.14,80.64,213.23,0.7084,-1,-1,-1
621,25,256.91,1030.15,56.65,49.63,0.3094,-1,-1,-1
621,29,1113.35,916.01,75.17,163.98,0.6781,-1,-1,-1
621,38,1195.71,923.90,78.75,155.55,0.4723,-1,-1,-1
621,49,324.73,971.91,89.98,107.37,0.6487,-1,-1,-1
621,52,807.30,145.94,56.81,172.93,0.3377,-1,-1,-1
621,64,351.46,293.95,67.79,197.82,0.6335,-1,-1,-1
621,67,1624.40,209.56,72.21,184.23,0.4494,-1,-1,-1
621,70,973.52,943.10,66.12,136.91,0.6659,-1,-1,-1
621,71,1562.52,607.72,108.90,221.64,0.4362,-1,-1,-1
622,2,561.00,537.29,73.31,238.33,0.7016,-1,-1,-1
622,4,1715.96,452.22,79.61,212.44,0.6977,-1,-1,-1
622,25,260.48,1036.31,50.54,43.65,0.3253,-1,-1,-1
622,29,1113.62,917.44,74.08,162.24,0.6790,-1,-1,-1
622,38,1196.53,924.82,78.81,154.10,0.3598,-1,-1,-1
622,49,324.96,975.13,89.76,104.56,0.6335,-1,-1,-1
622,52,807.65,144.60,57.69,174.51,0.3439,-1,-1,-1
622,64,350.70,294.32,67.59,197.61,0.5798,-1,-1,-1
622,67,1624.09,209.90,72.74,182.63,0.4798,-1,-1,-1
622,70,970.67,942.96,65.79,137.04,0.6660,-1,-1,-1
622,71,1563.07,610.27,107.67,218.70,0.3877,-1,-1,-1
623,2,557.38,538.07,71.03,242.72,0.6762,-1,-1,-1
623,4,1716.90,452.46,78.98,212.61,0.6935,-1,-1,-1
623,25,262.08,1040.07,46.51,39.71,0.3110,-1,-1,-1
623,29,1115.51,918.66,74.12,160.70,0.6545,-1,-1,-1
623,38,1198.46,926.04,79.57,152.47,0.3888,-1,-1,-1
623,49,325.16,979.15,89.11,100.83,0.6840,-1,-1,-1
623,52,806.99,146.00,57.49,173.59,0.3250,-1,-1,-1
623,64,347.89,293.50,67.66,197.67,0.5878,-1,-1,-1
623,67,1623.28,210.18,73.12,181.75,0.4723,-1,-1,-1
623,70,968.67,943.65,65.10,136.35,0.6761,-1,-1,-1
623,71,1562.74,612.51,107.11,216.88,0.3152,-1,-1,-1
624,2,556.43,537.45,68.47,242.36,0.6919,-1,-1,-1
624,4,1717.24,452.08,78.61,213.12,0.6891,-1,-1,-1
624,29,1115.43,920.09,74.47,159.87,0.6740,-1,-1,-1
624,38,1199.49,927.46,80.26,150.56,0.4411,-1,-1,-1
624,49,326.00,982.08,88.60,97.93,0.6977,-1,-1,-1
624,52,807.06,144.31,58.23,175.21,0.3645,-1,-1,-1
624,64,346.36,294.21,67.78,196.61,0.5785,-1,-1,-1
624,67,1623.22,208.63,73.74,182.29,0.4558,-1,-1,-1
624,70,964.12,942.27,65.75,137.74,0.6751,-1,-1,-1
624,71,1562.27,610.19,108.58,219.30,0.4427,-1,-1,-1
625,2,552.57,537.80,67.11,242.01,0.7065,-1,-1,-1
625,4,1717.71,452.27,78.79,214.60,0.6915,-1,-1,-1
625,29,1116.38,921.94,74.37,158.05,0.6685,-1,-1,-1
625,38,1200.23,931.33,80.19,146.69,0.5396,-1,-1,-1
625,49,326.12,984.91,88.05,95.09,0.6973,-1,-1,-1
625,52,807.34,143.61,58.35,175.39,0.3862,-1,-1,-1
625,64,345.84,294.05,67.85,196.58,0.5616,-1,-1,-1
625,67,1622.48,207.90,74.59,184.80,0.4251,-1,-1,-1
625,70,961.22,938.84,66.72,141.17,0.6794,-1,-1,-1
625,71,1561.92,608.04,109.51,221.48,0.3744,-1,-1,-1
626,2,546.97,538.59,67.47,240.37,0.6980,-1,-1,-1
626,4,1718.12,451.92,78.26,213.92,0.6842,-1,-1,-1
626,29,1116.33,921.46,75.66,158.54,0.6546,-1,-1,-1
626,38,1199.69,932.28,81.31,146.21,0.4685,-1,-1,-1
626,49,326.65,987.90,87.55,92.09,0.6837,-1,-1,-1
626,52,806.47,142.77,59.00,176.70,0.3895,-1,-1,-1
626,64,343.98,294.52,68.11,196.62,0.6188,-1,-1,-1
626,67,1623.42,205.74,73.32,181.40,0.4388,-1,-1,-1
626,70,957.95,938.20,66.75,141.79,0.6710,-1,-1,-1
626,71,1561.58,606.04,110.14,223.53,0.4676,-1,-1,-1
627,2,534.45,539.20,73.59,241.69,0.6546,-1,-1,-1
627,4,1718.39,453.18,77.99,213.36,0.6828,-1,-1,-1
627,29,1116.79,923.01,75.69,156.97,0.6883,-1,-1,-1
627,38,1197.52,933.64,83.93,144.91,0.6068,-1,-1,-1
627,49,328.39,990.86,86.78,89.11,0.6585,-1,-1,-1
627,52,806.58,142.44,58.84,176.10,0.3768,-1,-1,-1
627,64,343.60,295.43,68.08,195.69,0.6238,-1,-1,-1
627,67,1624.52,205.83,72.77,181.92,0.4339,-1,-1,-1
627,70,957.04,937.26,66.09,142.72,0.6849,-1,-1,-1
627,71,1560.91,604.80,110.25,224.62,0.3558,-1,-1,-1
628,2,521.70,538.75,84.09,240.91,0.7207,-1,-1,-1
628,4,1717.40,451.84,78.34,215.86,0.6621,-1,-1,-1
628,29,1116.98,924.10,76.64,155.89,0.6672,-1,-1,-1
628,38,1198.35,934.68,85.23,144.48,0.5781,-1,-1,-1
628,49,328.39,991.92,87.59,88.06,0.6304,-1,-1,-1
628,52,807.11,142.60,58.57,175.14,0.3741,-1,-1,-1
628,64,342.97,295.44,68.32,195.85,0.6479,-1,-1,-1
628,67,1623.83,201.81,74.24,188.01,0.3919,-1,-1,-1
628,70,954.57,936.00,65.33,144.00,0.6828,-1,-1,-1
628,71,1561.74,603.84,109.96,225.36,0.3661,-1,-1,-1
629,2,512.96,538.05,94.22,240.08,0.7400,-1,-1,-1
629,4,1718.15,451.55,77.99,215.92,0.6913,-1,-1,-1
629,29,1116.85,924.46,78.31,155.54,0.7073,-1,-1,-1
629,38,1198.05,936.23,87.77,143.52,0.6305,-1,-1,-1
629,49,328.12,994.71,87.61,85.30,0.6706,-1,-1,-1
629,52,806.40,142.70,58.63,175.68,0.3713,-1,-1,-1
629,64,342.80,296.53,68.20,195.39,0.6597,-1,-1,-1
629,67,1624.52,202.38,73.43,187.32,0.4385,-1,-1,-1
629,70,952.50,934.66,64.83,145.34,0.6796,-1,-1,-1
629,71,1562.15,601.05,110.38,228.29,0.4912,-1,-1,-1
630,2,506.26,537.91,102.21,238.49,0.7698,-1,-1,-1
630,4,1717.96,450.69,78.24,215.62,0.6904,-1,-1,-1
630,29,1117.30,926.16,79.56,153.83,0.7034,-1,-1,-1
630,38,1199.25,940.32,87.21,138.92,0.5785,-1,-1,-1
630,49,328.23,997.78,87.78,82.20,0.6843,-1,-1,-1
630,52,807.54,143.07,57.79,174.68,0.4160,-1,-1,-1
630,64,341.24,296.64,68.97,197.43,0.6676,-1,-1,-1
630,67,1624.77,200.96,72.25,186.52,0.5137,-1,-1,-1
630,70,950.80,933.28,63.80,146.70,0.6849,-1,-1,-1
630,71,1563.09,604.16,108.24,224.56,0.4069,-1,-1,-1
630,75,1444.76,1004.97,73.50,74.56,0.3652,-1,-1,-1
631,2,504.06,539.69,106.41,236.40,0.7585,-1,-1,-1
631,4,1717.35,450.95,78.72,216.91,0.6824,-1,-1,-1
631,29,1118.15,927.71,81.05,152.28,0.6888,-1,-1,-1
631,38,1200.44,942.88,86.15,135.07,0.5439,-1,-1,-1
631,49,327.81,998.45,89.38,81.54,0.6658,-1,-1,-1
631,52,807.85,142.67,57.18,173.37,0.3792,-1,-1,-1
631,64,340.24,297.91,70.03,200.99,0.6773,-1,-1,-1
631,67,1625.88,199.60,70.47,183.12,0.5342,-1,-1,-1
631,70,948.87,931.90,62.95,147.72,0.6879,-1,-1,-1
631,71,1562.84,603.46,108.18,224.73,0.4547,-1,-1,-1
631,75,1440.55,1001.38,76.18,77.28,0.3643,-1,-1,-1
632,2,498.49,540.25,112.69,237.24,0.7760,-1,-1,-1
632,4,1717.58,451.63,79.02,216.11,0.7065,-1,-1,-1
632,29,1119.88,930.74,83.52,148.80,0.7012,-1,-1,-1
632,38,1200.57,944.51,85.55,132.72,0.5040,-1,-1,-1
632,49,327.86,1001.23,89.07,78.78,0.6477,-1,-1,-1
632,52,807.07,143.90,57.25,173.15,0.4202,-1,-1,-1
632,64,339.10,298.08,70.65,204.19,0.6922,-1,-1,-1
632,67,1626.47,196.53,69.40,181.45,0.5563,-1,-1,-1
632,70,947.26,930.53,62.49,149.44,0.7065,-1,-1,-1
632,71,1563.46,607.07,106.68,221.48,0.3836,-1,-1,-1
632,75,1434.89,994.95,81.95,83.69,0.3548,-1,-1,-1
632,76,1509.27,978.83,100.14,98.51,0.3799,-1,-1,-1
633,2,495.67,540.19,115.47,236.86,0.7857,-1,-1,-1
633,4,1717.85,451.13,79.17,215.94,0.7134,-1,-1,-1
633,29,1121.15,934.16,85.66,144.98,0.6815,-1,-1,-1
633,38,1202.96,948.02,83.03,128.44,0.3319,-1,-1,-1
633,49,328.23,1001.75,89.67,77.80,0.6305,-1,-1,-1
633,52,806.22,144.63,57.59,173.41,0.3769,-1,-1,-1
633,64,338.83,299.13,70.18,204.64,0.6827,-1,-1,-1
633,67,1626.41,194.20,68.77,182.29,0.5706,-1,-1,-1
633,70,945.80,929.54,62.10,150.47,0.6643,-1,-1,-1
633,71,1564.73,603.00,107.81,223.99,0.4567,-1,-1,-1
633,75,1430.28,989.03,87.54,90.62,0.3082,-1,-1,-1
633,76,1504.32,975.40,103.67,102.62,0.4561,-1,-1,-1
634,2,495.08,540.10,117.37,236.84,0.7749,-1,-1,-1
634,4,1717.28,450.10,79.58,215.79,0.7251,-1,-1,-1
634,29,1120.05,938.38,88.05,140.80,0.7034,-1,-1,-1
634,38,1204.38,951.10,81.21,125.78,0.3175,-1,-1,-1
634,49,328.84,1004.38,88.45,74.68,0.6331,-1,-1,-1
634,52,806.82,145.04,57.50,173.28,0.3950,-1,-1,-1
634,64,338.62,300.05,69.79,205.22,0.7077,-1,-1,-1
634,67,1626.54,192.42,68.23,183.12,0.5690,-1,-1,-1
634,70,944.45,928.54,61.49,151.34,0.6844,-1,-1,-1
634,71,1562.39,601.18,109.28,227.72,0.4650,-1,-1,-1
634,76,1498.22,971.69,107.35,107.13,0.3793,-1,-1,-1
635,2,493.64,538.33,119.32,238.99,0.7706,-1,-1,-1
635,4,1716.98,450.66,79.78,215.09,0.7383,-1,-1,-1
635,29,1118.85,940.41,91.26,139.33,0.6974,-1,-1,-1
635,38,1203.80,954.62,79.82,123.23,0.3275,-1,-1,-1
635,49,329.44,1007.44,87.21,71.47,0.6349,-1,-1,-1
635,52,806.81,145.01,57.55,173.23,0.4201,-1,-1,-1
635,64,338.61,302.59,68.94,205.14,0.7039,-1,-1,-1
635,67,1625.67,192.04,67.55,182.69,0.5665,-1,-1,-1
635,70,941.19,928.51,61.77,151.49,0.6760,-1,-1,-1
635,71,1562.47,604.13,108.05,225.39,0.3776,-1,-1,-1
635,76,1494.12,967.88,109.20,111.18,0.4734,-1,-1,-1
636,2,493.81,538.85,117.27,237.62,0.7661,-1,-1,-1
636,4,1716.71,451.08,80.40,215.64,0.7288,-1,-1,-1
636,29,1118.23,943.35,93.06,136.65,0.6897,-1,-1,-1
636,38,1202.47,956.91,79.28,121.71,0.4316,-1,-1,-1
636,49,330.16,1010.65,85.68,68.60,0.6310,-1,-1,-1
636,52,806.76,145.54,57.64,173.91,0.3971,-1,-1,-1
636,64,338.57,306.22,68.52,204.08,0.7111,-1,-1,-1
636,67,1624.96,190.66,67.31,183.57,0.5488,-1,-1,-1
636,70,940.00,928.89,60.98,150.67,0.6554,-1,-1,-1
636,71,1562.55,605.34,107.67,224.30,0.3686,-1,-1,-1
636,75,1419.13,979.05,94.19,100.97,0.4346,-1,-1,-1
636,76,1490.19,963.46,111.61,116.49,0.5061,-1,-1,-1
637,2,495.34,538.87,115.54,236.59,0.7360,-1,-1,-1
637,4,1716.61,450.67,80.83,216.55,0.7386,-1,-1,-1
637,29,1118.91,946.98,94.68,133.03,0.6872,-1,-1,-1
637,38,1202.39,957.41,78.81,120.94,0.4507,-1,-1,-1
637,49,331.44,1014.49,83.51,65.44,0.6051,-1,-1,-1
637,52,806.62,145.19,57.96,175.12,0.4155,-1,-1,-1
637,64,339.04,307.78,68.26,203.84,0.7040,-1,-1,-1
637,67,1624.10,189.63,66.99,184.58,0.5964,-1,-1,-1
637,70,937.90,928.96,60.83,149.70,0.6502,-1,-1,-1
637,75,1417.75,977.89,93.12,102.15,0.3235,-1,-1,-1
637,76,1487.39,958.77,110.58,120.05,0.5610,-1,-1,-1
638,2,493.02,539.38,111.43,236.25,0.7293,-1,-1,-1
638,4,1716.68,451.06,80.20,215.37,0.7214,-1,-1,-1
638,29,1120.19,949.64,96.19,130.38,0.6372,-1,-1,-1
638,38,1201.01,959.88,77.50,119.38,0.3872,-1,-1,-1
638,49,333.20,1019.67,79.01,60.35,0.5722,-1,-1,-1
638,52,806.74,145.15,57.87,174.82,0.4126,-1,-1,-1
638,64,338.64,308.86,68.66,205.67,0.7074,-1,-1,-1
638,67,1624.06,190.90,65.65,182.59,0.5917,-1,-1,-1
638,70,936.61,929.16,60.81,150.15,0.6523,-1,-1,-1
638,75,1415.63,978.02,89.05,102.02,0.5275,-1,-1,-1
638,76,1487.70,956.29,108.68,122.17,0.5613,-1,-1,-1
638,77,207.61,255.10,62.43,172.83,0.3479,-1,-1,-1
639,2,493.58,540.02,106.51,235.63,0.7100,-1,-1,-1
639,4,1716.86,451.92,80.14,215.98,0.7479,-1,-1,-1
639,29,1123.54,951.54,97.69,128.48,0.5282,-1,-1,-1
639,38,1200.01,961.57,76.42,118.31,0.3352,-1,-1,-1
639,49,334.96,1024.28,74.52,55.73,0.5290,-1,-1,-1
639,52,806.20,143.88,58.40,176.52,0.4030,-1,-1,-1
639,64,338.49,309.81,68.38,205.85,0.7234,-1,-1,-1
639,67,1623.95,191.06,64.93,182.18,0.6118,-1,-1,-1
639,70,933.96,928.51,61.03,151.12,0.6439,-1,-1,-1
639,75,1413.59,978.47,85.89,101.55,0.5720,-1,-1,-1
639,76,1485.34,952.37,109.70,126.42,0.4894,-1,-1,-1
639,77,208.05,250.72,63.07,174.80,0.3376,-1,-1,-1
640,2,493.16,539.84,100.80,236.21,0.7166,-1,-1,-1
640,4,1716.62,452.01,79.97,214.93,0.7387,-1,-1,-1
640,29,1122.26,954.11,97.48,125.89,0.5273,-1,-1,-1
640,38,1198.38,962.96,75.63,117.06,0.3441,-1,-1,-1
640,49,335.15,1027.96,69.76,52.03,0.4231,-1,-1,-1
640,52,806.51,144.54,58.22,176.05,0.4137,-1,-1,-1
640,64,338.61,310.23,68.66,206.65,0.7183,-1,-1,-1
640,67,1624.06,191.29,63.97,182.06,0.6058,-1,-1,-1
640,70,931.85,928.23,61.35,151.73,0.6263,-1,-1,-1
640,71,1565.25,607.00,106.03,220.36,0.3068,-1,-1,-1
640,75,1410.93,977.20,84.95,102.81,0.5615,-1,-1,-1
640,76,1484.13,950.42,108.98,128.57,0.4893,-1,-1,-1
640,77,207.82,247.88,63.73,177.47,0.3806,-1,-1,-1
641,2,492.92,539.42,95.17,236.24,0.7124,-1,-1,-1
641,4,1716.71,452.22,80.05,214.06,0.7378,-1,-1,-1
641,29,1120.18,956.24,95.95,123.76,0.6075,-1,-1,-1
641,38,1197.11,962.37,75.80,117.21,0.4449,-1,-1,-1
641,52,806.49,143.95,58.36,176.40,0.4100,-1,-1,-1
641,64,338.28,311.31,68.17,204.62,0.7134,-1,-1,-1
641,67,1623.65,189.14,63.50,182.26,0.5626,-1,-1,-1
641,70,930.38,927.85,61.57,152.01,0.6147,-1,-1,-1
641,71,1565.19,604.50,107.26,222.75,0.3198,-1,-1,-1
641,75,1408.83,975.02,84.61,104.99,0.5778,-1,-1,-1
641,76,1481.09,948.47,108.06,130.08,0.5458,-1,-1,-1
641,77,209.29,248.96,62.87,175.63,0.3862,-1,-1,-1
642,2,489.33,538.83,89.48,237.92,0.7326,-1,-1,-1
642,4,1716.34,452.66,80.19,214.42,0.7294,-1,-1,-1
642,29,1120.10,957.57,93.00,122.43,0.6291,-1,-1,-1
642,38,1195.22,964.12,75.95,115.83,0.5282,-1,-1,-1
642,52,806.45,144.88,58.20,175.39,0.4088,-1,-1,-1
642,64,338.47,311.29,68.43,204.58,0.7162,-1,-1,-1
642,67,1623.97,190.27,61.90,179.86,0.5612,-1,-1,-1
642,70,927.24,927.67,61.85,152.31,0.6153,-1,-1,-1
642,75,1406.54,972.36,84.03,107.65,0.6042,-1,-1,-1
642,76,1479.20,946.33,106.93,132.28,0.5385,-1,-1,-1
642,77,208.95,242.81,64.08,181.26,0.3441,-1,-1,-1
643,2,484.55,539.05,83.61,236.24,0.7055,-1,-1,-1
643,4,1715.88,454.09,80.10,213.12,0.7248,-1,-1,-1
643,29,1120.81,958.62,90.39,121.38,0.5928,-1,-1,-1
643,38,1195.47,966.34,74.84,113.36,0.3805,-1,-1,-1
643,52,806.34,145.45,58.24,175.02,0.4266,-1,-1,-1
643,64,338.46,312.46,68.33,203.31,0.6934,-1,-1,-1
643,67,1622.64,189.84,62.11,182.95,0.5622,-1,-1,-1
643,70,925.74,927.51,61.62,151.51,0.6340,-1,-1,-1
643,75,1404.07,969.66,84.29,110.34,0.6171,-1,-1,-1
643,76,1477.27,944.45,104.22,133.55,0.6202,-1,-1,-1
644,2,478.76,539.40,77.71,237.57,0.7517,-1,-1,-1
644,4,1715.59,452.45,80.67,214.02,0.7200,-1,-1,-1
644,29,1121.54,959.81,88.76,120.19,0.5938,-1,-1,-1
644,38,1197.15,966.58,74.67,113.37,0.3692,-1,-1,-1
644,52,806.11,145.66,58.53,175.81,0.4295,-1,-1,-1
644,64,337.93,313.31,68.65,202.09,0.7101,-1,-1,-1
644,67,1622.63,188.77,60.28,180.08,0.6121,-1,-1,-1
644,70,923.64,928.33,61.45,151.17,0.6790,-1,-1,-1
644,75,1400.43,965.94,85.49,114.06,0.6073,-1,-1,-1
644,76,1475.56,943.99,102.59,134.31,0.5813,-1,-1,-1
645,2,473.58,539.93,75.01,238.52,0.7676,-1,-1,-1
645,4,1716.05,452.83,80.67,213.92,0.7229,-1,-1,-1
645,29,1122.93,960.76,88.49,119.21,0.4906,-1,-1,-1
645,52,806.08,145.53,58.46,175.50,0.4718,-1,-1,-1
645,64,338.12,314.77,68.45,199.91,0.6924,-1,-1,-1
645,67,1622.34,188.16,59.13,178.77,0.6223,-1,-1,-1
645,70,921.95,928.80,61.46,150.44,0.6906,-1,-1,-1
645,75,1397.16,963.19,85.64,116.79,0.6027,-1,-1,-1
645,76,1471.77,943.44,102.14,135.33,0.5267,-1,-1,-1
646,2,469.30,538.73,75.41,239.44,0.7732,-1,-1,-1
646,4,1715.86,454.16,80.82,213.18,0.7332,-1,-1,-1
646,29,1121.69,962.29,85.49,117.70,0.5773,-1,-1,-1
646,38,1197.03,969.48,73.22,110.51,0.4398,-1,-1,-1
646,52,806.55,145.72,58.10,174.43,0.4739,-1,-1,-1
646,64,337.54,317.40,68.48,197.86,0.7010,-1,-1,-1
646,67,1622.13,186.20,58.77,178.35,0.6405,-1,-1,-1
646,70,919.84,928.40,61.86,150.69,0.6762,-1,-1,-1
646,71,1562.22,605.49,107.73,224.50,0.3774,-1,-1,-1
646,75,1392.50,959.02,87.15,120.98,0.6705,-1,-1,-1
646,76,1467.06,941.80,102.68,137.08,0.4550,-1,-1,-1
647,2,466.76,538.33,75.71,239.54,0.7619,-1,-1,-1
647,4,1715.82,453.07,81.47,214.16,0.7302,-1,-1,-1
647,29,1121.67,963.53,82.79,116.47,0.5147,-1,-1,-1
647,38,1198.52,972.03,71.79,107.99,0.3710,-1,-1,-1
647,52,806.68,145.76,57.94,173.92,0.4338,-1,-1,-1
647,64,336.47,320.28,68.55,196.85,0.7115,-1,-1,-1
647,67,1621.66,183.92,59.55,181.54,0.6471,-1,-1,-1
647,70,915.74,928.66,62.74,149.91,0.6718,-1,-1,-1
647,71,1563.20,611.68,105.81,218.83,0.3846,-1,-1,-1
647,75,1388.38,954.76,89.50,124.90,0.7061,-1,-1,-1
647,76,1464.02,939.82,102.25,140.07,0.5775,-1,-1,-1
648,2,462.96,537.77,76.82,239.59,0.7499,-1,-1,-1
648,4,1716.31,453.02,80.87,212.74,0.7300,-1,-1,-1
648,29,1123.31,965.73,80.39,114.26,0.5521,-1,-1,-1
648,38,1199.52,975.83,69.81,104.16,0.4518,-1,-1,-1
648,52,806.56,145.67,57.90,173.80,0.4485,-1,-1,-1
648,64,335.97,320.39,68.82,198.18,0.7189,-1,-1,-1
648,67,1621.13,182.38,58.48,176.68,0.6567,-1,-1,-1
648,70,913.06,929.44,64.37,149.15,0.6892,-1,-1,-1
648,71,1562.83,607.74,107.16,222.07,0.3636,-1,-1,-1
648,75,1385.80,951.73,90.62,127.52,0.7037,-1,-1,-1
648,76,1462.89,937.61,99.92,141.20,0.6301,-1,-1,-1
649,2,460.65,538.78,77.42,237.63,0.7665,-1,-1,-1
649,4,1717.33,453.70,81.59,213.33,0.7300,-1,-1,-1
649,29,1124.93,968.10,79.04,111.90,0.5285,-1,-1,-1
649,38,1198.35,977.93,69.37,102.08,0.4520,-1,-1,-1
649,52,806.60,145.33,58.02,174.07,0.4677,-1,-1,-1
649,64,334.61,321.23,69.15,200.50,0.7241,-1,-1,-1
649,67,1619.81,181.28,59.53,178.40,0.6595,-1,-1,-1
649,70,908.76,929.66,66.17,149.00,0.7042,-1,-1,-1
649,75,1382.45,950.74,90.24,127.88,0.6953,-1,-1,-1
649,76,1458.92,933.23,100.35,144.44,0.6274,-1,-1,-1
650,2,456.71,536.89,79.50,238.98,0.7775,-1,-1,-1
650,4,1717.02,453.35,80.88,212.84,0.7358,-1,-1,-1
650,29,1124.71,971.06,76.14,108.48,0.4842,-1,-1,-1
650,38,1197.50,981.76,68.23,98.26,0.4099,-1,-1,-1
650,52,806.14,144.37,58.55,176.02,0.4638,-1,-1,-1
650,64,333.71,322.47,69.44,204.54,0.7115,-1,-1,-1
650,67,1619.12,179.99,60.36,179.40,0.6244,-1,-1,-1
650,70,906.15,931.73,67.00,146.86,0.7192,-1,-1,-1
650,71,1563.68,605.81,107.86,222.65,0.3270,-1,-1,-1
650,75,1376.86,947.45,90.98,131.03,0.7016,-1,-1,-1
650,76,1453.39,929.33,101.47,148.72,0.6492,-1,-1,-1
651,2,455.26,537.16,80.48,238.55,0.7802,-1,-1,-1
651,4,1717.29,453.77,80.54,212.43,0.7262,-1,-1,-1
651,29,1126.12,972.71,75.96,107.23,0.5221,-1,-1,-1
651,38,1196.62,983.24,68.51,96.78,0.4304,-1,-1,-1
651,52,805.59,143.56,58.98,177.24,0.4501,-1,-1,-1
651,64,333.09,323.10,68.97,205.33,0.7222,-1,-1,-1
651,67,1618.40,177.50,60.87,178.21,0.6217,-1,-1,-1
651,70,903.63,931.32,68.61,147.73,0.7264,-1,-1,-1
651,71,1562.63,603.24,109.45,224.97,0.3183,-1,-1,-1
651,75,1370.69,945.96,91.67,132.80,0.6956,-1,-1,-1
651,76,1452.62,927.15,100.95,152.26,0.6642,-1,-1,-1
652,2,453.59,536.65,81.66,238.56,0.7725,-1,-1,-1
652,4,1716.89,453.77,80.09,212.41,0.7171,-1,-1,-1
652,29,1123.45,975.78,72.55,104.18,0.4874,-1,-1,-1
652,38,1192.59,987.36,68.33,92.62,0.4591,-1,-1,-1
652,52,806.99,144.01,58.39,175.97,0.4759,-1,-1,-1
652,64,332.59,325.52,68.32,205.42,0.7090,-1,-1,-1
652,67,1617.48,174.83,61.84,178.77,0.6510,-1,-1,-1
652,70,901.31,930.86,69.02,147.15,0.6997,-1,-1,-1
652,71,1560.49,601.93,110.28,227.31,0.3287,-1,-1,-1
652,75,1367.59,943.87,92.78,134.84,0.6665,-1,-1,-1
652,76,1450.74,923.57,100.34,155.02,0.6132,-1,-1,-1
653,2,452.16,536.57,83.09,238.18,0.7784,-1,-1,-1
653,4,1717.92,452.95,79.93,213.24,0.7314,-1,-1,-1
653,29,1125.20,980.13,70.18,99.60,0.5599,-1,-1,-1
653,38,1194.32,989.15,68.86,89.92,0.5711,-1,-1,-1
653,52,806.45,145.04,58.14,175.15,0.5210,-1,-1,-1
653,64,332.68,327.17,67.35,205.46,0.7245,-1,-1,-1
653,67,1617.45,174.78,62.07,175.36,0.6819,-1,-1,-1
653,70,899.11,931.70,68.45,145.91,0.6970,-1,-1,-1
653,71,1560.81,598.33,111.43,229.81,0.3987,-1,-1,-1
653,75,1364.55,941.85,93.38,136.39,0.7052,-1,-1,-1
653,76,1446.26,917.32,101.58,161.99,0.6484,-1,-1,-1
654,2,453.06,536.31,83.62,238.53,0.7813,-1,-1,-1
654,4,1718.59,452.68,79.48,212.84,0.7316,-1,-1,-1
654,29,1124.12,983.10,68.03,96.31,0.5158,-1,-1,-1
654,38,1197.84,991.49,67.39,86.72,0.5471,-1,-1,-1
654,52,806.75,145.30,57.72,173.64,0.5031,-1,-1,-1
654,64,332.72,328.78,66.41,206.19,0.7105,-1,-1,-1
654,67,1616.51,173.80,63.69,177.20,0.6421,-1,-1,-1
654,70,897.67,932.44,67.20,145.29,0.6881,-1,-1,-1
654,71,1560.95,598.00,111.33,229.68,0.4418,-1,-1,-1
654,75,1360.56,940.24,93.10,136.71,0.6924,-1,-1,-1
654,76,1444.59,914.59,100.56,164.88,0.6315,-1,-1,-1
655,2,452.84,536.19,83.11,238.63,0.7840,-1,-1,-1
655,4,1718.21,452.54,79.44,213.41,0.7276,-1,-1,-1
655,29,1126.80,986.14,68.68,93.22,0.5832,-1,-1,-1
655,38,1201.49,993.75,66.21,84.23,0.5787,-1,-1,-1
655,52,806.50,144.53,58.20,175.16,0.4859,-1,-1,-1
655,64,332.38,330.43,65.30,204.76,0.6950,-1,-1,-1
655,67,1615.51,168.42,65.99,182.30,0.5920,-1,-1,-1
655,70,894.64,932.21,66.80,145.32,0.6859,-1,-1,-1
655,71,1562.07,598.75,111.05,229.69,0.4130,-1,-1,-1
655,75,1358.68,938.43,93.80,138.96,0.6731,-1,-1,-1
655,76,1442.32,915.09,98.36,164.85,0.6456,-1,-1,-1
656,2,453.98,534.77,82.12,239.75,0.7881,-1,-1,-1
656,4,1718.35,452.11,79.26,214.21,0.7408,-1,-1,-1
656,29,1125.17,988.34,67.59,90.15,0.5592,-1,-1,-1
656,38,1202.35,995.17,66.54,83.21,0.5795,-1,-1,-1
656,52,807.03,144.78,57.95,175.14,0.4742,-1,-1,-1
656,64,331.43,331.59,65.55,206.17,0.6912,-1,-1,-1
656,67,1615.14,166.72,66.48,181.64,0.5936,-1,-1,-1
656,70,891.64,932.43,66.70,144.93,0.7028,-1,-1,-1
656,71,1560.51,595.80,111.89,232.06,0.3194,-1,-1,-1
656,75,1357.35,935.98,94.29,141.45,0.6797,-1,-1,-1
656,76,1438.13,911.28,99.37,168.57,0.6134,-1,-1,-1
657,2,454.35,535.12,80.88,239.67,0.7761,-1,-1,-1
657,4,1718.58,452.12,79.21,213.93,0.7387,-1,-1,-1
657,29,1122.55,989.91,66.35,88.33,0.5343,-1,-1,-1
657,38,1200.76,996.52,67.54,82.06,0.5637,-1,-1,-1
657,52,805.82,145.36,58.39,175.66,0.4420,-1,-1,-1
657,64,329.95,332.95,65.40,205.85,0.6783,-1,-1,-1
657,67,1614.87,168.53,66.49,177.85,0.6008,-1,-1,-1
657,70,888.14,931.89,67.52,146.01,0.6986,-1,-1,-1
657,71,1561.37,593.53,112.29,233.83,0.3849,-1,-1,-1
657,75,1356.82,932.98,94.83,144.92,0.6722,-1,-1,-1
657,76,1433.23,907.76,100.17,171.32,0.6414,-1,-1,-1
658,2,452.79,533.76,80.47,240.90,0.7578,-1,-1,-1
658,4,1718.52,451.94,79.08,214.99,0.7164,-1,-1,-1
658,29,1120.81,990.18,67.18,87.99,0.5450,-1,-1,-1
658,38,1199.69,998.03,69.44,80.84,0.5983,-1,-1,-1
658,52,806.39,144.23,58.36,175.22,0.4296,-1,-1,-1
658,64,328.43,333.55,65.34,205.57,0.6805,-1,-1,-1
658,67,1614.02,167.95,67.51,176.34,0.5999,-1,-1,-1
658,70,885.85,932.48,67.94,145.87,0.7055,-1,-1,-1
658,71,1561.17,595.24,111.49,232.38,0.3064,-1,-1,-1
658,75,1353.04,929.21,95.24,148.02,0.6750,-1,-1,-1
658,76,1430.36,906.00,99.63,172.71,0.6657,-1,-1,-1
659,2,451.73,530.94,80.35,242.16,0.7662,-1,-1,-1
659,4,1718.44,452.25,79.24,214.63,0.7405,-1,-1,-1
659,29,1121.57,991.49,69.31,87.08,0.6017,-1,-1,-1
659,38,1199.46,999.36,72.22,80.53,0.6217,-1,-1,-1
659,52,806.27,143.76,58.85,176.95,0.4360,-1,-1,-1
659,64,325.71,332.37,66.69,206.55,0.7248,-1,-1,-1
659,67,1613.91,167.47,69.02,176.33,0.6066,-1,-1,-1
659,70,883.04,932.69,67.72,145.12,0.7052,-1,-1,-1
659,75,1350.38,926.64,95.47,150.85,0.6723,-1,-1,-1
659,76,1428.06,905.32,98.77,172.69,0.6155,-1,-1,-1
660,2,448.86,530.31,78.72,239.92,0.7579,-1,-1,-1
660,4,1718.00,451.80,79.11,214.51,0.7281,-1,-1,-1
660,29,1119.22,993.44,70.63,85.17,0.6365,-1,-1,-1
660,38,1199.12,1002.00,73.42,77.99,0.6206,-1,-1,-1
660,52,805.90,144.64,58.63,175.93,0.4491,-1,-1,-1
660,64,323.70,333.03,67.34,205.54,0.7227,-1,-1,-1
660,67,1614.24,166.76,70.85,178.52,0.6504,-1,-1,-1
660,70,880.58,932.08,67.69,145.40,0.6978,-1,-1,-1
660,75,1348.48,923.30,95.46,153.02,0.6752,-1,-1,-1
660,76,1426.53,902.94,99.86,174.99,0.6228,-1,-1,-1
660,80,431.70,127.44,43.44,152.87,0.3232,-1,-1,-1
661,2,445.02,530.73,75.20,239.16,0.7663,-1,-1,-1
661,4,1718.56,451.92,79.01,213.13,0.7519,-1,-1,-1
661,29,1114.31,993.79,71.34,85.03,0.5997,-1,-1,-1
661,38,1198.58,1005.11,73.93,74.90,0.5822,-1,-1,-1
661,52,806.58,144.38,58.42,175.29,0.4406,-1,-1,-1
661,64,322.47,333.54,67.57,204.27,0.6933,-1,-1,-1
661,67,1615.84,166.85,70.74,175.22,0.6517,-1,-1,-1
661,70,877.90,931.06,67.91,147.71,0.6722,-1,-1,-1
661,71,1561.81,602.47,108.75,224.32,0.3076,-1,-1,-1
661,75,1346.10,920.69,94.97,155.37,0.6756,-1,-1,-1
661,76,1425.04,901.14,100.31,176.39,0.6329,-1,-1,-1
661,80,431.74,130.20,42.64,150.02,0.3154,-1,-1,-1
661,81,473.32,119.32,55.76,166.89,0.3062,-1,-1,-1
662,2,441.20,530.27,73.46,240.14,0.7829,-1,-1,-1
662,4,1718.11,451.72,79.48,213.69,0.7496,-1,-1,-1
662,29,1113.51,996.09,70.57,82.67,0.6012,-1,-1,-1
662,38,1198.47,1005.53,75.41,74.02,0.5335,-1,-1,-1
662,52,806.22,143.10,58.51,175.53,0.4638,-1,-1,-1
662,64,321.33,333.59,68.06,204.47,0.7002,-1,-1,-1
662,67,1615.38,166.01,71.96,175.71,0.6382,-1,-1,-1
662,70,874.84,929.78,67.76,149.44,0.6624,-1,-1,-1
662,71,1561.42,596.35,112.52,231.42,0.3862,-1,-1,-1
662,75,1341.54,915.60,95.80,160.73,0.6168,-1,-1,-1
662,76,1422.79,898.54,101.86,179.51,0.4911,-1,-1,-1
662,80,431.51,133.79,41.80,146.53,0.3284,-1,-1,-1
662,81,473.43,119.12,56.60,169.43,0.3226,-1,-1,-1
663,2,437.29,529.16,71.31,239.36,0.8057,-1,-1,-1
663,4,1718.74,452.54,79.99,212.68,0.7377,-1,-1,-1
663,29,1110.43,997.72,68.90,80.97,0.5350,-1,-1,-1
663,38,1198.37,1007.78,74.74,71.32,0.5120,-1,-1,-1
663,52,806.75,143.26,58.25,175.04,0.4405,-1,-1,-1
663,64,321.07,334.02,68.00,203.93,0.7130,-1,-1,-1
663,67,1616.77,164.91,72.07,175.07,0.6153,-1,-1,-1
663,70,873.14,929.41,66.57,149.39,0.6632,-1,-1,-1
663,71,1563.59,600.13,110.60,226.64,0.3749,-1,-1,-1
663,75,1337.73,910.76,96.10,167.11,0.6731,-1,-1,-1
663,76,1420.09,895.97,102.58,183.83,0.6283,-1,-1,-1
663,80,431.08,132.81,42.18,147.01,0.3312,-1,-1,-1
664,2,432.93,527.93,70.16,241.20,0.7957,-1,-1,-1
664,4,1718.49,452.70,80.91,213.55,0.7252,-1,-1,-1
664,29,1108.48,1000.44,66.48,78.47,0.5255,-1,-1,-1
664,38,1198.26,1009.67,74.69,69.86,0.4593,-1,-1,-1
664,52,805.81,143.06,58.39,175.34,0.4364,-1,-1,-1
664,64,320.57,335.08,67.68,202.77,0.7015,-1,-1,-1
664,67,1616.79,163.89,73.67,179.21,0.6268,-1,-1,-1
664,70,871.39,929.54,65.63,148.37,0.6802,-1,-1,-1
664,71,1562.93,613.51,105.81,214.73,0.3208,-1,-1,-1
664,75,1335.72,907.35,95.53,171.29,0.6328,-1,-1,-1
664,76,1417.84,892.71,102.14,187.27,0.6074,-1,-1,-1
664,80,431.51,130.55,42.88,149.17,0.3100,-1,-1,-1
665,2,428.54,526.44,68.67,244.12,0.7424,-1,-1,-1
665,4,1718.57,452.38,81.13,213.22,0.7288,-1,-1,-1
665,29,1109.80,1001.93,68.21,77.73,0.5655,-1,-1,-1
665,38,1196.31,1012.57,72.06,67.38,0.4696,-1,-1,-1
665,52,806.67,143.26,58.11,175.13,0.4678,-1,-1,-1
665,64,318.19,334.71,68.39,203.15,0.6931,-1,-1,-1
665,67,1617.04,162.35,74.83,183.71,0.5983,-1,-1,-1
665,70,868.83,930.63,65.59,148.30,0.6747,-1,-1,-1
665,71,1561.40,601.50,111.11,225.34,0.3465,-1,-1,-1
665,75,1333.11,904.17,93.48,174.21,0.6500,-1,-1,-1
665,76,1414.29,885.55,104.06,194.47,0.6325,-1,-1,-1
665,80,431.76,129.23,43.17,150.60,0.3358,-1,-1,-1
665,81,474.75,121.30,56.20,168.09,0.3013,-1,-1,-1
666,2,426.15,526.67,67.49,247.40,0.7489,-1,-1,-1
666,4,1717.97,452.07,81.51,214.28,0.7037,-1,-1,-1
666,29,1109.45,1004.77,68.22,74.47,0.5717,-1,-1,-1
666,38,1195.44,1014.80,69.90,65.23,0.4931,-1,-1,-1
666,52,807.20,143.13,57.37,173.55,0.4453,-1,-1,-1
666,64,314.90,335.57,69.86,203.91,0.6713,-1,-1,-1
666,67,1618.10,160.98,74.11,183.33,0.6059,-1,-1,-1
666,70,867.24,930.20,65.61,148.14,0.6917,-1,-1,-1
666,71,1561.05,600.29,112.40,227.15,0.3517,-1,-1,-1
666,75,1329.85,902.90,91.01,175.28,0.6548,-1,-1,-1
666,76,1411.85,882.41,104.75,197.62,0.6420,-1,-1,-1
666,80,432.04,130.42,43.03,149.73,0.3169,-1,-1,-1
667,2,424.33,526.37,66.22,248.14,0.7494,-1,-1,-1
667,4,1717.43,452.81,81.85,214.18,0.6936,-1,-1,-1
667,29,1106.04,1007.24,66.23,71.21,0.5468,-1,-1,-1
667,38,1195.89,1017.35,67.08,62.69,0.5358,-1,-1,-1
667,52,806.99,144.46,57.32,173.37,0.4432,-1,-1,-1
667,64,311.25,338.37,72.63,203.48,0.7022,-1,-1,-1
667,67,1619.20,159.51,73.83,184.17,0.6140,-1,-1,-1
667,70,864.65,929.92,65.89,148.42,0.6827,-1,-1,-1
667,71,1560.31,598.97,112.84,227.64,0.4136,-1,-1,-1
667,75,1327.50,899.90,90.08,179.13,0.6582,-1,-1,-1
667,76,1406.35,880.24,103.83,199.79,0.6887,-1,-1,-1
667,80,432.16,131.75,43.06,149.12,0.3315,-1,-1,-1
667,81,477.30,125.83,54.52,163.42,0.3187,-1,-1,-1
668,2,422.41,527.01,65.00,245.28,0.7642,-1,-1,-1
668,4,1717.71,452.70,82.40,214.06,0.7211,-1,-1,-1
668,29,1106.44,1009.93,64.42,67.72,0.5577,-1,-1,-1
668,38,1195.60,1020.18,63.53,59.53,0.5497,-1,-1,-1
668,52,807.50,143.08,57.12,173.74,0.4508,-1,-1,-1
668,64,311.32,341.48,73.88,204.26,0.6965,-1,-1,-1
668,67,1621.46,156.80,73.04,182.89,0.5986,-1,-1,-1
668,70,862.55,929.58,66.09,148.59,0.6842,-1,-1,-1
668,71,1560.70,601.11,112.51,226.30,0.3893,-1,-1,-1
668,75,1327.33,899.05,88.36,179.78,0.6540,-1,-1,-1
668,76,1404.03,876.62,103.76,203.41,0.6790,-1,-1,-1
668,81,477.67,123.27,54.69,165.49,0.3398,-1,-1,-1
669,2,418.39,527.32,66.74,246.29,0.7522,-1,-1,-1
669,4,1717.80,451.76,82.99,215.88,0.6930,-1,-1,-1
669,29,1104.91,1013.04,60.53,63.76,0.4825,-1,-1,-1
669,38,1196.84,1024.99,58.81,54.75,0.4728,-1,-1,-1
669,52,807.34,144.55,56.97,173.19,0.4310,-1,-1,-1
669,64,311.92,345.49,74.25,203.99,0.7222,-1,-1,-1
669,67,1622.12,153.53,73.39,184.43,0.6092,-1,-1,-1
669,70,859.94,930.22,66.35,148.34,0.6618,-1,-1,-1
669,71,1561.03,601.57,112.67,225.90,0.3875,-1,-1,-1
669,75,1326.66,898.21,86.22,180.43,0.6975,-1,-1,-1
669,76,1402.51,874.66,102.69,205.35,0.7231,-1,-1,-1
669,77,225.23,234.00,60.09,172.69,0.3010,-1,-1,-1
669,81,478.94,124.49,54.13,163.84,0.3489,-1,-1,-1
670,2,412.53,527.86,69.93,245.13,0.7736,-1,-1,-1
670,4,1717.47,452.18,83.13,214.78,0.7121,-1,-1,-1
670,29,1106.89,1016.30,58.36,60.44,0.4967,-1,-1,-1
670,38,1197.98,1028.44,54.85,50.64,0.4299,-1,-1,-1
670,52,806.43,144.80,57.45,174.19,0.4429,-1,-1,-1
670,64,311.42,346.61,74.36,205.71,0.7317,-1,-1,-1
670,67,1623.59,153.13,72.82,183.94,0.6214,-1,-1,-1
670,70,857.95,929.55,67.04,149.24,0.6724,-1,-1,-1
670,71,1561.48,599.44,112.82,226.98,0.3952,-1,-1,-1
670,75,1324.59,896.61,84.88,182.28,0.7181,-1,-1,-1
670,76,1400.69,870.91,103.99,209.10,0.6869,-1,-1,-1
670,81,478.39,117.12,56.15,171.00,0.3427,-1,-1,-1
671,2,408.03,527.55,73.28,245.47,0.7843,-1,-1,-1
671,4,1717.41,452.74,83.61,214.31,0.7191,-1,-1,-1
671,29,1103.46,1020.19,54.79,57.20,0.5073,-1,-1,-1
671,38,1197.81,1031.99,51.53,47.56,0.3961,-1,-1,-1
671,52,806.68,144.54,57.34,174.11,0.4940,-1,-1,-1
671,64,310.88,347.70,74.63,208.65,0.7608,-1,-1,-1
671,67,1624.86,152.19,71.63,182.01,0.6195,-1,-1,-1
671,70,856.16,930.11,67.10,148.50,0.6828,-1,-1,-1
671,71,1562.22,601.28,112.54,226.20,0.4000,-1,-1,-1
671,75,1322.57,895.65,83.20,183.33,0.7093,-1,-1,-1
671,76,1398.93,866.27,104.72,213.53,0.6959,-1,-1,-1
671,81,478.47,117.28,56.20,171.26,0.3796,-1,-1,-1
672,2,405.26,528.85,75.72,243.77,0.7850,-1,-1,-1
672,4,1717.04,451.75,84.01,214.81,0.7041,-1,-1,-1
672,29,1104.70,1024.81,50.94,53.85,0.4839,-1,-1,-1
672,38,1197.42,1034.47,49.08,45.32,0.3781,-1,-1,-1
672,52,806.13,143.69,57.86,175.88,0.4744,-1,-1,-1
672,64,311.26,348.72,73.48,207.63,0.7650,-1,-1,-1
672,67,1626.94,156.13,68.80,175.11,0.5869,-1,-1,-1
672,70,854.61,929.11,67.35,149.23,0.6779,-1,-1,-1
672,71,1560.86,599.72,113.38,227.81,0.3610,-1,-1,-1
672,75,1318.48,894.75,83.41,184.96,0.7340,-1,-1,-1
672,76,1398.72,861.74,104.77,218.27,0.7246,-1,-1,-1
672,80,430.47,135.35,44.03,151.89,0.3581,-1,-1,-1
672,81,479.64,123.88,54.17,165.77,0.3251,-1,-1,-1
673,2,402.94,530.69,78.00,242.95,0.7856,-1,-1,-1
673,4,1717.09,452.73,84.62,214.79,0.7261,-1,-1,-1
673,29,1106.75,1029.36,47.11,50.17,0.4311,-1,-1,-1
673,38,1195.89,1035.97,46.96,43.85,0.3754,-1,-1,-1
673,52,806.93,144.03,57.47,175.72,0.4711,-1,-1,-1
673,64,311.41,350.98,72.73,207.86,0.7739,-1,-1,-1
673,67,1627.15,156.36,68.62,175.37,0.5827,-1,-1,-1
673,70,853.45,929.69,67.07,149.50,0.6823,-1,-1,-1
673,71,1560.15,600.29,112.77,226.84,0.3480,-1,-1,-1
673,75,1315.58,892.10,83.96,187.90,0.7126,-1,-1,-1
673,76,1398.87,861.25,102.13,218.75,0.6946,-1,-1,-1
673,77,228.10,233.68,60.04,173.44,0.3534,-1,-1,-1
673,80,429.15,134.83,44.57,153.33,0.3555,-1,-1,-1
673,81,480.30,127.39,53.49,164.21,0.3662,-1,-1,-1
674,2,399.88,530.56,80.43,243.56,0.7802,-1,-1,-1
674,4,1716.76,452.55,85.67,215.09,0.7271,-1,-1,-1
674,29,1107.78,1031.57,45.02,48.40,0.4071,-1,-1,-1
674,38,1195.38,1037.12,45.51,42.87,0.3225,-1,-1,-1
674,52,807.04,144.50,57.11,174.95,0.4518,-1,-1,-1
674,64,311.01,351.63,72.82,209.03,0.7630,-1,-1,-1
674,67,1627.76,156.51,67.75,173.50,0.5283,-1,-1,-1
674,70,850.71,929.10,66.94,150.62,0.6870,-1,-1,-1
674,71,1560.69,599.31,111.48,227.61,0.4025,-1,-1,-1
674,75,1311.75,888.87,84.45,191.08,0.7251,-1,-1,-1
674,76,1396.05,859.35,101.20,220.68,0.5804,-1,-1,-1
674,80,429.20,134.52,45.09,155.07,0.3380,-1,-1,-1
674,81,479.29,128.76,53.83,166.27,0.4240,-1,-1,-1
675,2,396.24,528.78,83.80,245.51,0.7812,-1,-1,-1
675,4,1716.62,452.49,85.86,213.58,0.7088,-1,-1,-1
675,29,1109.27,1035.69,41.42,44.40,0.3530,-1,-1,-1
675,38,1196.87,1041.14,41.66,38.91,0.3339,-1,-1,-1
675,52,806.60,144.47,57.40,175.42,0.4834,-1,-1,-1
675,64,311.61,352.97,72.79,210.20,0.7547,-1,-1,-1
675,67,1627.31,156.25,67.87,174.24,0.5498,-1,-1,-1
675,70,850.08,930.45,65.53,149.56,0.6792,-1,-1,-1
675,71,1562.41,611.85,107.41,216.96,0.4194,-1,-1,-1
675,75,1305.60,886.09,85.49,193.38,0.7486,-1,-1,-1
675,76,1395.90,862.16,101.23,217.87,0.5470,-1,-1,-1
675,77,230.99,231.26,61.82,177.16,0.3060,-1,-1,-1
675,80,429.44,134.63,45.88,158.04,0.3502,-1,-1,-1
675,81,478.68,127.08,55.17,171.33,0.4519,-1,-1,-1
676,2,392.78,530.81,86.63,244.12,0.7890,-1,-1,-1
676,4,1716.96,453.25,85.77,212.69,0.7210,-1,-1,-1
676,38,1197.97,1043.25,40.13,36.82,0.3280,-1,-1,-1
676,52,807.17,144.86,57.11,174.76,0.4157,-1,-1,-1
676,64,311.64,355.27,71.87,208.97,0.7454,-1,-1,-1
676,67,1626.27,155.05,69.31,180.21,0.5772,-1,-1,-1
676,70,848.29,930.73,64.48,149.32,0.6678,-1,-1,-1
676,75,1301.39,883.06,86.06,196.93,0.7680,-1,-1,-1
676,76,1384.06,862.06,102.59,217.98,0.6201,-1,-1,-1
676,80,429.42,139.73,45.28,153.95,0.3067,-1,-1,-1
676,81,480.15,128.71,55.30,171.83,0.4885,-1,-1,-1
677,2,386.88,530.92,90.84,244.31,0.7918,-1,-1,-1
677,4,1716.50,453.17,86.37,213.29,0.7146,-1,-1,-1
677,38,1199.48,1045.21,39.16,34.80,0.3254,-1,-1,-1
677,52,806.65,145.44,56.71,173.11,0.4295,-1,-1,-1
677,64,311.65,355.24,72.07,209.23,0.7470,-1,-1,-1
677,67,1626.21,156.36,67.14,175.19,0.5569,-1,-1,-1
677,70,847.27,930.43,63.96,149.42,0.6736,-1,-1,-1
677,75,1299.00,879.09,86.32,199.60,0.7790,-1,-1,-1
677,76,1374.69,859.67,104.45,220.33,0.6728,-1,-1,-1
677,77,234.03,229.55,62.66,176.87,0.3570,-1,-1,-1
677,80,427.68,141.55,45.72,153.88,0.3163,-1,-1,-1
677,81,479.34,129.52,56.04,173.96,0.4870,-1,-1,-1
678,2,382.00,531.54,95.27,243.53,0.7888,-1,-1,-1
678,4,1716.49,453.30,86.66,213.55,0.6945,-1,-1,-1
678,38,1200.31,1047.70,38.08,32.30,0.3037,-1,-1,-1
678,52,806.74,144.85,56.79,173.25,0.4275,-1,-1,-1
678,64,311.64,356.54,71.89,209.00,0.7369,-1,-1,-1
678,67,1625.39,156.61,66.62,173.51,0.5405,-1,-1,-1
678,70,846.11,929.22,64.01,150.37,0.6766,-1,-1,-1
678,71,1562.68,624.13,103.10,205.31,0.3366,-1,-1,-1
678,75,1292.05,876.47,87.67,203.48,0.7790,-1,-1,-1
678,76,1371.30,859.73,105.17,220.27,0.6415,-1,-1,-1
678,77,234.57,232.76,60.50,172.42,0.3683,-1,-1,-1
678,81,480.15,130.58,56.03,173.62,0.4901,-1,-1,-1
679,2,376.12,531.36,99.92,243.92,0.7829,-1,-1,-1
679,4,1715.83,452.42,86.27,212.82,0.6947,-1,-1,-1
679,52,806.33,145.18,56.85,173.22,0.4359,-1,-1,-1
679,64,311.41,355.76,71.34,209.80,0.7147,-1,-1,-1
679,67,1624.97,156.76,66.63,173.51,0.5725,-1,-1,-1
679,70,844.73,927.06,65.27,152.92,0.6984,-1,-1,-1
679,71,1560.87,603.15,112.11,224.54,0.4542,-1,-1,-1
679,75,1287.73,873.84,89.23,206.17,0.7926,-1,-1,-1
679,76,1370.10,858.20,105.38,221.81,0.6364,-1,-1,-1
679,77,235.98,234.03,58.74,168.71,0.3749,-1,-1,-1
679,81,480.53,131.67,55.82,173.58,0.5016,-1,-1,-1
680,2,370.90,530.42,104.18,244.91,0.7842,-1,-1,-1
680,4,1716.32,453.16,86.97,213.57,0.7332,-1,-1,-1
680,52,805.76,145.31,56.84,173.56,0.4524,-1,-1,-1
680,64,311.15,356.60,71.04,207.94,0.7214,-1,-1,-1
680,67,1624.63,155.28,66.41,172.79,0.5885,-1,-1,-1
680,70,843.75,927.37,64.75,152.64,0.7235,-1,-1,-1
680,71,1561.54,615.96,106.98,212.91,0.3474,-1,-1,-1
680,75,1284.55,870.94,89.88,209.06,0.7654,-1,-1,-1
680,76,1366.41,857.31,104.56,222.71,0.6466,-1,-1,-1
680,77,237.20,233.35,57.78,167.47,0.3297,-1,-1,-1
680,81,480.18,132.93,56.12,173.28,0.4887,-1,-1,-1
681,2,363.39,530.55,110.18,244.83,0.8075,-1,-1,-1
681,4,1716.88,453.34,86.72,213.28,0.7224,-1,-1,-1
681,52,807.23,145.16,55.94,172.20,0.4537,-1,-1,-1
681,64,311.75,356.75,70.77,207.05,0.7005,-1,-1,-1
681,67,1623.58,156.76,66.03,171.82,0.6201,-1,-1,-1
681,70,842.63,925.72,66.18,153.71,0.7214,-1,-1,-1
681,71,1562.36,622.68,104.71,206.23,0.3382,-1,-1,-1
681,75,1279.39,868.28,90.52,211.05,0.7400,-1,-1,-1
681,76,1365.68,854.17,102.98,225.82,0.6771,-1,-1,-1
681,77,238.64,233.67,56.69,165.12,0.4024,-1,-1,-1
681,81,479.50,132.43,56.59,174.32,0.4733,-1,-1,-1
682,2,360.88,530.54,113.74,244.06,0.8010,-1,-1,-1
682,4,1716.30,453.34,86.76,213.66,0.7354,-1,-1,-1
682,52,806.51,144.75,56.02,173.26,0.4277,-1,-1,-1
682,64,310.78,357.85,71.26,206.93,0.7168,-1,-1,-1
682,67,1623.25,155.40,66.78,174.01,0.5939,-1,-1,-1
682,70,840.11,924.15,68.22,155.29,0.7307,-1,-1,-1
682,71,1560.54,608.01,110.82,219.69,0.3477,-1,-1,-1
682,75,1276.70,865.38,91.39,214.19,0.7595,-1,-1,-1
682,76,1366.50,850.40,99.98,229.60,0.7170,-1,-1,-1
682,77,239.38,231.90,58.46,169.16,0.3068,-1,-1,-1
682,81,479.76,131.93,56.87,174.52,0.4573,-1,-1,-1
683,2,356.24,530.30,117.46,245.00,0.7991,-1,-1,-1
683,4,1716.84,453.95,86.46,213.05,0.7296,-1,-1,-1
683,52,807.75,145.08,55.13,171.78,0.4263,-1,-1,-1
683,64,310.40,357.05,71.19,207.33,0.7243,-1,-1,-1
683,67,1621.06,155.28,67.34,176.67,0.5770,-1,-1,-1
683,70,837.99,924.08,69.81,155.37,0.7290,-1,-1,-1
683,71,1561.17,603.95,112.43,223.79,0.3797,-1,-1,-1
683,75,1272.33,863.84,92.67,215.62,0.7655,-1,-1,-1
683,76,1363.36,844.81,98.84,235.18,0.7204,-1,-1,-1
683,81,480.06,131.12,57.04,175.72,0.4436,-1,-1,-1
684,2,353.68,527.69,119.40,247.48,0.7919,-1,-1,-1
684,4,1715.70,453.27,86.65,214.11,0.7205,-1,-1,-1
684,52,806.43,145.13,55.48,173.25,0.4360,-1,-1,-1
684,64,309.80,357.61,70.83,206.89,0.7256,-1,-1,-1
684,67,1619.41,155.34,67.19,178.02,0.5948,-1,-1,-1
684,70,835.68,923.37,71.74,156.17,0.7274,-1,-1,-1
684,71,1561.13,614.83,108.06,214.24,0.3500,-1,-1,-1
684,75,1267.90,861.82,94.03,215.93,0.7917,-1,-1,-1
684,76,1357.79,840.09,98.76,239.90,0.7312,-1,-1,-1
684,80,426.57,142.75,45.80,153.14,0.3502,-1,-1,-1
684,81,481.49,134.88,55.87,171.69,0.4283,-1,-1,-1
685,2,352.12,527.55,119.83,248.67,0.7988,-1,-1,-1
685,4,1715.19,452.58,86.25,214.40,0.7321,-1,-1,-1
685,52,806.85,145.18,54.89,172.32,0.3861,-1,-1,-1
685,64,309.72,359.50,70.42,206.57,0.7166,-1,-1,-1
685,67,1618.37,153.96,67.57,181.82,0.5787,-1,-1,-1
685,70,832.21,923.59,74.12,155.86,0.7385,-1,-1,-1
685,71,1560.48,604.42,111.92,223.66,0.4136,-1,-1,-1
685,75,1266.02,860.08,93.67,217.04,0.7938,-1,-1,-1
685,76,1356.14,837.93,96.95,242.06,0.7493,-1,-1,-1
685,81,480.98,135.55,56.07,171.06,0.4336,-1,-1,-1
686,2,351.38,528.78,118.05,247.78,0.8008,-1,-1,-1
686,4,1715.40,451.61,86.40,215.03,0.7436,-1,-1,-1
686,52,806.65,145.08,54.45,171.82,0.3854,-1,-1,-1
686,64,308.71,363.00,69.79,206.66,0.7138,-1,-1,-1
686,67,1617.79,151.83,67.13,181.93,0.5285,-1,-1,-1
686,70,830.60,922.32,76.41,156.33,0.7459,-1,-1,-1
686,71,1561.09,613.14,108.61,216.40,0.3928,-1,-1,-1
686,75,1264.03,857.77,94.64,220.39,0.7990,-1,-1,-1
686,76,1354.32,833.87,96.16,245.77,0.7473,-1,-1,-1
686,80,425.44,143.48,47.07,155.43,0.3441,-1,-1,-1
686,81,480.68,136.31,55.97,170.11,0.4760,-1,-1,-1
687,2,350.28,529.29,114.69,248.30,0.7980,-1,-1,-1
687,4,1715.88,451.91,86.18,214.07,0.7522,-1,-1,-1
687,52,807.04,144.73,53.83,171.10,0.3754,-1,-1,-1
687,64,308.97,366.35,68.96,206.91,0.7049,-1,-1,-1
687,67,1616.41,149.99,66.61,182.23,0.5445,-1,-1,-1
687,70,829.08,922.82,77.76,156.13,0.7347,-1,-1,-1
687,71,1559.56,602.91,112.62,225.04,0.4128,-1,-1,-1
687,75,1260.78,856.24,94.31,223.66,0.7733,-1,-1,-1
687,76,1350.93,830.21,95.38,249.28,0.7660,-1,-1,-1
687,80,426.09,147.61,46.25,151.42,0.3644,-1,-1,-1
687,81,480.37,134.71,56.80,170.98,0.5019,-1,-1,-1
688,2,351.04,528.81,110.83,249.26,0.8145,-1,-1,-1
688,4,1715.97,452.94,86.91,214.23,0.7611,-1,-1,-1
688,52,806.58,143.66,53.79,171.71,0.3822,-1,-1,-1
688,64,309.17,368.81,68.07,207.05,0.7048,-1,-1,-1
688,67,1614.83,147.37,64.60,176.43,0.5620,-1,-1,-1
688,70,826.69,923.28,79.38,155.56,0.7342,-1,-1,-1
688,71,1560.76,611.29,109.32,217.76,0.4330,-1,-1,-1
688,75,1259.53,853.57,92.74,226.42,0.7828,-1,-1,-1
688,76,1347.15,830.48,93.90,249.49,0.7935,-1,-1,-1
688,81,481.02,134.98,56.91,171.03,0.4925,-1,-1,-1
689,2,353.88,529.64,106.64,248.48,0.8144,-1,-1,-1
689,4,1714.86,451.84,86.86,215.09,0.7512,-1,-1,-1
689,52,806.37,143.23,53.48,171.87,0.3374,-1,-1,-1
689,64,309.34,369.58,66.68,206.27,0.7069,-1,-1,-1
689,67,1614.25,144.90,65.03,177.54,0.5713,-1,-1,-1
689,70,824.60,924.02,80.77,154.91,0.7300,-1,-1,-1
689,71,1558.67,599.92,114.17,227.89,0.4635,-1,-1,-1
689,75,1257.47,851.05,91.19,228.95,0.7728,-1,-1,-1
689,76,1344.66,827.51,94.82,252.49,0.7898,-1,-1,-1
689,80,426.26,146.23,47.58,155.79,0.3173,-1,-1,-1
689,81,481.38,133.48,57.37,172.63,0.5106,-1,-1,-1
690,2,356.10,529.22,102.56,250.20,0.8186,-1,-1,-1
690,4,1715.60,451.02,87.52,217.01,0.7242,-1,-1,-1
690,52,804.86,141.22,52.96,171.40,0.3101,-1,-1,-1
690,64,308.85,372.47,65.93,207.56,0.6977,-1,-1,-1
690,67,1612.77,143.46,65.42,178.36,0.5981,-1,-1,-1
690,70,824.26,925.68,81.69,152.62,0.7442,-1,-1,-1
690,71,1560.21,597.36,114.60,229.70,0.4750,-1,-1,-1
690,75,1256.31,848.18,90.84,231.83,0.7244,-1,-1,-1
690,76,1339.68,824.27,94.93,255.73,0.7714,-1,-1,-1
690,80,426.51,148.83,47.37,155.07,0.3625,-1,-1,-1
690,81,480.89,133.36,57.79,173.86,0.4951,-1,-1,-1
691,2,361.48,531.50,96.16,249.02,0.8249,-1,-1,-1
691,4,1715.92,451.98,87.42,216.70,0.7420,-1,-1,-1
691,52,803.70,140.61,52.67,171.07,0.3557,-1,-1,-1
691,64,308.74,375.11,65.29,207.79,0.7123,-1,-1,-1
691,67,1610.53,141.61,65.53,178.95,0.6323,-1,-1,-1
691,70,824.18,926.16,82.22,151.67,0.7384,-1,-1,-1
691,71,1562.46,597.87,113.76,229.83,0.5027,-1,-1,-1
691,75,1255.42,845.26,88.97,233.45,0.7877,-1,-1,-1
691,76,1335.72,823.75,96.02,256.25,0.7799,-1,-1,-1
691,80,426.07,147.93,48.17,158.26,0.4164,-1,-1,-1
691,81,479.70,134.01,58.89,176.58,0.4977,-1,-1,-1
692,2,366.00,533.84,91.33,248.98,0.8117,-1,-1,-1
692,4,1716.46,452.74,86.85,214.94,0.7367,-1,-1,-1
692,52,804.23,141.32,52.97,173.14,0.3667,-1,-1,-1
692,64,307.78,374.52,65.66,211.41,0.7244,-1,-1,-1
692,67,1609.18,140.54,65.79,179.37,0.6501,-1,-1,-1
692,70,824.14,928.21,81.51,148.50,0.7439,-1,-1,-1
692,71,1562.48,600.64,112.42,226.92,0.4431,-1,-1,-1
692,75,1254.48,841.76,87.17,236.10,0.7949,-1,-1,-1
692,76,1332.19,823.16,96.14,256.84,0.7622,-1,-1,-1
692,80,426.83,150.83,47.64,157.36,0.4642,-1,-1,-1
692,81,480.18,135.35,59.52,179.45,0.5239,-1,-1,-1
693,2,370.01,534.50,86.61,250.56,0.8112,-1,-1,-1
693,4,1715.83,451.29,87.16,216.41,0.7273,-1,-1,-1
693,52,804.10,141.46,52.69,173.12,0.3685,-1,-1,-1
693,64,306.40,374.08,65.96,214.65,0.7135,-1,-1,-1
693,67,1608.34,138.52,65.64,178.74,0.6570,-1,-1,-1
693,70,824.13,928.18,82.07,148.68,0.7416,-1,-1,-1
693,71,1562.40,601.24,112.21,226.22,0.4972,-1,-1,-1
693,75,1252.19,838.30,85.95,241.48,0.8201,-1,-1,-1
693,76,1328.90,820.91,95.93,259.08,0.7656,-1,-1,-1
693,80,427.38,154.67,46.90,155.06,0.4494,-1,-1,-1
693,81,480.37,138.29,58.93,178.84,0.4969,-1,-1,-1
694,2,374.63,534.98,81.59,249.45,0.8163,-1,-1,-1
694,4,1715.72,451.58,87.39,217.17,0.7418,-1,-1,-1
694,52,803.95,140.74,52.39,173.51,0.3449,-1,-1,-1
694,64,305.40,374.58,65.97,215.67,0.7027,-1,-1,-1
694,67,1606.73,135.87,65.92,179.23,0.6390,-1,-1,-1
694,70,824.02,928.62,82.99,148.21,0.7642,-1,-1,-1
694,71,1562.21,600.59,112.36,226.93,0.5118,-1,-1,-1
694,75,1250.83,834.76,84.34,244.11,0.8163,-1,-1,-1
694,76,1326.96,819.30,95.63,260.69,0.7709,-1,-1,-1
694,80,427.33,154.97,47.09,155.69,0.4791,-1,-1,-1
694,81,480.42,140.38,58.39,178.07,0.5082,-1,-1,-1
695,2,377.29,535.13,77.93,249.93,0.8111,-1,-1,-1
695,4,1716.88,452.40,86.51,215.40,0.7253,-1,-1,-1
695,52,803.43,138.18,52.23,175.14,0.3660,-1,-1,-1
695,64,305.22,374.52,65.72,215.30,0.6669,-1,-1,-1
695,67,1606.43,135.48,65.69,178.81,0.6304,-1,-1,-1
695,70,823.94,930.63,83.27,146.78,0.7505,-1,-1,-1
695,71,1561.68,599.88,112.61,227.88,0.4231,-1,-1,-1
695,75,1248.36,831.29,83.75,246.82,0.7898,-1,-1,-1
695,76,1326.55,817.96,94.98,261.91,0.7505,-1,-1,-1
695,80,427.96,155.58,46.66,154.73,0.4007,-1,-1,-1
695,81,480.71,142.86,58.22,176.70,0.5267,-1,-1,-1
696,2,379.06,535.34,74.84,250.89,0.8032,-1,-1,-1
696,4,1717.19,452.16,86.29,214.74,0.7146,-1,-1,-1
696,52,803.29,137.54,51.66,175.02,0.3305,-1,-1,-1
696,64,303.87,374.92,66.04,214.60,0.6333,-1,-1,-1
696,67,1605.18,134.80,66.01,179.88,0.6069,-1,-1,-1
696,70,824.21,931.52,83.65,146.60,0.7368,-1,-1,-1
696,71,1561.87,601.02,111.87,225.99,0.4138,-1,-1,-1
696,75,1243.97,829.95,83.28,247.82,0.7861,-1,-1,-1
696,76,1324.69,815.52,94.75,264.48,0.7582,-1,-1,-1
696,80,428.08,157.73,45.99,151.77,0.4005,-1,-1,-1
696,81,481.79,147.36,57.08,172.57,0.5444,-1,-1,-1
697,2,380.58,536.57,72.40,249.97,0.7921,-1,-1,-1
697,4,1716.74,452.55,86.60,214.77,0.7071,-1,-1,-1
697,52,802.24,138.50,51.51,176.67,0.3468,-1,-1,-1
697,64,301.55,375.62,67.20,214.67,0.6338,-1,-1,-1
697,67,1603.38,135.16,65.93,178.34,0.5440,-1,-1,-1
697,70,825.28,932.79,83.25,145.49,0.7474,-1,-1,-1
697,71,1561.82,601.43,111.45,224.95,0.4146,-1,-1,-1
697,75,1241.38,828.60,83.35,249.58,0.7670,-1,-1,-1
697,76,1321.42,812.32,95.57,267.68,0.7815,-1,-1,-1
697,80,428.54,157.57,46.38,152.44,0.4383,-1,-1,-1
697,81,481.08,149.35,57.28,171.92,0.5389,-1,-1,-1
698,2,382.31,537.38,70.46,248.69,0.7955,-1,-1,-1
698,4,1717.25,452.52,86.29,214.56,0.7369,-1,-1,-1
698,52,802.31,138.94,50.74,176.37,0.3735,-1,-1,-1
698,64,300.83,376.15,68.08,214.13,0.6217,-1,-1,-1
698,67,1603.25,134.79,66.15,178.18,0.5203,-1,-1,-1
698,70,826.18,931.68,83.49,146.88,0.7641,-1,-1,-1
698,71,1561.66,608.14,109.79,219.88,0.4400,-1,-1,-1
698,75,1237.97,827.70,83.31,250.21,0.7712,-1,-1,-1
698,76,1318.08,809.53,96.37,270.47,0.7908,-1,-1,-1
698,80,427.83,155.50,47.25,154.65,0.4168,-1,-1,-1
698,81,480.49,150.54,57.16,170.89,0.5220,-1,-1,-1
699,2,382.66,537.66,68.56,248.04,0.7807,-1,-1,-1
699,4,1717.30,452.30,85.97,215.27,0.7188,-1,-1,-1
699,52,802.47,138.02,50.46,177.86,0.3273,-1,-1,-1
699,64,299.95,376.17,68.90,212.99,0.6502,-1,-1,-1
699,67,1601.22,133.95,67.45,180.92,0.4055,-1,-1,-1
699,70,827.09,932.43,83.00,146.10,0.7653,-1,-1,-1
699,71,1563.57,601.45,112.08,225.17,0.4241,-1,-1,-1
699,75,1233.64,825.22,84.88,252.36,0.7672,-1,-1,-1
699,76,1315.52,805.07,94.97,273.40,0.8004,-1,-1,-1
699,80,426.64,153.92,48.31,156.55,0.4545,-1,-1,-1
699,81,480.38,150.97,57.68,170.64,0.5514,-1,-1,-1
700,2,383.67,538.99,67.01,247.26,0.7897,-1,-1,-1
700,4,1717.61,452.66,85.17,213.81,0.7238,-1,-1,-1
700,52,801.78,135.15,50.57,179.77,0.3099,-1,-1,-1
700,64,298.25,376.04,69.79,212.87,0.6560,-1,-1,-1
700,67,1600.02,133.74,67.86,180.86,0.3628,-1,-1,-1
700,70,828.92,932.69,82.64,146.04,0.7654,-1,-1,-1
700,71,1562.80,611.14,108.32,216.39,0.4453,-1,-1,-1
700,75,1231.41,823.33,85.67,252.22,0.7665,-1,-1,-1
700,76,1313.37,802.09,93.53,274.19,0.7930,-1,-1,-1
700,80,427.50,153.56,48.39,156.78,0.3923,-1,-1,-1
700,81,480.08,150.01,58.38,171.85,0.5273,-1,-1,-1
701,2,383.90,539.19,65.60,246.03,0.7570,-1,-1,-1
701,4,1717.27,452.36,86.07,215.73,0.7201,-1,-1,-1
701,52,801.94,136.34,49.61,177.32,0.3478,-1,-1,-1
701,64,297.72,377.30,70.33,210.61,0.6498,-1,-1,-1
701,67,1599.34,134.75,68.26,180.38,0.3538,-1,-1,-1
701,70,830.59,932.04,83.60,146.31,0.7711,-1,-1,-1
701,71,1561.86,602.67,112.34,224.30,0.3881,-1,-1,-1
701,75,1227.96,819.85,88.32,256.37,0.8024,-1,-1,-1
701,76,1312.96,798.28,93.13,273.29,0.7865,-1,-1,-1
701,80,427.87,153.55,48.14,156.87,0.3802,-1,-1,-1
701,81,480.36,150.43,58.38,171.15,0.5429,-1,-1,-1
702,2,384.26,539.85,64.04,245.03,0.7414,-1,-1,-1
702,4,1717.28,451.41,86.34,215.85,0.7401,-1,-1,-1
702,52,800.34,137.46,49.91,176.55,0.3631,-1,-1,-1
702,64,296.95,376.31,71.78,212.13,0.6840,-1,-1,-1
702,67,1599.17,134.98,68.54,180.06,0.3889,-1,-1,-1
702,70,832.68,933.30,82.99,145.34,0.7707,-1,-1,-1
702,71,1564.08,620.98,104.85,206.53,0.3462,-1,-1,-1
702,75,1223.14,817.36,90.66,257.45,0.7633,-1,-1,-1
702,76,1311.87,793.03,90.86,262.41,0.7726,-1,-1,-1
702,80,428.90,151.95,48.68,159.33,0.3210,-1,-1,-1
702,81,480.42,149.27,58.45,171.59,0.5421,-1,-1,-1
703,2,385.28,540.37,62.48,244.69,0.7364,-1,-1,-1
703,4,1717.11,451.66,86.60,216.80,0.7372,-1,-1,-1
703,52,800.17,138.02,49.93,175.62,0.3602,-1,-1,-1
703,64,296.10,377.00,72.94,213.56,0.6903,-1,-1,-1
703,67,1599.61,131.13,70.05,185.26,0.4385,-1,-1,-1
703,70,834.74,933.78,82.68,144.49,0.7770,-1,-1,-1
703,71,1560.85,606.24,112.16,221.09,0.3818,-1,-1,-1
703,75,1221.12,815.97,90.71,257.86,0.7740,-1,-1,-1
703,76,1310.15,788.97,91.42,260.74,0.7814,-1,-1,-1
703,80,428.36,156.07,47.00,153.19,0.3402,-1,-1,-1
703,81,480.11,148.95,58.20,170.20,0.5236,-1,-1,-1
704,2,386.20,540.58,61.89,246.20,0.7335,-1,-1,-1
704,4,1717.34,451.41,86.38,214.65,0.7352,-1,-1,-1
704,52,800.20,138.15,49.92,173.67,0.3669,-1,-1,-1
704,64,295.02,378.85,73.90,214.74,0.6915,-1,-1,-1
704,67,1599.14,133.31,69.00,182.72,0.5396,-1,-1,-1
704,70,836.83,933.87,83.26,144.43,0.7790,-1,-1,-1
704,71,1560.74,602.80,114.05,224.60,0.3536,-1,-1,-1
704,75,1219.48,814.51,90.30,259.42,0.7759,-1,-1,-1
704,76,1309.31,786.15,91.94,263.59,0.7792,-1,-1,-1
704,77,255.00,207.37,59.66,186.48,0.3154,-1,-1,-1
704,80,427.45,157.37,47.82,155.49,0.3923,-1,-1,-1
704,81,479.70,149.36,58.29,169.17,0.5279,-1,-1,-1
705,2,387.75,540.34,61.11,246.93,0.7420,-1,-1,-1
705,4,1717.84,452.43,85.85,212.89,0.7269,-1,-1,-1
705,52,799.06,137.89,50.56,173.85,0.3708,-1,-1,-1
705,64,295.73,379.14,75.48,219.74,0.7031,-1,-1,-1
705,67,1600.66,131.77,69.09,184.44,0.5506,-1,-1,-1
705,70,838.90,934.00,83.45,144.51,0.7726,-1,-1,-1
705,71,1561.58,595.91,115.36,228.43,0.6034,-1,-1,-1
705,75,1217.91,812.34,89.52,262.44,0.7859,-1,-1,-1
705,76,1309.61,784.73,90.93,265.59,0.7673,-1,-1,-1
705,80,429.08,157.01,48.70,157.00,0.3687,-1,-1,-1
705,81,479.44,149.89,59.34,170.26,0.5469,-1,-1,-1
706,2,388.74,540.77,60.39,245.28,0.7464,-1,-1,-1
706,4,1717.30,452.35,86.34,214.02,0.7145,-1,-1,-1
706,52,798.24,138.91,50.84,173.16,0.3663,-1,-1,-1
706,64,294.52,383.53,76.22,219.56,0.7099,-1,-1,-1
706,67,1601.36,130.34,68.27,184.78,0.5993,-1,-1,-1
706,70,839.93,933.35,83.93,145.69,0.7781,-1,-1,-1
706,71,1562.43,595.14,115.51,229.43,0.4985,-1,-1,-1
706,75,1214.95,808.37,89.87,267.33,0.7791,-1,-1,-1
706,76,1307.53,783.35,89.25,266.27,0.7691,-1,-1,-1
706,80,427.60,159.31,49.14,157.81,0.3898,-1,-1,-1
706,81,479.35,151.77,58.73,167.97,0.5288,-1,-1,-1
707,2,388.78,541.26,60.13,245.56,0.7635,-1,-1,-1
707,4,1717.84,452.98,85.87,213.27,0.7274,-1,-1,-1
707,52,796.89,138.58,51.35,173.40,0.4003,-1,-1,-1
707,64,294.80,388.55,75.03,215.37,0.7153,-1,-1,-1
707,67,1602.11,129.09,66.55,181.39,0.6222,-1,-1,-1
707,70,842.20,934.15,84.15,145.81,0.7790,-1,-1,-1
707,71,1563.73,597.20,114.58,228.40,0.4590,-1,-1,-1
707,75,1213.57,806.16,87.46,262.39,0.7616,-1,-1,-1
707,76,1305.24,782.59,88.17,266.39,0.7674,-1,-1,-1
707,77,257.27,205.58,58.08,187.30,0.3241,-1,-1,-1
707,80,425.83,157.53,50.80,162.84,0.4238,-1,-1,-1
707,81,479.08,151.86,58.66,168.57,0.5194,-1,-1,-1
708,2,389.72,541.70,59.54,246.31,0.7498,-1,-1,-1
708,4,1717.38,452.68,86.10,213.91,0.7246,-1,-1,-1
708,52,796.23,139.27,51.76,173.20,0.3947,-1,-1,-1
708,64,294.77,390.63,74.49,214.52,0.7162,-1,-1,-1
708,67,1602.67,128.59,64.61,175.78,0.6095,-1,-1,-1
708,70,843.34,934.22,84.61,145.79,0.7764,-1,-1,-1
708,71,1563.60,595.86,114.20,228.54,0.5004,-1,-1,-1
708,75,1211.38,802.65,87.20,263.19,0.7514,-1,-1,-1
708,76,1302.58,781.06,87.84,265.44,0.7722,-1,-1,-1
708,77,258.11,203.93,55.02,182.82,0.3309,-1,-1,-1
708,80,424.90,156.18,51.70,166.25,0.4017,-1,-1,-1
708,81,478.92,153.39,58.18,167.69,0.4918,-1,-1,-1
709,2,391.17,542.31,59.08,244.60,0.7567,-1,-1,-1
709,4,1717.63,451.52,86.19,214.30,0.7199,-1,-1,-1
709,52,795.93,139.37,52.12,173.47,0.4194,-1,-1,-1
709,64,294.56,392.63,73.84,214.05,0.7234,-1,-1,-1
709,67,1602.98,126.79,64.09,173.20,0.6340,-1,-1,-1
709,70,844.40,934.32,85.15,145.69,0.7834,-1,-1,-1
709,71,1562.61,595.37,114.68,230.41,0.4467,-1,-1,-1
709,75,1208.35,799.57,85.55,260.19,0.7683,-1,-1,-1
709,76,1298.39,781.63,89.04,262.80,0.7591,-1,-1,-1
709,77,258.37,202.85,54.14,183.37,0.3041,-1,-1,-1
709,80,425.11,153.68,52.73,169.66,0.4148,-1,-1,-1
709,81,479.60,155.30,58.28,167.24,0.4909,-1,-1,-1
710,2,391.91,542.64,59.47,242.62,0.7451,-1,-1,-1
710,4,1718.36,452.08,85.93,213.90,0.7332,-1,-1,-1
710,52,794.47,139.46,51.92,172.45,0.3810,-1,-1,-1
710,64,294.94,393.99,73.44,215.28,0.7364,-1,-1,-1
710,67,1602.69,125.60,64.35,173.85,0.6536,-1,-1,-1
710,70,845.30,935.57,84.72,144.44,0.7713,-1,-1,-1
710,71,1563.93,593.33,114.52,231.40,0.5031,-1,-1,-1
710,75,1205.98,795.51,84.46,260.26,0.7846,-1,-1,-1
710,76,1290.61,781.19,92.68,264.05,0.7588,-1,-1,-1
710,77,259.94,206.07,53.44,181.93,0.3294,-1,-1,-1
710,80,424.08,155.13,52.16,169.19,0.3791,-1,-1,-1
710,81,479.40,158.73,58.29,167.17,0.5061,-1,-1,-1
711,2,392.52,543.71,60.99,241.46,0.7452,-1,-1,-1
711,4,1718.33,452.54,85.93,213.68,0.7142,-1,-1,-1
711,52,793.09,140.28,51.63,172.82,0.3782,-1,-1,-1
711,64,294.39,394.08,73.64,219.73,0.7365,-1,-1,-1
711,67,1602.49,122.86,64.46,174.09,0.6322,-1,-1,-1
711,70,845.66,934.26,85.41,145.74,0.7832,-1,-1,-1
711,71,1563.98,599.52,111.72,226.42,0.3690,-1,-1,-1
711,75,1203.18,793.69,84.20,258.92,0.7883,-1,-1,-1
711,76,1280.74,780.86,97.56,265.77,0.7515,-1,-1,-1
711,81,478.56,158.04,59.23,170.05,0.5222,-1,-1,-1
712,2,393.14,544.14,62.43,240.94,0.7232,-1,-1,-1
712,4,1717.53,451.43,87.22,216.67,0.7092,-1,-1,-1
712,52,792.89,140.28,50.83,170.84,0.3156,-1,-1,-1
712,64,296.04,395.53,72.89,219.57,0.7126,-1,-1,-1
712,67,1602.67,122.37,64.50,174.78,0.6190,-1,-1,-1
712,70,847.20,934.37,85.13,145.64,0.7795,-1,-1,-1
712,71,1564.27,599.25,111.51,226.57,0.4520,-1,-1,-1
712,75,1199.82,791.64,83.43,256.68,0.7992,-1,-1,-1
712,76,1277.66,779.85,99.29,266.06,0.7513,-1,-1,-1
712,81,478.65,159.22,59.42,170.54,0.5244,-1,-1,-1
713,2,395.32,544.48,64.11,239.35,0.6744,-1,-1,-1
713,4,1717.93,451.75,86.24,214.46,0.6983,-1,-1,-1
713,52,791.39,139.39,50.91,172.33,0.3766,-1,-1,-1
713,64,296.01,399.53,72.84,222.12,0.6889,-1,-1,-1
713,67,1602.24,121.55,64.12,175.08,0.6737,-1,-1,-1
713,70,848.72,934.12,84.91,145.89,0.7793,-1,-1,-1
713,71,1567.73,598.10,110.25,226.21,0.6165,-1,-1,-1
713,75,1194.65,790.55,85.27,259.32,0.7920,-1,-1,-1
713,76,1276.55,778.80,98.03,262.65,0.7623,-1,-1,-1
713,80,423.22,165.69,49.35,160.16,0.3024,-1,-1,-1
713,81,478.30,161.51,59.44,170.19,0.5193,-1,-1,-1
713,84,555.28,109.05,63.58,177.81,0.3073,-1,-1,-1
714,2,395.35,544.88,67.09,239.15,0.6888,-1,-1,-1
714,4,1718.13,451.64,86.33,214.59,0.6926,-1,-1,-1
714,52,790.70,139.67,50.85,173.45,0.3280,-1,-1,-1
714,64,296.72,401.10,72.37,221.47,0.6887,-1,-1,-1
714,67,1601.73,120.52,64.00,175.97,0.6533,-1,-1,-1
714,70,851.20,934.40,83.91,145.60,0.7793,-1,-1,-1
714,71,1569.43,597.12,108.77,226.97,0.6241,-1,-1,-1
714,75,1191.19,788.22,87.05,262.74,0.7901,-1,-1,-1
714,76,1274.56,776.43,96.33,258.12,0.7389,-1,-1,-1
714,77,261.60,207.80,53.19,181.89,0.3215,-1,-1,-1
714,81,477.38,162.54,59.78,171.81,0.5314,-1,-1,-1
715,2,396.25,544.45,70.73,239.94,0.6993,-1,-1,-1
715,4,1717.52,452.14,86.24,214.79,0.6745,-1,-1,-1
715,52,790.09,139.53,50.60,173.92,0.3436,-1,-1,-1
715,64,297.38,401.52,71.83,221.11,0.6818,-1,-1,-1
715,67,1600.89,120.04,64.50,178.02,0.6154,-1,-1,-1
715,70,851.87,934.90,82.85,145.10,0.7796,-1,-1,-1
715,71,1570.81,597.93,107.40,226.73,0.6117,-1,-1,-1
715,75,1188.92,787.01,84.91,263.15,0.7981,-1,-1,-1
715,76,1273.23,771.59,93.83,255.54,0.7946,-1,-1,-1
715,77,261.96,206.71,52.78,179.59,0.3238,-1,-1,-1
715,81,477.52,164.06,59.71,172.37,0.5132,-1,-1,-1
716,2,396.57,545.89,74.52,239.37,0.7121,-1,-1,-1
716,4,1717.21,452.43,86.08,213.76,0.6653,-1,-1,-1
716,52,789.64,139.90,50.00,172.35,0.3872,-1,-1,-1
716,64,297.77,401.75,71.61,220.71,0.6748,-1,-1,-1
716,67,1600.13,119.67,64.58,179.88,0.6098,-1,-1,-1
716,70,852.78,935.43,82.16,144.57,0.7728,-1,-1,-1
716,71,1570.56,598.49,106.34,225.94,0.5770,-1,-1,-1
716,75,1187.58,786.38,83.83,264.50,0.7998,-1,-1,-1
716,76,1271.83,768.46,92.26,255.53,0.8010,-1,-1,-1
716,77,262.37,206.05,53.08,180.80,0.3204,-1,-1,-1
716,81,477.02,164.43,59.82,172.44,0.4758,-1,-1,-1
717,2,395.66,545.96,78.10,239.29,0.7082,-1,-1,-1
717,4,1718.27,451.51,86.14,214.32,0.6949,-1,-1,-1
717,52,789.23,140.05,49.59,171.30,0.4002,-1,-1,-1
717,64,298.84,402.75,71.51,219.45,0.6754,-1,-1,-1
717,67,1599.42,119.32,64.05,179.67,0.5446,-1,-1,-1
717,70,853.69,935.52,81.29,144.48,0.7801,-1,-1,-1
717,71,1570.76,598.87,106.41,225.96,0.5809,-1,-1,-1
717,75,1185.99,785.07,83.56,264.38,0.8038,-1,-1,-1
717,76,1269.71,762.72,92.27,259.04,0.7825,-1,-1,-1
717,81,475.15,160.91,61.92,178.10,0.4701,-1,-1,-1
717,84,553.85,113.53,62.26,174.42,0.4226,-1,-1,-1
718,2,394.72,546.45,80.94,239.70,0.7149,-1,-1,-1
718,4,1718.34,450.46,86.27,215.14,0.6957,-1,-1,-1
718,52,789.26,140.72,48.68,168.61,0.4083,-1,-1,-1
718,64,298.90,403.18,71.74,219.02,0.6785,-1,-1,-1
718,67,1598.90,118.94,63.91,181.16,0.5508,-1,-1,-1
718,70,853.57,935.70,81.10,144.30,0.7747,-1,-1,-1
718,71,1570.92,599.78,105.78,224.47,0.5935,-1,-1,-1
718,75,1184.19,783.76,83.69,265.76,0.7978,-1,-1,-1
718,76,1266.38,759.12,89.96,255.28,0.7455,-1,-1,-1
718,81,474.07,161.10,62.47,179.09,0.5019,-1,-1,-1
718,84,553.31,112.84,62.18,175.04,0.3254,-1,-1,-1
719,2,394.49,547.04,83.66,241.33,0.6979,-1,-1,-1
719,4,1717.86,451.67,86.04,214.44,0.7019,-1,-1,-1
719,52,789.49,140.86,48.40,168.80,0.3422,-1,-1,-1
719,64,300.15,403.46,70.24,212.53,0.6651,-1,-1,-1
719,67,1598.64,118.04,63.16,180.91,0.4605,-1,-1,-1
719,70,853.21,936.20,80.92,143.81,0.7828,-1,-1,-1
719,71,1568.76,596.20,107.73,228.42,0.5237,-1,-1,-1
719,75,1182.96,783.20,82.96,264.26,0.7967,-1,-1,-1
719,76,1264.06,755.35,89.71,258.25,0.7407,-1,-1,-1
719,80,420.50,160.19,51.56,167.49,0.3037,-1,-1,-1
719,81,474.77,162.59,61.97,178.24,0.4774,-1,-1,-1
719,84,552.86,110.80,62.44,176.56,0.3233,-1,-1,-1
720,2,394.28,547.97,85.04,240.78,0.6963,-1,-1,-1
720,4,1718.14,451.71,85.84,214.39,0.7063,-1,-1,-1
720,52,787.93,139.64,48.85,169.68,0.3395,-1,-1,-1
720,64,300.56,405.87,70.14,209.13,0.7027,-1,-1,-1
720,67,1598.72,118.35,62.09,179.32,0.4613,-1,-1,-1
720,70,852.77,937.97,80.57,142.04,0.7854,-1,-1,-1
720,71,1573.68,600.89,104.35,225.95,0.5020,-1,-1,-1
720,75,1181.21,781.49,83.26,265.57,0.7844,-1,-1,-1
720,76,1261.93,750.60,89.21,262.10,0.7350,-1,-1,-1
720,80,419.91,160.14,52.34,170.78,0.3319,-1,-1,-1
720,81,475.40,165.53,60.11,173.01,0.4782,-1,-1,-1
720,84,552.72,114.22,61.05,173.18,0.3311,-1,-1,-1
721,2,396.34,548.95,87.41,241.84,0.6839,-1,-1,-1
721,4,1718.67,451.11,86.34,215.72,0.6963,-1,-1,-1
721,52,788.39,140.22,48.56,169.39,0.3120,-1,-1,-1
721,64,300.30,407.93,71.44,210.71,0.7199,-1,-1,-1
721,67,1599.04,119.41,60.55,176.39,0.5483,-1,-1,-1
721,70,852.34,938.11,81.06,141.89,0.7845,-1,-1,-1
721,71,1569.58,598.11,105.07,226.73,0.5818,-1,-1,-1
721,75,1179.08,779.32,82.55,265.70,0.7743,-1,-1,-1
721,76,1260.29,748.56,88.72,265.84,0.7339,-1,-1,-1
721,80,418.90,156.43,53.70,175.65,0.4117,-1,-1,-1
721,81,475.90,166.14,59.83,171.68,0.5103,-1,-1,-1
721,84,551.82,111.73,61.65,175.61,0.3899,-1,-1,-1
722,2,397.22,550.28,89.25,241.19,0.7127,-1,-1,-1
722,4,1718.57,452.27,85.98,213.75,0.7177,-1,-1,-1
722,64,299.37,409.25,72.60,213.65,0.7359,-1,-1,-1
722,67,1599.21,119.68,59.52,174.86,0.5212,-1,-1,-1
722,70,851.44,938.56,81.53,141.44,0.7859,-1,-1,-1
722,71,1568.79,595.31,106.64,229.69,0.5764,-1,-1,-1
722,75,1176.45,773.60,81.70,268.44,0.7862,-1,-1,-1
722,76,1256.53,747.90,87.64,261.31,0.7685,-1,-1,-1
722,80,419.68,157.10,53.78,175.53,0.4083,-1,-1,-1
722,81,474.91,164.42,60.12,171.89,0.5146,-1,-1,-1
722,84,551.18,114.58,60.89,172.62,0.4480,-1,-1,-1
723,2,397.31,551.22,91.25,242.36,0.7217,-1,-1,-1
723,4,1718.09,451.17,86.38,215.85,0.7177,-1,-1,-1
723,52,788.09,139.20,49.04,171.75,0.3044,-1,-1,-1
723,64,298.88,410.18,73.55,216.86,0.7556,-1,-1,-1
723,67,1598.72,118.25,59.63,176.24,0.3252,-1,-1,-1
723,70,850.94,938.48,81.50,141.52,0.7832,-1,-1,-1
723,71,1566.79,594.32,107.55,230.91,0.5543,-1,-1,-1
723,75,1175.54,770.59,79.02,260.30,0.7740,-1,-1,-1
723,76,1252.94,746.18,89.32,268.18,0.7719,-1,-1,-1
723,77,264.49,207.77,51.86,176.84,0.3313,-1,-1,-1
723,80,419.28,160.92,53.25,172.96,0.4880,-1,-1,-1
723,81,475.22,165.79,60.05,170.55,0.5331,-1,-1,-1
723,84,550.04,111.57,61.95,176.54,0.4181,-1,-1,-1
724,2,397.77,551.58,91.88,243.30,0.7247,-1,-1,-1
724,4,1718.86,451.81,86.10,215.40,0.6992,-1,-1,-1
724,64,298.51,411.95,73.66,218.45,0.7636,-1,-1,-1
724,67,1597.86,116.90,59.83,178.09,0.3472,-1,-1,-1
724,70,849.53,939.01,81.70,140.99,0.7879,-1,-1,-1
724,71,1566.32,592.80,108.32,232.12,0.5174,-1,-1,-1
724,75,1174.40,767.74,75.25,246.26,0.7736,-1,-1,-1
724,76,1248.14,744.95,88.24,267.50,0.7717,-1,-1,-1
724,80,418.02,163.53,53.75,174.39,0.4972,-1,-1,-1
724,81,473.65,165.19,60.69,171.39,0.5628,-1,-1,-1
724,84,550.13,117.03,59.88,170.64,0.4557,-1,-1,-1
725,2,401.52,551.28,91.60,242.42,0.7175,-1,-1,-1
725,4,1718.40,452.01,85.96,214.82,0.6960,-1,-1,-1
725,64,299.21,414.49,73.23,217.44,0.7556,-1,-1,-1
725,67,1597.59,116.26,59.13,177.01,0.3819,-1,-1,-1
725,70,848.68,941.27,81.22,138.73,0.7785,-1,-1,-1
725,71,1566.42,595.26,107.42,229.32,0.5284,-1,-1,-1
725,75,1171.88,764.00,76.03,248.27,0.7729,-1,-1,-1
725,76,1244.13,745.16,88.96,268.01,0.7701,-1,-1,-1
725,80,417.73,165.12,53.29,173.94,0.4807,-1,-1,-1
725,81,473.13,167.54,61.26,171.11,0.5597,-1,-1,-1
725,84,549.83,116.17,59.90,171.12,0.4512,-1,-1,-1
726,2,404.08,552.46,92.24,242.73,0.7400,-1,-1,-1
726,4,1717.74,452.28,85.79,214.04,0.6996,-1,-1,-1
726,64,298.99,415.98,72.96,217.54,0.7589,-1,-1,-1
726,67,1597.16,115.49,58.47,176.45,0.4359,-1,-1,-1
726,70,847.03,942.38,81.86,137.63,0.7846,-1,-1,-1
726,71,1565.65,593.67,108.54,230.72,0.5158,-1,-1,-1
726,75,1170.79,759.87,76.31,247.47,0.7817,-1,-1,-1
726,76,1241.57,744.09,89.31,269.80,0.7933,-1,-1,-1
726,77,263.80,214.06,49.99,171.15,0.3035,-1,-1,-1
726,80,418.21,167.46,53.13,173.56,0.5188,-1,-1,-1
726,81,472.74,169.32,62.04,173.52,0.5720,-1,-1,-1
726,84,549.44,119.07,59.09,168.83,0.4486,-1,-1,-1
727,2,403.66,552.62,93.65,244.80,0.7689,-1,-1,-1
727,4,1718.84,451.80,85.49,214.42,0.7039,-1,-1,-1
727,64,299.49,418.71,72.45,216.40,0.7686,-1,-1,-1
727,67,1596.79,113.38,58.19,177.44,0.4516,-1,-1,-1
727,70,845.51,943.02,82.41,136.99,0.7869,-1,-1,-1
727,71,1565.36,597.24,108.08,228.64,0.4516,-1,-1,-1
727,75,1168.41,756.15,76.47,243.55,0.7972,-1,-1,-1
727,76,1240.00,742.55,90.05,268.77,0.8175,-1,-1,-1
727,80,417.71,173.39,51.94,167.30,0.5382,-1,-1,-1
727,81,472.80,171.34,61.93,174.43,0.5438,-1,-1,-1
727,84,549.40,119.19,59.01,168.86,0.3396,-1,-1,-1
728,2,404.29,551.93,93.76,245.34,0.7877,-1,-1,-1
728,4,1718.85,452.33,85.09,213.19,0.7057,-1,-1,-1
728,64,298.38,419.06,73.74,220.90,0.7556,-1,-1,-1
728,67,1596.68,112.12,58.16,179.37,0.5469,-1,-1,-1
728,70,843.74,942.35,83.50,137.64,0.7851,-1,-1,-1
728,71,1573.36,601.25,104.28,224.60,0.4383,-1,-1,-1
728,75,1164.34,753.88,78.88,249.05,0.8115,-1,-1,-1
728,76,1238.31,742.52,90.28,268.31,0.8206,-1,-1,-1
728,77,263.31,215.06,49.55,169.70,0.3160,-1,-1,-1
728,80,419.38,174.59,53.13,170.30,0.4940,-1,-1,-1
728,81,472.31,171.18,62.08,176.81,0.5213,-1,-1,-1
728,84,548.73,115.66,59.96,172.02,0.3397,-1,-1,-1
729,2,404.01,552.61,93.09,243.50,0.7756,-1,-1,-1
729,4,1718.37,451.19,85.82,214.93,0.7095,-1,-1,-1
729,64,298.05,420.28,73.33,221.85,0.7511,-1,-1,-1
729,67,1596.67,109.93,57.41,178.49,0.5599,-1,-1,-1
729,70,842.49,944.15,83.79,135.85,0.7929,-1,-1,-1
729,71,1568.23,597.74,106.76,228.16,0.4953,-1,-1,-1
729,75,1161.88,750.85,79.27,253.33,0.8182,-1,-1,-1
729,76,1236.05,741.14,90.46,266.53,0.8278,-1,-1,-1
729,80,420.31,178.65,51.98,166.56,0.4526,-1,-1,-1
729,81,472.05,171.40,62.36,179.81,0.5287,-1,-1,-1
729,84,548.58,115.63,59.75,172.03,0.3833,-1,-1,-1
730,2,405.60,552.73,92.35,243.52,0.7974,-1,-1,-1
730,4,1718.83,451.89,85.92,214.47,0.7111,-1,-1,-1
730,64,297.75,421.10,73.07,222.82,0.7341,-1,-1,-1
730,67,1596.87,108.38,56.72,177.00,0.4597,-1,-1,-1
730,70,840.73,943.93,84.79,135.76,0.7834,-1,-1,-1
730,71,1574.71,597.88,104.09,228.27,0.4972,-1,-1,-1
730,75,1157.76,749.85,80.13,257.63,0.8185,-1,-1,-1
730,76,1232.81,739.55,91.74,269.06,0.8114,-1,-1,-1
730,77,262.42,213.71,51.08,174.27,0.3763,-1,-1,-1
730,80,419.35,181.29,52.02,164.93,0.4711,-1,-1,-1
730,81,469.71,168.38,63.38,183.51,0.4243,-1,-1,-1
730,84,548.93,116.62,59.22,170.62,0.4118,-1,-1,-1
731,2,407.19,553.20,91.28,242.77,0.8102,-1,-1,-1
731,4,1718.87,452.34,85.76,214.04,0.7040,-1,-1,-1
731,64,297.44,421.34,72.43,221.58,0.7149,-1,-1,-1
731,67,1597.42,106.82,56.43,176.84,0.4633,-1,-1,-1
731,70,838.91,943.85,85.66,136.02,0.7831,-1,-1,-1
731,71,1569.54,596.58,105.21,228.00,0.5672,-1,-1,-1
731,75,1155.03,748.31,79.83,258.59,0.8071,-1,-1,-1
731,76,1229.70,737.03,91.08,270.35,0.7996,-1,-1,-1
731,77,261.97,212.49,51.04,174.26,0.3868,-1,-1,-1
731,80,418.30,183.06,51.96,163.40,0.4705,-1,-1,-1
731,81,469.30,168.52,63.47,184.42,0.4296,-1,-1,-1
731,84,549.59,119.07,58.30,167.26,0.3687,-1,-1,-1
731,85,321.09,210.45,57.86,160.99,0.3860,-1,-1,-1
732,2,411.47,553.21,89.81,243.38,0.8056,-1,-1,-1
732,4,1717.95,451.96,86.46,214.81,0.6971,-1,-1,-1
732,64,297.39,421.73,72.45,221.43,0.6780,-1,-1,-1
732,67,1598.58,105.34,55.87,176.69,0.5165,-1,-1,-1
732,70,838.46,944.69,85.24,135.25,0.7824,-1,-1,-1
732,71,1567.80,595.26,106.58,229.73,0.5126,-1,-1,-1
732,75,1152.57,746.80,80.16,260.63,0.8076,-1,-1,-1
732,76,1229.11,734.53,89.89,268.58,0.8156,-1,-1,-1
732,77,262.36,213.63,50.34,172.30,0.3595,-1,-1,-1
732,80,417.45,181.85,52.61,165.23,0.4667,-1,-1,-1
732,81,470.05,172.83,62.52,181.52,0.4672,-1,-1,-1
732,84,549.07,114.43,60.01,172.16,0.4498,-1,-1,-1
732,85,321.64,208.53,59.10,164.44,0.3859,-1,-1,-1
733,2,413.66,552.60,88.25,243.93,0.7859,-1,-1,-1
733,4,1717.45,451.93,86.98,215.28,0.6983,-1,-1,-1
733,64,296.84,422.47,72.38,220.39,0.6548,-1,-1,-1
733,67,1599.75,104.75,55.02,175.14,0.4988,-1,-1,-1
733,70,837.05,944.69,85.43,134.92,0.7718,-1,-1,-1
733,71,1567.07,593.01,108.05,231.81,0.5153,-1,-1,-1
733,75,1149.76,746.10,80.59,263.24,0.7685,-1,-1,-1
733,76,1227.99,729.93,86.16,257.12,0.7856,-1,-1,-1
733,80,417.59,185.39,50.34,157.42,0.4663,-1,-1,-1
733,81,470.80,172.97,62.49,182.66,0.4834,-1,-1,-1
733,84,548.80,113.69,60.26,173.22,0.3828,-1,-1,-1
733,85,322.20,209.87,58.21,162.10,0.3586,-1,-1,-1
734,2,418.09,552.91,85.74,245.72,0.7893,-1,-1,-1
734,4,1717.06,452.08,87.72,217.68,0.7044,-1,-1,-1
734,64,296.54,423.10,72.29,219.18,0.6431,-1,-1,-1
734,67,1600.48,103.98,54.93,175.38,0.3562,-1,-1,-1
734,70,836.39,944.80,85.55,134.73,0.7784,-1,-1,-1
734,71,1573.38,598.32,104.29,228.42,0.4537,-1,-1,-1
734,75,1148.11,747.53,80.16,260.86,0.7759,-1,-1,-1
734,76,1227.81,727.47,83.28,248.48,0.7810,-1,-1,-1
734,77,263.30,214.04,48.59,167.29,0.3283,-1,-1,-1
734,80,418.60,183.50,50.48,159.16,0.4038,-1,-1,-1
734,81,471.18,173.18,62.02,182.35,0.4485,-1,-1,-1
734,84,548.47,112.89,60.33,174.55,0.4292,-1,-1,-1
734,85,323.77,208.44,58.80,164.11,0.4050,-1,-1,-1
735,2,422.71,553.73,82.97,245.23,0.7805,-1,-1,-1
735,4,1718.58,452.43,86.32,214.17,0.6874,-1,-1,-1
735,64,295.85,424.38,72.00,216.80,0.6148,-1,-1,-1
735,70,835.29,945.20,86.04,134.38,0.7784,-1,-1,-1
735,71,1578.91,598.07,100.86,229.15,0.5277,-1,-1,-1
735,75,1144.46,744.98,81.80,263.08,0.7571,-1,-1,-1
735,76,1223.86,721.11,83.81,247.26,0.7750,-1,-1,-1
735,77,262.67,213.66,48.74,168.97,0.3011,-1,-1,-1
735,80,418.77,185.00,49.46,156.64,0.4331,-1,-1,-1
735,81,471.04,174.66,61.74,181.28,0.4441,-1,-1,-1
735,84,549.09,114.53,59.55,172.06,0.3827,-1,-1,-1
735,85,324.62,206.50,59.10,165.39,0.4045,-1,-1,-1
736,2,429.42,553.51,79.02,246.00,0.8009,-1,-1,-1
736,4,1718.43,451.44,86.12,213.54,0.6988,-1,-1,-1
736,64,295.41,425.21,72.31,216.00,0.6418,-1,-1,-1
736,70,834.44,945.06,86.79,134.85,0.7756,-1,-1,-1
736,71,1571.99,596.24,102.20,228.49,0.5900,-1,-1,-1
736,75,1143.50,741.50,82.43,260.49,0.7663,-1,-1,-1
736,76,1220.82,716.34,84.29,247.47,0.7765,-1,-1,-1
736,80,418.72,185.80,49.24,156.22,0.4226,-1,-1,-1
736,81,471.82,173.34,62.13,183.47,0.4605,-1,-1,-1
736,84,548.70,112.79,60.70,174.98,0.4186,-1,-1,-1
736,85,325.00,207.22,59.12,166.05,0.4045,-1,-1,-1
737,2,434.06,554.24,76.13,246.10,0.7951,-1,-1,-1
737,4,1718.51,451.47,86.30,214.02,0.7115,-1,-1,-1
737,64,295.38,426.36,71.96,213.89,0.6173,-1,-1,-1
737,70,834.90,946.47,86.11,133.21,0.7825,-1,-1,-1
737,71,1578.12,595.97,100.85,230.56,0.5005,-1,-1,-1
737,75,1140.38,739.41,83.63,260.31,0.7509,-1,-1,-1
737,76,1219.89,711.51,84.98,252.74,0.7644,-1,-1,-1
737,80,418.42,186.34,49.20,156.02,0.4047,-1,-1,-1
737,81,472.27,174.56,61.31,181.20,0.4152,-1,-1,-1
737,84,548.66,112.55,61.11,175.67,0.4126,-1,-1,-1
737,85,326.28,209.22,58.62,165.33,0.4223,-1,-1,-1
738,2,437.76,554.74,73.85,247.97,0.8005,-1,-1,-1
738,4,1718.24,451.38,86.17,213.71,0.7164,-1,-1,-1
738,52,788.51,140.48,47.86,169.88,0.3335,-1,-1,-1
738,64,295.03,427.12,72.68,214.28,0.6738,-1,-1,-1
738,70,834.89,946.11,86.44,133.42,0.7774,-1,-1,-1
738,71,1572.38,595.10,101.70,229.83,0.5389,-1,-1,-1
738,75,1136.44,737.22,84.54,264.17,0.7494,-1,-1,-1
738,76,1218.84,709.63,84.18,256.95,0.7669,-1,-1,-1
738,80,416.70,186.33,49.74,157.32,0.3811,-1,-1,-1
738,81,470.43,169.72,62.44,185.94,0.3632,-1,-1,-1
738,84,548.98,110.20,62.32,178.54,0.4262,-1,-1,-1
738,85,327.80,211.91,57.61,162.12,0.4164,-1,-1,-1
739,2,441.42,555.21,72.35,250.19,0.7881,-1,-1,-1
739,4,1719.27,450.50,86.01,214.26,0.7204,-1,-1,-1
739,52,788.18,139.81,47.73,170.39,0.3078,-1,-1,-1
739,64,294.81,427.90,73.36,215.50,0.6556,-1,-1,-1
739,70,834.65,946.03,87.01,133.93,0.7797,-1,-1,-1
739,71,1571.63,589.34,104.12,235.15,0.5993,-1,-1,-1
739,75,1135.24,735.51,82.56,258.69,0.7796,-1,-1,-1
739,76,1217.84,707.87,83.49,260.22,0.7537,-1,-1,-1
739,80,414.71,185.66,50.22,158.27,0.4281,-1,-1,-1
739,81,470.69,172.39,61.60,183.35,0.4530,-1,-1,-1
739,84,549.57,114.48,61.42,174.28,0.4710,-1,-1,-1
739,85,328.15,210.96,58.13,163.27,0.4294,-1,-1,-1
740,2,444.26,554.89,71.33,250.47,0.7673,-1,-1,-1
740,4,1718.59,452.65,85.82,212.58,0.7351,-1,-1,-1
740,64,294.79,430.14,74.80,218.18,0.6924,-1,-1,-1
740,70,834.86,945.95,87.10,133.91,0.7759,-1,-1,-1
740,71,1571.59,594.33,102.47,229.85,0.6083,-1,-1,-1
740,75,1133.99,733.03,81.86,252.53,0.7807,-1,-1,-1
740,76,1216.36,706.71,82.70,263.23,0.7534,-1,-1,-1
740,80,413.62,186.80,51.10,159.95,0.4272,-1,-1,-1
740,81,469.98,169.75,62.37,185.84,0.4470,-1,-1,-1
740,84,549.54,112.17,62.43,176.32,0.5201,-1,-1,-1
740,85,328.47,207.63,59.20,166.39,0.3747,-1,-1,-1
741,2,446.18,556.76,70.45,251.35,0.7568,-1,-1,-1
741,4,1718.40,451.97,86.22,213.05,0.7291,-1,-1,-1
741,64,294.30,431.96,75.87,221.23,0.6889,-1,-1,-1
741,70,835.42,946.23,87.12,133.77,0.7820,-1,-1,-1
741,71,1572.14,593.79,102.63,230.66,0.6250,-1,-1,-1
741,75,1131.03,730.48,80.73,248.45,0.7656,-1,-1,-1
741,76,1215.32,706.29,81.28,261.41,0.7452,-1,-1,-1
741,80,412.03,189.92,51.94,161.47,0.4197,-1,-1,-1
741,81,469.48,171.10,61.94,184.74,0.4810,-1,-1,-1
741,84,550.47,111.52,62.81,177.02,0.4599,-1,-1,-1
741,85,329.79,208.13,58.23,163.72,0.3601,-1,-1,-1
742,2,448.80,556.28,69.88,252.23,0.7697,-1,-1,-1
742,4,1718.38,452.54,86.07,213.41,0.7059,-1,-1,-1
742,64,294.43,434.38,74.81,220.12,0.6950,-1,-1,-1
742,70,836.10,946.27,87.27,133.74,0.7761,-1,-1,-1
742,71,1572.67,593.53,102.76,231.27,0.6461,-1,-1,-1
742,75,1127.06,727.04,80.45,248.43,0.7711,-1,-1,-1
742,76,1209.93,705.92,83.02,261.61,0.7565,-1,-1,-1
742,80,411.26,195.48,52.06,157.97,0.5112,-1,-1,-1
742,81,468.90,171.61,61.84,184.08,0.4603,-1,-1,-1
742,84,551.28,111.55,62.67,177.05,0.3324,-1,-1,-1
742,85,331.71,209.15,56.93,160.51,0.3222,-1,-1,-1
743,2,454.29,557.33,71.22,250.76,0.7574,-1,-1,-1
743,4,1718.52,452.09,85.26,213.63,0.7183,-1,-1,-1
743,64,295.06,437.51,74.37,219.77,0.7118,-1,-1,-1
743,70,837.00,946.66,87.01,133.34,0.7722,-1,-1,-1
743,71,1571.68,591.57,103.60,232.87,0.5904,-1,-1,-1
743,75,1123.93,722.94,80.68,249.60,0.7671,-1,-1,-1
743,76,1204.98,705.94,84.40,260.76,0.7493,-1,-1,-1
743,80,411.29,199.81,52.00,155.36,0.5356,-1,-1,-1
743,81,466.77,169.17,62.63,188.04,0.3448,-1,-1,-1
743,84,550.85,106.07,64.18,182.34,0.3088,-1,-1,-1
744,2,458.04,559.59,74.37,247.40,0.7515,-1,-1,-1
744,4,1719.21,453.46,84.75,213.23,0.7285,-1,-1,-1
744,64,295.73,440.46,73.63,219.06,0.7045,-1,-1,-1
744,70,838.04,947.61,86.43,132.39,0.7752,-1,-1,-1
744,71,1571.57,593.42,102.71,231.02,0.6367,-1,-1,-1
744,75,1122.63,721.13,80.05,249.10,0.7697,-1,-1,-1
744,76,1201.05,705.22,84.88,260.34,0.7383,-1,-1,-1
744,80,410.85,201.05,52.61,156.07,0.5225,-1,-1,-1
744,81,465.82,174.94,61.31,184.65,0.3913,-1,-1,-1
744,84,551.91,110.71,62.71,178.43,0.3502,-1,-1,-1
744,85,333.03,209.68,56.44,159.67,0.3413,-1,-1,-1
745,2,459.99,560.76,80.08,244.40,0.7883,-1,-1,-1
745,4,1718.81,452.77,85.06,213.42,0.7261,-1,-1,-1
745,64,296.38,442.20,73.51,220.34,0.6978,-1,-1,-1
745,70,839.22,947.84,86.59,132.17,0.7741,-1,-1,-1
745,71,1572.29,593.03,102.91,231.62,0.6408,-1,-1,-1
745,75,1121.47,719.20,80.56,253.06,0.7687,-1,-1,-1
745,76,1199.28,705.69,84.76,257.42,0.7429,-1,-1,-1
745,80,410.07,202.77,53.25,158.02,0.5489,-1,-1,-1
745,81,464.12,175.99,62.21,187.90,0.4127,-1,-1,-1
745,84,552.03,110.65,62.62,178.63,0.3844,-1,-1,-1
745,85,333.70,211.70,55.55,157.76,0.3424,-1,-1,-1
746,2,460.48,561.71,86.91,244.22,0.8045,-1,-1,-1
746,4,1719.65,453.54,85.03,212.20,0.7104,-1,-1,-1
746,64,297.01,444.18,73.31,222.22,0.6974,-1,-1,-1
746,70,840.68,948.19,86.37,131.80,0.7822,-1,-1,-1
746,71,1573.88,596.12,101.41,228.59,0.6676,-1,-1,-1
746,75,1119.30,718.37,80.86,254.32,0.7647,-1,-1,-1
746,76,1195.84,702.98,85.96,259.26,0.7508,-1,-1,-1
746,80,408.22,201.68,53.52,160.82,0.5130,-1,-1,-1
746,81,464.72,180.81,61.98,184.27,0.5114,-1,-1,-1
746,85,334.90,214.31,54.34,153.75,0.3258,-1,-1,-1
747,2,459.74,562.00,92.55,245.91,0.8200,-1,-1,-1
747,4,1719.26,452.85,85.18,212.84,0.7109,-1,-1,-1
747,64,298.05,444.93,72.91,224.25,0.7232,-1,-1,-1
747,70,842.51,948.26,86.13,131.74,0.7861,-1,-1,-1
747,71,1571.56,591.52,103.81,233.21,0.5972,-1,-1,-1
747,75,1116.81,715.93,80.32,256.17,0.7762,-1,-1,-1
747,76,1189.96,700.77,87.88,263.95,0.7580,-1,-1,-1
747,80,409.11,203.52,52.32,157.41,0.5429,-1,-1,-1
747,81,465.03,184.15,61.35,181.88,0.5620,-1,-1,-1
747,85,335.01,213.94,54.69,154.29,0.3559,-1,-1,-1
748,2,459.37,563.66,97.03,245.56,0.8213,-1,-1,-1
748,4,1718.48,453.99,84.82,212.30,0.6996,-1,-1,-1
748,64,298.69,445.41,72.30,222.80,0.7085,-1,-1,-1
748,70,843.96,948.66,85.61,131.35,0.7901,-1,-1,-1
748,71,1567.76,595.92,103.47,230.92,0.5215,-1,-1,-1
748,75,1115.27,714.79,79.09,255.95,0.8039,-1,-1,-1
748,76,1187.56,698.47,86.16,258.74,0.8099,-1,-1,-1
748,80,408.30,202.99,52.43,159.38,0.5541,-1,-1,-1
748,81,464.45,186.94,61.22,179.94,0.5506,-1,-1,-1
748,85,334.48,208.85,56.73,159.62,0.4271,-1,-1,-1
749,2,459.94,564.88,100.59,246.60,0.8096,-1,-1,-1
749,4,1718.57,454.39,84.86,213.68,0.6838,-1,-1,-1
749,64,299.90,445.58,72.45,223.94,0.6980,-1,-1,-1
749,70,846.24,950.04,84.68,129.97,0.7890,-1,-1,-1
749,71,1570.38,589.01,105.40,235.59,0.5857,-1,-1,-1
749,75,1114.05,712.45,77.60,255.88,0.8258,-1,-1,-1
749,76,1185.64,696.50,84.27,248.35,0.8110,-1,-1,-1
749,80,407.88,204.30,51.37,157.75,0.5303,-1,-1,-1
749,81,463.42,188.05,61.15,181.31,0.5753,-1,-1,-1
749,85,333.87,209.79,56.77,159.64,0.3666,-1,-1,-1
750,2,459.91,565.01,103.09,247.55,0.8153,-1,-1,-1
750,4,1718.47,453.53,85.10,214.05,0.7083,-1,-1,-1
750,64,300.69,446.53,72.08,222.56,0.6979,-1,-1,-1
750,70,848.92,951.73,83.32,128.27,0.7690,-1,-1,-1
750,71,1571.79,591.85,103.68,232.57,0.6222,-1,-1,-1
750,75,1112.49,711.99,77.22,257.72,0.8172,-1,-1,-1
750,76,1182.44,693.19,86.80,257.17,0.7882,-1,-1,-1
750,80,408.06,203.09,52.13,160.21,0.5511,-1,-1,-1
750,81,462.56,186.73,62.01,185.12,0.5019,-1,-1,-1
750,85,333.47,207.90,57.00,161.00,0.3703,-1,-1,-1
751,2,460.15,565.62,104.13,246.69,0.8109,-1,-1,-1
751,4,1717.17,454.93,84.64,211.41,0.6830,-1,-1,-1
751,64,302.12,446.72,72.47,221.31,0.7015,-1,-1,-1
751,70,851.52,952.44,82.86,127.56,0.7662,-1,-1,-1
751,71,1571.95,592.39,103.54,231.90,0.6172,-1,-1,-1
751,75,1109.24,709.45,74.76,254.16,0.8050,-1,-1,-1
751,76,1181.31,688.25,82.73,244.86,0.7994,-1,-1,-1
751,77,269.38,206.94,52.26,165.04,0.4221,-1,-1,-1
751,80,408.42,203.52,51.02,157.92,0.5034,-1,-1,-1
751,81,462.62,194.41,60.45,180.18,0.4754,-1,-1,-1
751,85,333.31,206.10,56.89,161.26,0.3877,-1,-1,-1
752,2,463.62,565.74,103.59,246.12,0.7858,-1,-1,-1
752,4,1716.75,453.75,85.38,213.46,0.6898,-1,-1,-1
752,64,302.24,447.60,73.46,221.56,0.7224,-1,-1,-1
752,70,853.13,952.16,83.09,127.83,0.7692,-1,-1,-1
752,71,1568.85,595.07,103.30,231.11,0.5349,-1,-1,-1
752,75,1106.96,710.42,74.69,254.61,0.7866,-1,-1,-1
752,76,1179.55,684.57,81.76,242.67,0.7705,-1,-1,-1
752,77,268.70,207.65,53.43,164.60,0.4067,-1,-1,-1
752,80,408.03,204.39,50.66,157.97,0.4695,-1,-1,-1
752,81,462.07,195.03,60.85,180.92,0.4693,-1,-1,-1
752,85,333.30,204.63,56.94,162.41,0.3595,-1,-1,-1
753,2,466.58,566.12,102.44,245.98,0.7557,-1,-1,-1
753,4,1716.04,452.77,85.62,214.59,0.6771,-1,-1,-1
753,64,302.47,448.48,74.25,219.74,0.7255,-1,-1,-1
753,70,854.91,952.45,82.96,127.54,0.7730,-1,-1,-1
753,71,1571.18,591.86,104.08,232.36,0.5767,-1,-1,-1
753,75,1105.36,707.97,74.12,255.97,0.7785,-1,-1,-1
753,76,1174.33,679.66,84.08,250.61,0.7472,-1,-1,-1
753,77,268.94,206.05,54.17,166.10,0.3659,-1,-1,-1
753,80,407.85,205.76,49.41,154.66,0.5112,-1,-1,-1
753,81,460.51,194.22,61.31,182.40,0.4561,-1,-1,-1
753,85,332.32,201.50,57.91,165.69,0.3520,-1,-1,-1
754,2,471.25,566.25,99.69,246.28,0.7266,-1,-1,-1
754,4,1716.11,453.90,85.04,212.38,0.6706,-1,-1,-1
754,64,302.50,449.94,74.84,216.50,0.7189,-1,-1,-1
754,70,856.64,952.25,83.17,127.40,0.7783,-1,-1,-1
754,71,1570.19,591.44,104.49,233.11,0.5054,-1,-1,-1
754,75,1103.09,704.31,74.80,261.49,0.7822,-1,-1,-1
754,76,1172.32,676.35,84.38,252.62,0.7506,-1,-1,-1
754,77,266.56,204.63,54.24,169.69,0.3810,-1,-1,-1
754,80,406.52,204.65,49.76,156.80,0.4999,-1,-1,-1
754,81,460.36,192.93,61.70,184.08,0.4169,-1,-1,-1
754,85,331.91,201.82,57.80,165.57,0.3110,-1,-1,-1
755,2,475.22,567.52,95.40,246.65,0.7216,-1,-1,-1
755,4,1715.69,452.21,84.87,214.09,0.6755,-1,-1,-1
755,64,302.41,451.16,75.99,215.32,0.7352,-1,-1,-1
755,70,858.53,952.15,83.34,127.83,0.7789,-1,-1,-1
755,71,1571.30,590.74,104.53,234.23,0.5949,-1,-1,-1
755,75,1101.11,701.93,73.92,259.52,0.7652,-1,-1,-1
755,76,1169.33,672.84,85.05,257.65,0.7573,-1,-1,-1
755,77,268.82,203.60,54.47,169.15,0.3179,-1,-1,-1
755,80,406.50,207.35,49.22,153.96,0.4300,-1,-1,-1
755,81,457.77,191.43,62.98,187.48,0.4008,-1,-1,-1
756,2,482.27,567.30,90.31,247.56,0.6988,-1,-1,-1
756,4,1715.84,453.70,84.23,214.41,0.6730,-1,-1,-1
756,64,302.79,452.72,77.62,214.76,0.7341,-1,-1,-1
756,70,859.39,952.01,84.01,127.77,0.7797,-1,-1,-1
756,71,1570.54,589.57,104.67,235.29,0.5732,-1,-1,-1
756,75,1100.61,697.38,71.67,249.31,0.7612,-1,-1,-1
756,76,1168.01,672.16,84.68,259.14,0.7702,-1,-1,-1
756,77,269.63,202.52,54.68,168.97,0.3257,-1,-1,-1
756,80,404.98,206.98,49.70,154.56,0.4654,-1,-1,-1
756,81,457.64,192.46,62.21,184.63,0.4601,-1,-1,-1
757,2,492.00,566.93,83.99,245.54,0.7099,-1,-1,-1
757,4,1716.60,453.42,82.91,213.40,0.6811,-1,-1,-1
757,64,301.79,455.25,79.53,217.42,0.7444,-1,-1,-1
757,70,860.52,953.42,84.33,126.57,0.7813,-1,-1,-1
757,71,1570.74,594.16,103.25,231.69,0.4594,-1,-1,-1
757,75,1098.82,693.75,72.34,246.77,0.7604,-1,-1,-1
757,76,1167.64,671.41,83.99,259.09,0.7719,-1,-1,-1
757,80,403.89,204.71,51.02,158.77,0.4464,-1,-1,-1
757,81,455.18,189.97,63.82,186.95,0.5039,-1,-1,-1
758,2,497.80,565.31,80.48,248.14,0.7178,-1,-1,-1
758,4,1716.96,452.87,81.77,213.16,0.7091,-1,-1,-1
758,64,300.77,458.45,80.75,219.99,0.7483,-1,-1,-1
758,70,861.51,953.51,85.10,126.49,0.7724,-1,-1,-1
758,71,1570.51,591.00,104.50,233.43,0.4381,-1,-1,-1
758,75,1097.48,690.50,72.26,236.97,0.7667,-1,-1,-1
758,76,1166.36,671.53,84.44,258.81,0.7700,-1,-1,-1
758,77,270.96,201.07,54.96,170.28,0.3164,-1,-1,-1
758,80,403.24,204.75,51.66,162.26,0.4706,-1,-1,-1
758,81,454.29,188.64,65.05,190.15,0.4780,-1,-1,-1
759,2,503.44,565.12,77.16,249.31,0.7153,-1,-1,-1
759,4,1717.28,452.82,80.80,213.19,0.6912,-1,-1,-1
759,64,300.38,459.12,81.63,223.40,0.7500,-1,-1,-1
759,70,863.78,954.58,85.37,125.41,0.7556,-1,-1,-1
759,71,1570.76,593.72,103.78,230.34,0.5469,-1,-1,-1
759,75,1094.76,687.93,74.24,240.60,0.7500,-1,-1,-1
759,76,1163.81,671.16,86.28,259.97,0.7585,-1,-1,-1
759,80,403.50,205.66,51.33,163.01,0.5147,-1,-1,-1
759,81,453.67,188.49,65.18,189.32,0.4775,-1,-1,-1
760,2,509.04,564.93,75.00,249.76,0.7246,-1,-1,-1
760,4,1717.54,452.97,79.83,212.85,0.6993,-1,-1,-1
760,64,300.64,462.51,81.55,224.11,0.7340,-1,-1,-1
760,70,865.56,954.67,86.70,125.33,0.7562,-1,-1,-1
760,71,1571.54,594.14,103.72,229.91,0.6334,-1,-1,-1
760,75,1092.26,686.86,75.95,244.62,0.7463,-1,-1,-1
760,76,1161.84,669.66,87.17,259.32,0.7646,-1,-1,-1
760,77,273.36,204.81,53.02,166.54,0.3733,-1,-1,-1
760,80,404.05,207.10,52.18,166.55,0.4920,-1,-1,-1
760,81,452.51,186.71,65.71,189.08,0.4787,-1,-1,-1
761,2,513.70,565.40,73.58,248.49,0.7487,-1,-1,-1
761,4,1716.32,453.18,79.45,211.80,0.7148,-1,-1,-1
761,64,300.72,464.85,81.03,222.90,0.7136,-1,-1,-1
761,70,866.71,954.63,88.22,125.38,0.7727,-1,-1,-1
761,71,1570.79,594.70,103.88,229.34,0.6087,-1,-1,-1
761,75,1089.89,685.60,76.12,244.18,0.7419,-1,-1,-1
761,76,1158.73,668.22,88.54,261.36,0.7653,-1,-1,-1
761,80,404.05,208.04,52.55,168.00,0.4128,-1,-1,-1
761,81,452.16,189.69,65.61,185.60,0.4992,-1,-1,-1
762,2,517.68,567.44,73.51,246.55,0.7712,-1,-1,-1
762,4,1717.16,453.91,78.86,210.40,0.7040,-1,-1,-1
762,64,300.81,467.13,80.66,222.80,0.7273,-1,-1,-1
762,70,867.43,955.22,88.28,124.78,0.7772,-1,-1,-1
762,71,1571.02,594.17,104.44,230.55,0.6259,-1,-1,-1
762,75,1087.77,683.41,76.24,245.95,0.7445,-1,-1,-1
762,76,1156.46,667.22,88.94,262.09,0.7527,-1,-1,-1
762,77,274.38,204.44,51.88,165.73,0.3849,-1,-1,-1
762,80,404.83,209.07,53.16,169.76,0.5095,-1,-1,-1
762,81,452.52,192.10,66.15,185.46,0.5033,-1,-1,-1
763,2,520.23,567.88,74.10,245.73,0.7638,-1,-1,-1
763,4,1718.25,454.79,79.30,211.87,0.7112,-1,-1,-1
763,64,299.97,468.78,80.17,224.32,0.7418,-1,-1,-1
763,70,867.81,955.71,88.49,124.30,0.7777,-1,-1,-1
763,71,1570.38,594.34,104.45,230.24,0.6032,-1,-1,-1
763,75,1082.86,682.78,78.05,247.68,0.7471,-1,-1,-1
763,76,1154.10,664.59,87.65,260.44,0.7501,-1,-1,-1
763,77,275.21,200.72,52.03,169.02,0.4184,-1,-1,-1
763,80,404.91,209.52,53.18,170.30,0.5250,-1,-1,-1
763,81,453.69,201.19,63.60,178.28,0.4843,-1,-1,-1
763,85,330.49,202.33,57.35,164.91,0.3031,-1,-1,-1
764,2,521.91,568.37,75.08,245.20,0.7563,-1,-1,-1
764,4,1718.23,453.77,79.36,212.19,0.7213,-1,-1,-1
764,64,298.14,468.82,80.14,227.63,0.7412,-1,-1,-1
764,70,868.29,956.37,88.32,123.63,0.7730,-1,-1,-1
764,71,1570.28,593.08,104.87,231.37,0.5364,-1,-1,-1
764,75,1080.85,680.01,78.90,252.78,0.7459,-1,-1,-1
764,76,1151.74,660.18,87.71,261.73,0.7565,-1,-1,-1
764,77,275.29,196.55,52.23,173.18,0.3949,-1,-1,-1
764,80,403.88,208.62,53.83,172.97,0.5257,-1,-1,-1
764,81,453.72,203.95,63.28,178.50,0.5304,-1,-1,-1
765,2,524.22,568.42,78.31,245.84,0.7480,-1,-1,-1
765,4,1718.29,453.19,79.31,213.54,0.7132,-1,-1,-1
765,64,297.35,469.47,79.51,229.68,0.7123,-1,-1,-1
765,70,868.54,957.01,87.93,123.00,0.7693,-1,-1,-1
765,71,1570.72,592.84,104.77,231.30,0.5511,-1,-1,-1
765,75,1078.44,678.32,78.70,254.22,0.7335,-1,-1,-1
765,76,1149.86,660.15,86.66,258.88,0.7424,-1,-1,-1
765,77,275.84,190.42,53.15,179.43,0.3451,-1,-1,-1
765,80,402.11,209.14,54.33,173.69,0.5030,-1,-1,-1
765,81,453.86,205.31,63.11,179.57,0.5461,-1,-1,-1
765,84,542.88,107.88,67.64,181.87,0.3543,-1,-1,-1
766,2,527.59,569.63,82.86,245.53,0.7485,-1,-1,-1
766,4,1718.51,455.43,77.86,209.77,0.7407,-1,-1,-1
766,64,295.64,470.35,78.24,228.63,0.6357,-1,-1,-1
766,70,869.12,956.87,87.83,123.14,0.7581,-1,-1,-1
766,71,1570.05,591.20,105.45,233.34,0.6027,-1,-1,-1
766,75,1076.43,677.78,79.69,255.79,0.7214,-1,-1,-1
766,76,1147.57,656.85,86.90,256.45,0.7226,-1,-1,-1
766,77,278.10,197.67,50.91,171.99,0.3799,-1,-1,-1
766,80,401.14,210.82,54.11,171.75,0.4876,-1,-1,-1
766,81,452.54,203.58,64.17,184.73,0.4860,-1,-1,-1
766,85,325.52,194.04,58.94,171.69,0.3611,-1,-1,-1
767,2,526.34,569.69,85.50,246.80,0.7563,-1,-1,-1
767,4,1718.36,455.37,78.32,211.43,0.7278,-1,-1,-1
767,64,294.58,471.76,77.29,227.44,0.5967,-1,-1,-1
767,70,869.03,957.36,87.73,122.65,0.7592,-1,-1,-1
767,71,1576.12,597.18,101.36,229.02,0.5039,-1,-1,-1
767,75,1074.58,675.63,79.90,255.48,0.7359,-1,-1,-1
767,76,1145.36,653.41,85.77,252.43,0.7163,-1,-1,-1
767,77,278.85,197.60,50.51,170.16,0.3815,-1,-1,-1
767,80,400.92,211.08,54.51,172.21,0.4535,-1,-1,-1
767,81,452.03,202.97,64.05,186.52,0.4779,-1,-1,-1
767,85,327.07,193.30,58.47,172.07,0.3797,-1,-1,-1
768,2,525.71,569.76,87.20,247.11,0.7619,-1,-1,-1
768,4,1719.19,453.02,78.31,213.51,0.7125,-1,-1,-1
768,64,293.55,472.61,76.43,226.37,0.6006,-1,-1,-1
768,70,869.46,957.40,87.80,122.59,0.7704,-1,-1,-1
768,71,1571.72,591.22,103.53,233.50,0.5467,-1,-1,-1
768,75,1073.90,673.79,79.69,255.57,0.7416,-1,-1,-1
768,76,1142.89,650.41,84.38,247.07,0.7493,-1,-1,-1
768,77,279.26,193.65,51.41,173.46,0.3627,-1,-1,-1
768,80,401.35,209.36,54.85,174.13,0.3988,-1,-1,-1
768,81,450.54,198.89,65.48,193.31,0.5080,-1,-1,-1
768,85,326.47,192.99,57.55,169.40,0.3650,-1,-1,-1
769,2,526.11,572.06,88.07,244.27,0.7593,-1,-1,-1
769,4,1719.69,454.10,76.90,210.49,0.7260,-1,-1,-1
769,64,293.60,472.93,76.25,226.48,0.6544,-1,-1,-1
769,70,869.70,958.23,88.00,121.75,0.7755,-1,-1,-1
769,71,1570.63,593.95,101.84,232.36,0.3886,-1,-1,-1
769,75,1070.42,670.59,79.50,253.53,0.7823,-1,-1,-1
769,76,1140.96,647.81,82.50,243.52,0.7915,-1,-1,-1
769,77,280.00,196.36,50.28,169.88,0.3346,-1,-1,-1
769,80,401.67,205.63,55.82,178.03,0.3597,-1,-1,-1
769,81,450.30,195.47,65.89,196.87,0.4047,-1,-1,-1
769,85,328.30,193.32,56.70,167.66,0.3346,-1,-1,-1
770,2,525.97,571.86,90.00,244.70,0.7694,-1,-1,-1
770,4,1720.45,455.21,76.43,209.51,0.7265,-1,-1,-1
770,64,293.75,474.02,75.73,224.61,0.6360,-1,-1,-1
770,70,869.96,957.29,89.29,122.72,0.7877,-1,-1,-1
770,71,1574.56,595.12,100.35,231.14,0.4257,-1,-1,-1
770,75,1066.63,669.51,79.36,250.28,0.7978,-1,-1,-1
770,76,1139.63,646.23,80.63,240.56,0.8173,-1,-1,-1
770,77,280.36,199.07,49.55,166.70,0.3310,-1,-1,-1
770,80,402.23,207.65,55.29,177.64,0.3622,-1,-1,-1
770,81,450.44,197.30,64.80,194.82,0.3878,-1,-1,-1
770,85,327.63,192.98,56.31,166.61,0.3093,-1,-1,-1
771,2,526.18,572.09,90.42,243.84,0.7605,-1,-1,-1
771,4,1721.43,452.76,77.01,213.67,0.7257,-1,-1,-1
771,64,292.37,474.13,75.39,224.18,0.6694,-1,-1,-1
771,70,870.18,957.62,89.48,122.38,0.7910,-1,-1,-1
771,71,1568.45,599.28,100.47,227.81,0.4342,-1,-1,-1
771,75,1064.88,667.11,78.52,241.40,0.8046,-1,-1,-1
771,76,1137.61,644.53,80.48,242.75,0.8068,-1,-1,-1
771,77,280.99,200.93,48.68,163.44,0.3338,-1,-1,-1
771,80,402.19,207.52,54.90,177.89,0.3458,-1,-1,-1
771,81,450.55,200.24,63.48,193.58,0.5155,-1,-1,-1
771,85,331.17,195.12,56.70,166.29,0.3070,-1,-1,-1
772,2,527.85,571.20,90.34,243.38,0.7489,-1,-1,-1
772,4,1722.17,453.31,76.05,212.16,0.7253,-1,-1,-1
772,64,292.30,475.60,74.80,222.88,0.6665,-1,-1,-1
772,70,870.80,957.97,90.10,122.03,0.7936,-1,-1,-1
772,71,1569.43,588.01,104.81,236.64,0.5402,-1,-1,-1
772,75,1063.04,664.49,79.95,240.72,0.8000,-1,-1,-1
772,76,1135.82,642.05,80.99,246.44,0.7853,-1,-1,-1
772,80,402.60,212.06,53.19,173.40,0.4034,-1,-1,-1
772,81,451.31,202.37,62.13,191.00,0.5194,-1,-1,-1
773,2,532.36,570.02,89.27,243.74,0.7279,-1,-1,-1
773,4,1721.45,451.86,75.22,211.90,0.7319,-1,-1,-1
773,64,292.46,476.38,74.78,222.49,0.6810,-1,-1,-1
773,70,870.90,957.97,90.23,122.02,0.8031,-1,-1,-1
773,71,1571.58,598.89,100.52,227.22,0.4880,-1,-1,-1
773,75,1060.81,660.97,78.58,238.27,0.8113,-1,-1,-1
773,76,1134.40,641.03,80.17,246.53,0.7657,-1,-1,-1
773,80,402.93,213.44,51.72,169.33,0.4178,-1,-1,-1
773,81,451.69,205.99,60.70,186.76,0.4466,-1,-1,-1
774,2,535.29,569.53,87.44,244.39,0.7209,-1,-1,-1
774,4,1722.63,452.08,74.37,212.00,0.7186,-1,-1,-1
774,64,292.23,477.57,75.51,221.92,0.7174,-1,-1,-1
774,70,871.21,957.86,90.63,122.13,0.7985,-1,-1,-1
774,71,1572.22,599.89,100.01,226.67,0.5101,-1,-1,-1
774,75,1058.45,660.52,77.16,237.34,0.7758,-1,-1,-1
774,76,1132.75,640.04,80.33,246.44,0.7608,-1,-1,-1
774,80,401.72,213.16,51.97,171.38,0.3985,-1,-1,-1
774,81,451.61,204.39,60.64,187.38,0.3814,-1,-1,-1
775,2,539.96,570.11,85.08,243.70,0.7002,-1,-1,-1
775,4,1723.00,453.19,73.26,209.76,0.7300,-1,-1,-1
775,64,291.14,478.61,76.19,222.32,0.7412,-1,-1,-1
775,70,871.33,957.79,90.97,122.21,0.8050,-1,-1,-1
775,71,1568.45,596.97,101.94,229.75,0.4846,-1,-1,-1
775,75,1055.54,658.17,76.68,238.67,0.7550,-1,-1,-1
775,76,1127.80,639.17,83.13,250.66,0.7753,-1,-1,-1
775,80,401.76,218.41,51.23,168.08,0.4483,-1,-1,-1
775,81,450.89,203.22,60.66,187.95,0.4347,-1,-1,-1
776,2,544.55,571.25,81.85,242.71,0.6930,-1,-1,-1
776,4,1722.68,452.44,73.30,211.07,0.7378,-1,-1,-1
776,64,290.12,479.99,76.64,222.98,0.7495,-1,-1,-1
776,70,871.43,958.82,90.43,121.18,0.7918,-1,-1,-1
776,71,1569.84,597.85,101.56,228.60,0.5496,-1,-1,-1
776,75,1053.09,654.42,75.96,241.18,0.7632,-1,-1,-1
776,76,1127.34,637.08,82.99,253.04,0.7786,-1,-1,-1
776,80,400.63,216.16,51.79,171.12,0.4295,-1,-1,-1
776,81,450.19,201.32,61.15,189.77,0.3954,-1,-1,-1
777,2,548.97,571.55,78.99,244.35,0.7096,-1,-1,-1
777,4,1723.50,452.35,72.57,210.24,0.7362,-1,-1,-1
777,64,289.16,480.93,77.43,226.60,0.7678,-1,-1,-1
777,70,872.47,959.40,89.97,120.59,0.7871,-1,-1,-1
777,71,1569.81,595.37,102.39,230.33,0.4930,-1,-1,-1
777,75,1050.94,651.83,76.49,245.64,0.7512,-1,-1,-1
777,76,1125.08,635.61,82.72,254.39,0.7132,-1,-1,-1
777,80,401.40,218.07,51.02,169.48,0.3459,-1,-1,-1
778,2,555.48,571.81,74.93,245.41,0.7167,-1,-1,-1
778,4,1723.40,452.56,72.56,210.42,0.7488,-1,-1,-1
778,64,289.59,484.11,76.48,224.90,0.7582,-1,-1,-1
778,70,872.69,959.16,90.31,120.84,0.7885,-1,-1,-1
778,71,1570.10,591.39,103.98,233.07,0.5973,-1,-1,-1
778,75,1049.94,649.67,76.17,247.96,0.7582,-1,-1,-1
778,76,1125.08,633.95,81.48,253.30,0.7310,-1,-1,-1
778,81,448.86,203.02,60.49,187.48,0.3153,-1,-1,-1
778,84,545.71,119.28,63.29,170.30,0.3344,-1,-1,-1
779,2,561.16,571.97,72.58,249.65,0.7199,-1,-1,-1
779,4,1722.66,452.14,73.04,211.15,0.7450,-1,-1,-1
779,64,289.01,487.06,75.88,224.28,0.7575,-1,-1,-1
779,70,873.14,959.07,90.33,120.93,0.7902,-1,-1,-1
779,71,1570.90,588.21,104.85,235.96,0.6000,-1,-1,-1
779,75,1048.28,646.68,76.09,251.03,0.7556,-1,-1,-1
779,76,1119.51,632.01,82.73,254.40,0.7262,-1,-1,-1
779,80,399.40,222.54,51.69,170.90,0.3516,-1,-1,-1
780,2,565.42,572.65,69.31,246.89,0.7030,-1,-1,-1
780,4,1723.08,452.16,73.17,211.64,0.7450,-1,-1,-1
780,64,289.12,489.79,75.57,225.11,0.7532,-1,-1,-1
780,70,873.00,959.31,90.11,120.69,0.7825,-1,-1,-1
780,71,1570.30,587.84,104.79,236.00,0.6142,-1,-1,-1
780,75,1047.14,646.06,75.63,251.28,0.7531,-1,-1,-1
780,76,1117.52,629.41,83.33,255.93,0.7424,-1,-1,-1
780,80,399.49,224.94,51.60,170.24,0.3894,-1,-1,-1
781,2,567.64,570.65,69.16,253.96,0.6855,-1,-1,-1
781,4,1723.42,451.55,72.70,211.39,0.7390,-1,-1,-1
781,64,288.86,491.12,75.42,226.80,0.7640,-1,-1,-1
781,70,873.41,958.95,89.82,121.04,0.7804,-1,-1,-1
781,71,1571.85,590.90,103.05,232.67,0.6602,-1,-1,-1
781,75,1046.26,649.06,74.43,242.72,0.7498,-1,-1,-1
781,76,1113.52,627.09,83.41,255.34,0.7634,-1,-1,-1
781,80,400.27,224.40,51.85,171.23,0.3666,-1,-1,-1
781,81,448.33,215.04,58.61,184.28,0.3346,-1,-1,-1
782,2,568.70,572.21,69.39,257.42,0.6345,-1,-1,-1
782,4,1722.86,451.22,72.88,211.07,0.7387,-1,-1,-1
782,64,289.03,492.53,75.78,230.95,0.7719,-1,-1,-1
782,70,873.80,958.56,89.36,121.44,0.7724,-1,-1,-1
782,71,1570.85,592.12,102.94,231.76,0.5852,-1,-1,-1
782,75,1043.83,645.61,75.50,248.30,0.7432,-1,-1,-1
782,76,1111.46,624.77,80.97,245.95,0.7756,-1,-1,-1
782,80,400.71,226.62,51.47,168.72,0.3824,-1,-1,-1
782,81,447.07,215.47,58.95,186.00,0.3242,-1,-1,-1
783,2,571.37,572.74,69.32,259.08,0.6387,-1,-1,-1
783,4,1723.46,452.24,73.33,210.89,0.7192,-1,-1,-1
783,64,289.17,493.62,75.69,234.15,0.7752,-1,-1,-1
783,70,874.50,958.13,88.69,121.88,0.7677,-1,-1,-1
783,71,1572.03,593.18,102.74,230.77,0.6506,-1,-1,-1
783,75,1043.21,644.94,74.92,248.47,0.7380,-1,-1,-1
783,76,1110.31,622.11,79.58,241.77,0.7566,-1,-1,-1
783,80,398.87,223.88,51.92,170.07,0.3815,-1,-1,-1
783,81,445.58,216.45,59.69,188.55,0.3801,-1,-1,-1
784,2,575.49,573.14,66.22,246.14,0.5582,-1,-1,-1
784,4,1722.80,451.97,74.04,212.38,0.7112,-1,-1,-1
784,64,289.46,494.59,75.30,234.39,0.7647,-1,-1,-1
784,70,875.07,958.12,87.67,121.89,0.7523,-1,-1,-1
784,71,1572.95,597.27,101.07,226.80,0.6964,-1,-1,-1
784,75,1042.27,643.65,72.84,245.10,0.7439,-1,-1,-1
784,76,1107.32,618.76,78.88,237.96,0.7694,-1,-1,-1
784,80,399.73,227.25,51.45,168.72,0.4665,-1,-1,-1
784,81,446.40,217.53,60.33,189.02,0.3650,-1,-1,-1
785,2,579.54,573.51,65.25,243.53,0.5794,-1,-1,-1
785,4,1722.91,452.07,74.09,211.53,0.7247,-1,-1,-1
785,64,290.09,495.54,74.66,233.68,0.7665,-1,-1,-1
785,70,876.01,956.55,86.83,123.45,0.7630,-1,-1,-1
785,71,1571.75,593.87,102.56,230.32,0.6273,-1,-1,-1
785,75,1041.37,642.19,72.52,246.00,0.7484,-1,-1,-1
785,76,1104.89,615.79,79.55,239.62,0.7503,-1,-1,-1
785,80,399.22,227.27,51.40,169.02,0.4634,-1,-1,-1
785,81,445.76,218.22,61.27,190.42,0.4171,-1,-1,-1
786,2,583.29,575.59,64.62,239.97,0.5835,-1,-1,-1
786,4,1722.49,451.24,73.81,211.82,0.7273,-1,-1,-1
786,64,290.19,496.74,74.42,232.55,0.7664,-1,-1,-1
786,70,876.59,956.22,85.20,123.78,0.7567,-1,-1,-1
786,71,1570.94,593.91,102.52,230.50,0.6485,-1,-1,-1
786,75,1040.02,639.78,71.77,244.66,0.7315,-1,-1,-1
786,76,1101.96,615.29,78.24,238.32,0.7509,-1,-1,-1
786,80,399.21,229.26,50.69,166.55,0.4733,-1,-1,-1
786,81,445.31,220.28,61.28,189.62,0.4394,-1,-1,-1
786,86,470.17,72.13,61.15,175.24,0.3815,-1,-1,-1
787,2,588.72,577.66,66.60,237.75,0.5935,-1,-1,-1
787,4,1723.34,452.64,73.84,211.09,0.7241,-1,-1,-1
787,64,290.81,497.81,74.60,230.87,0.7491,-1,-1,-1
787,70,877.60,955.58,83.46,124.42,0.7692,-1,-1,-1
787,71,1571.74,595.17,102.20,229.19,0.6592,-1,-1,-1
787,75,1037.78,636.39,71.40,244.09,0.7424,-1,-1,-1
787,76,1100.85,611.82,77.95,244.00,0.7829,-1,-1,-1
787,77,281.26,191.02,50.10,174.29,0.3077,-1,-1,-1
787,80,398.98,232.28,50.06,163.87,0.4858,-1,-1,-1
787,81,444.51,221.36,61.25,186.69,0.4268,-1,-1,-1
787,86,469.66,71.90,62.41,178.53,0.4261,-1,-1,-1
788,2,590.78,579.26,68.20,237.99,0.5398,-1,-1,-1
788,4,1722.93,452.68,74.04,211.72,0.7080,-1,-1,-1
788,64,290.30,499.07,75.30,229.33,0.7403,-1,-1,-1
788,70,877.52,955.30,82.37,124.71,0.7729,-1,-1,-1
788,71,1573.28,594.35,102.31,229.77,0.6772,-1,-1,-1
788,75,1035.87,633.77,70.28,237.99,0.7377,-1,-1,-1
788,76,1098.93,610.79,77.59,246.20,0.7646,-1,-1,-1
788,80,397.69,230.56,51.02,165.49,0.4637,-1,-1,-1
788,81,443.75,222.34,61.53,187.00,0.4997,-1,-1,-1
788,84,544.33,112.01,65.29,179.13,0.3171,-1,-1,-1
788,86,469.38,73.05,62.98,179.78,0.4461,-1,-1,-1
789,2,592.64,581.05,69.63,236.16,0.5916,-1,-1,-1
789,4,1723.38,452.95,74.26,213.23,0.7222,-1,-1,-1
789,64,289.63,500.63,76.13,227.40,0.7457,-1,-1,-1
789,70,877.81,955.64,81.28,124.37,0.7685,-1,-1,-1
789,71,1571.14,594.40,102.83,230.13,0.6652,-1,-1,-1
789,75,1033.28,630.79,70.70,234.35,0.7267,-1,-1,-1
789,76,1095.88,609.00,78.53,250.69,0.7914,-1,-1,-1
789,80,397.39,229.21,52.27,167.84,0.4556,-1,-1,-1
789,81,443.23,222.93,60.84,186.30,0.4825,-1,-1,-1
789,84,544.43,114.74,63.94,177.81,0.3209,-1,-1,-1
789,86,468.69,74.01,64.64,184.46,0.4624,-1,-1,-1
790,2,594.04,582.36,70.73,235.47,0.5954,-1,-1,-1
790,4,1722.86,452.11,73.31,212.39,0.7279,-1,-1,-1
790,64,289.87,501.63,76.32,224.38,0.7442,-1,-1,-1
790,70,877.71,953.68,81.64,126.32,0.7736,-1,-1,-1
790,71,1571.25,593.98,102.87,229.97,0.6712,-1,-1,-1
790,75,1032.89,629.23,68.81,221.03,0.7179,-1,-1,-1
790,76,1095.01,607.60,78.80,251.61,0.7809,-1,-1,-1
790,80,398.61,231.49,52.61,168.30,0.4159,-1,-1,-1
790,81,443.67,224.76,60.18,185.08,0.4171,-1,-1,-1
790,84,545.26,114.51,63.42,177.45,0.3036,-1,-1,-1
790,86,470.42,73.62,64.11,183.54,0.4613,-1,-1,-1
791,2,596.63,583.33,71.60,233.89,0.6070,-1,-1,-1
791,4,1722.83,452.96,73.81,213.03,0.7326,-1,-1,-1
791,64,289.14,502.33,77.33,224.90,0.7398,-1,-1,-1
791,70,878.77,953.84,80.08,126.17,0.7571,-1,-1,-1
791,71,1570.21,593.36,103.24,230.99,0.7025,-1,-1,-1
791,75,1030.28,626.72,71.61,225.47,0.7301,-1,-1,-1
791,76,1093.53,607.05,80.24,253.50,0.7685,-1,-1,-1
791,80,397.42,231.67,53.09,169.09,0.4136,-1,-1,-1
791,81,442.71,223.19,60.58,185.63,0.4587,-1,-1,-1
791,84,545.50,112.61,63.56,178.84,0.3360,-1,-1,-1
791,86,470.84,72.65,63.70,182.72,0.4285,-1,-1,-1
792,2,597.76,584.11,72.47,233.09,0.5912,-1,-1,-1
792,4,1722.46,452.49,73.71,212.40,0.7484,-1,-1,-1
792,64,288.62,503.50,77.84,224.45,0.7439,-1,-1,-1
792,70,879.48,953.24,78.33,126.76,0.7580,-1,-1,-1
792,71,1568.98,590.06,104.61,234.25,0.6773,-1,-1,-1
792,75,1027.05,623.84,74.64,235.03,0.7440,-1,-1,-1
792,76,1092.66,606.79,81.79,255.59,0.7663,-1,-1,-1
792,80,396.39,233.14,53.97,170.45,0.4270,-1,-1,-1
792,81,442.33,224.85,60.60,185.26,0.4488,-1,-1,-1
792,84,546.13,112.80,63.04,178.97,0.3211,-1,-1,-1
792,86,470.14,72.24,64.86,186.78,0.3986,-1,-1,-1
793,2,600.16,585.39,71.88,229.17,0.5969,-1,-1,-1
793,4,1722.73,452.42,73.25,211.99,0.7369,-1,-1,-1
793,64,288.59,506.63,78.44,225.82,0.7209,-1,-1,-1
793,70,879.85,952.40,76.92,127.60,0.7587,-1,-1,-1
793,71,1569.69,592.03,103.56,231.91,0.7006,-1,-1,-1
793,75,1024.47,620.31,76.03,241.22,0.7594,-1,-1,-1
793,76,1091.51,605.98,82.44,255.77,0.7804,-1,-1,-1
793,77,282.22,182.60,50.20,182.15,0.4088,-1,-1,-1
793,80,395.35,235.80,54.00,169.97,0.4424,-1,-1,-1
793,81,441.82,225.85,60.21,184.48,0.4411,-1,-1,-1
793,84,546.38,113.68,61.99,177.31,0.3214,-1,-1,-1
793,86,469.38,72.30,66.31,192.01,0.3894,-1,-1,-1
794,2,601.04,584.78,74.18,237.59,0.5290,-1,-1,-1
794,4,1722.82,452.65,74.04,212.71,0.7553,-1,-1,-1
794,64,288.30,509.46,79.40,228.87,0.7037,-1,-1,-1
794,70,879.32,950.79,75.23,129.21,0.7508,-1,-1,-1
794,71,1569.39,589.82,104.30,234.12,0.6838,-1,-1,-1
794,75,1023.36,618.74,76.52,243.70,0.7601,-1,-1,-1
794,76,1090.49,606.35,83.43,255.19,0.7447,-1,-1,-1
794,77,282.93,183.88,49.07,180.82,0.3825,-1,-1,-1
794,80,395.91,239.79,52.95,166.59,0.4559,-1,-1,-1
794,81,440.91,226.97,60.53,184.61,0.4774,-1,-1,-1
794,86,469.12,73.15,66.34,191.91,0.4191,-1,-1,-1
795,2,600.63,583.77,78.96,257.64,0.4698,-1,-1,-1
795,4,1722.22,452.73,73.47,210.97,0.7574,-1,-1,-1
795,64,287.51,511.16,79.51,232.07,0.7140,-1,-1,-1
795,70,879.52,949.58,73.13,130.40,0.7325,-1,-1,-1
795,71,1569.26,589.64,104.55,234.83,0.6853,-1,-1,-1
795,75,1020.92,616.13,76.81,245.36,0.7831,-1,-1,-1
795,76,1088.24,604.29,84.86,256.22,0.7677,-1,-1,-1
795,77,283.46,183.13,48.78,181.82,0.3837,-1,-1,-1
795,80,394.98,234.88,55.27,174.06,0.4297,-1,-1,-1
795,81,439.67,225.09,61.50,186.94,0.4588,-1,-1,-1
795,86,469.84,73.68,66.24,192.21,0.4335,-1,-1,-1
796,2,601.60,584.71,82.92,278.08,0.4861,-1,-1,-1
796,4,1723.02,452.02,73.58,211.86,0.7578,-1,-1,-1
796,64,287.37,513.48,79.41,234.26,0.7402,-1,-1,-1
796,70,879.81,949.23,70.71,130.77,0.7514,-1,-1,-1
796,71,1569.66,588.23,104.95,236.66,0.6230,-1,-1,-1
796,75,1018.67,616.26,76.07,245.18,0.8021,-1,-1,-1
796,76,1086.24,602.86,84.22,254.02,0.7898,-1,-1,-1
796,77,283.83,184.52,48.40,180.84,0.3458,-1,-1,-1
796,80,394.05,238.91,54.27,171.55,0.4845,-1,-1,-1
796,81,440.40,226.96,61.23,186.20,0.4974,-1,-1,-1
796,85,339.40,186.09,54.26,172.07,0.3591,-1,-1,-1
796,86,470.27,75.06,65.60,188.91,0.3838,-1,-1,-1
797,2,604.14,584.56,81.65,280.79,0.4508,-1,-1,-1
797,4,1723.18,451.36,73.83,213.92,0.7450,-1,-1,-1
797,64,287.06,515.67,78.13,233.15,0.7352,-1,-1,-1
797,70,879.81,948.05,69.34,131.95,0.7461,-1,-1,-1
797,71,1568.51,590.97,104.07,235.87,0.5980,-1,-1,-1
797,75,1016.72,615.10,75.81,247.39,0.8128,-1,-1,-1
797,76,1084.88,600.40,83.70,255.40,0.8018,-1,-1,-1
797,77,284.17,185.87,47.28,176.17,0.3084,-1,-1,-1
797,80,394.78,240.91,53.50,170.01,0.4827,-1,-1,-1
797,81,441.93,234.52,58.17,180.64,0.5165,-1,-1,-1
797,85,340.58,187.01,51.88,171.06,0.3615,-1,-1,-1
797,86,471.83,76.02,63.78,182.29,0.3105,-1,-1,-1
798,2,606.72,585.51,77.98,274.40,0.4425,-1,-1,-1
798,4,1723.16,451.84,73.20,212.57,0.7493,-1,-1,-1
798,64,286.43,516.29,78.31,236.23,0.7570,-1,-1,-1
798,70,879.66,946.53,68.12,133.46,0.7295,-1,-1,-1
798,71,1571.32,590.82,102.99,234.13,0.6813,-1,-1,-1
798,75,1016.08,614.16,75.27,246.93,0.8079,-1,-1,-1
798,76,1083.48,598.47,83.25,254.52,0.8042,-1,-1,-1
798,77,283.99,185.01,47.65,178.02,0.3240,-1,-1,-1
798,80,395.03,238.09,54.83,174.62,0.4818,-1,-1,-1
798,81,442.20,235.30,58.02,183.19,0.5096,-1,-1,-1
798,85,341.02,186.94,50.96,171.00,0.3554,-1,-1,-1
799,4,1723.64,451.96,72.50,212.13,0.7431,-1,-1,-1
799,64,286.23,519.52,77.13,233.62,0.7684,-1,-1,-1
799,70,879.71,945.27,66.85,134.71,0.7112,-1,-1,-1
799,71,1569.96,585.70,104.66,238.92,0.6099,-1,-1,-1
799,75,1013.86,616.59,74.01,244.92,0.7762,-1,-1,-1
799,76,1082.27,594.47,82.27,252.20,0.7762,-1,-1,-1
799,77,283.87,185.91,47.56,177.30,0.3131,-1,-1,-1
799,80,394.88,239.63,54.43,173.75,0.5211,-1,-1,-1
799,81,442.92,237.25,57.74,184.12,0.5635,-1,-1,-1
800,4,1723.31,452.17,72.34,211.21,0.7390,-1,-1,-1
800,64,284.57,522.44,77.73,236.77,0.7765,-1,-1,-1
800,70,880.15,944.23,65.76,135.77,0.6971,-1,-1,-1
800,71,1570.65,587.70,103.83,237.38,0.6165,-1,-1,-1
800,75,1012.15,615.65,74.01,244.46,0.7837,-1,-1,-1
800,76,1083.11,590.82,79.85,241.59,0.7349,-1,-1,-1
800,80,395.01,238.86,54.60,174.53,0.5141,-1,-1,-1
800,81,441.12,235.56,58.62,187.95,0.5498,-1,-1,-1
800,85,343.18,188.04,49.34,167.10,0.3340,-1,-1,-1
800,86,474.68,79.54,61.23,174.33,0.3130,-1,-1,-1
801,4,1722.65,452.54,72.86,212.38,0.7339,-1,-1,-1
801,64,283.19,522.93,77.50,236.64,0.8035,-1,-1,-1
801,70,879.70,942.83,65.35,137.17,0.6649,-1,-1,-1
801,71,1570.30,594.55,102.17,233.47,0.5835,-1,-1,-1
801,75,1009.04,613.20,74.25,243.82,0.7724,-1,-1,-1
801,76,1080.06,587.93,79.38,235.47,0.7592,-1,-1,-1
801,80,396.25,240.81,53.23,170.94,0.5210,-1,-1,-1
801,81,441.28,236.52,58.66,188.86,0.5207,-1,-1,-1
801,86,475.22,81.37,61.62,176.10,0.3017,-1,-1,-1
802,4,1722.83,451.85,72.63,211.62,0.7443,-1,-1,-1
802,64,282.17,524.17,76.59,234.82,0.8037,-1,-1,-1
802,70,879.75,941.70,64.44,138.27,0.6456,-1,-1,-1
802,71,1568.82,594.98,102.48,233.59,0.5782,-1,-1,-1
802,75,1008.54,611.66,73.93,245.50,0.7646,-1,-1,-1
802,76,1077.81,584.77,78.48,231.39,0.7485,-1,-1,-1
802,80,395.98,239.38,54.04,173.38,0.4900,-1,-1,-1
802,81,441.55,236.53,58.52,190.14,0.5692,-1,-1,-1
803,4,1722.62,452.79,72.78,212.05,0.7406,-1,-1,-1
803,64,281.60,525.11,76.62,234.44,0.7999,-1,-1,-1
803,70,879.38,942.60,62.82,137.40,0.6701,-1,-1,-1
803,71,1568.94,596.95,101.69,230.70,0.5040,-1,-1,-1
803,75,1006.57,608.80,74.35,247.14,0.7585,-1,-1,-1
803,76,1076.06,582.57,78.69,235.48,0.7597,-1,-1,-1
803,80,395.55,238.66,54.19,174.34,0.4962,-1,-1,-1
803,81,441.60,238.31,57.83,189.25,0.5478,-1,-1,-1
803,86,473.85,83.73,63.45,183.34,0.3117,-1,-1,-1
804,4,1722.43,452.55,72.94,212.31,0.7466,-1,-1,-1
804,64,280.50,526.61,75.72,232.55,0.7956,-1,-1,-1
804,70,879.25,941.37,62.60,138.65,0.6738,-1,-1,-1
804,71,1568.22,596.13,102.67,231.41,0.5803,-1,-1,-1
804,75,1004.26,605.60,73.93,245.35,0.7367,-1,-1,-1
804,76,1074.96,579.47,78.01,238.62,0.7574,-1,-1,-1
804,80,395.55,239.67,53.64,172.99,0.5354,-1,-1,-1
804,81,441.86,239.28,57.45,189.16,0.5598,-1,-1,-1
804,86,473.88,84.19,63.10,185.36,0.4084,-1,-1,-1
805,4,1721.87,453.18,73.41,212.40,0.7360,-1,-1,-1
805,64,279.15,527.19,76.08,232.26,0.8018,-1,-1,-1
805,70,879.37,939.42,62.75,140.60,0.6636,-1,-1,-1
805,71,1568.02,594.76,103.66,232.53,0.6026,-1,-1,-1
805,75,1002.21,602.10,72.21,239.70,0.7569,-1,-1,-1
805,76,1074.06,577.43,77.41,243.07,0.7711,-1,-1,-1
805,80,395.03,242.11,52.80,170.92,0.5300,-1,-1,-1
805,81,442.81,240.29,57.10,187.79,0.6113,-1,-1,-1
805,86,473.55,83.46,62.79,186.27,0.3924,-1,-1,-1
806,4,1721.90,452.59,73.73,212.35,0.7467,-1,-1,-1
806,64,278.04,528.11,76.51,231.37,0.8027,-1,-1,-1
806,70,879.37,938.43,62.66,141.60,0.6660,-1,-1,-1
806,71,1569.27,595.70,103.34,232.23,0.6058,-1,-1,-1
806,75,1000.09,599.49,71.76,237.71,0.7663,-1,-1,-1
806,76,1074.27,575.18,76.03,245.83,0.7756,-1,-1,-1
806,80,394.14,237.45,54.54,176.88,0.4840,-1,-1,-1
806,81,443.34,239.33,57.11,188.43,0.4956,-1,-1,-1
806,85,346.78,192.52,46.11,158.17,0.3197,-1,-1,-1
806,86,473.17,83.39,62.82,187.30,0.4025,-1,-1,-1
807,4,1722.30,454.15,74.39,212.95,0.7261,-1,-1,-1
807,64,277.73,528.99,76.60,229.94,0.7918,-1,-1,-1
807,70,879.05,937.47,62.37,142.54,0.6362,-1,-1,-1
807,71,1569.65,598.02,102.27,229.74,0.6048,-1,-1,-1
807,75,998.21,597.17,71.20,234.81,0.7667,-1,-1,-1
807,76,1073.82,574.30,74.68,245.52,0.7758,-1,-1,-1
807,77,283.76,186.69,48.04,176.50,0.3114,-1,-1,-1
807,80,393.61,238.22,55.09,178.72,0.4864,-1,-1,-1
807,81,443.45,238.86,56.73,187.88,0.4908,-1,-1,-1
807,86,474.81,83.33,62.70,188.25,0.3514,-1,-1,-1
808,4,1722.40,453.95,74.50,212.40,0.7252,-1,-1,-1
808,64,277.25,530.13,76.46,228.91,0.7946,-1,-1,-1
808,70,878.97,936.60,62.05,143.40,0.6371,-1,-1,-1
808,71,1570.90,592.88,103.69,232.27,0.6522,-1,-1,-1
808,75,997.61,595.24,70.05,231.29,0.7692,-1,-1,-1
808,76,1071.94,573.58,74.61,245.08,0.7735,-1,-1,-1
808,77,283.87,186.84,48.02,174.35,0.3020,-1,-1,-1
808,80,393.69,245.52,53.50,172.61,0.4969,-1,-1,-1
808,81,443.21,241.21,56.75,186.05,0.5661,-1,-1,-1
808,86,474.67,84.87,63.46,190.90,0.3447,-1,-1,-1
809,4,1722.19,455.57,74.04,209.93,0.7297,-1,-1,-1
809,64,276.42,531.59,76.81,228.41,0.8008,-1,-1,-1
809,70,879.49,936.98,61.22,142.77,0.6370,-1,-1,-1
809,71,1570.46,595.05,102.95,229.61,0.6825,-1,-1,-1
809,75,995.62,593.66,70.03,234.36,0.7697,-1,-1,-1
809,76,1069.78,573.40,75.48,246.04,0.7827,-1,-1,-1
809,77,283.57,187.23,48.85,176.79,0.3138,-1,-1,-1
809,80,392.23,247.97,54.08,173.99,0.4410,-1,-1,-1
809,81,441.53,240.58,57.88,186.49,0.5266,-1,-1,-1
810,4,1721.81,452.41,74.77,213.58,0.7340,-1,-1,-1
810,64,275.76,533.21,77.14,228.98,0.7915,-1,-1,-1
810,70,879.44,936.23,60.99,142.64,0.6510,-1,-1,-1
810,71,1570.52,596.06,103.14,228.93,0.6893,-1,-1,-1
810,75,994.44,592.50,70.38,236.94,0.7627,-1,-1,-1
810,76,1067.39,573.43,75.85,244.21,0.7690,-1,-1,-1
810,80,389.54,250.92,54.75,173.97,0.4381,-1,-1,-1
810,81,441.26,244.46,58.05,182.97,0.5847,-1,-1,-1
810,86,473.67,84.78,63.24,189.29,0.3249,-1,-1,-1
811,4,1722.09,452.29,73.85,211.99,0.7313,-1,-1,-1
811,64,275.23,535.29,78.04,231.53,0.7991,-1,-1,-1
811,70,879.44,935.65,61.78,143.20,0.6637,-1,-1,-1
811,71,1571.50,598.82,102.01,225.51,0.6999,-1,-1,-1
811,75,991.84,592.01,69.88,236.98,0.7654,-1,-1,-1
811,76,1066.02,571.72,76.68,245.86,0.7718,-1,-1,-1
811,80,390.75,252.34,55.15,175.16,0.4032,-1,-1,-1
811,81,441.20,244.44,58.94,183.75,0.5261,-1,-1,-1
811,86,473.58,84.31,65.08,194.17,0.3101,-1,-1,-1
812,4,1722.89,451.89,73.86,213.37,0.7280,-1,-1,-1
812,64,274.67,536.82,78.40,233.62,0.7987,-1,-1,-1
812,70,878.87,935.55,62.16,143.40,0.6738,-1,-1,-1
812,71,1570.73,594.36,103.46,229.80,0.6660,-1,-1,-1
812,75,990.65,590.92,69.37,238.95,0.7566,-1,-1,-1
812,76,1063.52,570.98,76.25,245.21,0.7598,-1,-1,-1
812,80,390.15,254.72,54.18,172.33,0.4489,-1,-1,-1
812,81,441.75,244.24,58.86,182.51,0.5487,-1,-1,-1
813,4,1722.93,452.01,73.49,213.12,0.7347,-1,-1,-1
813,64,273.36,538.21,79.25,237.71,0.7923,-1,-1,-1
813,70,878.36,935.69,62.67,143.27,0.6733,-1,-1,-1
813,71,1571.17,597.21,102.83,227.20,0.6661,-1,-1,-1
813,75,988.33,590.75,69.05,239.44,0.7701,-1,-1,-1
813,76,1062.37,569.36,76.01,247.51,0.7508,-1,-1,-1
813,80,389.08,256.14,54.41,173.63,0.4937,-1,-1,-1
813,81,440.79,242.12,59.81,184.74,0.4710,-1,-1,-1
814,4,1723.52,452.63,72.96,212.18,0.7231,-1,-1,-1
814,64,273.00,540.05,78.60,235.15,0.7850,-1,-1,-1
814,70,877.68,935.36,62.96,143.33,0.6511,-1,-1,-1
814,71,1571.22,597.30,103.03,227.56,0.6815,-1,-1,-1
814,75,986.45,589.76,67.80,236.00,0.7690,-1,-1,-1
814,76,1061.76,567.18,74.19,242.24,0.7253,-1,-1,-1
814,80,387.78,257.51,54.81,176.64,0.4727,-1,-1,-1
814,81,440.30,245.00,59.68,182.56,0.5469,-1,-1,-1
814,86,473.64,89.12,62.85,185.21,0.3125,-1,-1,-1
815,4,1723.65,452.92,72.57,211.28,0.7360,-1,-1,-1
815,64,272.43,542.31,78.63,235.18,0.7996,-1,-1,-1
815,70,877.50,935.01,63.47,144.14,0.6604,-1,-1,-1
815,71,1571.65,596.05,103.57,228.31,0.6789,-1,-1,-1
815,75,985.91,589.83,66.75,231.56,0.7668,-1,-1,-1
815,76,1061.32,565.39,71.08,232.24,0.7497,-1,-1,-1
815,77,285.73,185.23,49.14,174.08,0.3370,-1,-1,-1
815,80,387.39,260.10,53.85,174.61,0.4831,-1,-1,-1
815,81,439.10,244.32,61.23,186.19,0.4968,-1,-1,-1
815,86,472.74,89.77,62.95,184.63,0.3853,-1,-1,-1
816,4,1723.77,452.12,72.61,213.08,0.7306,-1,-1,-1
816,64,271.39,545.47,79.70,238.35,0.8064,-1,-1,-1
816,70,876.55,934.25,63.90,144.90,0.6881,-1,-1,-1
816,71,1571.77,596.54,103.19,228.04,0.6860,-1,-1,-1
816,75,984.45,588.67,66.27,225.92,0.7578,-1,-1,-1
816,76,1060.07,564.20,69.73,229.03,0.7784,-1,-1,-1
816,77,286.16,185.25,49.70,173.23,0.3141,-1,-1,-1
816,80,386.96,261.65,53.80,173.87,0.4869,-1,-1,-1
816,81,437.69,248.52,61.69,186.33,0.5220,-1,-1,-1
816,86,472.39,89.79,62.45,183.43,0.3827,-1,-1,-1
817,4,1724.05,455.01,71.80,209.18,0.7355,-1,-1,-1
817,64,271.39,548.39,79.39,235.69,0.8117,-1,-1,-1
817,70,875.72,934.12,63.64,144.73,0.6947,-1,-1,-1
817,71,1571.24,597.41,103.06,227.08,0.6832,-1,-1,-1
817,75,982.48,586.72,66.03,221.86,0.7637,-1,-1,-1
817,76,1057.56,560.88,68.71,229.66,0.8024,-1,-1,-1
817,80,387.17,264.40,52.98,169.42,0.5317,-1,-1,-1
817,81,437.96,251.62,61.18,184.51,0.5880,-1,-1,-1
817,86,472.26,91.53,62.33,184.18,0.4440,-1,-1,-1
817,88,1628.93,3.16,48.96,134.70,0.3795,-1,-1,-1
818,4,1722.56,452.13,73.31,213.85,0.7291,-1,-1,-1
818,64,271.56,550.46,80.25,239.19,0.8095,-1,-1,-1
818,70,874.62,933.69,64.26,145.60,0.7191,-1,-1,-1
818,71,1569.30,593.44,105.03,231.63,0.6823,-1,-1,-1
818,75,981.77,585.64,65.44,216.66,0.7787,-1,-1,-1
818,76,1055.24,558.38,68.67,230.57,0.7992,-1,-1,-1
818,77,287.32,185.12,50.36,172.61,0.3161,-1,-1,-1
818,80,386.13,266.61,52.28,166.71,0.5093,-1,-1,-1
818,81,437.97,255.73,60.97,183.85,0.5598,-1,-1,-1
818,86,472.38,93.42,61.56,183.62,0.3772,-1,-1,-1
819,4,1723.64,453.69,73.04,212.41,0.7254,-1,-1,-1
819,64,271.93,551.59,79.68,238.92,0.7907,-1,-1,-1
819,70,874.15,934.59,64.75,144.84,0.7204,-1,-1,-1
819,71,1570.53,597.05,103.17,227.83,0.7097,-1,-1,-1
819,75,979.47,583.86,65.02,216.61,0.8196,-1,-1,-1
819,76,1051.54,554.13,71.12,235.55,0.8177,-1,-1,-1
819,80,385.17,264.90,52.85,167.56,0.5216,-1,-1,-1
819,81,436.43,256.04,61.68,186.60,0.6077,-1,-1,-1
819,84,557.73,123.61,59.67,163.94,0.3194,-1,-1,-1
819,86,471.44,94.92,62.10,187.12,0.4015,-1,-1,-1
819,89,789.44,131.98,65.06,178.57,0.3425,-1,-1,-1
820,4,1723.41,455.85,72.50,209.40,0.7247,-1,-1,-1
820,64,272.72,552.11,79.03,239.62,0.8012,-1,-1,-1
820,70,873.06,935.03,64.72,144.92,0.7121,-1,-1,-1
820,71,1570.85,596.15,103.40,228.32,0.7059,-1,-1,-1
820,75,977.16,579.63,65.78,219.40,0.8336,-1,-1,-1
820,76,1047.39,553.30,73.21,236.18,0.8185,-1,-1,-1
820,80,384.20,265.14,53.53,168.82,0.5371,-1,-1,-1
820,81,436.95,260.42,61.09,183.97,0.6611,-1,-1,-1
820,86,471.08,93.44,62.53,192.40,0.5040,-1,-1,-1
820,89,788.85,131.22,65.52,180.23,0.3460,-1,-1,-1
821,4,1723.14,452.59,73.28,212.84,0.7162,-1,-1,-1
821,64,273.00,552.56,78.53,238.22,0.7831,-1,-1,-1
821,70,873.12,934.78,64.92,145.22,0.7218,-1,-1,-1
821,71,1570.68,597.09,103.17,227.62,0.6981,-1,-1,-1
821,75,975.23,576.52,66.48,220.97,0.8350,-1,-1,-1
821,76,1045.09,551.80,75.83,236.45,0.8371,-1,-1,-1
821,80,382.50,264.72,54.38,170.63,0.5338,-1,-1,-1
821,81,435.54,260.47,62.65,188.07,0.6443,-1,-1,-1
821,86,470.43,89.20,64.07,200.74,0.4887,-1,-1,-1
821,89,788.86,132.76,65.14,179.27,0.3238,-1,-1,-1
822,4,1722.90,453.19,73.32,212.43,0.7219,-1,-1,-1
822,64,273.32,554.07,78.65,237.60,0.7676,-1,-1,-1
822,70,872.80,935.62,64.91,144.39,0.7199,-1,-1,-1
822,71,1571.73,596.15,103.09,228.24,0.7121,-1,-1,-1
822,75,974.06,573.55,66.01,215.21,0.8115,-1,-1,-1
822,76,1042.85,550.63,78.44,237.56,0.8328,-1,-1,-1
822,80,383.01,264.25,54.30,171.02,0.4873,-1,-1,-1
822,81,436.07,261.35,62.44,187.32,0.6091,-1,-1,-1
822,86,470.41,89.61,63.57,202.36,0.4755,-1,-1,-1
822,89,788.83,133.82,64.54,177.27,0.3746,-1,-1,-1
823,4,1722.53,453.28,73.34,212.51,0.7328,-1,-1,-1
823,64,273.58,554.76,78.68,236.57,0.7801,-1,-1,-1
823,70,872.18,936.47,64.63,143.51,0.7138,-1,-1,-1
823,71,1570.98,595.36,103.29,228.86,0.6896,-1,-1,-1
823,75,971.57,569.37,69.01,226.44,0.8126,-1,-1,-1
823,76,1042.02,549.59,80.87,240.92,0.8220,-1,-1,-1
823,80,382.37,267.89,53.93,167.98,0.5639,-1,-1,-1
823,81,436.97,261.76,61.95,187.13,0.6339,-1,-1,-1
823,86,470.45,91.11,62.79,201.44,0.4619,-1,-1,-1
823,89,788.90,134.16,64.68,177.39,0.3531,-1,-1,-1
824,4,1723.02,456.15,72.91,209.95,0.7124,-1,-1,-1
824,64,273.39,555.42,79.18,236.20,0.7698,-1,-1,-1
824,70,871.81,936.74,64.69,142.07,0.7265,-1,-1,-1
824,71,1571.09,596.37,103.26,228.27,0.6776,-1,-1,-1
824,75,966.95,568.33,70.13,231.64,0.7732,-1,-1,-1
824,76,1038.89,548.09,83.97,243.66,0.7980,-1,-1,-1
824,80,382.84,270.48,53.66,166.90,0.5496,-1,-1,-1
824,81,436.74,262.11,61.64,187.36,0.6669,-1,-1,-1
824,86,470.96,92.25,61.94,201.00,0.4805,-1,-1,-1
824,89,788.92,133.31,65.11,178.36,0.3810,-1,-1,-1
825,4,1722.22,454.34,74.12,211.95,0.7154,-1,-1,-1
825,64,273.11,557.22,79.34,233.91,0.7742,-1,-1,-1
825,70,870.71,937.47,64.96,142.03,0.6985,-1,-1,-1
825,71,1571.84,599.31,101.79,225.00,0.6944,-1,-1,-1
825,75,965.52,566.79,69.65,232.89,0.7745,-1,-1,-1
825,76,1038.67,548.43,87.01,244.68,0.7935,-1,-1,-1
825,77,292.17,180.71,52.92,178.80,0.3281,-1,-1,-1
825,80,382.13,271.42,54.11,168.41,0.5607,-1,-1,-1
825,81,436.41,262.65,61.55,187.41,0.6560,-1,-1,-1
825,86,471.11,94.00,61.35,199.85,0.4358,-1,-1,-1
825,89,790.18,133.85,64.84,178.03,0.3888,-1,-1,-1
826,4,1721.36,455.76,74.36,209.18,0.7347,-1,-1,-1
826,64,272.91,559.10,79.77,231.96,0.7890,-1,-1,-1
826,70,869.41,937.85,65.68,142.13,0.7043,-1,-1,-1
826,71,1572.10,596.81,102.60,227.10,0.6841,-1,-1,-1
826,75,963.33,565.29,69.53,234.42,0.7712,-1,-1,-1
826,76,1037.72,547.69,88.06,241.93,0.7725,-1,-1,-1
826,80,381.95,271.99,53.80,167.61,0.5283,-1,-1,-1
826,81,435.51,263.76,61.66,186.55,0.6904,-1,-1,-1
826,86,471.32,93.12,61.22,199.51,0.4358,-1,-1,-1
826,89,791.98,133.96,64.48,179.03,0.3371,-1,-1,-1
827,4,1721.40,454.41,75.49,211.27,0.7303,-1,-1,-1
827,64,272.45,560.03,80.44,231.10,0.7894,-1,-1,-1
827,70,869.62,939.14,65.84,140.88,0.7118,-1,-1,-1
827,71,1571.60,596.75,103.09,227.43,0.6698,-1,-1,-1
827,75,962.69,563.85,68.36,231.60,0.7662,-1,-1,-1
827,76,1035.69,546.78,89.67,241.63,0.7690,-1,-1,-1
827,80,380.53,271.96,54.47,169.07,0.5155,-1,-1,-1
827,81,435.97,264.47,61.29,185.26,0.6709,-1,-1,-1
827,86,471.62,95.92,60.49,196.06,0.4095,-1,-1,-1
827,88,1637.24,5.56,51.56,143.58,0.3149,-1,-1,-1
827,89,791.14,132.30,65.00,180.00,0.3418,-1,-1,-1
828,4,1720.77,453.27,75.35,212.12,0.7416,-1,-1,-1
828,64,272.25,561.67,80.77,231.01,0.7897,-1,-1,-1
828,70,868.99,939.38,66.15,140.63,0.7060,-1,-1,-1
828,71,1572.34,595.87,103.24,228.45,0.6726,-1,-1,-1
828,75,960.36,563.39,68.49,230.68,0.7608,-1,-1,-1
828,76,1034.78,544.76,91.73,243.70,0.7913,-1,-1,-1
828,80,377.29,271.81,56.26,173.06,0.5264,-1,-1,-1
828,81,436.23,264.11,61.05,185.10,0.6805,-1,-1,-1
828,86,471.81,96.73,60.20,194.62,0.4337,-1,-1,-1
828,89,791.38,132.69,64.82,179.21,0.3351,-1,-1,-1
829,4,1721.40,452.82,75.01,212.57,0.7356,-1,-1,-1
829,64,271.72,562.40,81.75,234.14,0.7947,-1,-1,-1
829,70,869.83,939.47,65.85,140.53,0.7155,-1,-1,-1
829,71,1571.94,596.22,103.03,227.57,0.6824,-1,-1,-1
829,75,959.12,561.79,69.13,232.72,0.7777,-1,-1,-1
829,76,1032.56,543.13,91.87,244.02,0.7742,-1,-1,-1
829,80,377.70,272.47,57.03,175.53,0.5468,-1,-1,-1
829,81,436.39,264.30,60.96,185.17,0.6978,-1,-1,-1
829,86,472.07,98.79,60.52,195.80,0.4350,-1,-1,-1
829,89,793.11,133.36,64.59,178.64,0.3183,-1,-1,-1
830,4,1721.24,452.62,74.85,212.79,0.7458,-1,-1,-1
830,64,271.75,563.60,82.09,238.70,0.7990,-1,-1,-1
830,70,868.92,941.00,65.90,139.01,0.7040,-1,-1,-1
830,71,1571.57,593.85,103.59,230.06,0.6841,-1,-1,-1
830,75,958.25,562.26,68.52,232.39,0.7996,-1,-1,-1
830,76,1032.72,540.81,92.41,245.70,0.7964,-1,-1,-1
830,80,373.71,272.47,58.33,177.24,0.5586,-1,-1,-1
830,81,435.95,266.00,60.67,183.50,0.6679,-1,-1,-1
830,86,472.78,102.12,59.96,193.96,0.3677,-1,-1,-1
830,89,794.60,134.04,64.17,178.63,0.3170,-1,-1,-1
831,4,1722.10,455.83,74.39,210.06,0.7314,-1,-1,-1
831,64,271.42,566.07,82.15,242.84,0.8093,-1,-1,-1
831,70,869.30,941.41,65.85,138.60,0.7115,-1,-1,-1
831,71,1572.13,593.75,103.05,230.49,0.7001,-1,-1,-1
831,75,957.02,562.73,68.43,232.76,0.8019,-1,-1,-1
831,76,1031.47,538.27,92.35,247.00,0.7988,-1,-1,-1
831,80,371.97,273.63,59.54,180.28,0.5296,-1,-1,-1
831,81,435.62,266.61,60.99,183.89,0.6207,-1,-1,-1
831,86,473.02,103.61,60.72,194.55,0.3572,-1,-1,-1
831,89,796.00,134.32,63.68,179.66,0.3394,-1,-1,-1
832,4,1720.89,452.96,75.16,212.80,0.7499,-1,-1,-1
832,64,271.49,569.19,81.52,242.66,0.8219,-1,-1,-1
832,70,869.76,942.35,65.82,137.65,0.6851,-1,-1,-1
832,71,1572.62,592.39,103.03,231.65,0.6929,-1,-1,-1
832,75,955.41,562.57,68.11,231.26,0.7728,-1,-1,-1
832,76,1029.64,535.38,89.96,245.27,0.7805,-1,-1,-1
832,80,371.51,273.64,60.13,181.53,0.5159,-1,-1,-1
832,81,436.38,267.65,61.46,183.97,0.6227,-1,-1,-1
832,89,797.00,134.37,63.27,179.44,0.3397,-1,-1,-1
833,4,1720.54,452.87,75.39,213.30,0.7513,-1,-1,-1
833,64,270.47,571.73,81.71,243.97,0.8197,-1,-1,-1
833,70,869.96,943.46,65.90,136.55,0.7041,-1,-1,-1
833,71,1571.87,590.88,103.34,233.21,0.6643,-1,-1,-1
833,75,953.45,560.28,68.50,232.25,0.7714,-1,-1,-1
833,76,1030.72,532.99,85.16,232.01,0.7928,-1,-1,-1
833,80,370.19,272.13,61.16,184.12,0.4356,-1,-1,-1
833,81,435.56,267.40,62.67,187.32,0.6191,-1,-1,-1
833,89,797.64,135.01,62.49,177.95,0.3584,-1,-1,-1
834,4,1720.44,455.25,75.58,210.15,0.7542,-1,-1,-1
834,64,269.83,574.09,81.42,243.62,0.8161,-1,-1,-1
834,70,870.10,943.96,66.86,136.05,0.7142,-1,-1,-1
834,71,1571.77,590.23,103.73,234.00,0.6828,-1,-1,-1
834,75,951.02,554.13,70.12,239.38,0.7566,-1,-1,-1
834,76,1030.57,528.47,83.91,231.50,0.8008,-1,-1,-1
834,80,368.72,272.54,61.19,183.41,0.3894,-1,-1,-1
834,81,435.24,267.84,63.31,190.02,0.5849,-1,-1,-1
834,89,798.58,135.25,62.48,178.34,0.3470,-1,-1,-1
835,4,1719.96,453.14,77.30,214.18,0.7453,-1,-1,-1
835,64,269.30,576.38,80.72,245.15,0.8264,-1,-1,-1
835,70,869.33,943.28,68.56,136.72,0.6990,-1,-1,-1
835,71,1570.71,588.82,104.36,235.25,0.6455,-1,-1,-1
835,75,949.00,552.40,69.73,238.53,0.7588,-1,-1,-1
835,76,1029.91,525.86,82.36,231.53,0.7954,-1,-1,-1
835,80,371.84,279.06,58.04,174.19,0.4340,-1,-1,-1
835,81,436.97,271.03,62.38,189.32,0.6504,-1,-1,-1
835,89,801.09,135.33,61.15,176.72,0.3550,-1,-1,-1
836,4,1719.40,456.23,76.68,210.09,0.7407,-1,-1,-1
836,64,269.01,579.01,80.26,244.77,0.8160,-1,-1,-1
836,70,867.43,943.00,71.66,136.99,0.7306,-1,-1,-1
836,71,1570.78,591.00,103.72,233.40,0.6672,-1,-1,-1
836,75,949.40,550.02,66.90,227.07,0.7773,-1,-1,-1
836,76,1030.26,523.06,80.26,233.53,0.7916,-1,-1,-1
836,80,372.30,279.82,57.64,173.35,0.4681,-1,-1,-1
836,81,437.56,273.64,61.36,189.45,0.6299,-1,-1,-1
836,89,802.24,135.77,60.33,176.24,0.3888,-1,-1,-1
837,4,1719.95,453.97,77.63,213.60,0.7496,-1,-1,-1
837,64,268.25,580.20,79.90,244.16,0.8028,-1,-1,-1
837,70,867.07,943.27,73.17,136.74,0.7275,-1,-1,-1
837,71,1570.01,589.75,104.98,234.90,0.6250,-1,-1,-1
837,75,947.37,547.70,67.13,226.43,0.7744,-1,-1,-1
837,76,1030.45,520.42,77.73,234.26,0.7735,-1,-1,-1
837,80,371.74,280.12,57.62,172.89,0.4106,-1,-1,-1
837,81,438.77,277.60,59.67,187.31,0.6277,-1,-1,-1
837,89,801.34,135.09,61.32,177.93,0.3657,-1,-1,-1
838,4,1719.43,456.01,76.77,207.90,0.7585,-1,-1,-1
838,64,267.81,581.65,79.20,242.15,0.7859,-1,-1,-1
838,70,866.61,943.35,74.22,136.57,0.7208,-1,-1,-1
838,71,1571.46,591.98,103.91,232.06,0.6791,-1,-1,-1
838,75,944.84,545.84,67.27,227.48,0.7841,-1,-1,-1
838,76,1031.37,519.48,75.31,234.87,0.7756,-1,-1,-1
838,80,362.42,277.20,61.16,176.90,0.4528,-1,-1,-1
838,81,435.75,273.30,61.79,193.21,0.6384,-1,-1,-1
838,89,803.13,135.49,60.73,177.30,0.3662,-1,-1,-1
839,4,1719.07,452.63,77.59,212.42,0.7573,-1,-1,-1
839,64,266.76,582.83,79.13,240.22,0.7657,-1,-1,-1
839,70,866.30,942.38,75.50,137.28,0.7165,-1,-1,-1
839,71,1571.13,591.57,104.42,232.27,0.6137,-1,-1,-1
839,75,944.21,543.28,67.35,229.16,0.7773,-1,-1,-1
839,76,1032.56,519.42,73.52,235.00,0.7686,-1,-1,-1
839,80,368.23,280.45,59.28,172.85,0.4415,-1,-1,-1
839,81,436.04,276.48,61.23,191.20,0.6192,-1,-1,-1
839,89,804.22,136.77,60.44,176.34,0.3829,-1,-1,-1
840,4,1719.75,452.79,76.94,212.08,0.7559,-1,-1,-1
840,64,264.49,583.95,79.45,239.16,0.7395,-1,-1,-1
840,70,866.47,943.62,75.56,135.89,0.7148,-1,-1,-1
840,71,1571.00,594.07,104.34,230.32,0.6460,-1,-1,-1
840,75,942.73,541.52,67.11,229.31,0.7689,-1,-1,-1
840,76,1032.66,519.05,71.95,233.71,0.7631,-1,-1,-1
840,80,359.54,276.11,63.10,177.40,0.5059,-1,-1,-1
840,81,434.87,274.36,62.20,193.11,0.6562,-1,-1,-1
840,89,805.63,137.26,59.82,175.38,0.4503,-1,-1,-1
841,4,1719.62,452.23,76.97,212.68,0.7449,-1,-1,-1
841,64,263.88,585.22,79.83,236.99,0.7609,-1,-1,-1
841,70,868.07,943.57,76.45,135.96,0.7294,-1,-1,-1
841,71,1571.51,594.00,104.70,230.71,0.6776,-1,-1,-1
841,75,941.24,540.12,67.22,231.06,0.7721,-1,-1,-1
841,76,1031.44,518.59,71.05,233.28,0.7483,-1,-1,-1
841,80,358.23,275.66,64.88,179.35,0.5058,-1,-1,-1
841,81,436.03,278.86,60.41,190.56,0.6530,-1,-1,-1
841,86,473.04,108.41,61.38,195.91,0.3444,-1,-1,-1
841,89,805.41,136.30,60.50,175.47,0.3898,-1,-1,-1
842,4,1720.11,455.95,76.29,209.30,0.7272,-1,-1,-1
842,64,263.24,585.61,80.82,236.85,0.7748,-1,-1,-1
842,70,867.43,943.47,77.34,136.25,0.7153,-1,-1,-1
842,71,1572.62,594.62,104.23,229.75,0.6518,-1,-1,-1
842,75,939.18,539.42,67.03,232.55,0.7716,-1,-1,-1
842,76,1028.27,517.28,71.55,232.90,0.7373,-1,-1,-1
842,80,365.71,282.22,61.25,173.32,0.5131,-1,-1,-1
842,81,437.17,278.72,59.58,189.68,0.6421,-1,-1,-1
842,89,805.50,136.55,60.67,175.00,0.4144,-1,-1,-1
843,4,1719.65,455.97,76.99,208.55,0.7326,-1,-1,-1
843,64,261.89,586.51,81.89,235.74,0.7887,-1,-1,-1
843,70,867.99,943.72,78.02,135.78,0.7209,-1,-1,-1
843,71,1571.01,593.15,105.27,231.87,0.6284,-1,-1,-1
843,75,938.23,538.84,66.56,232.19,0.7837,-1,-1,-1
843,76,1025.20,516.97,73.20,233.49,0.7527,-1,-1,-1
843,80,365.93,283.21,61.25,175.26,0.5540,-1,-1,-1
843,81,438.01,280.76,58.87,187.62,0.6733,-1,-1,-1
843,86,469.84,110.41,63.27,201.35,0.3011,-1,-1,-1
843,89,806.60,137.16,60.82,174.94,0.3590,-1,-1,-1
844,4,1719.32,453.51,78.30,212.26,0.7412,-1,-1,-1
844,64,261.88,587.57,82.36,235.28,0.7974,-1,-1,-1
844,70,867.81,943.23,78.74,136.37,0.7208,-1,-1,-1
844,71,1570.71,592.37,104.98,232.32,0.6321,-1,-1,-1
844,75,937.54,536.74,66.41,233.71,0.7891,-1,-1,-1
844,76,1022.43,516.74,73.78,231.76,0.7795,-1,-1,-1
844,80,361.28,280.71,63.89,181.55,0.5285,-1,-1,-1
844,81,438.17,281.72,58.66,186.94,0.6716,-1,-1,-1
844,86,469.70,111.53,63.02,200.03,0.3061,-1,-1,-1
844,89,806.80,137.08,60.99,174.55,0.3834,-1,-1,-1
845,4,1718.73,456.51,77.41,207.87,0.7514,-1,-1,-1
845,64,261.57,588.32,82.84,235.59,0.7995,-1,-1,-1
845,70,867.35,943.54,79.10,136.04,0.7120,-1,-1,-1
845,71,1570.36,592.79,104.33,231.47,0.6418,-1,-1,-1
845,75,936.53,536.31,66.52,233.99,0.7750,-1,-1,-1
845,76,1021.71,516.84,72.83,228.94,0.7743,-1,-1,-1
845,80,360.89,282.71,63.92,181.92,0.5546,-1,-1,-1
845,81,438.02,280.91,58.62,188.30,0.6712,-1,-1,-1
845,89,806.75,137.42,61.21,174.30,0.3504,-1,-1,-1
846,4,1718.65,455.90,78.07,208.30,0.7434,-1,-1,-1
846,64,261.20,589.44,83.74,237.05,0.7939,-1,-1,-1
846,70,867.34,944.54,79.21,134.83,0.7197,-1,-1,-1
846,71,1570.47,595.21,103.65,229.16,0.6630,-1,-1,-1
846,75,934.96,535.48,66.44,232.25,0.7835,-1,-1,-1
846,76,1020.58,515.65,73.30,229.12,0.7743,-1,-1,-1
846,80,359.70,284.22,64.37,181.93,0.5688,-1,-1,-1
846,81,438.26,282.13,57.90,186.75,0.6581,-1,-1,-1
846,89,806.64,137.35,61.73,175.07,0.3674,-1,-1,-1
847,4,1718.04,454.02,79.46,210.98,0.7454,-1,-1,-1
847,64,261.15,593.31,83.98,236.51,0.7786,-1,-1,-1
847,70,867.79,944.62,80.00,134.94,0.6938,-1,-1,-1
847,71,1569.99,593.89,104.24,230.12,0.6545,-1,-1,-1
847,75,934.03,534.46,66.29,230.31,0.7623,-1,-1,-1
847,76,1018.26,512.84,74.31,234.06,0.7548,-1,-1,-1
847,80,359.81,288.11,64.02,179.78,0.5599,-1,-1,-1
847,81,438.52,281.49,57.42,186.31,0.6359,-1,-1,-1
847,89,805.60,138.02,62.78,174.69,0.3744,-1,-1,-1
848,4,1717.41,452.85,79.37,211.75,0.7519,-1,-1,-1
848,64,261.63,595.62,84.11,237.98,0.7984,-1,-1,-1
848,70,867.24,944.56,80.53,134.75,0.7062,-1,-1,-1
848,71,1570.45,593.65,104.29,230.05,0.6401,-1,-1,-1
848,75,933.00,532.69,66.29,230.23,0.7651,-1,-1,-1
848,76,1017.35,510.80,72.00,227.42,0.7525,-1,-1,-1
848,80,358.43,288.46,64.45,180.26,0.5680,-1,-1,-1
848,81,437.07,280.40,57.89,188.27,0.6348,-1,-1,-1
848,89,806.37,138.98,63.14,173.31,0.3565,-1,-1,-1
849,4,1718.03,453.52,79.21,211.10,0.7520,-1,-1,-1
849,64,261.29,597.61,85.05,242.60,0.7930,-1,-1,-1
849,70,867.47,945.30,80.83,134.03,0.6869,-1,-1,-1
849,71,1572.12,594.63,103.56,229.83,0.6753,-1,-1,-1
849,75,931.74,530.21,66.12,231.26,0.7692,-1,-1,-1
849,76,1014.89,509.16,69.69,222.29,0.7447,-1,-1,-1
849,80,357.28,293.76,64.48,177.29,0.6082,-1,-1,-1
849,81,436.40,279.53,57.88,189.34,0.6427,-1,-1,-1
849,89,807.07,137.85,63.57,174.14,0.3704,-1,-1,-1
850,4,1718.10,453.28,79.56,213.26,0.7482,-1,-1,-1
850,64,261.84,599.52,84.58,241.53,0.7985,-1,-1,-1
850,70,867.86,945.06,81.20,133.75,0.6974,-1,-1,-1
850,71,1572.56,595.01,103.27,229.31,0.6768,-1,-1,-1
850,75,930.96,527.51,65.37,232.40,0.7859,-1,-1,-1
850,76,1012.73,506.12,69.17,224.47,0.8031,-1,-1,-1
850,80,355.62,296.82,65.48,175.93,0.5993,-1,-1,-1
850,81,437.84,276.67,60.05,196.07,0.6309,-1,-1,-1
850,89,807.65,137.62,63.77,174.38,0.3724,-1,-1,-1
851,4,1717.52,452.80,78.66,210.97,0.7407,-1,-1,-1
851,64,261.93,600.86,84.91,243.07,0.8083,-1,-1,-1
851,70,868.69,945.05,81.93,133.82,0.7021,-1,-1,-1
851,71,1572.15,593.57,103.76,230.74,0.6590,-1,-1,-1
851,75,929.02,525.53,65.65,235.30,0.7966,-1,-1,-1
851,76,1008.70,503.50,69.79,225.34,0.8157,-1,-1,-1
851,80,354.02,298.67,66.14,174.19,0.5639,-1,-1,-1
851,81,437.73,284.78,58.23,190.98,0.6276,-1,-1,-1
851,86,470.15,123.66,60.55,190.11,0.3289,-1,-1,-1
851,89,806.62,138.90,64.11,172.70,0.3804,-1,-1,-1
852,4,1718.13,456.38,78.29,208.43,0.7367,-1,-1,-1
852,64,263.74,603.66,84.23,243.73,0.8042,-1,-1,-1
852,70,869.28,945.11,82.32,133.94,0.7008,-1,-1,-1
852,71,1571.47,593.70,103.95,230.46,0.6423,-1,-1,-1
852,75,929.75,522.91,61.47,217.23,0.7426,-1,-1,-1
852,76,1006.89,501.87,69.82,226.50,0.8067,-1,-1,-1
852,80,352.14,298.68,67.64,175.36,0.5338,-1,-1,-1
852,81,436.97,288.67,56.99,188.44,0.5885,-1,-1,-1
852,86,469.18,124.13,61.06,188.31,0.4052,-1,-1,-1
852,89,807.97,137.90,64.19,173.56,0.3584,-1,-1,-1
853,4,1718.89,453.50,79.08,211.25,0.7236,-1,-1,-1
853,64,264.84,606.30,84.21,243.90,0.8003,-1,-1,-1
853,70,868.98,945.15,82.63,134.16,0.6998,-1,-1,-1
853,71,1570.65,593.18,104.22,231.16,0.6007,-1,-1,-1
853,75,928.76,520.52,61.93,210.35,0.7779,-1,-1,-1
853,76,1003.19,500.47,71.14,227.52,0.8231,-1,-1,-1
853,80,349.90,297.88,69.15,176.98,0.4830,-1,-1,-1
853,81,437.26,291.33,57.33,188.62,0.5942,-1,-1,-1
853,86,466.34,123.65,63.64,193.07,0.4543,-1,-1,-1
853,89,807.28,137.77,64.56,174.81,0.3890,-1,-1,-1
854,4,1718.07,456.87,78.50,207.57,0.7261,-1,-1,-1
854,64,264.73,606.81,84.85,245.84,0.8175,-1,-1,-1
854,70,869.14,944.85,82.92,134.09,0.7023,-1,-1,-1
854,71,1569.72,594.20,104.40,230.06,0.5999,-1,-1,-1
854,75,927.21,517.90,65.05,219.70,0.7967,-1,-1,-1
854,76,998.77,498.78,74.16,229.79,0.8228,-1,-1,-1
854,80,348.77,296.76,70.07,178.10,0.4767,-1,-1,-1
854,81,436.75,289.12,58.64,194.08,0.6084,-1,-1,-1
854,86,463.89,122.20,65.88,197.11,0.4866,-1,-1,-1
854,89,807.46,137.76,64.53,174.71,0.3739,-1,-1,-1
855,4,1717.86,456.68,79.00,207.61,0.7336,-1,-1,-1
855,64,266.39,608.65,84.38,246.07,0.8214,-1,-1,-1
855,70,869.79,944.49,82.97,134.42,0.7195,-1,-1,-1
855,71,1570.29,592.86,104.95,231.45,0.6227,-1,-1,-1
855,75,926.12,515.25,65.34,221.74,0.7904,-1,-1,-1
855,76,997.81,496.81,75.62,231.88,0.7963,-1,-1,-1
855,80,346.56,300.28,69.99,175.05,0.4915,-1,-1,-1
855,81,435.93,290.65,58.80,194.61,0.6364,-1,-1,-1
855,86,465.12,124.15,65.76,197.34,0.5021,-1,-1,-1
855,89,807.04,137.62,65.04,176.14,0.3574,-1,-1,-1
856,4,1717.73,457.11,79.84,209.27,0.7428,-1,-1,-1
856,64,267.49,610.25,83.55,243.24,0.8048,-1,-1,-1
856,70,871.67,944.51,82.30,134.20,0.7284,-1,-1,-1
856,71,1571.19,592.08,105.18,232.52,0.6383,-1,-1,-1
856,75,925.08,512.29,65.65,223.76,0.8040,-1,-1,-1
856,76,996.62,495.43,77.82,233.70,0.8202,-1,-1,-1
856,80,345.54,299.55,71.11,176.97,0.4824,-1,-1,-1
856,81,435.31,292.44,58.84,195.46,0.6013,-1,-1,-1
856,86,466.40,125.31,64.71,195.76,0.4602,-1,-1,-1
856,89,807.01,137.19,64.71,175.54,0.3599,-1,-1,-1
857,4,1717.61,454.90,80.38,212.86,0.7293,-1,-1,-1
857,64,269.01,610.67,82.90,241.56,0.7872,-1,-1,-1
857,70,872.06,943.68,81.95,134.93,0.7172,-1,-1,-1
857,71,1571.84,592.49,104.90,232.10,0.6289,-1,-1,-1
857,75,921.63,511.09,66.59,226.02,0.7819,-1,-1,-1
857,76,996.29,495.04,79.15,234.85,0.8034,-1,-1,-1
857,80,348.70,304.01,68.06,170.15,0.5089,-1,-1,-1
857,81,435.14,294.05,58.90,195.05,0.6069,-1,-1,-1
857,86,467.17,128.24,64.35,196.15,0.4170,-1,-1,-1
857,89,807.40,137.46,64.28,174.59,0.3360,-1,-1,-1
858,4,1717.35,457.54,79.39,208.57,0.7340,-1,-1,-1
858,64,270.05,611.46,82.97,242.24,0.7962,-1,-1,-1
858,70,872.90,943.47,81.62,135.41,0.7255,-1,-1,-1
858,71,1572.82,594.75,103.54,229.73,0.6804,-1,-1,-1
858,75,920.57,510.19,66.32,224.21,0.7668,-1,-1,-1
858,76,992.85,494.35,81.57,235.33,0.7997,-1,-1,-1
858,80,347.24,304.18,69.92,172.86,0.5352,-1,-1,-1
858,81,435.03,293.99,60.12,194.43,0.5712,-1,-1,-1
858,86,467.48,130.42,63.93,195.41,0.3979,-1,-1,-1
858,89,806.79,137.41,64.18,173.52,0.3390,-1,-1,-1
859,4,1716.00,457.54,80.48,209.68,0.7308,-1,-1,-1
859,64,269.83,610.90,84.03,243.75,0.8008,-1,-1,-1
859,70,874.23,943.91,80.82,135.26,0.7379,-1,-1,-1
859,71,1572.92,593.88,103.87,230.73,0.6460,-1,-1,-1
859,75,918.12,507.12,67.16,228.07,0.7696,-1,-1,-1
859,76,993.24,494.72,82.21,234.26,0.7927,-1,-1,-1
859,80,346.96,303.49,70.92,174.04,0.5205,-1,-1,-1
859,81,435.81,299.29,58.59,188.50,0.5971,-1,-1,-1
859,86,468.96,132.66,63.40,194.53,0.3143,-1,-1,-1
859,89,807.23,137.24,64.20,173.80,0.3454,-1,-1,-1
859,92,1406.22,1019.16,62.65,60.05,0.4431,-1,-1,-1
859,93,1078.72,-0.01,56.23,122.47,0.3132,-1,-1,-1
860,4,1715.90,456.27,80.79,210.05,0.7424,-1,-1,-1
860,64,270.45,611.62,83.98,241.77,0.8106,-1,-1,-1
860,70,874.68,942.35,81.20,137.16,0.7249,-1,-1,-1
860,71,1572.83,593.40,103.95,230.65,0.6052,-1,-1,-1
860,75,916.41,505.57,67.23,229.26,0.7682,-1,-1,-1
860,76,990.65,493.88,84.05,234.87,0.7726,-1,-1,-1
860,80,346.13,301.04,72.67,178.16,0.5333,-1,-1,-1
860,81,434.61,300.42,58.75,188.54,0.6099,-1,-1,-1
860,86,468.74,132.85,63.55,195.02,0.4127,-1,-1,-1
860,89,806.85,137.67,63.98,172.75,0.3372,-1,-1,-1
860,92,1404.89,1017.16,65.87,62.77,0.5021,-1,-1,-1
860,93,1080.06,-0.00,56.25,122.59,0.3297,-1,-1,-1
861,4,1715.60,456.33,81.31,209.66,0.7502,-1,-1,-1
861,64,270.71,612.95,84.66,240.58,0.8141,-1,-1,-1
861,70,876.33,942.98,80.81,137.00,0.7457,-1,-1,-1
861,71,1572.56,598.33,102.18,225.91,0.6541,-1,-1,-1
861,75,914.71,503.17,67.52,232.41,0.7792,-1,-1,-1
861,76,989.92,492.94,85.40,234.50,0.7825,-1,-1,-1
861,80,346.06,302.20,71.66,178.51,0.5316,-1,-1,-1
861,81,433.45,300.04,59.95,188.33,0.5885,-1,-1,-1
861,86,469.09,132.53,63.83,195.81,0.4183,-1,-1,-1
861,89,806.51,137.61,64.24,173.13,0.3155,-1,-1,-1
861,92,1402.80,1015.07,69.42,64.95,0.5852,-1,-1,-1
862,4,1716.04,456.59,81.74,210.49,0.7354,-1,-1,-1
862,64,270.22,612.67,84.88,240.20,0.8133,-1,-1,-1
862,70,877.35,943.81,79.82,136.19,0.7283,-1,-1,-1
862,71,1572.46,596.98,103.17,226.88,0.6380,-1,-1,-1
862,75,914.09,502.17,67.28,233.93,0.7651,-1,-1,-1
862,76,988.78,491.23,85.05,234.19,0.7788,-1,-1,-1
862,80,345.98,303.12,71.74,181.02,0.4917,-1,-1,-1
862,81,433.59,299.49,59.61,187.26,0.5818,-1,-1,-1
862,86,470.68,132.91,64.07,196.30,0.4270,-1,-1,-1
862,89,806.64,137.42,64.50,174.27,0.3178,-1,-1,-1
862,92,1396.78,1012.46,74.19,67.56,0.6171,-1,-1,-1
862,93,1082.30,0.01,56.89,123.63,0.3267,-1,-1,-1
863,4,1716.30,456.51,81.50,210.35,0.7412,-1,-1,-1
863,64,270.45,613.40,85.32,240.75,0.8160,-1,-1,-1
863,70,878.95,942.50,79.60,137.12,0.7321,-1,-1,-1
863,71,1571.85,594.51,104.34,229.24,0.6396,-1,-1,-1
863,75,912.91,501.26,66.55,232.58,0.7730,-1,-1,-1
863,76,989.33,489.02,85.08,235.09,0.7992,-1,-1,-1
863,80,345.60,307.67,70.72,180.34,0.5692,-1,-1,-1
863,81,433.10,300.98,59.75,187.35,0.5948,-1,-1,-1
863,86,472.40,134.08,63.39,193.25,0.3790,-1,-1,-1
863,92,1392.20,1009.37,78.66,70.64,0.6324,-1,-1,-1
863,93,1083.23,-0.03,57.10,124.13,0.3441,-1,-1,-1
864,4,1716.58,457.30,81.63,209.81,0.7389,-1,-1,-1
864,64,271.18,614.93,85.24,239.84,0.8133,-1,-1,-1
864,70,880.43,942.44,79.19,137.05,0.7422,-1,-1,-1
864,71,1572.57,594.16,104.47,229.50,0.6338,-1,-1,-1
864,75,912.61,500.67,66.13,232.16,0.7635,-1,-1,-1
864,76,986.12,486.08,85.19,236.27,0.8030,-1,-1,-1
864,80,345.63,309.84,69.54,178.77,0.5451,-1,-1,-1
864,81,433.37,302.43,60.14,187.05,0.5664,-1,-1,-1
864,86,473.66,136.74,62.35,188.98,0.3038,-1,-1,-1
864,92,1387.79,1005.10,83.87,74.92,0.6629,-1,-1,-1
864,93,1083.62,0.01,58.18,126.73,0.3951,-1,-1,-1
865,4,1717.27,456.68,80.99,208.15,0.7301,-1,-1,-1
865,64,272.10,617.92,85.60,244.66,0.8342,-1,-1,-1
865,70,881.97,942.71,79.18,137.27,0.7300,-1,-1,-1
865,71,1572.05,594.12,104.81,229.82,0.6471,-1,-1,-1
865,75,911.33,499.10,65.19,228.12,0.7620,-1,-1,-1
865,76,985.76,484.00,84.49,235.74,0.7994,-1,-1,-1
865,80,346.71,312.36,69.72,178.84,0.5938,-1,-1,-1
865,81,433.19,302.93,60.71,186.99,0.5807,-1,-1,-1
865,92,1384.87,1001.24,88.42,78.76,0.6825,-1,-1,-1
865,93,1084.30,1.14,58.58,127.87,0.3846,-1,-1,-1
866,4,1717.79,456.93,80.91,208.97,0.7195,-1,-1,-1
866,64,272.70,619.97,85.45,248.44,0.8294,-1,-1,-1
866,70,883.65,942.63,79.49,137.36,0.7354,-1,-1,-1
866,71,1572.36,594.30,104.64,229.23,0.6126,-1,-1,-1
866,75,910.05,497.46,65.37,226.25,0.7879,-1,-1,-1
866,76,984.98,481.32,83.75,233.76,0.7924,-1,-1,-1
866,80,345.90,313.89,69.86,177.78,0.5720,-1,-1,-1
866,81,433.23,303.85,60.88,186.28,0.5394,-1,-1,-1
866,86,473.15,138.41,61.84,185.96,0.3209,-1,-1,-1
866,89,805.73,137.50,64.06,172.40,0.3059,-1,-1,-1
866,92,1381.77,997.83,91.97,82.17,0.6804,-1,-1,-1
866,93,1084.60,1.20,59.74,131.11,0.3089,-1,-1,-1
867,4,1717.78,456.90,81.00,210.17,0.7130,-1,-1,-1
867,64,273.30,620.83,85.40,251.14,0.8261,-1,-1,-1
867,70,885.93,941.76,79.61,138.23,0.7371,-1,-1,-1
867,71,1572.20,592.97,105.07,230.67,0.6158,-1,-1,-1
867,75,908.18,496.39,65.59,221.10,0.7791,-1,-1,-1
867,76,984.79,478.10,82.09,228.62,0.7732,-1,-1,-1
867,80,345.68,318.32,68.93,174.82,0.5582,-1,-1,-1
867,81,431.65,300.74,61.71,190.65,0.5465,-1,-1,-1
867,86,472.42,137.81,61.86,185.73,0.3146,-1,-1,-1
867,89,805.05,137.40,64.07,172.37,0.3255,-1,-1,-1
867,92,1379.61,993.79,95.38,86.21,0.6755,-1,-1,-1
867,93,1084.73,0.28,60.34,133.41,0.3158,-1,-1,-1
868,4,1717.78,456.84,80.11,208.95,0.7020,-1,-1,-1
868,64,272.65,622.10,86.06,253.31,0.8356,-1,-1,-1
868,70,888.20,941.44,79.44,138.56,0.7426,-1,-1,-1
868,71,1572.64,592.45,104.40,230.82,0.6526,-1,-1,-1
868,75,906.00,494.80,66.39,218.43,0.7652,-1,-1,-1
868,76,986.34,475.52,78.83,221.75,0.7793,-1,-1,-1
868,80,345.16,318.21,69.05,174.88,0.5313,-1,-1,-1
868,81,430.78,300.32,62.51,196.82,0.5583,-1,-1,-1
868,92,1376.82,987.93,99.74,92.07,0.6574,-1,-1,-1
868,93,1084.63,0.05,60.15,135.18,0.3574,-1,-1,-1
869,4,1718.26,457.32,80.07,208.72,0.7088,-1,-1,-1
869,64,273.74,625.24,85.10,248.76,0.8312,-1,-1,-1
869,70,891.80,940.86,79.12,139.14,0.7291,-1,-1,-1
869,71,1573.08,594.23,103.72,229.28,0.6356,-1,-1,-1
869,75,905.02,492.60,66.95,213.07,0.7704,-1,-1,-1
869,76,986.33,473.07,77.98,224.07,0.7588,-1,-1,-1
869,80,345.89,315.08,69.75,177.45,0.4887,-1,-1,-1
869,81,431.06,301.79,62.90,199.05,0.4980,-1,-1,-1
869,92,1376.12,984.34,100.53,95.66,0.6839,-1,-1,-1
869,93,1085.09,0.46,59.14,134.73,0.3376,-1,-1,-1
870,4,1718.36,458.01,79.38,205.88,0.7184,-1,-1,-1
870,64,273.94,627.93,85.86,251.33,0.8334,-1,-1,-1
870,70,893.68,940.73,78.32,139.26,0.7350,-1,-1,-1
870,71,1573.71,594.77,103.23,229.13,0.6507,-1,-1,-1
870,75,902.35,490.90,68.33,215.30,0.7288,-1,-1,-1
870,76,987.09,472.30,75.21,223.39,0.7479,-1,-1,-1
870,80,354.05,318.42,65.96,172.18,0.5095,-1,-1,-1
870,81,433.02,314.31,59.67,191.57,0.5621,-1,-1,-1
870,92,1376.46,982.76,99.04,97.23,0.7184,-1,-1,-1
870,93,1085.05,0.07,58.35,135.05,0.3204,-1,-1,-1
871,4,1717.61,457.48,80.45,208.40,0.7024,-1,-1,-1
871,64,275.02,630.62,86.33,254.51,0.8329,-1,-1,-1
871,70,896.06,941.75,76.89,138.26,0.7383,-1,-1,-1
871,71,1573.16,594.70,103.26,229.88,0.6152,-1,-1,-1
871,75,900.50,488.43,69.09,215.84,0.7345,-1,-1,-1
871,76,987.03,469.75,73.31,225.61,0.7531,-1,-1,-1
871,80,352.64,316.08,65.96,176.00,0.4938,-1,-1,-1
871,81,433.46,315.87,58.41,190.42,0.5787,-1,-1,-1
871,92,1375.01,980.00,99.38,100.01,0.7134,-1,-1,-1
871,93,1085.24,0.06,57.36,134.61,0.3006,-1,-1,-1
872,4,1717.31,458.04,80.61,208.33,0.7101,-1,-1,-1
872,64,276.43,633.05,84.80,255.12,0.8345,-1,-1,-1
872,70,897.85,941.62,76.82,138.39,0.7319,-1,-1,-1
872,71,1572.18,595.86,103.12,228.52,0.6097,-1,-1,-1
872,75,898.76,487.49,70.03,217.43,0.7402,-1,-1,-1
872,76,986.72,468.52,71.70,226.67,0.7477,-1,-1,-1
872,80,352.22,313.58,65.64,179.30,0.4973,-1,-1,-1
872,81,432.89,317.74,57.93,191.62,0.5833,-1,-1,-1
872,92,1373.10,976.66,100.74,103.34,0.7117,-1,-1,-1
872,93,1084.92,0.03,57.49,136.98,0.3737,-1,-1,-1
872,94,415.34,158.39,53.22,161.82,0.3157,-1,-1,-1
873,4,1717.14,458.16,80.49,207.86,0.7080,-1,-1,-1
873,64,276.74,633.97,84.44,255.21,0.8348,-1,-1,-1
873,70,900.15,941.59,76.72,138.41,0.7335,-1,-1,-1
873,71,1571.91,596.25,103.33,227.86,0.5866,-1,-1,-1
873,75,898.09,486.67,70.84,220.61,0.7343,-1,-1,-1
873,76,987.78,468.16,69.66,225.16,0.7412,-1,-1,-1
873,80,353.04,314.60,63.75,177.54,0.5168,-1,-1,-1
873,81,433.17,316.69,58.49,193.94,0.6029,-1,-1,-1
873,92,1371.34,975.06,100.59,104.95,0.7210,-1,-1,-1
873,93,1084.71,1.80,58.44,141.34,0.3505,-1,-1,-1
873,94,413.80,159.03,53.26,162.62,0.3099,-1,-1,-1
874,4,1718.09,458.37,80.20,208.14,0.6924,-1,-1,-1
874,64,277.52,634.96,84.79,254.50,0.8304,-1,-1,-1
874,70,900.33,940.88,77.14,139.12,0.7366,-1,-1,-1
874,71,1573.00,597.24,103.21,226.98,0.6298,-1,-1,-1
874,75,897.67,483.95,70.76,222.08,0.7175,-1,-1,-1
874,76,988.60,467.80,68.54,225.04,0.7300,-1,-1,-1
874,80,352.48,315.24,62.36,177.64,0.5340,-1,-1,-1
874,81,431.78,313.64,59.36,196.67,0.6155,-1,-1,-1
874,92,1370.02,974.48,99.88,105.53,0.7276,-1,-1,-1
874,93,1085.62,1.22,58.01,141.50,0.3402,-1,-1,-1
874,95,1404.69,11.01,61.36,152.43,0.3252,-1,-1,-1
875,4,1717.79,458.46,79.73,206.99,0.6881,-1,-1,-1
875,64,279.46,635.35,83.80,253.00,0.8215,-1,-1,-1
875,70,901.80,940.06,77.26,139.94,0.7270,-1,-1,-1
875,71,1573.10,597.31,103.22,226.36,0.6244,-1,-1,-1
875,75,895.90,483.15,70.14,221.10,0.7285,-1,-1,-1
875,76,988.94,467.43,67.79,225.40,0.7283,-1,-1,-1
875,80,353.51,318.48,60.97,175.04,0.5192,-1,-1,-1
875,81,431.73,312.31,60.02,198.53,0.5709,-1,-1,-1
875,92,1368.46,972.60,100.23,107.40,0.7072,-1,-1,-1
875,95,1405.38,9.79,61.83,153.67,0.3095,-1,-1,-1
876,4,1718.45,457.86,79.77,207.73,0.6895,-1,-1,-1
876,64,280.21,635.89,84.45,253.39,0.8137,-1,-1,-1
876,70,902.31,940.03,77.87,139.98,0.7458,-1,-1,-1
876,71,1572.94,598.45,102.62,225.33,0.6197,-1,-1,-1
876,75,895.21,482.73,70.03,223.04,0.7299,-1,-1,-1
876,76,988.35,467.63,67.37,226.52,0.7277,-1,-1,-1
876,80,353.34,319.43,61.50,175.92,0.4857,-1,-1,-1
876,81,432.09,313.72,59.50,196.26,0.5743,-1,-1,-1
876,92,1366.17,971.35,100.26,108.65,0.7048,-1,-1,-1
876,93,1085.67,0.22,59.75,146.45,0.3061,-1,-1,-1
876,94,410.55,160.85,52.59,162.75,0.3113,-1,-1,-1
877,4,1718.48,457.99,79.69,207.67,0.6722,-1,-1,-1
877,64,280.82,637.37,83.44,252.56,0.7987,-1,-1,-1
877,70,902.67,939.27,78.28,140.72,0.7298,-1,-1,-1
877,71,1573.23,597.53,103.13,226.47,0.6011,-1,-1,-1
877,75,895.23,482.76,69.70,223.46,0.7212,-1,-1,-1
877,76,986.91,466.40,67.50,227.41,0.7179,-1,-1,-1
877,80,352.87,321.40,61.83,177.95,0.5164,-1,-1,-1
877,81,431.90,314.15,59.65,195.20,0.5503,-1,-1,-1
877,92,1363.90,968.69,101.46,111.31,0.6993,-1,-1,-1
877,93,1085.64,0.03,60.42,148.79,0.3408,-1,-1,-1
878,4,1718.80,457.50,79.27,207.55,0.6348,-1,-1,-1
878,64,283.08,638.86,83.62,251.28,0.7850,-1,-1,-1
878,70,904.20,939.21,78.88,140.79,0.7349,-1,-1,-1
878,71,1573.46,597.05,103.25,227.38,0.5762,-1,-1,-1
878,75,894.56,480.80,69.20,224.43,0.7169,-1,-1,-1
878,76,986.64,465.28,66.94,226.77,0.7103,-1,-1,-1
878,80,353.19,321.51,62.39,182.19,0.4853,-1,-1,-1
878,81,430.59,316.62,59.63,193.70,0.5511,-1,-1,-1
878,92,1360.96,966.37,103.07,113.64,0.7178,-1,-1,-1
878,93,1085.63,0.01,60.70,149.58,0.4427,-1,-1,-1
878,96,1776.93,684.32,59.62,221.30,0.3673,-1,-1,-1
879,4,1718.86,457.04,79.28,208.15,0.6268,-1,-1,-1
879,64,283.98,640.39,84.11,249.82,0.7807,-1,-1,-1
879,70,903.85,939.00,79.61,141.00,0.7361,-1,-1,-1
879,71,1573.35,599.52,102.03,225.24,0.5909,-1,-1,-1
879,75,893.93,480.81,68.18,223.25,0.7189,-1,-1,-1
879,76,984.64,464.64,66.95,226.42,0.6852,-1,-1,-1
879,80,351.94,323.16,62.65,183.41,0.4128,-1,-1,-1
879,81,429.42,313.69,60.85,197.07,0.5044,-1,-1,-1
879,92,1360.08,963.71,103.97,116.29,0.7321,-1,-1,-1
879,93,1085.41,0.00,61.59,152.35,0.4383,-1,-1,-1
879,96,1771.62,681.08,66.97,248.77,0.3979,-1,-1,-1
880,4,1719.40,457.31,78.71,207.88,0.6361,-1,-1,-1
880,64,284.37,641.31,83.76,249.10,0.7549,-1,-1,-1
880,70,904.68,937.93,80.08,142.07,0.7403,-1,-1,-1
880,71,1573.65,597.04,102.34,226.83,0.6107,-1,-1,-1
880,75,893.92,478.45,67.85,223.27,0.6963,-1,-1,-1
880,76,983.87,462.54,66.77,225.31,0.6941,-1,-1,-1
880,80,344.58,323.37,65.33,185.09,0.4249,-1,-1,-1
880,81,429.55,318.69,59.70,190.32,0.5745,-1,-1,-1
880,92,1359.65,960.15,104.99,119.85,0.7308,-1,-1,-1
880,93,1085.63,-0.00,62.21,154.23,0.3934,-1,-1,-1
880,96,1767.50,680.01,70.09,261.11,0.4023,-1,-1,-1
881,4,1719.59,457.57,78.68,208.07,0.6278,-1,-1,-1
881,64,285.60,642.31,84.17,248.10,0.7754,-1,-1,-1
881,70,904.87,937.72,80.39,142.28,0.7478,-1,-1,-1
881,71,1573.65,598.70,101.95,225.66,0.5643,-1,-1,-1
881,75,894.02,477.02,66.76,220.89,0.6613,-1,-1,-1
881,76,982.18,459.82,66.02,223.64,0.7034,-1,-1,-1
881,80,342.00,324.68,67.34,187.59,0.4006,-1,-1,-1
881,81,429.23,320.40,59.42,188.58,0.5264,-1,-1,-1
881,92,1357.89,956.97,104.91,123.04,0.7436,-1,-1,-1
881,93,1086.39,-0.00,62.36,155.87,0.3398,-1,-1,-1
881,96,1767.25,680.85,69.71,259.23,0.3957,-1,-1,-1
882,4,1719.80,457.84,78.21,208.19,0.6414,-1,-1,-1
882,64,286.17,643.63,84.64,246.93,0.7641,-1,-1,-1
882,70,905.29,937.21,81.09,142.79,0.7535,-1,-1,-1
882,71,1574.07,597.43,102.11,226.88,0.6030,-1,-1,-1
882,75,892.88,474.34,67.52,225.98,0.6657,-1,-1,-1
882,76,980.48,456.41,65.51,221.86,0.6953,-1,-1,-1
882,80,341.15,328.53,67.34,184.80,0.3440,-1,-1,-1
882,81,429.34,321.27,59.33,187.36,0.5302,-1,-1,-1
882,89,804.73,137.86,62.59,175.34,0.3035,-1,-1,-1
882,92,1355.91,952.07,105.74,127.92,0.7454,-1,-1,-1
882,96,1765.33,681.19,68.76,253.23,0.4362,-1,-1,-1
883,4,1720.82,457.87,77.61,207.73,0.6435,-1,-1,-1
883,64,286.87,645.20,85.41,245.73,0.7838,-1,-1,-1
883,70,904.71,937.06,81.38,142.94,0.7434,-1,-1,-1
883,71,1573.90,596.82,101.68,227.41,0.5788,-1,-1,-1
883,75,893.99,470.80,62.71,207.90,0.6735,-1,-1,-1
883,76,979.51,454.24,65.26,218.62,0.7288,-1,-1,-1
883,80,339.98,331.49,67.97,182.51,0.4039,-1,-1,-1
883,81,428.03,319.99,60.13,188.14,0.5487,-1,-1,-1
883,92,1355.58,948.64,103.74,130.61,0.7890,-1,-1,-1
883,96,1765.53,683.06,67.86,245.35,0.4763,-1,-1,-1
884,4,1721.29,457.72,77.00,207.81,0.6224,-1,-1,-1
884,64,287.42,648.40,85.14,243.65,0.7818,-1,-1,-1
884,70,906.08,938.15,81.02,141.85,0.7342,-1,-1,-1
884,71,1574.99,598.07,100.65,226.35,0.5566,-1,-1,-1
884,75,891.03,466.92,65.07,218.70,0.6513,-1,-1,-1
884,76,976.86,451.68,65.99,219.46,0.6875,-1,-1,-1
884,80,337.78,334.63,68.53,179.64,0.3963,-1,-1,-1
884,81,427.45,319.58,60.82,191.17,0.5487,-1,-1,-1
884,92,1353.59,943.45,102.74,135.36,0.7979,-1,-1,-1
884,96,1765.65,683.88,65.30,228.49,0.5456,-1,-1,-1
885,4,1721.62,457.83,76.46,207.08,0.6053,-1,-1,-1
885,64,287.20,649.92,85.51,244.56,0.7681,-1,-1,-1
885,70,906.90,937.42,81.20,142.58,0.7217,-1,-1,-1
885,71,1574.69,599.47,99.94,224.95,0.5470,-1,-1,-1
885,75,890.75,464.58,64.69,220.90,0.6925,-1,-1,-1
885,76,975.09,449.20,66.90,219.80,0.7027,-1,-1,-1
885,80,338.52,332.85,69.97,181.59,0.3670,-1,-1,-1
885,81,426.86,319.17,62.05,196.32,0.5350,-1,-1,-1
885,92,1353.50,939.16,101.48,140.80,0.8062,-1,-1,-1
885,96,1764.42,684.49,65.66,221.47,0.5178,-1,-1,-1
886,4,1721.14,457.50,76.35,207.59,0.6142,-1,-1,-1
886,64,287.73,652.14,85.68,246.48,0.7482,-1,-1,-1
886,70,906.68,936.76,81.61,143.24,0.7281,-1,-1,-1
886,71,1575.27,598.29,100.66,226.35,0.5651,-1,-1,-1
886,75,890.73,460.92,63.99,220.17,0.6868,-1,-1,-1
886,76,971.88,446.17,68.97,222.67,0.7011,-1,-1,-1
886,80,336.99,335.61,70.26,178.57,0.3752,-1,-1,-1
886,81,426.14,320.41,62.10,198.16,0.4821,-1,-1,-1
886,92,1352.83,935.18,99.47,144.47,0.8075,-1,-1,-1
886,96,1762.94,684.59,68.62,224.44,0.4771,-1,-1,-1
887,4,1721.24,457.03,76.24,207.92,0.6175,-1,-1,-1
887,64,287.91,654.22,85.12,246.95,0.7588,-1,-1,-1
887,70,908.08,937.31,81.25,142.69,0.7179,-1,-1,-1
887,71,1575.23,599.62,100.09,224.74,0.5510,-1,-1,-1
887,75,890.94,462.12,62.57,214.39,0.7270,-1,-1,-1
887,76,971.07,444.74,70.29,224.16,0.7183,-1,-1,-1
887,80,334.47,337.34,70.97,176.49,0.3580,-1,-1,-1
887,81,425.96,323.15,62.44,199.47,0.4812,-1,-1,-1
887,92,1352.02,931.23,99.19,146.53,0.7671,-1,-1,-1
887,96,1761.33,684.63,69.59,223.00,0.5121,-1,-1,-1
888,4,1721.03,458.22,75.89,206.65,0.6288,-1,-1,-1
888,64,288.92,655.78,84.49,248.49,0.7446,-1,-1,-1
888,70,908.30,937.04,81.00,142.95,0.7097,-1,-1,-1
888,71,1575.62,599.26,100.53,225.75,0.5524,-1,-1,-1
888,75,890.35,457.91,64.04,221.22,0.7330,-1,-1,-1
888,76,970.36,444.30,71.26,223.08,0.7354,-1,-1,-1
888,80,333.15,338.49,71.81,175.19,0.4270,-1,-1,-1
888,81,426.43,325.89,62.23,199.80,0.5072,-1,-1,-1
888,86,470.75,160.24,67.58,199.96,0.3336,-1,-1,-1
888,92,1351.53,930.16,98.63,149.74,0.7714,-1,-1,-1
888,96,1759.45,685.39,71.39,223.78,0.5527,-1,-1,-1
889,4,1720.76,456.92,76.74,208.28,0.6432,-1,-1,-1
889,64,290.48,658.88,82.96,247.32,0.7296,-1,-1,-1
889,70,909.53,937.55,80.63,142.45,0.7265,-1,-1,-1
889,71,1575.11,599.69,99.84,224.75,0.5393,-1,-1,-1
889,75,890.14,456.49,63.86,222.23,0.7350,-1,-1,-1
889,76,969.47,443.80,73.09,224.49,0.7417,-1,-1,-1
889,80,333.22,340.08,71.93,173.13,0.4198,-1,-1,-1
889,81,426.60,324.72,61.95,199.85,0.5059,-1,-1,-1
889,86,469.27,162.21,68.14,199.13,0.3031,-1,-1,-1
889,92,1348.90,926.08,99.97,153.48,0.7714,-1,-1,-1
889,93,1099.22,0.56,63.16,160.60,0.3401,-1,-1,-1
889,96,1758.67,683.66,73.80,229.29,0.5112,-1,-1,-1
890,4,1720.39,456.42,77.61,209.82,0.6655,-1,-1,-1
890,64,290.37,659.71,83.26,251.01,0.7117,-1,-1,-1
890,70,910.68,937.32,79.90,142.68,0.7379,-1,-1,-1
890,71,1574.84,599.84,99.87,224.99,0.5304,-1,-1,-1
890,75,889.92,457.22,62.77,218.89,0.7161,-1,-1,-1
890,76,967.21,443.44,74.41,224.84,0.7268,-1,-1,-1
890,80,333.94,341.67,71.32,171.10,0.4888,-1,-1,-1
890,81,423.98,328.70,62.45,201.13,0.5099,-1,-1,-1
890,86,467.79,162.99,69.22,199.12,0.3463,-1,-1,-1
890,92,1346.06,925.38,100.26,154.61,0.7561,-1,-1,-1
890,93,1101.13,4.78,61.33,156.54,0.3591,-1,-1,-1
890,96,1756.39,682.82,76.33,236.10,0.4963,-1,-1,-1
891,4,1720.85,456.97,76.89,209.03,0.6456,-1,-1,-1
891,64,292.06,662.09,82.48,252.53,0.7007,-1,-1,-1
891,70,910.60,937.79,79.42,142.21,0.7346,-1,-1,-1
891,71,1575.29,597.48,100.49,227.26,0.5408,-1,-1,-1
891,75,889.23,455.35,62.63,218.97,0.7333,-1,-1,-1
891,76,965.64,443.49,76.84,225.95,0.7229,-1,-1,-1
891,80,335.65,340.59,71.16,173.36,0.4813,-1,-1,-1
891,81,423.11,329.63,62.63,201.27,0.5167,-1,-1,-1
891,86,469.70,165.43,68.18,195.81,0.3702,-1,-1,-1
891,92,1345.41,926.12,99.66,153.88,0.7916,-1,-1,-1
891,93,1102.43,5.48,61.05,156.48,0.3882,-1,-1,-1
891,96,1755.09,683.03,77.09,236.71,0.5379,-1,-1,-1
892,4,1720.89,456.56,76.87,209.18,0.6454,-1,-1,-1
892,64,293.79,664.20,81.15,253.53,0.7617,-1,-1,-1
892,70,910.78,937.72,78.97,142.28,0.7292,-1,-1,-1
892,71,1573.90,596.32,100.91,228.44,0.5353,-1,-1,-1
892,75,887.99,456.31,62.77,219.85,0.6965,-1,-1,-1
892,76,964.19,443.67,79.08,226.71,0.7299,-1,-1,-1
892,80,336.37,341.96,69.58,172.24,0.5024,-1,-1,-1
892,81,422.20,331.54,62.68,199.96,0.5441,-1,-1,-1
892,86,469.51,165.64,68.84,197.26,0.4123,-1,-1,-1
892,92,1342.65,924.35,101.89,155.65,0.7788,-1,-1,-1
892,93,1103.93,7.48,60.29,156.10,0.4667,-1,-1,-1
892,96,1754.75,682.47,77.09,235.13,0.5392,-1,-1,-1
893,4,1721.46,457.08,76.54,208.62,0.6377,-1,-1,-1
893,64,296.24,664.32,80.28,255.44,0.7769,-1,-1,-1
893,70,912.15,937.94,78.38,142.06,0.7336,-1,-1,-1
893,71,1574.34,595.43,100.92,229.02,0.5345,-1,-1,-1
893,75,885.89,455.66,62.81,219.31,0.7197,-1,-1,-1
893,76,963.17,442.10,80.66,226.84,0.7440,-1,-1,-1
893,80,337.90,344.93,68.55,171.21,0.5255,-1,-1,-1
893,81,422.95,333.63,62.34,197.09,0.5463,-1,-1,-1
893,86,474.90,171.36,65.44,190.99,0.4136,-1,-1,-1
893,92,1338.80,921.05,104.94,158.95,0.7805,-1,-1,-1
893,93,1104.39,8.54,60.25,156.40,0.3933,-1,-1,-1
893,96,1753.87,681.89,78.63,237.62,0.5605,-1,-1,-1
894,4,1720.76,457.28,76.71,208.23,0.6375,-1,-1,-1
894,64,297.08,666.63,79.77,254.72,0.7547,-1,-1,-1
894,70,912.37,937.96,77.61,142.04,0.7382,-1,-1,-1
894,71,1573.40,593.23,102.02,231.76,0.5018,-1,-1,-1
894,75,885.66,455.66,62.55,218.62,0.6967,-1,-1,-1
894,76,962.82,441.27,81.92,226.79,0.7480,-1,-1,-1
894,80,338.95,345.46,68.62,172.91,0.4431,-1,-1,-1
894,81,421.84,333.39,63.21,198.14,0.5132,-1,-1,-1
894,86,472.47,169.53,66.36,192.04,0.4283,-1,-1,-1
894,92,1334.46,917.40,107.00,162.60,0.7874,-1,-1,-1
894,96,1752.67,680.40,80.80,242.43,0.5685,-1,-1,-1
895,4,1720.35,456.79,76.93,208.73,0.6305,-1,-1,-1
895,64,298.24,668.04,79.32,252.98,0.7253,-1,-1,-1
895,70,913.04,938.31,77.14,141.68,0.7412,-1,-1,-1
895,71,1573.45,595.87,100.83,228.87,0.5244,-1,-1,-1
895,75,883.58,455.35,62.42,218.78,0.7144,-1,-1,-1
895,76,963.15,440.99,82.37,225.85,0.7438,-1,-1,-1
895,80,337.65,345.75,69.54,178.68,0.4960,-1,-1,-1
895,81,420.94,333.44,63.43,197.91,0.5181,-1,-1,-1
895,86,474.61,170.80,65.77,191.35,0.4867,-1,-1,-1
895,92,1331.64,917.14,106.77,162.86,0.7864,-1,-1,-1
895,93,1106.29,13.70,59.38,154.34,0.3731,-1,-1,-1
895,96,1752.45,681.65,80.22,238.58,0.5805,-1,-1,-1
896,4,1719.94,457.22,77.05,208.57,0.6306,-1,-1,-1
896,64,299.57,668.10,79.89,252.01,0.7383,-1,-1,-1
896,70,912.77,938.64,76.52,141.35,0.7136,-1,-1,-1
896,71,1573.49,597.62,100.39,227.09,0.5775,-1,-1,-1
896,75,884.26,455.59,61.29,216.02,0.6944,-1,-1,-1
896,76,962.60,438.77,83.13,226.44,0.7393,-1,-1,-1
896,80,337.76,346.71,68.61,178.92,0.5129,-1,-1,-1
896,81,420.82,333.72,63.57,197.56,0.5071,-1,-1,-1
896,86,474.73,170.24,65.99,191.53,0.4867,-1,-1,-1
896,92,1330.16,913.48,106.70,166.52,0.7729,-1,-1,-1
896,93,1107.54,15.80,58.61,152.34,0.4135,-1,-1,-1
896,96,1751.48,682.01,81.17,238.82,0.5837,-1,-1,-1
897,4,1720.11,457.13,76.93,207.64,0.6416,-1,-1,-1
897,64,299.64,668.68,82.24,253.33,0.7479,-1,-1,-1
897,70,913.00,939.06,76.25,140.95,0.7347,-1,-1,-1
897,71,1573.68,598.57,100.18,226.12,0.5726,-1,-1,-1
897,75,882.64,452.11,62.34,219.47,0.7087,-1,-1,-1
897,76,962.75,436.01,83.03,227.29,0.7405,-1,-1,-1
897,80,338.20,348.95,68.57,180.37,0.4858,-1,-1,-1
897,81,420.80,335.19,63.30,195.03,0.4863,-1,-1,-1
897,86,471.96,170.47,67.04,192.55,0.4455,-1,-1,-1
897,92,1328.13,908.35,106.55,171.65,0.7778,-1,-1,-1
897,93,1107.71,16.44,58.79,153.21,0.3378,-1,-1,-1
897,96,1750.77,680.66,81.37,238.72,0.5729,-1,-1,-1
898,4,1720.01,457.04,77.21,208.54,0.6436,-1,-1,-1
898,64,299.99,669.97,84.80,251.47,0.7628,-1,-1,-1
898,70,911.61,939.97,75.72,139.94,0.7345,-1,-1,-1
898,71,1574.62,597.19,100.90,227.08,0.5845,-1,-1,-1
898,75,881.33,450.48,62.22,218.68,0.6759,-1,-1,-1
898,76,962.28,433.78,82.10,225.79,0.7273,-1,-1,-1
898,80,337.67,354.08,67.34,179.60,0.4901,-1,-1,-1
898,81,419.57,334.76,63.63,194.64,0.5058,-1,-1,-1
898,86,471.64,171.68,67.61,190.61,0.4351,-1,-1,-1
898,92,1325.79,903.73,105.49,176.27,0.7874,-1,-1,-1
898,93,1107.79,17.06,58.10,152.34,0.3030,-1,-1,-1
898,96,1750.78,680.65,81.45,239.33,0.5421,-1,-1,-1
899,4,1719.82,457.05,76.88,209.00,0.6370,-1,-1,-1
899,64,300.08,670.03,87.32,252.29,0.7682,-1,-1,-1
899,70,911.83,940.96,74.72,138.97,0.7417,-1,-1,-1
899,71,1575.46,600.12,99.90,224.00,0.5773,-1,-1,-1
899,75,880.43,447.04,60.97,212.48,0.6645,-1,-1,-1
899,76,962.22,431.51,80.63,222.48,0.7276,-1,-1,-1
899,80,337.95,356.62,66.51,178.03,0.5336,-1,-1,-1
899,81,419.19,336.08,63.63,193.22,0.5084,-1,-1,-1
899,86,471.06,170.94,69.17,192.46,0.4394,-1,-1,-1
899,92,1324.72,899.51,103.45,180.49,0.7947,-1,-1,-1
899,93,1108.01,17.04,57.27,152.34,0.3596,-1,-1,-1
899,96,1750.34,680.20,81.37,240.37,0.5102,-1,-1,-1
900,4,1720.10,455.90,76.92,209.70,0.6200,-1,-1,-1
900,64,300.46,671.00,90.25,252.27,0.7702,-1,-1,-1
900,70,912.34,942.69,73.27,136.85,0.7254,-1,-1,-1
900,71,1575.02,600.76,99.78,223.44,0.5744,-1,-1,-1
900,75,878.20,445.22,61.44,213.62,0.6726,-1,-1,-1
900,76,961.84,428.27,80.11,222.47,0.7234,-1,-1,-1
900,80,336.38,356.00,67.07,180.68,0.5390,-1,-1,-1
900,81,418.16,335.97,65.02,196.56,0.5176,-1,-1,-1
900,86,471.25,171.42,69.70,190.82,0.4054,-1,-1,-1
900,92,1324.45,895.27,102.57,184.73,0.7993,-1,-1,-1
900,93,1108.08,15.52,57.21,154.76,0.3771,-1,-1,-1
900,96,1750.79,680.98,80.27,238.64,0.5391,-1,-1,-1
901,4,1721.41,457.20,76.03,207.31,0.6041,-1,-1,-1
901,64,300.32,672.68,92.58,249.28,0.7861,-1,-1,-1
901,70,912.64,943.38,72.50,135.84,0.7376,-1,-1,-1
901,71,1575.92,598.97,100.97,225.51,0.5797,-1,-1,-1
901,75,877.35,442.27,61.40,211.03,0.6630,-1,-1,-1
901,76,962.72,424.55,78.77,222.56,0.7155,-1,-1,-1
901,80,335.80,353.09,67.82,181.51,0.4905,-1,-1,-1
901,81,416.58,337.84,65.84,197.39,0.5251,-1,-1,-1
901,86,471.99,172.84,70.35,189.48,0.3444,-1,-1,-1
901,92,1323.09,892.16,101.35,187.84,0.8133,-1,-1,-1
901,93,1108.00,15.24,57.46,157.36,0.3346,-1,-1,-1
901,96,1749.16,682.74,79.51,237.11,0.5596,-1,-1,-1
902,4,1721.16,456.79,76.07,208.00,0.6083,-1,-1,-1
902,64,299.38,675.02,95.63,249.70,0.8122,-1,-1,-1
902,70,912.82,944.34,71.14,134.82,0.7258,-1,-1,-1
902,71,1576.71,598.99,100.37,225.03,0.5811,-1,-1,-1
902,75,875.73,440.30,61.91,210.71,0.6949,-1,-1,-1
902,76,964.32,422.52,75.64,217.81,0.7300,-1,-1,-1
902,80,335.50,352.48,68.36,181.39,0.4251,-1,-1,-1
902,81,417.22,338.13,66.91,201.45,0.5158,-1,-1,-1
902,86,473.32,173.85,69.55,184.81,0.3176,-1,-1,-1
902,92,1321.05,888.97,100.19,191.03,0.8059,-1,-1,-1
902,93,1108.28,16.82,57.07,158.28,0.3092,-1,-1,-1
902,96,1749.08,682.21,79.69,238.67,0.5493,-1,-1,-1
903,4,1720.66,457.37,76.12,208.37,0.5954,-1,-1,-1
903,64,298.45,676.70,97.89,254.36,0.8223,-1,-1,-1
903,70,912.59,945.40,70.56,134.55,0.7349,-1,-1,-1
903,71,1577.35,598.83,100.00,225.54,0.5928,-1,-1,-1
903,75,875.02,438.23,62.26,210.78,0.6910,-1,-1,-1
903,76,964.80,420.94,73.97,217.54,0.7163,-1,-1,-1
903,80,334.37,351.88,69.20,181.92,0.3668,-1,-1,-1
903,81,416.06,340.65,67.34,202.26,0.5506,-1,-1,-1
903,86,473.76,174.29,69.65,182.76,0.3100,-1,-1,-1
903,92,1318.92,884.85,100.25,195.14,0.7814,-1,-1,-1
903,93,1108.74,18.21,56.84,159.49,0.3009,-1,-1,-1
903,96,1750.26,680.57,80.28,241.82,0.5651,-1,-1,-1
904,4,1721.78,457.19,75.53,207.54,0.6274,-1,-1,-1
904,64,298.98,678.93,97.69,254.03,0.8373,-1,-1,-1
904,70,913.17,946.38,69.63,133.62,0.7201,-1,-1,-1
904,71,1576.95,599.38,99.60,224.62,0.5474,-1,-1,-1
904,75,873.87,437.05,63.40,214.46,0.7102,-1,-1,-1
904,76,965.45,420.51,72.49,217.12,0.7098,-1,-1,-1
904,80,330.89,353.35,69.90,179.99,0.3802,-1,-1,-1
904,81,417.92,343.67,66.90,202.57,0.4943,-1,-1,-1
904,86,470.17,173.87,71.54,188.87,0.3135,-1,-1,-1
904,92,1315.90,880.92,99.82,199.08,0.7713,-1,-1,-1
904,93,1109.57,19.88,56.13,158.77,0.3786,-1,-1,-1
904,96,1751.56,682.18,79.96,240.42,0.5868,-1,-1,-1
905,4,1721.76,456.79,75.53,208.18,0.6410,-1,-1,-1
905,64,300.03,680.49,98.10,259.16,0.8371,-1,-1,-1
905,70,913.09,947.61,69.00,132.40,0.7267,-1,-1,-1
905,71,1576.50,598.60,100.06,225.95,0.5767,-1,-1,-1
905,75,873.78,435.20,62.64,213.57,0.7178,-1,-1,-1
905,76,965.30,418.77,72.22,219.11,0.7308,-1,-1,-1
905,80,340.14,354.74,67.30,179.12,0.4183,-1,-1,-1
905,81,417.52,348.41,65.69,199.54,0.4790,-1,-1,-1
905,92,1314.41,878.04,98.84,200.66,0.7484,-1,-1,-1
905,93,1109.97,21.45,56.22,159.77,0.3492,-1,-1,-1
905,96,1751.85,682.58,80.60,243.84,0.5758,-1,-1,-1
906,4,1720.83,456.63,75.57,209.03,0.6351,-1,-1,-1
906,64,302.02,682.64,96.57,261.38,0.8409,-1,-1,-1
906,70,913.13,949.36,68.33,130.64,0.7252,-1,-1,-1
906,71,1577.62,599.04,99.38,225.32,0.5942,-1,-1,-1
906,75,872.55,434.86,62.33,214.75,0.7389,-1,-1,-1
906,76,965.37,418.04,70.86,217.83,0.7331,-1,-1,-1
906,80,343.18,354.07,65.39,180.79,0.4336,-1,-1,-1
906,81,414.80,348.97,66.11,201.54,0.5884,-1,-1,-1
906,86,467.47,170.47,74.80,200.11,0.3099,-1,-1,-1
906,92,1312.93,876.46,97.21,202.61,0.7586,-1,-1,-1
906,93,1109.96,22.65,56.12,159.68,0.3369,-1,-1,-1
906,96,1752.82,683.04,79.13,239.18,0.6094,-1,-1,-1
907,4,1721.09,457.31,75.11,207.71,0.6204,-1,-1,-1
907,64,304.55,685.18,93.13,255.48,0.8388,-1,-1,-1
907,70,910.35,949.16,70.27,130.85,0.7460,-1,-1,-1
907,71,1578.77,599.35,98.50,224.71,0.5615,-1,-1,-1
907,75,871.85,432.83,62.60,215.03,0.7305,-1,-1,-1
907,76,965.75,417.82,71.06,220.21,0.6830,-1,-1,-1
907,80,343.87,358.59,62.28,176.62,0.4179,-1,-1,-1
907,81,413.99,345.13,68.37,206.80,0.5853,-1,-1,-1
907,86,466.93,169.86,75.29,202.70,0.3328,-1,-1,-1
907,92,1311.83,876.85,96.59,203.09,0.7327,-1,-1,-1
907,93,1109.61,25.03,56.70,160.25,0.3287,-1,-1,-1
907,96,1753.36,683.04,79.63,240.53,0.6236,-1,-1,-1
908,4,1721.52,457.49,74.72,206.78,0.6245,-1,-1,-1
908,64,306.29,687.71,92.01,257.35,0.8393,-1,-1,-1
908,70,911.42,950.91,70.01,129.09,0.7262,-1,-1,-1
908,71,1576.77,598.24,98.98,226.41,0.6038,-1,-1,-1
908,75,870.54,432.17,63.33,218.74,0.7239,-1,-1,-1
908,76,965.60,417.74,69.87,219.79,0.7232,-1,-1,-1
908,80,330.99,356.33,65.72,178.27,0.4345,-1,-1,-1
908,81,413.43,346.21,68.81,206.81,0.5882,-1,-1,-1
908,86,466.82,171.61,75.86,205.85,0.3506,-1,-1,-1
908,92,1309.25,876.37,96.56,203.62,0.7338,-1,-1,-1
908,96,1754.56,684.10,79.49,240.74,0.6295,-1,-1,-1
909,4,1721.33,457.08,74.53,207.28,0.6057,-1,-1,-1
909,64,306.98,689.91,91.39,260.12,0.8418,-1,-1,-1
909,70,909.33,950.22,71.34,129.79,0.7385,-1,-1,-1
909,71,1577.80,597.39,98.40,226.72,0.5931,-1,-1,-1
909,75,870.12,431.98,62.99,219.29,0.7266,-1,-1,-1
909,76,965.08,417.23,69.85,223.15,0.7148,-1,-1,-1
909,80,326.92,358.55,68.57,179.37,0.5397,-1,-1,-1
909,81,414.45,354.46,65.48,198.41,0.5978,-1,-1,-1
909,92,1306.94,874.41,96.25,205.60,0.7358,-1,-1,-1
909,96,1755.37,684.41,78.86,238.83,0.6273,-1,-1,-1
910,4,1721.58,456.58,74.87,208.76,0.6291,-1,-1,-1
910,64,307.04,692.01,91.13,262.66,0.8391,-1,-1,-1
910,70,908.89,951.08,72.05,128.92,0.7346,-1,-1,-1
910,71,1575.95,598.30,98.74,226.02,0.5753,-1,-1,-1
910,75,870.30,431.45,62.87,219.36,0.7137,-1,-1,-1
910,76,964.13,417.21,69.43,222.63,0.7153,-1,-1,-1
910,80,325.17,358.42,72.09,183.50,0.5745,-1,-1,-1
910,81,413.55,351.10,66.27,201.14,0.6175,-1,-1,-1
910,86,473.71,177.18,75.87,197.98,0.3875,-1,-1,-1
910,92,1305.72,872.40,95.47,207.61,0.7561,-1,-1,-1
910,96,1755.90,683.51,78.73,239.98,0.6105,-1,-1,-1
911,4,1722.09,457.60,74.76,206.88,0.6297,-1,-1,-1
911,64,307.19,693.72,90.05,261.96,0.8373,-1,-1,-1
911,70,908.77,951.69,72.50,128.32,0.7430,-1,-1,-1
911,71,1575.68,599.20,98.77,225.17,0.5510,-1,-1,-1
911,75,869.71,430.54,62.98,220.53,0.7107,-1,-1,-1
911,76,964.43,415.89,69.01,223.71,0.7068,-1,-1,-1
911,80,325.98,363.71,72.71,181.96,0.5644,-1,-1,-1
911,81,414.00,356.11,64.11,196.61,0.6222,-1,-1,-1
911,86,472.15,177.89,77.28,199.98,0.3048,-1,-1,-1
911,92,1303.07,869.40,94.57,210.61,0.7713,-1,-1,-1
911,96,1756.49,683.57,78.30,240.02,0.6088,-1,-1,-1
912,4,1721.97,456.60,75.15,207.66,0.6291,-1,-1,-1
912,64,307.31,695.24,89.55,263.30,0.8344,-1,-1,-1
912,70,909.89,953.06,72.23,126.95,0.7403,-1,-1,-1
912,71,1574.74,597.89,99.74,226.37,0.5373,-1,-1,-1
912,75,869.78,429.24,62.46,218.48,0.6911,-1,-1,-1
912,76,963.86,415.05,67.63,220.22,0.7012,-1,-1,-1
912,80,325.98,366.78,72.89,181.26,0.5700,-1,-1,-1
912,81,412.41,352.64,65.21,201.23,0.6220,-1,-1,-1
912,92,1301.42,866.47,94.04,213.51,0.7658,-1,-1,-1
912,96,1757.08,683.60,78.09,240.68,0.6182,-1,-1,-1
913,4,1721.69,455.96,75.43,208.39,0.5950,-1,-1,-1
913,64,307.36,696.26,88.53,261.81,0.8276,-1,-1,-1
913,70,909.64,952.80,72.51,127.19,0.7401,-1,-1,-1
913,71,1575.50,598.45,99.33,225.82,0.5475,-1,-1,-1
913,75,868.68,426.51,63.35,221.96,0.7048,-1,-1,-1
913,76,963.03,412.62,66.87,217.75,0.6852,-1,-1,-1
913,80,327.33,367.65,73.69,182.91,0.5164,-1,-1,-1
913,81,412.04,351.95,65.46,201.92,0.6024,-1,-1,-1
913,89,806.86,137.73,59.42,173.38,0.3027,-1,-1,-1
913,92,1299.90,861.16,93.91,218.83,0.7719,-1,-1,-1
913,96,1757.22,681.92,78.20,242.06,0.6180,-1,-1,-1
914,4,1722.19,456.05,75.14,208.32,0.6204,-1,-1,-1
914,64,307.50,696.72,88.22,261.07,0.8218,-1,-1,-1
914,70,908.95,953.18,73.08,126.82,0.7459,-1,-1,-1
914,71,1575.03,597.74,99.98,226.34,0.4642,-1,-1,-1
914,75,868.14,425.94,62.07,217.38,0.6764,-1,-1,-1
914,76,962.18,410.25,65.74,212.49,0.6973,-1,-1,-1
914,80,327.42,367.08,74.62,185.20,0.5371,-1,-1,-1
914,81,412.28,355.40,64.21,197.65,0.5553,-1,-1,-1
914,92,1297.41,857.24,93.99,222.76,0.7723,-1,-1,-1
914,96,1757.86,680.56,78.36,244.18,0.5932,-1,-1,-1
914,97,1718.87,93.33,53.00,165.19,0.3682,-1,-1,-1
915,4,1721.78,456.57,74.50,207.41,0.6135,-1,-1,-1
915,64,307.36,697.79,87.79,260.06,0.8161,-1,-1,-1
915,70,908.01,953.66,73.61,126.34,0.7469,-1,-1,-1
915,71,1574.72,598.59,99.98,225.71,0.5304,-1,-1,-1
915,75,868.73,422.05,59.23,205.15,0.6626,-1,-1,-1
915,76,961.03,408.50,65.14,209.62,0.7017,-1,-1,-1
915,80,328.24,368.66,74.19,185.32,0.5383,-1,-1,-1
915,81,411.78,355.60,64.26,197.03,0.5396,-1,-1,-1
915,89,808.34,137.49,57.62,171.98,0.3111,-1,-1,-1
915,92,1297.29,853.47,94.42,226.53,0.7732,-1,-1,-1
915,96,1757.18,677.84,78.45,246.13,0.5833,-1,-1,-1
915,97,1719.87,92.83,52.82,165.26,0.3629,-1,-1,-1
916,4,1721.74,456.13,74.67,208.10,0.6019,-1,-1,-1
916,64,307.04,699.45,87.17,258.23,0.7992,-1,-1,-1
916,70,907.61,953.78,74.17,126.22,0.7433,-1,-1,-1
916,71,1574.11,599.96,99.37,223.87,0.5460,-1,-1,-1
916,75,868.20,419.99,59.76,206.52,0.6696,-1,-1,-1
916,76,959.52,406.53,64.50,206.98,0.7077,-1,-1,-1
916,80,327.57,371.15,73.10,183.73,0.5289,-1,-1,-1
916,81,408.47,348.48,67.33,204.69,0.4994,-1,-1,-1
916,86,464.66,181.74,74.22,194.51,0.3003,-1,-1,-1
916,89,806.71,137.87,58.92,175.97,0.3084,-1,-1,-1
916,92,1295.06,849.71,95.01,230.29,0.7697,-1,-1,-1
916,96,1756.00,676.51,79.45,251.69,0.5579,-1,-1,-1
916,97,1721.59,92.38,52.17,165.39,0.4354,-1,-1,-1
917,4,1721.15,456.48,74.43,207.91,0.6346,-1,-1,-1
917,64,306.71,701.95,86.46,255.89,0.8084,-1,-1,-1
917,70,907.12,953.70,74.63,126.30,0.7443,-1,-1,-1
917,71,1574.26,599.80,99.67,224.24,0.4534,-1,-1,-1
917,75,866.96,415.97,60.83,212.13,0.6912,-1,-1,-1
917,76,957.57,403.87,64.83,208.76,0.7379,-1,-1,-1
917,80,327.71,371.41,72.87,183.70,0.5519,-1,-1,-1
917,81,409.81,354.49,64.88,197.94,0.5344,-1,-1,-1
917,86,460.61,182.94,73.40,195.96,0.4040,-1,-1,-1
917,89,806.76,137.43,58.70,175.99,0.3113,-1,-1,-1
917,92,1293.90,845.21,95.97,234.80,0.7740,-1,-1,-1
917,93,1116.55,33.80,57.85,164.47,0.3199,-1,-1,-1
917,96,1757.06,675.75,78.79,251.58,0.5489,-1,-1,-1
917,97,1722.85,94.01,50.64,163.10,0.4413,-1,-1,-1
918,4,1721.14,455.71,74.59,209.23,0.6125,-1,-1,-1
918,64,306.81,702.54,85.98,254.09,0.7995,-1,-1,-1
918,70,907.33,954.52,74.59,125.48,0.7493,-1,-1,-1
918,71,1574.49,600.73,99.37,223.41,0.5702,-1,-1,-1
918,75,866.39,414.61,60.62,212.40,0.7007,-1,-1,-1
918,76,954.45,400.91,65.69,210.71,0.7143,-1,-1,-1
918,80,327.78,371.57,72.77,183.64,0.5271,-1,-1,-1
918,81,409.08,350.98,67.14,202.65,0.5581,-1,-1,-1
918,86,458.44,181.21,74.26,202.71,0.4236,-1,-1,-1
918,92,1290.21,841.65,96.52,238.35,0.7655,-1,-1,-1
918,93,1117.15,34.55,58.31,166.93,0.3414,-1,-1,-1
918,96,1755.91,674.33,78.88,252.84,0.5492,-1,-1,-1
918,97,1723.64,93.95,50.54,165.66,0.4066,-1,-1,-1
919,4,1721.36,455.47,74.83,210.40,0.6043,-1,-1,-1
919,64,307.24,703.39,85.74,252.32,0.7887,-1,-1,-1
919,70,907.35,954.73,75.04,125.27,0.7415,-1,-1,-1
919,71,1574.28,598.97,99.88,224.82,0.5445,-1,-1,-1
919,75,866.02,413.17,61.22,214.03,0.7216,-1,-1,-1
919,76,953.29,398.68,66.75,212.88,0.7156,-1,-1,-1
919,80,327.20,373.31,72.52,182.10,0.4922,-1,-1,-1
919,81,407.67,351.55,68.93,206.40,0.5695,-1,-1,-1
919,86,456.58,183.45,74.35,204.80,0.4638,-1,-1,-1
919,92,1289.84,839.07,96.76,240.93,0.7653,-1,-1,-1
919,93,1119.39,35.03,58.10,165.87,0.3071,-1,-1,-1
919,96,1757.69,676.71,77.72,251.11,0.5595,-1,-1,-1
919,97,1723.95,95.27,50.07,166.04,0.3181,-1,-1,-1
920,4,1721.06,455.92,74.56,209.11,0.6082,-1,-1,-1
920,64,306.92,705.43,86.91,253.72,0.7922,-1,-1,-1
920,70,907.08,955.57,75.13,124.42,0.7419,-1,-1,-1
920,71,1574.89,599.74,99.30,224.13,0.5432,-1,-1,-1
920,75,866.04,408.40,61.14,214.33,0.7460,-1,-1,-1
920,76,951.38,396.29,67.96,215.56,0.7448,-1,-1,-1
920,80,328.28,373.79,72.72,182.20,0.4559,-1,-1,-1
920,81,407.91,353.96,68.55,205.76,0.5468,-1,-1,-1
920,86,456.57,184.87,73.94,205.23,0.3798,-1,-1,-1
920,92,1286.91,835.62,97.26,244.38,0.7746,-1,-1,-1
920,93,1119.90,35.65,58.77,167.26,0.3686,-1,-1,-1
920,96,1758.68,678.37,77.21,250.69,0.5527,-1,-1,-1
921,4,1720.94,455.37,75.06,210.52,0.6012,-1,-1,-1
921,64,306.56,706.80,87.25,254.39,0.7886,-1,-1,-1
921,70,906.22,955.02,75.36,124.86,0.7195,-1,-1,-1
921,71,1575.07,601.07,99.07,223.02,0.5395,-1,-1,-1
921,75,865.54,407.78,61.67,217.21,0.7616,-1,-1,-1
921,76,949.24,394.90,69.79,217.01,0.7418,-1,-1,-1
921,80,327.98,373.98,72.68,181.40,0.4747,-1,-1,-1
921,81,406.91,355.83,69.08,207.41,0.5529,-1,-1,-1
921,86,456.06,185.79,74.34,208.45,0.3454,-1,-1,-1
921,92,1286.46,833.86,96.31,246.14,0.7704,-1,-1,-1
921,93,1120.69,38.21,58.88,167.27,0.3983,-1,-1,-1
921,96,1758.92,678.79,76.85,250.12,0.5598,-1,-1,-1
922,4,1720.65,455.38,74.80,209.73,0.6094,-1,-1,-1
922,64,306.20,708.37,88.05,257.80,0.7726,-1,-1,-1
922,70,905.94,955.14,75.71,124.86,0.7304,-1,-1,-1
922,71,1575.24,599.87,99.31,223.93,0.4984,-1,-1,-1
922,75,865.65,407.24,61.07,216.45,0.7642,-1,-1,-1
922,76,947.94,393.56,71.25,218.16,0.7355,-1,-1,-1
922,80,327.38,374.42,73.39,181.28,0.4927,-1,-1,-1
922,81,406.04,358.92,68.40,205.04,0.5427,-1,-1,-1
922,86,456.48,189.75,72.50,203.40,0.4117,-1,-1,-1
922,89,806.47,136.25,58.81,177.17,0.3111,-1,-1,-1
922,92,1284.47,832.02,95.57,247.64,0.7847,-1,-1,-1
922,93,1121.76,41.31,58.29,164.70,0.4620,-1,-1,-1
922,96,1758.98,677.65,76.87,250.89,0.5386,-1,-1,-1
923,4,1720.00,455.91,75.09,210.00,0.6225,-1,-1,-1
923,64,306.28,710.18,87.86,258.43,0.7699,-1,-1,-1
923,70,906.57,955.63,75.84,124.37,0.7330,-1,-1,-1
923,71,1574.21,598.63,100.28,225.45,0.5140,-1,-1,-1
923,75,865.36,406.79,60.74,217.61,0.7652,-1,-1,-1
923,76,946.95,392.98,73.23,219.91,0.7378,-1,-1,-1
923,80,327.30,374.71,73.41,181.16,0.4715,-1,-1,-1
923,81,405.26,360.77,68.48,205.03,0.5231,-1,-1,-1
923,86,455.50,191.99,71.77,199.97,0.4586,-1,-1,-1
923,92,1284.14,830.32,95.11,249.44,0.7879,-1,-1,-1
923,93,1121.85,42.25,59.23,167.71,0.4182,-1,-1,-1
923,96,1758.26,677.72,76.07,250.02,0.5799,-1,-1,-1
924,4,1719.91,455.57,75.52,209.83,0.6284,-1,-1,-1
924,64,306.17,711.66,88.18,262.36,0.7529,-1,-1,-1
924,70,906.50,955.77,76.05,124.23,0.7353,-1,-1,-1
924,71,1574.23,598.61,100.25,225.59,0.4692,-1,-1,-1
924,75,865.61,406.46,60.09,215.29,0.7512,-1,-1,-1
924,76,945.38,392.21,75.68,221.96,0.7562,-1,-1,-1
924,80,327.82,376.24,72.63,180.13,0.5056,-1,-1,-1
924,81,404.15,362.06,70.07,208.93,0.5484,-1,-1,-1
924,86,456.47,194.00,71.30,198.67,0.4403,-1,-1,-1
924,89,806.30,137.20,58.33,175.73,0.3321,-1,-1,-1
924,92,1282.73,829.67,94.95,248.22,0.7901,-1,-1,-1
924,93,1123.33,44.66,58.35,164.93,0.4018,-1,-1,-1
924,96,1756.04,675.67,75.74,248.75,0.5560,-1,-1,-1
924,97,1726.74,98.83,53.30,179.09,0.3197,-1,-1,-1
925,4,1719.05,455.32,76.06,210.53,0.6063,-1,-1,-1
925,64,307.15,714.63,87.11,261.48,0.7442,-1,-1,-1
925,70,906.12,954.85,76.31,125.15,0.7232,-1,-1,-1
925,71,1574.57,598.03,100.74,228.17,0.3539,-1,-1,-1
925,75,864.85,406.27,60.36,215.35,0.7586,-1,-1,-1
925,76,943.43,392.22,76.88,221.95,0.7579,-1,-1,-1
925,80,327.31,377.30,72.18,180.23,0.5638,-1,-1,-1
925,81,402.12,363.38,71.12,211.56,0.5779,-1,-1,-1
925,86,456.04,196.02,71.61,198.92,0.3686,-1,-1,-1
925,92,1280.64,829.42,95.62,247.35,0.7774,-1,-1,-1
925,93,1123.12,46.50,57.90,163.30,0.4262,-1,-1,-1
925,96,1756.25,676.43,75.84,248.20,0.5357,-1,-1,-1
925,98,1616.89,74.67,48.46,160.07,0.3153,-1,-1,-1
926,4,1719.45,455.99,75.90,209.48,0.5818,-1,-1,-1
926,64,308.03,717.66,86.93,261.13,0.7453,-1,-1,-1
926,70,907.29,955.37,76.27,124.63,0.7306,-1,-1,-1
926,71,1574.97,598.22,100.27,228.62,0.3214,-1,-1,-1
926,75,864.32,405.80,60.45,215.35,0.7059,-1,-1,-1
926,76,941.83,392.09,78.35,221.94,0.7609,-1,-1,-1
926,80,327.82,379.15,71.56,180.19,0.5356,-1,-1,-1
926,81,401.02,363.72,71.77,212.52,0.5012,-1,-1,-1
926,86,455.27,199.57,72.18,200.30,0.4078,-1,-1,-1
926,89,806.03,136.83,58.43,176.08,0.3228,-1,-1,-1
926,92,1278.59,827.51,95.56,250.70,0.7913,-1,-1,-1
926,93,1123.72,46.66,58.37,164.34,0.4182,-1,-1,-1
926,96,1756.81,677.09,76.62,250.09,0.5894,-1,-1,-1
927,4,1719.29,456.10,76.01,209.28,0.6102,-1,-1,-1
927,64,308.14,720.55,87.31,264.10,0.7486,-1,-1,-1
927,70,906.88,954.89,76.06,125.11,0.7388,-1,-1,-1
927,71,1574.37,597.83,99.70,226.64,0.4290,-1,-1,-1
927,75,863.69,405.07,60.24,213.61,0.7403,-1,-1,-1
927,76,941.52,391.31,79.01,220.36,0.7727,-1,-1,-1
927,80,327.92,382.65,70.91,181.02,0.5715,-1,-1,-1
927,81,401.31,364.96,71.55,211.83,0.4950,-1,-1,-1
927,86,455.50,201.55,72.13,200.44,0.3874,-1,-1,-1
927,89,806.13,137.06,58.17,175.44,0.3418,-1,-1,-1
927,92,1275.87,825.50,95.35,252.28,0.8028,-1,-1,-1
927,93,1124.33,47.07,58.21,164.11,0.4173,-1,-1,-1
927,96,1756.86,676.74,77.52,253.06,0.5862,-1,-1,-1
927,98,1618.09,75.25,49.17,161.69,0.3152,-1,-1,-1
928,4,1718.99,456.33,76.00,208.84,0.6034,-1,-1,-1
928,64,310.50,725.56,85.89,264.17,0.7731,-1,-1,-1
928,70,906.79,954.72,76.17,125.28,0.7213,-1,-1,-1
928,71,1575.92,598.04,99.50,228.36,0.4129,-1,-1,-1
928,75,862.80,404.20,60.71,214.64,0.7359,-1,-1,-1
928,76,941.49,389.99,79.50,220.85,0.7677,-1,-1,-1
928,80,327.79,384.24,71.52,184.77,0.5215,-1,-1,-1
928,81,399.99,363.97,72.07,212.39,0.5128,-1,-1,-1
928,86,455.57,204.17,71.22,198.68,0.3635,-1,-1,-1
928,89,805.39,136.98,58.35,175.21,0.3213,-1,-1,-1
928,92,1273.01,822.46,95.36,256.22,0.7778,-1,-1,-1
928,93,1124.88,46.60,58.72,166.42,0.4997,-1,-1,-1
928,96,1756.39,675.87,77.72,253.07,0.5873,-1,-1,-1
929,4,1718.62,456.16,76.31,209.33,0.6077,-1,-1,-1
929,64,312.26,726.97,85.32,265.17,0.7941,-1,-1,-1
929,70,907.36,954.98,76.06,125.02,0.7308,-1,-1,-1
929,71,1577.40,598.56,98.35,227.87,0.3661,-1,-1,-1
929,75,861.32,401.66,61.80,216.60,0.7441,-1,-1,-1
929,76,940.74,388.34,79.46,221.39,0.7689,-1,-1,-1
929,80,328.51,385.58,72.06,187.22,0.5337,-1,-1,-1
929,81,399.24,364.38,72.47,211.97,0.5722,-1,-1,-1
929,86,455.38,204.77,71.87,199.47,0.3305,-1,-1,-1
929,89,806.57,136.88,58.23,176.02,0.3260,-1,-1,-1
929,92,1271.57,817.11,95.04,260.65,0.7775,-1,-1,-1
929,93,1125.80,46.31,57.82,164.33,0.5012,-1,-1,-1
929,96,1756.19,676.69,77.83,251.69,0.5928,-1,-1,-1
929,97,1728.57,101.14,52.11,179.86,0.3089,-1,-1,-1
929,98,1619.78,76.96,49.32,160.10,0.3465,-1,-1,-1
930,4,1719.20,456.35,76.15,209.15,0.5972,-1,-1,-1
930,64,313.90,728.88,83.88,261.19,0.7748,-1,-1,-1
930,70,905.95,954.40,76.41,125.47,0.7199,-1,-1,-1
930,71,1577.91,598.33,97.41,227.90,0.3744,-1,-1,-1
930,75,861.35,399.32,61.67,214.35,0.7166,-1,-1,-1
930,76,940.42,385.82,79.51,222.74,0.7702,-1,-1,-1
930,80,329.23,387.25,72.31,187.90,0.4991,-1,-1,-1
930,81,398.61,364.81,71.78,208.93,0.5125,-1,-1,-1
930,89,806.97,137.30,57.79,175.12,0.3354,-1,-1,-1
930,92,1270.27,813.69,95.18,266.23,0.7959,-1,-1,-1
930,93,1125.88,45.71,57.45,163.70,0.4965,-1,-1,-1
930,96,1754.47,677.19,79.09,251.28,0.5852,-1,-1,-1
930,97,1731.07,105.36,51.13,179.21,0.3696,-1,-1,-1
930,98,1620.27,78.32,49.69,159.21,0.3850,-1,-1,-1
931,4,1719.18,456.30,76.17,208.84,0.5655,-1,-1,-1
931,64,315.76,730.57,83.42,258.32,0.7860,-1,-1,-1
931,70,907.19,955.05,76.55,124.95,0.7312,-1,-1,-1
931,71,1576.51,597.68,97.14,226.61,0.5214,-1,-1,-1
931,75,861.74,399.35,59.28,202.08,0.6985,-1,-1,-1
931,76,940.71,383.75,78.09,220.09,0.7591,-1,-1,-1
931,80,328.60,388.38,72.79,189.33,0.5052,-1,-1,-1
931,81,397.95,367.38,71.17,204.80,0.4992,-1,-1,-1
931,89,807.46,137.55,57.32,173.81,0.3164,-1,-1,-1
931,92,1269.00,809.45,94.62,270.56,0.7848,-1,-1,-1
931,93,1125.78,46.38,57.51,164.09,0.4466,-1,-1,-1
931,96,1752.32,675.68,80.73,252.65,0.6228,-1,-1,-1
931,97,1732.29,106.77,50.48,178.25,0.3081,-1,-1,-1
931,98,1621.41,78.73,49.77,158.37,0.3547,-1,-1,-1
932,4,1719.52,455.99,76.21,209.63,0.5773,-1,-1,-1
932,64,317.48,731.48,82.89,256.11,0.7789,-1,-1,-1
932,70,907.44,954.43,76.82,125.56,0.7311,-1,-1,-1
932,71,1576.64,598.07,96.95,226.08,0.5558,-1,-1,-1
932,75,860.86,396.51,59.78,201.32,0.6496,-1,-1,-1
932,76,942.10,381.07,76.86,217.50,0.7427,-1,-1,-1
932,80,328.53,388.77,72.08,187.76,0.4633,-1,-1,-1
932,81,397.25,365.40,72.61,208.72,0.4776,-1,-1,-1
932,89,807.64,137.02,57.54,175.08,0.3141,-1,-1,-1
932,92,1268.05,804.83,94.18,275.17,0.7908,-1,-1,-1
932,93,1125.72,47.55,58.10,165.69,0.4084,-1,-1,-1
932,96,1751.44,675.54,81.80,251.98,0.6170,-1,-1,-1
932,97,1733.83,107.63,49.82,176.85,0.3084,-1,-1,-1
932,98,1621.61,79.52,50.18,159.19,0.3490,-1,-1,-1
933,4,1719.45,455.89,76.04,209.88,0.5541,-1,-1,-1
933,64,318.15,733.03,83.88,256.98,0.7948,-1,-1,-1
933,70,907.64,954.48,76.94,125.52,0.7420,-1,-1,-1
933,71,1575.51,595.66,98.31,228.68,0.5280,-1,-1,-1
933,75,860.21,394.94,59.81,198.51,0.6489,-1,-1,-1
933,76,942.13,378.81,75.81,213.32,0.7366,-1,-1,-1
933,80,328.45,389.89,71.64,187.24,0.4267,-1,-1,-1
933,81,395.61,366.17,72.84,207.57,0.5203,-1,-1,-1
933,92,1268.06,801.95,92.57,274.86,0.7758,-1,-1,-1
933,93,1126.10,49.81,58.01,165.60,0.3778,-1,-1,-1
933,96,1749.88,674.76,82.96,254.01,0.6317,-1,-1,-1
933,97,1735.18,106.92,49.93,176.72,0.3049,-1,-1,-1
933,98,1622.52,80.82,50.26,159.53,0.3198,-1,-1,-1
934,4,1719.52,455.88,75.86,210.12,0.5782,-1,-1,-1
934,64,318.78,734.23,84.73,256.09,0.8049,-1,-1,-1
934,70,907.63,953.82,77.46,126.19,0.7528,-1,-1,-1
934,71,1576.07,595.97,98.25,228.58,0.5555,-1,-1,-1
934,75,859.00,393.01,61.45,201.79,0.6633,-1,-1,-1
934,76,942.50,376.33,75.60,213.60,0.7234,-1,-1,-1
934,80,329.44,391.42,71.29,186.54,0.3420,-1,-1,-1
934,81,394.45,368.06,73.07,206.33,0.5506,-1,-1,-1
934,89,807.31,137.39,57.56,175.73,0.3123,-1,-1,-1
934,92,1267.52,799.13,90.89,272.58,0.7781,-1,-1,-1
934,93,1127.35,53.28,57.11,162.66,0.3722,-1,-1,-1
934,96,1749.96,675.44,83.14,252.04,0.6110,-1,-1,-1
934,97,1736.82,106.46,49.54,174.47,0.3333,-1,-1,-1
935,4,1720.10,456.33,75.50,209.40,0.5750,-1,-1,-1
935,64,319.57,735.88,86.87,256.26,0.8270,-1,-1,-1
935,70,907.27,953.53,77.64,126.47,0.7409,-1,-1,-1
935,71,1575.91,596.03,98.53,228.94,0.5815,-1,-1,-1
935,75,858.81,390.82,61.92,201.74,0.6729,-1,-1,-1
935,76,943.25,374.11,73.32,210.72,0.7351,-1,-1,-1
935,80,336.97,394.64,68.42,182.51,0.3328,-1,-1,-1
935,81,393.22,369.21,73.87,205.68,0.5367,-1,-1,-1
935,89,807.51,137.27,57.39,175.69,0.3047,-1,-1,-1
935,92,1267.47,796.22,90.42,272.32,0.7687,-1,-1,-1
935,93,1127.55,55.70,57.50,163.60,0.4230,-1,-1,-1
935,96,1749.90,674.37,84.86,255.09,0.6210,-1,-1,-1
935,97,1737.23,108.81,49.30,171.62,0.3071,-1,-1,-1
935,98,1622.30,84.37,50.56,157.48,0.3244,-1,-1,-1
936,4,1720.30,455.96,74.81,208.83,0.5626,-1,-1,-1
936,64,320.02,736.56,88.12,254.42,0.8217,-1,-1,-1
936,70,907.36,951.86,77.78,127.56,0.7263,-1,-1,-1
936,71,1576.83,596.60,97.95,227.56,0.5664,-1,-1,-1
936,75,858.41,388.89,63.42,208.09,0.6694,-1,-1,-1
936,76,943.05,373.83,71.96,210.27,0.7074,-1,-1,-1
936,80,338.45,395.01,66.65,181.09,0.3713,-1,-1,-1
936,81,390.89,368.68,77.08,213.42,0.6004,-1,-1,-1
936,92,1266.31,793.01,91.68,278.11,0.7683,-1,-1,-1
936,93,1127.75,57.64,58.00,164.20,0.4376,-1,-1,-1
936,96,1750.01,674.37,84.88,253.94,0.6006,-1,-1,-1
937,4,1720.70,456.45,74.50,208.94,0.5534,-1,-1,-1
937,64,320.52,737.77,90.51,253.42,0.8362,-1,-1,-1
937,70,907.86,952.49,77.59,127.48,0.7434,-1,-1,-1
937,71,1576.12,595.96,98.62,228.26,0.5386,-1,-1,-1
937,75,858.06,388.47,63.41,209.56,0.6903,-1,-1,-1
937,76,943.08,373.18,70.89,211.08,0.6928,-1,-1,-1
937,80,339.31,394.86,65.52,181.54,0.3771,-1,-1,-1
937,81,389.23,368.84,78.97,218.30,0.6123,-1,-1,-1
937,92,1264.91,790.91,92.14,279.67,0.7771,-1,-1,-1
937,93,1126.90,58.93,59.17,166.64,0.4212,-1,-1,-1
937,96,1749.39,674.10,85.55,255.21,0.6187,-1,-1,-1
938,4,1720.23,456.71,74.55,208.90,0.5749,-1,-1,-1
938,64,320.30,738.29,92.99,255.09,0.8321,-1,-1,-1
938,70,908.69,951.41,77.49,128.59,0.7529,-1,-1,-1
938,71,1576.23,597.00,98.35,227.40,0.5618,-1,-1,-1
938,75,857.65,386.43,63.16,209.65,0.6811,-1,-1,-1
938,76,942.31,370.76,70.25,214.44,0.7000,-1,-1,-1
938,80,340.40,394.07,64.67,182.12,0.3945,-1,-1,-1
938,81,389.81,371.01,78.96,218.25,0.5653,-1,-1,-1
938,92,1262.69,788.28,92.76,283.79,0.7855,-1,-1,-1
938,93,1127.74,60.90,59.12,165.52,0.4439,-1,-1,-1
938,96,1748.57,673.70,85.95,254.82,0.6238,-1,-1,-1
939,4,1720.24,456.50,74.56,210.00,0.5561,-1,-1,-1
939,64,319.79,739.62,94.33,258.50,0.8307,-1,-1,-1
939,70,910.77,950.50,77.07,129.50,0.7237,-1,-1,-1
939,71,1574.90,594.86,99.21,229.54,0.5186,-1,-1,-1
939,75,857.66,386.73,63.03,210.65,0.6648,-1,-1,-1
939,76,942.91,370.04,69.15,214.74,0.6714,-1,-1,-1
939,80,340.70,393.46,63.96,183.21,0.3961,-1,-1,-1
939,81,391.30,378.99,77.40,213.24,0.5984,-1,-1,-1
939,92,1261.98,786.26,92.28,284.78,0.7899,-1,-1,-1
939,93,1127.46,61.96,59.95,166.77,0.4561,-1,-1,-1
939,96,1747.28,674.99,85.76,254.05,0.6270,-1,-1,-1
940,4,1720.37,456.20,74.31,209.98,0.5598,-1,-1,-1
940,64,320.07,740.68,94.75,262.86,0.8254,-1,-1,-1
940,70,911.21,949.33,76.61,130.68,0.7619,-1,-1,-1
940,71,1574.85,595.49,98.85,228.80,0.5332,-1,-1,-1
940,75,858.31,386.66,62.55,210.95,0.6759,-1,-1,-1
940,76,942.53,369.85,68.28,214.81,0.6936,-1,-1,-1
940,80,340.19,393.34,63.13,183.63,0.4060,-1,-1,-1
940,81,391.38,383.09,76.21,210.15,0.5956,-1,-1,-1
940,92,1260.01,784.93,91.26,284.99,0.7855,-1,-1,-1
940,93,1127.78,63.71,60.80,167.65,0.4518,-1,-1,-1
940,96,1746.59,673.94,85.75,253.59,0.6361,-1,-1,-1
941,4,1719.79,456.50,74.12,208.81,0.5794,-1,-1,-1
941,64,320.78,743.23,95.65,269.26,0.8184,-1,-1,-1
941,70,911.69,948.35,76.65,131.66,0.7510,-1,-1,-1
941,71,1574.56,595.40,99.10,229.44,0.5657,-1,-1,-1
941,75,858.17,386.14,62.56,211.85,0.7097,-1,-1,-1
941,76,941.28,368.82,67.87,216.51,0.7170,-1,-1,-1
941,80,339.61,394.03,62.09,183.60,0.3773,-1,-1,-1
941,81,389.97,383.39,76.99,212.46,0.6215,-1,-1,-1
941,86,478.72,211.90,62.37,179.87,0.3004,-1,-1,-1
941,92,1258.20,783.69,91.21,287.71,0.7844,-1,-1,-1
941,93,1128.85,65.24,61.09,167.50,0.4479,-1,-1,-1
941,96,1747.45,674.12,86.45,254.25,0.6634,-1,-1,-1
942,4,1719.78,456.15,74.54,210.08,0.5558,-1,-1,-1
942,64,321.78,747.40,94.57,269.15,0.8173,-1,-1,-1
942,70,912.43,947.17,76.30,132.85,0.7628,-1,-1,-1
942,71,1574.38,594.83,99.39,229.98,0.5416,-1,-1,-1
942,75,858.23,385.15,62.61,212.62,0.7000,-1,-1,-1
942,76,941.09,368.62,67.20,215.80,0.7131,-1,-1,-1
942,80,339.51,393.71,62.15,185.45,0.3791,-1,-1,-1
942,81,390.91,385.75,76.71,211.90,0.5921,-1,-1,-1
942,92,1256.54,783.65,90.64,286.16,0.7773,-1,-1,-1
942,93,1129.71,66.32,61.83,168.50,0.4671,-1,-1,-1
942,96,1747.23,672.41,86.93,253.67,0.6571,-1,-1,-1
943,4,1719.79,456.31,74.22,209.38,0.5679,-1,-1,-1
943,64,322.90,750.96,93.36,266.37,0.8184,-1,-1,-1
943,70,913.23,945.54,76.13,134.46,0.7552,-1,-1,-1
943,71,1574.83,595.59,98.85,228.70,0.5493,-1,-1,-1
943,75,858.17,383.74,62.54,212.17,0.6829,-1,-1,-1
943,76,940.09,366.97,67.52,217.21,0.7132,-1,-1,-1
943,80,337.54,395.94,61.82,185.97,0.3421,-1,-1,-1
943,81,392.14,387.34,76.05,210.65,0.5718,-1,-1,-1
943,86,478.16,213.37,61.78,182.55,0.3024,-1,-1,-1
943,92,1255.29,782.48,90.09,286.04,0.7748,-1,-1,-1
943,93,1130.11,66.56,61.52,167.08,0.4229,-1,-1,-1
943,96,1746.00,671.34,87.57,255.06,0.6662,-1,-1,-1
944,4,1719.63,456.43,74.24,210.31,0.5650,-1,-1,-1
944,64,323.60,754.44,92.09,262.55,0.8223,-1,-1,-1
944,70,914.75,944.29,76.00,135.71,0.7344,-1,-1,-1
944,71,1574.45,594.55,99.07,229.79,0.5490,-1,-1,-1
944,75,857.72,381.82,62.85,213.96,0.6917,-1,-1,-1
944,76,938.50,366.17,67.30,216.80,0.6967,-1,-1,-1
944,80,336.84,401.21,61.59,186.55,0.3285,-1,-1,-1
944,81,392.18,387.95,75.63,209.44,0.5440,-1,-1,-1
944,92,1253.28,779.89,90.41,286.46,0.7731,-1,-1,-1
944,93,1131.65,65.37,61.20,165.92,0.4178,-1,-1,-1
944,96,1745.60,673.38,87.21,253.97,0.6759,-1,-1,-1
945,4,1719.28,455.93,74.53,211.31,0.5424,-1,-1,-1
945,64,323.53,756.63,91.93,263.59,0.8237,-1,-1,-1
945,70,915.37,943.71,75.64,136.30,0.7561,-1,-1,-1
945,71,1575.28,595.95,98.56,228.54,0.5612,-1,-1,-1
945,75,857.49,379.14,62.70,212.46,0.6940,-1,-1,-1
945,76,939.18,364.31,66.32,216.60,0.6919,-1,-1,-1
945,80,338.00,410.21,61.03,184.26,0.3736,-1,-1,-1
945,81,392.59,388.49,75.65,209.29,0.5449,-1,-1,-1
945,86,475.38,214.64,62.26,185.28,0.3325,-1,-1,-1
945,92,1252.17,777.30,90.56,288.61,0.7645,-1,-1,-1
945,93,1132.70,65.77,60.58,164.26,0.4168,-1,-1,-1
945,96,1745.13,673.77,87.10,253.09,0.6790,-1,-1,-1
946,4,1719.72,457.20,73.77,208.57,0.5699,-1,-1,-1
946,64,324.01,759.85,91.69,264.56,0.8211,-1,-1,-1
946,70,917.45,943.58,74.51,136.41,0.7576,-1,-1,-1
946,71,1576.27,597.36,97.40,226.07,0.5642,-1,-1,-1
946,75,857.28,376.72,63.59,214.33,0.6500,-1,-1,-1
946,76,937.91,362.46,65.48,215.93,0.6461,-1,-1,-1
946,80,330.79,409.43,63.72,187.97,0.4692,-1,-1,-1
946,81,390.88,388.32,75.84,209.78,0.5928,-1,-1,-1
946,86,476.06,215.31,61.50,184.96,0.3409,-1,-1,-1
946,89,806.98,135.65,57.65,177.48,0.3119,-1,-1,-1
946,92,1250.77,774.72,89.10,282.17,0.7755,-1,-1,-1
946,93,1134.11,66.13,60.43,164.62,0.4416,-1,-1,-1
946,96,1743.65,673.14,87.80,252.89,0.6623,-1,-1,-1
947,4,1719.61,457.75,73.71,208.76,0.5719,-1,-1,-1
947,64,323.39,760.42,92.24,267.96,0.8233,-1,-1,-1
947,70,917.76,941.50,74.45,138.51,0.7545,-1,-1,-1
947,71,1576.62,597.27,97.82,226.94,0.5836,-1,-1,-1
947,75,856.97,374.18,63.18,211.10,0.6626,-1,-1,-1
947,76,937.13,360.80,63.57,210.52,0.6498,-1,-1,-1
947,80,330.39,411.63,64.37,187.70,0.4783,-1,-1,-1
947,81,391.50,388.15,75.58,210.18,0.5913,-1,-1,-1
947,86,476.05,215.70,61.36,185.13,0.3209,-1,-1,-1
947,92,1249.52,771.43,88.73,280.20,0.7636,-1,-1,-1
947,93,1136.17,67.16,59.01,162.38,0.3952,-1,-1,-1
947,96,1743.88,668.80,88.61,254.85,0.6922,-1,-1,-1
948,4,1719.52,457.23,73.66,209.02,0.5736,-1,-1,-1
948,64,322.54,762.59,91.71,269.34,0.8271,-1,-1,-1
948,70,918.70,940.06,74.37,139.93,0.7534,-1,-1,-1
948,71,1575.97,595.41,98.57,228.64,0.5923,-1,-1,-1
948,75,856.38,370.77,63.58,211.55,0.6633,-1,-1,-1
948,76,936.33,357.58,62.45,207.86,0.6509,-1,-1,-1
948,80,329.68,412.87,64.73,188.14,0.4738,-1,-1,-1
948,81,391.34,388.24,75.36,209.93,0.5565,-1,-1,-1
948,86,476.57,215.55,61.15,184.67,0.3202,-1,-1,-1
948,92,1247.74,768.63,87.32,277.19,0.7740,-1,-1,-1
948,93,1138.30,68.04,59.03,163.12,0.4265,-1,-1,-1
948,96,1741.81,669.49,90.44,255.35,0.6816,-1,-1,-1
949,4,1719.40,456.74,73.53,208.94,0.5777,-1,-1,-1
949,64,323.29,763.80,91.19,268.13,0.8215,-1,-1,-1
949,70,919.91,939.14,74.07,140.86,0.7384,-1,-1,-1
949,71,1576.39,594.58,98.92,229.95,0.5765,-1,-1,-1
949,75,855.77,368.55,63.93,211.53,0.6659,-1,-1,-1
949,76,934.52,355.51,63.04,209.62,0.6396,-1,-1,-1
949,80,325.38,413.06,66.43,190.76,0.5549,-1,-1,-1
949,81,391.62,390.09,74.60,208.16,0.5626,-1,-1,-1
949,86,476.14,216.36,60.68,182.34,0.3140,-1,-1,-1
949,92,1247.65,763.73,86.03,273.66,0.7646,-1,-1,-1
949,93,1140.02,68.76,59.81,165.51,0.3904,-1,-1,-1
949,96,1742.95,670.39,88.73,250.39,0.6772,-1,-1,-1
950,4,1719.55,456.15,73.79,210.22,0.5724,-1,-1,-1
950,64,322.39,764.81,90.52,266.95,0.8230,-1,-1,-1
950,70,921.11,937.32,73.38,142.68,0.7546,-1,-1,-1
950,71,1575.87,594.99,98.55,228.88,0.5690,-1,-1,-1
950,75,856.98,366.63,62.56,204.82,0.6532,-1,-1,-1
950,76,931.61,352.08,63.59,209.49,0.6464,-1,-1,-1
950,80,326.17,413.94,66.39,190.05,0.5082,-1,-1,-1
950,81,390.48,389.72,74.87,209.16,0.5825,-1,-1,-1
950,86,475.47,216.68,60.44,180.89,0.3311,-1,-1,-1
950,92,1247.03,758.84,84.17,265.94,0.7694,-1,-1,-1
950,93,1142.98,68.50,60.59,167.45,0.3585,-1,-1,-1
950,96,1742.24,667.22,90.58,256.91,0.6781,-1,-1,-1
951,4,1719.44,456.05,73.96,211.09,0.5724,-1,-1,-1
951,64,322.26,766.54,90.26,265.13,0.8161,-1,-1,-1
951,70,921.40,936.75,72.85,143.25,0.7622,-1,-1,-1
951,71,1575.97,594.76,98.91,229.35,0.5811,-1,-1,-1
951,75,855.98,365.13,63.53,205.59,0.6683,-1,-1,-1
951,76,930.65,349.33,64.39,210.62,0.6525,-1,-1,-1
951,80,324.56,414.36,67.40,189.71,0.4985,-1,-1,-1
951,81,390.87,390.40,74.25,207.14,0.5044,-1,-1,-1
951,86,475.84,218.05,60.38,179.40,0.3399,-1,-1,-1
951,92,1245.32,753.97,84.58,266.19,0.7678,-1,-1,-1
951,93,1144.97,70.70,59.82,164.08,0.3802,-1,-1,-1
951,96,1742.66,667.54,89.71,255.11,0.6549,-1,-1,-1
952,4,1719.18,456.31,73.87,211.03,0.5726,-1,-1,-1
952,64,322.16,768.08,90.02,264.30,0.8045,-1,-1,-1
952,70,922.82,935.96,72.44,144.04,0.7728,-1,-1,-1
952,71,1575.89,595.97,98.88,228.03,0.5729,-1,-1,-1
952,75,855.17,363.82,64.45,205.92,0.6919,-1,-1,-1
952,76,929.83,347.02,65.25,212.67,0.6930,-1,-1,-1
952,80,325.13,414.67,67.71,189.30,0.4294,-1,-1,-1
952,81,391.85,390.54,74.00,206.72,0.5189,-1,-1,-1
952,86,476.09,220.14,60.21,176.85,0.3207,-1,-1,-1
952,92,1242.79,751.30,85.66,267.39,0.7631,-1,-1,-1
952,93,1146.42,73.26,59.62,163.57,0.3473,-1,-1,-1
952,96,1742.34,668.08,90.47,256.51,0.6676,-1,-1,-1
953,4,1719.41,456.96,73.57,209.64,0.5683,-1,-1,-1
953,64,321.36,769.69,89.54,262.79,0.8138,-1,-1,-1
953,70,924.11,935.34,72.05,144.66,0.7791,-1,-1,-1
953,71,1576.15,594.65,99.47,229.19,0.6081,-1,-1,-1
953,75,853.90,362.44,65.94,207.17,0.6847,-1,-1,-1
953,76,927.99,346.19,65.72,211.78,0.7090,-1,-1,-1
953,80,323.57,413.89,68.86,190.61,0.4314,-1,-1,-1
953,81,391.33,393.90,74.65,207.99,0.5562,-1,-1,-1
953,86,477.06,220.52,60.46,176.33,0.3691,-1,-1,-1
953,92,1241.69,750.54,85.74,266.05,0.7807,-1,-1,-1
953,93,1146.34,74.44,60.20,165.62,0.3897,-1,-1,-1
953,96,1742.22,668.57,90.40,255.52,0.6717,-1,-1,-1
954,4,1719.89,456.62,73.62,209.63,0.5800,-1,-1,-1
954,64,322.38,771.23,88.90,261.49,0.8180,-1,-1,-1
954,70,924.72,934.62,71.67,145.38,0.7647,-1,-1,-1
954,71,1576.28,596.50,98.88,228.00,0.5787,-1,-1,-1
954,75,852.80,360.92,66.64,208.23,0.6716,-1,-1,-1
954,76,926.50,345.36,66.61,211.82,0.7074,-1,-1,-1
954,80,322.28,414.42,68.56,189.45,0.4585,-1,-1,-1
954,81,389.26,394.11,76.07,211.11,0.6113,-1,-1,-1
954,86,477.82,221.45,60.74,175.74,0.3807,-1,-1,-1
954,89,807.37,136.42,56.55,175.25,0.3041,-1,-1,-1
954,92,1238.56,748.91,87.16,266.84,0.7781,-1,-1,-1
954,93,1147.00,76.95,60.16,165.89,0.3978,-1,-1,-1
954,96,1742.29,669.68,90.38,254.79,0.6836,-1,-1,-1
955,4,1719.38,456.04,74.05,210.42,0.5747,-1,-1,-1
955,64,322.38,772.91,88.31,259.63,0.8190,-1,-1,-1
955,70,925.48,934.42,70.69,145.58,0.7775,-1,-1,-1
955,71,1576.03,593.90,99.62,230.11,0.5886,-1,-1,-1
955,75,852.57,360.61,66.88,208.95,0.6666,-1,-1,-1
955,76,926.54,344.09,67.31,211.97,0.6881,-1,-1,-1
955,80,322.39,417.33,66.16,180.50,0.4147,-1,-1,-1
955,81,389.54,396.74,76.94,212.89,0.5808,-1,-1,-1
955,86,478.33,222.73,61.61,176.49,0.3835,-1,-1,-1
955,92,1237.26,746.42,87.73,268.88,0.7886,-1,-1,-1
955,93,1148.62,79.34,59.86,164.69,0.3767,-1,-1,-1
955,96,1742.29,668.66,90.17,253.92,0.6737,-1,-1,-1
956,4,1719.75,456.50,74.01,210.20,0.5833,-1,-1,-1
956,64,321.85,772.86,88.57,259.25,0.8289,-1,-1,-1
956,70,925.71,933.60,70.76,146.41,0.7815,-1,-1,-1
956,71,1577.89,594.69,98.82,229.26,0.5545,-1,-1,-1
956,75,851.49,360.70,67.49,210.40,0.6588,-1,-1,-1
956,76,925.12,344.17,69.30,215.20,0.6929,-1,-1,-1
956,80,322.20,418.48,66.68,180.44,0.4541,-1,-1,-1
956,81,389.53,400.58,77.04,212.68,0.6056,-1,-1,-1
956,86,479.38,222.01,63.15,179.70,0.4050,-1,-1,-1
956,92,1234.95,744.32,87.98,269.79,0.7904,-1,-1,-1
956,93,1150.08,80.74,59.71,163.44,0.3009,-1,-1,-1
956,96,1741.95,667.85,90.52,254.09,0.6592,-1,-1,-1
957,4,1719.26,456.22,74.07,210.15,0.5699,-1,-1,-1
957,64,321.80,773.67,88.36,259.58,0.8345,-1,-1,-1
957,70,926.03,933.27,70.96,146.73,0.7782,-1,-1,-1
957,71,1579.72,593.46,98.15,230.48,0.5680,-1,-1,-1
957,75,851.00,361.18,66.78,207.55,0.6745,-1,-1,-1
957,76,922.83,344.08,70.59,215.08,0.6919,-1,-1,-1
957,80,322.49,418.88,66.92,181.44,0.4293,-1,-1,-1
957,81,388.35,404.23,77.38,213.29,0.6145,-1,-1,-1
957,86,479.54,224.75,63.48,177.80,0.4349,-1,-1,-1
957,92,1234.69,743.40,86.16,256.70,0.7515,-1,-1,-1
957,96,1740.85,669.67,90.74,250.96,0.6707,-1,-1,-1
957,102,425.05,235.30,59.11,189.63,0.4072,-1,-1,-1
958,4,1719.21,455.90,74.29,210.60,0.5799,-1,-1,-1
958,64,321.58,774.84,88.82,263.40,0.8283,-1,-1,-1
958,70,926.69,932.85,71.06,147.15,0.7847,-1,-1,-1
958,71,1579.57,595.35,96.97,228.28,0.5441,-1,-1,-1
958,75,850.46,360.32,67.16,207.74,0.6789,-1,-1,-1
958,76,923.96,343.75,71.34,215.54,0.6937,-1,-1,-1
958,80,323.14,419.32,67.44,183.66,0.4483,-1,-1,-1
958,81,387.14,405.16,78.06,215.61,0.5994,-1,-1,-1
958,86,481.35,227.94,63.52,176.93,0.3704,-1,-1,-1
958,92,1232.41,742.06,88.43,259.81,0.7563,-1,-1,-1
958,93,1150.97,80.27,59.59,162.99,0.3162,-1,-1,-1
958,96,1740.12,667.85,92.55,254.15,0.6617,-1,-1,-1
958,102,423.90,236.64,60.32,193.71,0.4598,-1,-1,-1
959,4,1719.29,456.46,74.00,209.16,0.5786,-1,-1,-1
959,64,321.34,777.32,88.32,263.37,0.7966,-1,-1,-1
959,70,927.06,932.95,70.92,147.05,0.7850,-1,-1,-1
959,71,1579.99,596.55,96.26,227.73,0.5639,-1,-1,-1
959,75,850.86,359.32,66.84,205.31,0.6789,-1,-1,-1
959,76,924.28,343.29,71.51,216.17,0.6845,-1,-1,-1
959,80,321.43,420.87,68.47,186.71,0.5237,-1,-1,-1
959,81,386.32,408.79,77.42,213.68,0.6066,-1,-1,-1
959,86,484.60,231.61,63.20,176.57,0.3643,-1,-1,-1
959,92,1230.44,740.96,88.20,250.83,0.7574,-1,-1,-1
959,93,1151.30,80.35,60.14,164.68,0.3734,-1,-1,-1
959,96,1740.73,668.63,91.16,251.94,0.6471,-1,-1,-1
959,102,423.28,237.07,60.65,194.32,0.4960,-1,-1,-1
960,4,1719.10,455.55,74.64,210.61,0.5896,-1,-1,-1
960,64,321.33,779.78,87.80,263.04,0.8038,-1,-1,-1
960,70,927.29,932.34,71.27,147.66,0.7891,-1,-1,-1
960,71,1579.21,592.56,97.76,231.36,0.5780,-1,-1,-1
960,75,849.90,355.57,67.46,207.29,0.6894,-1,-1,-1
960,76,924.28,341.49,71.50,216.23,0.6971,-1,-1,-1
960,80,321.72,420.08,68.20,188.49,0.4973,-1,-1,-1
960,81,390.14,412.52,76.18,211.15,0.5336,-1,-1,-1
960,86,486.10,232.48,63.56,178.19,0.3804,-1,-1,-1
960,92,1225.71,739.11,92.10,257.91,0.7923,-1,-1,-1
960,93,1151.43,80.55,60.55,166.25,0.4258,-1,-1,-1
960,96,1741.51,668.89,91.24,252.22,0.6832,-1,-1,-1
960,102,422.65,237.21,61.42,196.35,0.5241,-1,-1,-1
961,4,1719.43,455.53,74.72,210.62,0.5976,-1,-1,-1
961,64,322.33,784.67,86.69,260.92,0.8184,-1,-1,-1
961,70,927.71,931.96,71.22,148.04,0.7791,-1,-1,-1
961,71,1577.80,593.42,97.80,230.37,0.5437,-1,-1,-1
961,75,848.72,352.21,66.69,205.54,0.6868,-1,-1,-1
961,76,924.48,340.33,71.78,217.21,0.6919,-1,-1,-1
961,80,319.67,421.88,68.33,191.43,0.5794,-1,-1,-1
961,81,390.48,412.83,75.85,211.06,0.5707,-1,-1,-1
961,86,486.66,230.03,64.52,182.15,0.3736,-1,-1,-1
961,92,1222.72,736.58,93.03,256.72,0.7770,-1,-1,-1
961,93,1151.78,78.94,60.52,168.08,0.4793,-1,-1,-1
961,96,1741.43,669.99,91.30,252.45,0.6776,-1,-1,-1
961,102,422.56,238.92,61.63,196.79,0.4800,-1,-1,-1
962,4,1719.25,455.41,74.32,209.65,0.5948,-1,-1,-1
962,64,322.42,786.83,86.16,260.11,0.8295,-1,-1,-1
962,70,928.03,932.07,71.20,147.92,0.7877,-1,-1,-1
962,71,1577.16,590.49,99.42,233.27,0.5474,-1,-1,-1
962,75,848.52,349.38,66.13,203.14,0.6832,-1,-1,-1
962,76,925.49,338.37,71.48,216.48,0.6872,-1,-1,-1
962,80,318.17,420.67,69.34,196.77,0.5732,-1,-1,-1
962,81,391.84,415.08,74.93,208.97,0.5330,-1,-1,-1
962,86,488.03,231.53,64.08,182.07,0.3574,-1,-1,-1
962,92,1220.79,732.71,93.15,256.51,0.7650,-1,-1,-1
962,93,1152.83,80.93,60.21,168.05,0.4084,-1,-1,-1
962,96,1740.91,665.97,93.58,259.88,0.6720,-1,-1,-1
962,102,421.64,242.13,61.84,196.13,0.4939,-1,-1,-1
963,4,1719.34,455.32,74.40,209.76,0.5758,-1,-1,-1
963,64,323.16,789.72,87.08,263.97,0.8183,-1,-1,-1
963,70,928.40,931.85,71.24,148.16,0.7773,-1,-1,-1
963,71,1576.15,591.59,100.19,232.41,0.5526,-1,-1,-1
963,75,848.17,347.93,65.66,202.93,0.6767,-1,-1,-1
963,76,924.13,335.93,71.76,218.37,0.6826,-1,-1,-1
963,80,318.01,419.83,69.78,200.96,0.5817,-1,-1,-1
963,81,391.88,415.31,74.85,208.96,0.5554,-1,-1,-1
963,86,488.69,231.87,63.89,181.71,0.3811,-1,-1,-1
963,92,1218.39,730.07,93.74,261.19,0.7674,-1,-1,-1
963,96,1741.46,668.16,91.84,254.49,0.6636,-1,-1,-1
963,102,420.89,242.13,62.42,196.53,0.4977,-1,-1,-1
964,4,1718.90,455.72,74.48,210.19,0.5691,-1,-1,-1
964,64,323.96,792.58,86.92,268.49,0.8268,-1,-1,-1
964,70,928.21,932.15,71.24,147.85,0.7843,-1,-1,-1
964,71,1575.13,589.10,101.43,235.40,0.5430,-1,-1,-1
964,75,847.18,346.65,64.96,202.42,0.6549,-1,-1,-1
964,76,923.24,333.57,71.41,217.22,0.6622,-1,-1,-1
964,80,319.17,424.01,67.47,197.82,0.6053,-1,-1,-1
964,81,391.86,416.47,74.33,207.68,0.5666,-1,-1,-1
964,86,489.64,231.28,63.62,181.66,0.3879,-1,-1,-1
964,92,1216.59,727.19,93.61,269.02,0.7785,-1,-1,-1
964,93,1152.49,85.78,60.15,166.79,0.3104,-1,-1,-1
964,96,1741.01,665.10,92.94,258.23,0.6716,-1,-1,-1
964,102,419.76,242.71,63.25,200.05,0.4690,-1,-1,-1
965,4,1719.46,455.81,74.22,209.23,0.5920,-1,-1,-1
965,64,325.02,795.42,86.81,273.48,0.8258,-1,-1,-1
965,70,928.37,931.94,71.35,147.93,0.7782,-1,-1,-1
965,71,1575.25,589.49,101.12,234.89,0.5984,-1,-1,-1
965,75,847.84,344.04,63.54,200.87,0.6580,-1,-1,-1
965,76,924.35,331.15,70.62,213.72,0.6826,-1,-1,-1
965,80,318.72,428.52,66.59,194.24,0.6129,-1,-1,-1
965,81,391.97,417.11,73.82,206.50,0.5657,-1,-1,-1
965,86,490.30,230.69,64.05,183.24,0.4312,-1,-1,-1
965,92,1216.03,722.66,91.50,266.54,0.7902,-1,-1,-1
965,93,1154.11,88.56,60.04,164.78,0.3248,-1,-1,-1
965,96,1742.09,669.30,91.93,254.44,0.6871,-1,-1,-1
965,102,419.08,243.73,62.86,199.59,0.4527,-1,-1,-1
966,4,1718.99,455.93,74.36,209.85,0.5744,-1,-1,-1
966,64,326.39,798.09,85.62,276.69,0.8304,-1,-1,-1
966,70,928.18,932.29,71.59,147.70,0.7738,-1,-1,-1
966,71,1575.49,590.85,100.93,233.25,0.6056,-1,-1,-1
966,75,848.29,342.77,62.64,200.29,0.6739,-1,-1,-1
966,76,925.34,330.11,69.09,207.31,0.7017,-1,-1,-1
966,80,319.68,433.85,64.98,188.84,0.6082,-1,-1,-1
966,81,388.97,414.51,75.10,209.37,0.5524,-1,-1,-1
966,86,491.10,230.73,63.81,182.72,0.4289,-1,-1,-1
966,92,1216.40,719.24,89.50,260.24,0.7831,-1,-1,-1
966,93,1154.18,90.91,60.90,165.32,0.3649,-1,-1,-1
966,96,1742.47,669.49,92.22,254.94,0.6888,-1,-1,-1
966,98,1647.83,120.49,55.14,158.19,0.3063,-1,-1,-1
966,102,418.76,244.04,62.56,199.79,0.4300,-1,-1,-1
967,4,1718.94,455.80,74.46,210.20,0.5819,-1,-1,-1
967,64,328.07,799.08,83.99,273.94,0.7979,-1,-1,-1
967,70,927.98,932.16,72.08,147.84,0.7771,-1,-1,-1
967,71,1574.66,590.46,101.90,233.59,0.5917,-1,-1,-1
967,75,849.06,340.82,62.62,202.38,0.6837,-1,-1,-1
967,76,926.35,328.28,68.99,207.22,0.7081,-1,-1,-1
967,80,316.65,433.13,66.91,191.35,0.5865,-1,-1,-1
967,81,391.89,418.08,73.34,204.89,0.5480,-1,-1,-1
967,86,492.04,231.01,63.73,183.04,0.4406,-1,-1,-1
967,92,1216.45,715.44,88.74,260.36,0.7860,-1,-1,-1
967,96,1741.73,670.12,91.85,253.98,0.7121,-1,-1,-1
967,102,418.52,245.22,62.39,197.88,0.3978,-1,-1,-1
968,4,1718.69,455.98,74.41,210.58,0.5836,-1,-1,-1
968,64,329.59,799.98,84.22,274.98,0.7966,-1,-1,-1
968,70,927.44,931.61,72.41,148.38,0.7810,-1,-1,-1
968,71,1574.71,589.43,102.56,234.76,0.6147,-1,-1,-1
968,75,847.79,339.71,62.86,204.51,0.6941,-1,-1,-1
968,76,926.63,325.32,69.16,208.23,0.7234,-1,-1,-1
968,80,314.56,433.15,68.08,191.69,0.5846,-1,-1,-1
968,81,393.08,418.69,72.63,203.49,0.5532,-1,-1,-1
968,86,492.52,231.21,63.53,183.64,0.5040,-1,-1,-1
968,92,1214.82,712.38,88.94,262.19,0.7839,-1,-1,-1
968,93,1153.86,93.14,63.36,170.77,0.3210,-1,-1,-1
968,96,1741.13,668.70,92.96,255.94,0.6957,-1,-1,-1
968,98,1648.07,123.52,57.62,163.97,0.3136,-1,-1,-1
968,102,417.49,245.44,62.71,196.95,0.3630,-1,-1,-1
969,4,1718.73,456.43,74.17,210.47,0.5891,-1,-1,-1
969,64,331.10,801.81,84.22,273.10,0.7833,-1,-1,-1
969,70,927.37,932.18,71.94,147.82,0.7818,-1,-1,-1
969,71,1575.31,590.66,102.80,233.44,0.6184,-1,-1,-1
969,75,847.94,338.94,62.58,206.02,0.6958,-1,-1,-1
969,76,926.99,323.97,68.75,207.64,0.7281,-1,-1,-1
969,80,311.00,432.99,70.57,192.22,0.5694,-1,-1,-1
969,81,393.38,420.66,72.19,202.70,0.5213,-1,-1,-1
969,86,492.82,233.12,63.57,184.15,0.4677,-1,-1,-1
969,92,1213.48,709.43,89.92,264.60,0.7817,-1,-1,-1
969,96,1740.45,668.27,92.58,254.27,0.6977,-1,-1,-1
969,98,1648.46,124.94,58.03,164.86,0.3086,-1,-1,-1
970,4,1718.88,455.82,74.05,210.09,0.5880,-1,-1,-1
970,64,332.12,803.36,84.82,271.86,0.7936,-1,-1,-1
970,70,926.88,932.06,71.97,147.95,0.7810,-1,-1,-1
970,71,1575.68,591.69,102.79,232.72,0.6187,-1,-1,-1
970,75,847.95,338.65,62.24,206.47,0.6995,-1,-1,-1
970,76,926.79,323.32,68.20,208.23,0.7032,-1,-1,-1
970,80,308.25,435.88,71.69,189.27,0.4561,-1,-1,-1
970,81,390.04,417.32,75.25,210.69,0.5194,-1,-1,-1
970,86,493.86,235.01,63.93,185.03,0.4765,-1,-1,-1
970,92,1211.94,707.83,90.88,266.97,0.7811,-1,-1,-1
970,96,1740.32,668.32,92.67,253.09,0.6942,-1,-1,-1
970,98,1648.99,125.49,57.92,164.89,0.3215,-1,-1,-1
971,4,1719.21,456.13,74.31,210.57,0.5860,-1,-1,-1
971,64,331.65,803.44,86.64,271.29,0.7871,-1,-1,-1
971,70,926.72,932.45,71.62,147.55,0.7793,-1,-1,-1
971,71,1575.43,590.59,103.39,233.74,0.5853,-1,-1,-1
971,75,847.84,338.17,62.05,207.98,0.7053,-1,-1,-1
971,76,927.14,322.92,67.45,207.83,0.7117,-1,-1,-1
971,80,306.97,435.26,73.53,190.20,0.3813,-1,-1,-1
971,81,391.23,422.21,76.00,213.83,0.5196,-1,-1,-1
971,86,493.90,236.21,64.46,186.75,0.4628,-1,-1,-1
971,92,1210.17,707.24,91.23,268.73,0.7932,-1,-1,-1
971,96,1740.13,670.43,92.20,251.90,0.6852,-1,-1,-1
971,98,1649.52,126.56,57.61,164.50,0.3210,-1,-1,-1
972,4,1719.50,455.90,73.90,209.83,0.5870,-1,-1,-1
972,64,331.79,804.39,88.44,269.66,0.7704,-1,-1,-1
972,70,926.33,932.65,70.93,147.35,0.7637,-1,-1,-1
972,71,1575.21,590.35,103.43,233.73,0.5742,-1,-1,-1
972,75,847.77,338.11,61.71,208.45,0.6763,-1,-1,-1
972,76,927.07,322.24,66.84,207.25,0.6948,-1,-1,-1
972,80,317.87,437.44,71.24,187.98,0.3572,-1,-1,-1
972,81,387.91,418.97,77.41,217.04,0.5281,-1,-1,-1
972,86,494.04,238.68,64.14,185.40,0.4040,-1,-1,-1
972,92,1208.15,707.02,91.74,268.82,0.7898,-1,-1,-1
972,96,1740.09,668.95,93.14,255.40,0.6968,-1,-1,-1
973,4,1718.93,455.82,74.17,210.60,0.5752,-1,-1,-1
973,64,331.86,806.20,90.53,266.97,0.7738,-1,-1,-1
973,70,926.21,933.63,70.52,146.37,0.7776,-1,-1,-1
973,71,1575.01,591.06,103.37,233.25,0.6067,-1,-1,-1
973,75,847.35,336.45,61.71,208.13,0.6858,-1,-1,-1
973,76,927.15,321.69,66.38,207.48,0.6986,-1,-1,-1
973,80,321.19,435.37,70.13,191.48,0.4687,-1,-1,-1
973,81,387.45,419.25,78.04,219.22,0.5476,-1,-1,-1
973,86,494.50,240.60,63.75,184.70,0.4473,-1,-1,-1
973,92,1206.30,705.35,90.89,268.68,0.7941,-1,-1,-1
973,96,1740.37,668.35,93.01,254.63,0.6941,-1,-1,-1
973,102,415.31,250.04,61.76,191.50,0.3060,-1,-1,-1
974,4,1718.90,455.40,73.82,209.99,0.5481,-1,-1,-1
974,64,330.98,807.15,93.09,266.36,0.7683,-1,-1,-1
974,70,925.50,932.84,70.38,147.17,0.7694,-1,-1,-1
974,71,1576.06,589.22,103.62,234.78,0.6294,-1,-1,-1
974,75,847.33,335.48,61.78,208.57,0.6666,-1,-1,-1
974,76,926.58,321.74,66.00,207.14,0.7105,-1,-1,-1
974,80,322.58,436.10,68.07,190.92,0.4757,-1,-1,-1
974,81,386.98,421.72,77.68,219.00,0.5676,-1,-1,-1
974,86,495.45,242.92,63.52,184.74,0.4492,-1,-1,-1
974,92,1205.27,703.33,91.40,270.38,0.7965,-1,-1,-1
974,96,1740.17,670.61,92.49,253.13,0.6885,-1,-1,-1
974,102,415.08,250.79,61.86,189.45,0.3226,-1,-1,-1
975,4,1718.65,455.17,74.07,210.83,0.5843,-1,-1,-1
975,64,330.37,808.82,95.07,264.46,0.7802,-1,-1,-1
975,70,924.52,933.73,69.95,146.28,0.7595,-1,-1,-1
975,71,1577.10,589.77,103.02,234.41,0.6047,-1,-1,-1
975,75,846.93,333.42,61.73,208.51,0.6640,-1,-1,-1
975,76,926.09,320.99,66.05,209.21,0.6908,-1,-1,-1
975,80,323.11,437.31,66.37,191.12,0.4973,-1,-1,-1
975,81,387.26,423.87,77.28,218.22,0.5703,-1,-1,-1
975,86,495.67,244.37,64.10,186.94,0.4647,-1,-1,-1
975,92,1203.23,702.69,90.41,270.29,0.7914,-1,-1,-1
975,96,1738.76,669.21,94.04,254.68,0.6918,-1,-1,-1
975,98,1652.45,127.66,57.57,162.95,0.3283,-1,-1,-1
975,102,413.60,251.44,63.76,190.81,0.4291,-1,-1,-1
976,4,1719.36,457.17,73.36,208.70,0.5698,-1,-1,-1
976,64,330.16,811.24,96.93,264.39,0.7742,-1,-1,-1
976,70,923.80,934.03,69.47,145.97,0.7337,-1,-1,-1
976,71,1577.84,588.77,102.88,235.22,0.6039,-1,-1,-1
976,75,846.82,332.28,60.97,204.74,0.6726,-1,-1,-1
976,76,924.60,320.35,66.39,211.59,0.6926,-1,-1,-1
976,80,322.69,436.86,65.21,191.33,0.5091,-1,-1,-1
976,81,387.52,426.24,76.98,218.46,0.5746,-1,-1,-1
976,86,495.74,245.65,64.64,189.14,0.4552,-1,-1,-1
976,92,1201.09,700.84,90.15,270.33,0.8038,-1,-1,-1
976,93,1168.55,100.20,63.22,169.31,0.3276,-1,-1,-1
976,96,1738.73,671.23,94.19,252.04,0.7112,-1,-1,-1
976,98,1655.68,127.82,55.77,158.63,0.3450,-1,-1,-1
976,102,412.78,252.34,64.66,190.85,0.4364,-1,-1,-1
977,4,1719.10,456.65,73.80,210.05,0.5578,-1,-1,-1
977,64,329.79,813.46,99.14,265.81,0.7843,-1,-1,-1
977,70,922.17,933.71,69.84,146.29,0.7405,-1,-1,-1
977,71,1577.22,588.28,103.32,236.14,0.6107,-1,-1,-1
977,75,846.70,330.34,60.73,202.77,0.6665,-1,-1,-1
977,76,922.03,317.44,66.69,214.11,0.6804,-1,-1,-1
977,80,322.15,436.55,65.93,194.66,0.4865,-1,-1,-1
977,81,386.90,428.58,76.30,216.78,0.5711,-1,-1,-1
977,86,495.31,247.70,64.44,188.28,0.4387,-1,-1,-1
977,92,1199.99,698.55,89.53,273.53,0.7905,-1,-1,-1
977,96,1737.76,669.43,95.06,252.64,0.7134,-1,-1,-1
977,98,1657.40,129.24,55.71,158.78,0.4568,-1,-1,-1
977,102,410.43,255.28,65.21,188.57,0.4148,-1,-1,-1
978,4,1719.32,457.38,73.53,208.99,0.5440,-1,-1,-1
978,64,329.80,816.36,99.06,263.67,0.7920,-1,-1,-1
978,70,921.94,934.34,69.24,145.65,0.7364,-1,-1,-1
978,71,1577.28,589.37,102.82,234.91,0.6092,-1,-1,-1
978,75,846.30,328.04,60.59,199.57,0.6665,-1,-1,-1
978,76,922.45,316.93,65.73,211.56,0.6793,-1,-1,-1
978,80,321.48,438.60,66.56,196.10,0.4360,-1,-1,-1
978,81,386.93,429.81,75.74,216.24,0.5471,-1,-1,-1
978,86,495.63,249.30,64.20,187.13,0.4549,-1,-1,-1
978,92,1198.51,695.78,88.40,274.19,0.7882,-1,-1,-1
978,96,1737.20,669.78,95.27,252.80,0.7100,-1,-1,-1
978,98,1658.04,130.90,55.79,159.70,0.4042,-1,-1,-1
978,102,409.88,259.32,65.32,186.06,0.4140,-1,-1,-1
978,103,1780.76,164.16,55.35,170.97,0.3121,-1,-1,-1
979,4,1718.71,456.73,73.80,209.85,0.5309,-1,-1,-1
979,64,330.67,818.79,98.62,261.26,0.8076,-1,-1,-1
979,70,921.55,935.03,68.53,144.97,0.7400,-1,-1,-1
979,71,1576.28,590.43,102.68,233.43,0.6143,-1,-1,-1
979,75,845.92,325.09,60.85,198.48,0.6504,-1,-1,-1
979,76,922.10,316.10,64.66,208.89,0.6810,-1,-1,-1
979,80,313.91,439.14,70.78,200.79,0.5161,-1,-1,-1
979,81,387.83,432.00,75.23,214.88,0.5978,-1,-1,-1
979,86,495.97,249.57,64.00,186.94,0.4903,-1,-1,-1
979,92,1198.56,691.83,87.82,276.09,0.7898,-1,-1,-1
979,96,1737.24,669.14,95.60,252.91,0.7057,-1,-1,-1
979,98,1659.44,132.43,55.41,159.29,0.3730,-1,-1,-1
979,102,407.61,260.87,66.13,185.14,0.4546,-1,-1,-1
980,4,1719.47,456.72,73.41,209.20,0.5465,-1,-1,-1
980,64,330.34,822.22,97.82,257.81,0.8206,-1,-1,-1
980,70,920.77,935.89,67.59,144.10,0.7514,-1,-1,-1
980,71,1575.72,590.78,103.51,233.51,0.6258,-1,-1,-1
980,75,845.14,324.52,60.78,198.35,0.6299,-1,-1,-1
980,76,921.55,314.81,64.15,208.15,0.6861,-1,-1,-1
980,80,310.82,438.14,75.04,207.75,0.6045,-1,-1,-1
980,81,387.99,431.74,75.59,216.33,0.6374,-1,-1,-1
980,86,495.52,249.00,64.64,188.08,0.4454,-1,-1,-1
980,92,1199.22,687.87,86.44,271.72,0.7734,-1,-1,-1
980,93,1176.60,110.56,61.62,164.69,0.3729,-1,-1,-1
980,96,1737.71,667.66,96.61,254.85,0.6966,-1,-1,-1
980,98,1660.77,133.60,55.44,160.40,0.4007,-1,-1,-1
980,102,406.43,258.23,68.35,188.19,0.4437,-1,-1,-1
981,4,1719.25,456.66,73.86,209.71,0.5475,-1,-1,-1
981,64,330.59,826.19,97.25,253.85,0.8242,-1,-1,-1
981,70,920.30,936.57,67.14,143.43,0.7438,-1,-1,-1
981,71,1575.52,590.28,104.14,234.15,0.6279,-1,-1,-1
981,75,844.12,322.52,61.06,199.88,0.6143,-1,-1,-1
981,76,920.10,313.07,63.92,207.24,0.6630,-1,-1,-1
981,80,311.06,440.29,75.63,206.88,0.5142,-1,-1,-1
981,81,387.25,433.02,75.22,215.71,0.5301,-1,-1,-1
981,86,495.51,248.74,64.35,186.84,0.4566,-1,-1,-1
981,92,1198.43,684.25,85.11,265.70,0.7786,-1,-1,-1
981,93,1177.98,112.28,61.34,163.79,0.3761,-1,-1,-1
981,96,1738.28,669.56,94.66,252.57,0.6989,-1,-1,-1
981,98,1661.62,135.91,55.14,159.15,0.3921,-1,-1,-1
981,102,405.16,257.15,70.52,191.40,0.4353,-1,-1,-1
982,4,1719.51,457.13,73.67,209.18,0.5407,-1,-1,-1
982,64,330.70,829.32,96.37,250.70,0.8211,-1,-1,-1
982,70,919.07,937.25,67.08,142.75,0.7421,-1,-1,-1
982,71,1575.92,589.95,104.48,233.86,0.6244,-1,-1,-1
982,75,842.54,319.53,61.55,198.45,0.6024,-1,-1,-1
982,76,921.40,310.77,62.58,203.86,0.6536,-1,-1,-1
982,80,311.79,442.86,76.13,207.24,0.4837,-1,-1,-1
982,81,390.28,440.74,72.31,207.90,0.5090,-1,-1,-1
982,86,495.69,248.97,63.82,184.85,0.4603,-1,-1,-1
982,92,1197.32,680.55,84.89,263.48,0.7703,-1,-1,-1
982,93,1179.84,114.28,61.38,164.01,0.3616,-1,-1,-1
982,96,1737.75,668.27,95.98,254.60,0.7030,-1,-1,-1
982,98,1661.97,138.77,54.80,157.18,0.4020,-1,-1,-1
982,102,402.82,259.34,71.83,191.71,0.4456,-1,-1,-1
983,4,1719.73,456.80,74.01,210.23,0.5340,-1,-1,-1
983,64,330.17,832.74,94.95,247.28,0.8259,-1,-1,-1
983,70,917.44,937.78,67.19,142.21,0.7389,-1,-1,-1
983,71,1575.49,588.91,105.18,235.12,0.6065,-1,-1,-1
983,75,840.60,317.66,63.80,204.58,0.6487,-1,-1,-1
983,76,921.99,308.82,62.34,204.58,0.6712,-1,-1,-1
983,80,309.92,445.99,75.68,205.98,0.5068,-1,-1,-1
983,81,388.04,436.21,73.69,213.16,0.5044,-1,-1,-1
983,86,495.12,249.20,64.13,184.63,0.4809,-1,-1,-1
983,92,1196.04,677.56,84.36,256.84,0.7636,-1,-1,-1
983,93,1180.61,114.71,61.98,165.59,0.3232,-1,-1,-1
983,96,1738.11,670.80,93.46,250.91,0.6793,-1,-1,-1
983,98,1662.16,139.93,55.27,156.96,0.3752,-1,-1,-1
983,102,400.34,259.26,73.91,193.30,0.4443,-1,-1,-1
984,4,1719.49,457.47,74.23,210.25,0.5409,-1,-1,-1
984,64,329.80,834.65,94.76,245.37,0.8257,-1,-1,-1
984,70,917.70,938.75,66.87,141.25,0.7370,-1,-1,-1
984,71,1575.16,586.20,106.31,237.55,0.6219,-1,-1,-1
984,75,840.72,317.17,64.25,201.83,0.6542,-1,-1,-1
984,76,921.53,308.18,62.07,203.67,0.6785,-1,-1,-1
984,80,310.29,450.38,74.57,203.33,0.4620,-1,-1,-1
984,81,391.47,442.83,70.94,205.91,0.5214,-1,-1,-1
984,86,494.79,250.35,64.37,184.14,0.5097,-1,-1,-1
984,92,1195.06,673.77,85.46,255.61,0.7552,-1,-1,-1
984,93,1181.67,117.13,61.16,163.70,0.3193,-1,-1,-1
984,96,1739.18,669.20,93.66,252.57,0.6940,-1,-1,-1
984,98,1662.65,141.01,55.95,157.99,0.3627,-1,-1,-1
984,102,401.18,259.28,74.83,192.63,0.3954,-1,-1,-1
984,104,321.01,260.78,57.25,184.94,0.3916,-1,-1,-1
985,4,1719.85,458.16,74.05,208.95,0.5180,-1,-1,-1
985,64,329.34,836.22,94.61,243.80,0.8158,-1,-1,-1
985,70,915.74,940.03,66.74,139.98,0.7294,-1,-1,-1
985,71,1575.47,587.38,106.25,236.55,0.6100,-1,-1,-1
985,75,839.32,316.41,65.69,201.93,0.6291,-1,-1,-1
985,76,920.69,305.77,62.42,204.85,0.6609,-1,-1,-1
985,80,307.35,455.85,72.18,194.77,0.4344,-1,-1,-1
985,81,391.10,444.08,70.77,205.24,0.5316,-1,-1,-1
985,86,494.63,251.10,65.28,185.48,0.5403,-1,-1,-1
985,92,1192.50,670.74,87.97,260.01,0.7661,-1,-1,-1
985,93,1182.97,118.40,60.75,162.46,0.3206,-1,-1,-1
985,96,1738.86,670.79,92.29,250.96,0.6748,-1,-1,-1
985,98,1663.63,141.96,56.52,159.47,0.3611,-1,-1,-1
985,102,400.45,260.30,75.07,191.58,0.3297,-1,-1,-1
985,104,319.31,262.36,57.25,185.13,0.3794,-1,-1,-1
986,4,1720.25,457.65,73.98,208.88,0.4966,-1,-1,-1
986,64,329.36,837.11,94.38,242.91,0.7984,-1,-1,-1
986,70,915.38,940.54,66.74,139.45,0.7138,-1,-1,-1
986,71,1574.86,584.51,107.58,239.62,0.6145,-1,-1,-1
986,75,838.42,316.90,66.83,205.77,0.6420,-1,-1,-1
986,76,920.30,303.77,63.03,206.24,0.6641,-1,-1,-1
986,80,305.09,458.39,72.45,192.74,0.4422,-1,-1,-1
986,81,391.30,444.78,70.67,205.29,0.5417,-1,-1,-1
986,86,494.44,253.02,65.63,185.08,0.5201,-1,-1,-1
986,92,1190.92,667.94,87.66,257.92,0.7544,-1,-1,-1
986,96,1739.28,670.21,92.29,252.33,0.6857,-1,-1,-1
986,98,1665.42,142.91,55.58,156.91,0.3684,-1,-1,-1
986,102,398.57,258.89,77.13,194.44,0.3923,-1,-1,-1
986,104,319.07,263.79,57.19,185.51,0.3518,-1,-1,-1
987,4,1719.79,457.46,74.29,209.36,0.5071,-1,-1,-1
987,64,329.49,838.56,93.55,241.45,0.7834,-1,-1,-1
987,70,913.21,940.75,67.28,139.25,0.7142,-1,-1,-1
987,71,1574.47,585.55,107.20,238.95,0.6250,-1,-1,-1
987,75,837.09,315.74,67.36,203.44,0.6327,-1,-1,-1
987,76,920.11,302.28,63.59,205.67,0.6760,-1,-1,-1
987,80,303.71,457.84,74.03,194.44,0.4658,-1,-1,-1
987,81,391.06,445.04,70.82,205.90,0.5457,-1,-1,-1
987,86,494.24,253.93,66.63,187.69,0.5079,-1,-1,-1
987,92,1191.16,666.44,87.71,258.08,0.7517,-1,-1,-1
987,96,1739.81,670.44,91.83,251.85,0.6776,-1,-1,-1
987,98,1667.69,144.38,54.90,155.21,0.3985,-1,-1,-1
987,102,396.51,256.80,78.13,196.59,0.3737,-1,-1,-1
987,104,317.33,265.17,57.47,187.21,0.3694,-1,-1,-1
988,4,1720.32,457.73,74.54,209.91,0.5130,-1,-1,-1
988,64,329.05,839.89,93.24,240.14,0.7764,-1,-1,-1
988,70,913.10,941.26,67.03,138.75,0.7181,-1,-1,-1
988,71,1574.67,586.17,106.64,238.16,0.6241,-1,-1,-1
988,75,836.43,314.90,68.50,204.48,0.6249,-1,-1,-1
988,76,920.05,301.09,64.91,208.12,0.6507,-1,-1,-1
988,80,302.06,459.13,74.89,194.21,0.4696,-1,-1,-1
988,81,387.64,441.03,73.60,213.94,0.5696,-1,-1,-1
988,86,494.55,255.41,66.97,187.79,0.4959,-1,-1,-1
988,92,1189.80,665.04,88.10,258.62,0.7255,-1,-1,-1
988,96,1739.68,669.03,92.02,252.72,0.6800,-1,-1,-1
988,98,1670.06,144.46,54.47,154.66,0.4014,-1,-1,-1
988,102,396.79,256.45,77.80,197.26,0.4426,-1,-1,-1
988,104,314.95,269.99,56.39,183.32,0.3979,-1,-1,-1
989,4,1721.04,458.76,74.36,208.68,0.4899,-1,-1,-1
989,64,328.80,841.74,93.17,238.27,0.7704,-1,-1,-1
989,70,911.77,941.59,66.74,138.41,0.7060,-1,-1,-1
989,71,1574.89,584.87,106.58,239.60,0.6464,-1,-1,-1
989,75,835.92,313.68,68.85,203.98,0.6209,-1,-1,-1
989,76,920.03,300.63,65.49,208.16,0.6215,-1,-1,-1
989,80,300.94,459.94,75.43,193.90,0.4845,-1,-1,-1
989,81,386.96,442.50,74.32,217.89,0.6146,-1,-1,-1
989,86,494.62,256.93,66.66,186.96,0.4879,-1,-1,-1
989,92,1189.58,664.78,85.18,245.12,0.7231,-1,-1,-1
989,93,1185.24,123.40,60.31,166.15,0.3302,-1,-1,-1
989,96,1740.17,669.58,91.84,252.67,0.6841,-1,-1,-1
989,98,1671.15,145.43,54.80,156.88,0.4345,-1,-1,-1
989,102,396.45,257.78,77.44,199.37,0.4667,-1,-1,-1
989,104,314.74,274.48,54.76,177.24,0.3818,-1,-1,-1
990,4,1721.73,457.74,74.50,208.39,0.5166,-1,-1,-1
990,64,328.34,843.47,93.24,236.53,0.7772,-1,-1,-1
990,70,910.13,941.70,66.74,138.30,0.7077,-1,-1,-1
990,71,1574.06,585.14,106.25,239.27,0.6412,-1,-1,-1
990,75,835.77,312.69,69.52,204.74,0.6357,-1,-1,-1
990,76,920.80,300.50,65.40,206.84,0.6090,-1,-1,-1
990,80,299.83,459.90,76.11,194.66,0.4836,-1,-1,-1
990,81,387.43,444.46,74.03,218.11,0.6316,-1,-1,-1
990,86,496.42,259.20,65.90,186.03,0.4602,-1,-1,-1
990,92,1188.22,663.83,84.29,239.80,0.7089,-1,-1,-1
990,93,1187.10,122.07,58.79,168.03,0.3999,-1,-1,-1
990,96,1739.81,668.61,91.56,253.14,0.6723,-1,-1,-1
990,98,1672.25,145.11,55.35,159.66,0.4369,-1,-1,-1
990,102,399.93,261.68,74.66,199.26,0.4407,-1,-1,-1
990,104,315.18,275.99,54.21,175.19,0.3137,-1,-1,-1
991,4,1721.24,458.01,75.34,208.72,0.5164,-1,-1,-1
991,64,327.96,844.98,93.15,235.02,0.7794,-1,-1,-1
991,70,910.12,942.82,66.35,137.18,0.7295,-1,-1,-1
991,71,1574.97,585.71,106.54,238.85,0.6625,-1,-1,-1
991,75,835.80,311.97,69.09,203.10,0.6162,-1,-1,-1
991,76,920.16,299.63,66.60,211.32,0.5669,-1,-1,-1
991,80,299.44,458.83,76.49,195.14,0.4324,-1,-1,-1
991,81,386.28,445.04,74.48,220.33,0.5909,-1,-1,-1
991,86,497.07,260.60,65.26,186.81,0.5418,-1,-1,-1
991,92,1185.91,661.38,88.69,254.56,0.7374,-1,-1,-1
991,96,1738.72,667.87,91.61,254.53,0.6911,-1,-1,-1
991,98,1673.15,145.51,55.89,161.54,0.4351,-1,-1,-1
991,102,397.91,262.86,73.93,202.27,0.4701,-1,-1,-1
991,104,315.59,274.62,55.10,177.68,0.3034,-1,-1,-1
992,4,1720.72,458.00,76.24,208.51,0.5465,-1,-1,-1
992,64,327.71,846.48,92.83,233.55,0.7838,-1,-1,-1
992,70,909.08,943.13,66.39,136.88,0.7291,-1,-1,-1
992,71,1575.27,585.11,106.90,239.28,0.6794,-1,-1,-1
992,75,835.99,311.16,67.62,197.39,0.6173,-1,-1,-1
992,76,919.79,300.09,66.72,211.22,0.6108,-1,-1,-1
992,80,299.82,457.15,77.32,196.73,0.4760,-1,-1,-1
992,81,385.30,448.38,74.00,218.53,0.6126,-1,-1,-1
992,86,495.98,261.86,65.39,187.69,0.5677,-1,-1,-1
992,92,1183.13,660.01,89.47,258.77,0.7232,-1,-1,-1
992,93,1190.36,119.57,60.49,173.11,0.3272,-1,-1,-1
992,96,1739.01,668.65,91.04,254.31,0.6791,-1,-1,-1
992,98,1673.49,146.60,56.54,161.91,0.4457,-1,-1,-1
992,102,397.11,263.23,73.99,205.90,0.5006,-1,-1,-1
993,4,1720.17,457.20,77.12,210.22,0.5240,-1,-1,-1
993,64,327.64,847.67,92.46,232.34,0.7816,-1,-1,-1
993,70,908.98,943.94,66.50,136.05,0.7397,-1,-1,-1
993,71,1574.91,585.45,106.72,238.64,0.6825,-1,-1,-1
993,75,836.54,310.50,67.45,197.57,0.6127,-1,-1,-1
993,76,920.62,299.15,66.14,211.12,0.5869,-1,-1,-1
993,80,302.24,461.02,76.24,194.05,0.5120,-1,-1,-1
993,81,383.86,452.23,74.34,218.63,0.6136,-1,-1,-1
993,86,496.79,263.14,64.79,186.41,0.5456,-1,-1,-1
993,92,1182.65,658.57,88.08,254.15,0.7072,-1,-1,-1
993,93,1191.78,120.26,60.93,174.17,0.3518,-1,-1,-1
993,96,1740.04,667.58,91.51,255.64,0.6827,-1,-1,-1
993,98,1673.48,147.67,57.82,164.33,0.3875,-1,-1,-1
993,102,400.16,265.96,70.42,200.63,0.5001,-1,-1,-1
993,104,314.11,278.16,55.45,177.30,0.3273,-1,-1,-1
994,4,1719.87,457.97,77.49,209.48,0.5426,-1,-1,-1
994,64,328.25,849.87,91.07,230.14,0.7850,-1,-1,-1
994,70,907.66,943.91,67.63,136.08,0.7345,-1,-1,-1
994,71,1575.30,585.38,106.51,238.85,0.6773,-1,-1,-1
994,75,837.12,307.55,67.12,200.40,0.6286,-1,-1,-1
994,76,922.36,297.57,65.91,210.18,0.5905,-1,-1,-1
994,80,303.87,462.87,75.61,194.23,0.5319,-1,-1,-1
994,81,382.21,454.46,74.42,217.12,0.6197,-1,-1,-1
994,86,498.63,264.63,63.88,184.43,0.5244,-1,-1,-1
994,92,1180.50,656.11,89.47,259.92,0.7173,-1,-1,-1
994,93,1192.34,121.92,61.60,176.44,0.3017,-1,-1,-1
994,96,1739.98,670.72,92.72,253.41,0.6769,-1,-1,-1
994,98,1672.84,149.68,58.17,162.83,0.3430,-1,-1,-1
994,102,399.50,265.98,70.21,203.21,0.5159,-1,-1,-1
994,104,316.61,279.69,55.20,174.23,0.3576,-1,-1,-1
995,4,1720.08,458.24,77.71,208.81,0.5495,-1,-1,-1
995,64,329.44,852.51,90.25,227.50,0.7778,-1,-1,-1
995,70,907.26,944.66,67.89,135.34,0.7331,-1,-1,-1
995,71,1575.94,586.52,105.54,237.67,0.6632,-1,-1,-1
995,75,838.44,305.92,65.31,196.76,0.5836,-1,-1,-1
995,76,922.12,295.46,66.17,210.39,0.5856,-1,-1,-1
995,80,304.05,463.37,75.72,197.21,0.5613,-1,-1,-1
995,81,381.77,455.46,74.76,217.70,0.6158,-1,-1,-1
995,86,499.28,265.82,63.62,184.11,0.4951,-1,-1,-1
995,92,1177.47,654.36,86.97,252.71,0.7372,-1,-1,-1
995,96,1739.15,670.41,94.18,254.47,0.6797,-1,-1,-1
995,98,1672.61,152.61,58.93,161.75,0.3459,-1,-1,-1
995,102,399.34,265.64,70.09,207.03,0.5076,-1,-1,-1
995,104,314.61,279.58,56.84,178.16,0.3528,-1,-1,-1
996,4,1720.36,458.41,77.57,208.09,0.5566,-1,-1,-1
996,64,329.62,853.58,90.08,226.42,0.7834,-1,-1,-1
996,70,907.04,945.24,67.69,134.76,0.7313,-1,-1,-1
996,71,1575.49,586.07,105.34,237.94,0.6556,-1,-1,-1
996,75,839.35,304.19,64.21,195.47,0.6331,-1,-1,-1
996,76,923.07,293.72,66.55,209.73,0.5693,-1,-1,-1
996,80,304.24,463.20,76.29,204.11,0.5757,-1,-1,-1
996,81,380.84,456.20,74.92,217.02,0.6263,-1,-1,-1
996,86,499.51,265.66,63.90,185.13,0.4852,-1,-1,-1
996,92,1176.28,651.46,87.74,258.42,0.7636,-1,-1,-1
996,96,1739.24,669.99,92.70,252.75,0.6779,-1,-1,-1
996,98,1672.31,153.88,60.26,163.80,0.3360,-1,-1,-1
996,102,399.79,268.13,68.96,208.13,0.5283,-1,-1,-1
996,104,312.62,278.90,57.24,179.01,0.3614,-1,-1,-1
997,4,1720.50,458.03,77.98,208.71,0.5354,-1,-1,-1
997,64,329.95,857.41,89.74,222.58,0.7794,-1,-1,-1
997,70,906.52,945.51,67.93,134.48,0.7348,-1,-1,-1
997,71,1575.62,586.59,104.60,237.22,0.6555,-1,-1,-1
997,75,840.24,302.16,63.17,194.81,0.6105,-1,-1,-1
997,76,922.45,290.91,66.74,211.25,0.5848,-1,-1,-1
997,80,305.08,464.83,75.16,204.93,0.5936,-1,-1,-1
997,81,381.33,456.79,75.12,216.65,0.6295,-1,-1,-1
997,86,501.68,264.16,63.59,185.85,0.5050,-1,-1,-1
997,92,1175.19,647.91,86.20,256.76,0.7588,-1,-1,-1
997,96,1739.79,670.33,91.30,251.79,0.6758,-1,-1,-1
997,98,1672.47,156.01,60.73,162.73,0.3431,-1,-1,-1
997,102,398.77,267.27,68.51,209.17,0.4740,-1,-1,-1
997,104,310.59,278.20,58.43,183.25,0.3517,-1,-1,-1
998,4,1721.09,458.29,77.77,209.06,0.5764,-1,-1,-1
998,64,330.27,860.65,89.44,219.35,0.7687,-1,-1,-1
998,70,905.74,945.52,68.35,134.48,0.7315,-1,-1,-1
998,71,1576.23,586.67,104.69,237.87,0.6735,-1,-1,-1
998,75,841.25,298.74,63.19,196.47,0.5720,-1,-1,-1
998,76,923.23,288.54,66.65,210.51,0.5794,-1,-1,-1
998,80,306.16,468.51,73.73,202.70,0.5810,-1,-1,-1
998,81,381.11,457.51,75.67,216.30,0.5851,-1,-1,-1
998,86,502.76,264.15,63.19,186.27,0.5315,-1,-1,-1
998,92,1175.28,642.15,85.24,256.63,0.7625,-1,-1,-1
998,96,1739.71,669.95,91.15,254.76,0.6839,-1,-1,-1
998,98,1672.80,159.27,60.81,159.63,0.4056,-1,-1,-1
998,102,398.44,268.80,67.31,207.03,0.3999,-1,-1,-1
998,104,311.45,278.85,58.58,183.13,0.3911,-1,-1,-1
999,4,1720.64,458.18,77.76,209.44,0.5487,-1,-1,-1
999,64,330.92,864.49,89.38,215.53,0.7800,-1,-1,-1
999,70,905.65,945.94,68.41,134.07,0.7227,-1,-1,-1
999,71,1577.39,586.86,104.00,237.13,0.6477,-1,-1,-1
999,75,841.82,296.60,63.07,197.64,0.5633,-1,-1,-1
999,76,924.98,286.24,67.33,210.63,0.5774,-1,-1,-1
999,80,306.14,467.56,73.92,205.69,0.5901,-1,-1,-1
999,81,380.47,457.38,76.61,216.73,0.5324,-1,-1,-1
999,86,502.22,265.52,63.02,185.98,0.5095,-1,-1,-1
999,92,1175.16,638.58,83.96,254.53,0.7533,-1,-1,-1
999,96,1740.48,669.30,90.51,254.35,0.6788,-1,-1,-1
999,98,1673.13,161.76,61.80,160.34,0.4189,-1,-1,-1
999,102,399.23,269.87,66.10,205.19,0.4258,-1,-1,-1
1000,4,1720.52,457.64,77.40,209.76,0.5490,-1,-1,-1
1000,64,331.59,867.78,89.36,212.22,0.7948,-1,-1,-1
1000,70,905.70,946.14,68.28,133.86,0.7306,-1,-1,-1
1000,71,1576.29,586.20,103.86,237.85,0.6524,-1,-1,-1
1000,75,841.73,295.11,63.41,200.42,0.5312,-1,-1,-1
1000,76,925.74,284.51,65.89,206.33,0.5484,-1,-1,-1
1000,80,306.39,470.68,72.84,203.56,0.6243,-1,-1,-1
1000,81,379.99,457.75,77.89,216.75,0.5374,-1,-1,-1
1000,86,503.03,264.91,62.84,185.87,0.4706,-1,-1,-1
1000,92,1174.56,636.85,83.84,252.74,0.7513,-1,-1,-1
1000,96,1741.68,671.92,89.53,252.05,0.6617,-1,-1,-1
1000,98,1673.49,163.13,62.35,161.57,0.3706,-1,-1,-1
1000,102,399.78,269.63,66.67,207.13,0.3394,-1,-1,-1
1000,104,309.83,279.84,59.57,185.95,0.3016,-1,-1,-1
1001,4,1719.98,458.53,76.81,209.11,0.5610,-1,-1,-1
1001,64,333.58,870.37,89.25,209.63,0.7963,-1,-1,-1
1001,70,905.61,946.61,68.38,133.39,0.7319,-1,-1,-1
1001,71,1575.01,586.20,104.27,237.79,0.6562,-1,-1,-1
1001,75,842.16,294.54,62.98,201.07,0.5509,-1,-1,-1
1001,76,926.77,283.02,64.83,202.49,0.5573,-1,-1,-1
1001,80,306.65,472.03,72.36,201.96,0.5708,-1,-1,-1
1001,81,378.47,457.85,78.35,216.55,0.5254,-1,-1,-1
1001,86,502.79,267.02,62.82,186.35,0.4799,-1,-1,-1
1001,92,1175.11,634.86,84.33,254.18,0.7634,-1,-1,-1
1001,96,1740.15,668.34,89.72,255.67,0.6402,-1,-1,-1
1001,98,1673.90,164.10,62.09,161.20,0.3791,-1,-1,-1
1001,102,399.87,269.69,66.64,206.06,0.3867,-1,-1,-1
1001,104,308.87,280.29,59.77,186.13,0.3205,-1,-1,-1
1002,4,1719.72,458.23,76.62,210.27,0.5526,-1,-1,-1
1002,64,335.45,873.69,89.00,206.32,0.7895,-1,-1,-1
1002,70,904.53,946.71,68.81,133.29,0.7411,-1,-1,-1
1002,71,1574.18,586.80,105.03,237.46,0.6611,-1,-1,-1
1002,75,841.85,294.31,62.98,202.98,0.5453,-1,-1,-1
1002,76,926.52,282.02,64.63,203.40,0.5636,-1,-1,-1
1002,80,306.18,476.22,71.78,198.34,0.5338,-1,-1,-1
1002,81,379.76,458.27,78.69,216.10,0.5520,-1,-1,-1
1002,86,502.12,268.26,63.40,188.04,0.5036,-1,-1,-1
1002,92,1175.25,633.05,84.79,256.56,0.7692,-1,-1,-1
1002,96,1740.94,671.28,87.52,253.11,0.6520,-1,-1,-1
1002,98,1674.35,164.37,61.85,160.81,0.3234,-1,-1,-1
1002,104,307.65,280.61,60.86,188.17,0.3102,-1,-1,-1
1003,4,1719.55,459.63,75.70,209.28,0.5564,-1,-1,-1
1003,64,336.96,875.88,88.48,204.12,0.7922,-1,-1,-1
1003,70,905.36,947.55,68.42,132.46,0.7487,-1,-1,-1
1003,71,1574.83,588.15,105.08,235.95,0.6746,-1,-1,-1
1003,75,842.10,293.84,62.61,203.04,0.5556,-1,-1,-1
1003,76,927.04,279.88,64.60,202.87,0.5799,-1,-1,-1
1003,80,304.56,473.90,73.34,200.41,0.5403,-1,-1,-1
1003,81,379.31,459.31,78.65,215.64,0.5888,-1,-1,-1
1003,86,501.04,270.05,64.59,191.07,0.5757,-1,-1,-1
1003,92,1173.81,629.77,85.43,260.11,0.7760,-1,-1,-1
1003,96,1743.14,673.46,86.66,252.04,0.6624,-1,-1,-1
1003,98,1675.23,163.79,61.73,161.48,0.3410,-1,-1,-1
1003,102,398.60,264.42,68.90,211.51,0.3290,-1,-1,-1
1003,104,308.03,281.48,61.27,187.80,0.3867,-1,-1,-1
1004,4,1718.93,458.51,75.88,210.57,0.5258,-1,-1,-1
1004,64,339.16,877.87,88.27,202.13,0.7991,-1,-1,-1
1004,70,904.74,947.62,68.55,132.38,0.7350,-1,-1,-1
1004,71,1574.69,587.90,105.60,236.42,0.6677,-1,-1,-1
1004,75,842.49,294.00,61.91,205.26,0.5930,-1,-1,-1
1004,76,926.42,280.46,64.15,202.35,0.6020,-1,-1,-1
1004,80,303.01,473.66,73.44,199.51,0.4456,-1,-1,-1
1004,81,379.41,458.18,79.82,219.30,0.6273,-1,-1,-1
1004,86,501.30,272.22,64.38,190.69,0.5788,-1,-1,-1
1004,92,1172.69,630.18,85.06,258.17,0.7750,-1,-1,-1
1004,96,1743.98,673.18,87.09,253.81,0.6366,-1,-1,-1
1004,98,1677.02,164.12,61.36,161.93,0.3158,-1,-1,-1
1004,104,307.79,283.74,60.78,184.34,0.4080,-1,-1,-1
1004,105,590.28,549.79,92.58,242.56,0.4442,-1,-1,-1
1005,4,1718.90,457.99,75.80,212.05,0.5428,-1,-1,-1
1005,64,341.34,878.73,88.28,201.26,0.8005,-1,-1,-1
1005,70,904.49,947.73,68.73,132.26,0.7349,-1,-1,-1
1005,71,1574.97,587.72,105.94,236.96,0.6471,-1,-1,-1
1005,75,842.93,293.75,60.78,205.04,0.6137,-1,-1,-1
1005,76,927.33,279.41,63.97,202.72,0.6230,-1,-1,-1
1005,80,313.20,481.64,68.75,190.11,0.4013,-1,-1,-1
1005,81,379.28,459.42,80.49,222.21,0.5909,-1,-1,-1
1005,86,500.71,274.91,63.73,187.67,0.6125,-1,-1,-1
1005,92,1170.93,628.53,85.67,260.09,0.7777,-1,-1,-1
1005,96,1744.75,673.84,87.24,253.69,0.6360,-1,-1,-1
1005,98,1678.08,165.04,60.21,159.26,0.3720,-1,-1,-1
1005,104,306.95,285.73,61.35,184.22,0.4616,-1,-1,-1
1005,105,592.65,547.63,91.34,243.41,0.4574,-1,-1,-1
1006,4,1718.82,457.88,75.27,211.01,0.5259,-1,-1,-1
1006,64,343.04,880.85,88.42,199.17,0.8022,-1,-1,-1
1006,70,904.91,948.99,68.24,131.02,0.7277,-1,-1,-1
1006,71,1574.87,588.71,105.81,235.87,0.6676,-1,-1,-1
1006,75,843.56,292.32,60.09,203.35,0.6554,-1,-1,-1
1006,76,928.19,279.11,63.46,202.22,0.5945,-1,-1,-1
1006,80,316.64,483.45,66.56,187.20,0.4028,-1,-1,-1
1006,81,380.42,460.55,80.26,222.39,0.5390,-1,-1,-1
1006,86,501.62,277.21,63.22,186.72,0.5683,-1,-1,-1
1006,92,1169.40,628.03,86.69,261.36,0.7661,-1,-1,-1
1006,96,1745.67,671.26,87.77,254.52,0.5949,-1,-1,-1
1006,98,1679.73,165.64,59.82,158.09,0.3658,-1,-1,-1
1006,104,307.87,288.58,61.70,184.70,0.4342,-1,-1,-1
1006,105,592.67,547.19,90.45,244.64,0.4764,-1,-1,-1
1007,4,1719.21,458.35,75.37,210.81,0.5485,-1,-1,-1
1007,64,344.81,882.56,89.21,197.44,0.8143,-1,-1,-1
1007,70,904.87,948.76,68.20,131.24,0.7239,-1,-1,-1
1007,71,1575.35,589.95,105.08,234.34,0.6644,-1,-1,-1
1007,75,844.10,291.14,59.58,201.57,0.6928,-1,-1,-1
1007,76,928.99,275.25,62.96,206.27,0.6564,-1,-1,-1
1007,80,317.36,482.62,65.80,188.05,0.4475,-1,-1,-1
1007,81,383.74,466.00,81.00,225.43,0.5605,-1,-1,-1
1007,86,501.82,279.78,63.31,187.70,0.5994,-1,-1,-1
1007,92,1167.97,628.43,86.76,258.83,0.7632,-1,-1,-1
1007,96,1746.41,670.48,88.86,257.50,0.6233,-1,-1,-1
1007,98,1682.11,165.97,59.27,157.76,0.3582,-1,-1,-1
1007,104,307.18,291.15,62.31,185.84,0.4827,-1,-1,-1
1007,105,593.26,547.69,88.77,243.89,0.4767,-1,-1,-1
1008,4,1718.89,458.40,75.52,211.26,0.5497,-1,-1,-1
1008,64,345.97,883.44,90.24,196.56,0.8084,-1,-1,-1
1008,70,904.83,949.21,68.00,130.79,0.7353,-1,-1,-1
1008,71,1575.24,588.76,105.79,236.14,0.6717,-1,-1,-1
1008,75,844.55,288.60,59.56,201.87,0.6845,-1,-1,-1
1008,76,929.51,273.88,61.94,208.21,0.6626,-1,-1,-1
1008,80,317.29,483.52,65.51,189.32,0.4973,-1,-1,-1
1008,81,382.09,464.17,80.20,223.77,0.5741,-1,-1,-1
1008,86,500.52,280.85,63.82,189.31,0.5668,-1,-1,-1
1008,92,1165.35,626.83,87.10,259.48,0.7600,-1,-1,-1
1008,96,1746.30,672.62,88.28,255.64,0.5953,-1,-1,-1
1008,98,1684.07,166.04,58.63,157.40,0.3612,-1,-1,-1
1008,102,400.71,276.44,56.39,156.26,0.3338,-1,-1,-1
1008,104,306.25,292.19,62.86,186.75,0.4919,-1,-1,-1
1008,105,593.52,548.04,87.34,244.13,0.5265,-1,-1,-1
1009,4,1719.96,458.10,76.13,212.21,0.5566,-1,-1,-1
1009,64,347.43,886.18,92.09,193.82,0.8106,-1,-1,-1
1009,70,904.96,949.77,67.77,130.23,0.7388,-1,-1,-1
1009,71,1575.50,589.34,105.74,235.66,0.6870,-1,-1,-1
1009,75,845.36,287.76,58.51,196.51,0.6418,-1,-1,-1
1009,76,929.11,277.30,60.93,204.64,0.6106,-1,-1,-1
1009,80,317.22,484.16,65.34,189.93,0.4912,-1,-1,-1
1009,81,381.87,465.68,80.88,224.49,0.5713,-1,-1,-1
1009,86,500.34,280.02,63.87,191.03,0.5671,-1,-1,-1
1009,92,1160.37,624.98,87.30,260.11,0.7598,-1,-1,-1
1009,96,1746.27,671.96,88.10,252.95,0.5841,-1,-1,-1
1009,98,1685.29,167.13,58.47,158.45,0.3430,-1,-1,-1
1009,102,392.57,280.08,69.83,190.27,0.3294,-1,-1,-1
1009,104,305.81,294.10,61.86,182.93,0.4538,-1,-1,-1
1009,105,592.04,547.95,86.75,244.51,0.5675,-1,-1,-1
1010,4,1719.75,457.75,76.72,212.33,0.5378,-1,-1,-1
1010,64,347.81,887.91,93.42,192.09,0.8095,-1,-1,-1
1010,70,904.72,949.60,68.20,130.40,0.7316,-1,-1,-1
1010,71,1575.57,589.02,105.58,235.06,0.6752,-1,-1,-1
1010,75,844.94,285.31,59.23,197.47,0.6318,-1,-1,-1
1010,76,929.32,276.69,61.40,206.33,0.6284,-1,-1,-1
1010,80,316.31,484.07,65.92,192.24,0.4846,-1,-1,-1
1010,81,381.18,467.11,81.78,226.52,0.5126,-1,-1,-1
1010,86,500.33,282.55,63.00,189.71,0.5170,-1,-1,-1
1010,92,1158.56,623.34,87.78,258.67,0.7590,-1,-1,-1
1010,96,1745.77,671.03,88.67,250.85,0.5448,-1,-1,-1
1010,98,1686.87,167.36,58.19,158.83,0.3130,-1,-1,-1
1010,104,305.35,294.47,61.63,182.24,0.4089,-1,-1,-1
1010,105,591.80,549.70,85.96,242.65,0.5751,-1,-1,-1
1011,4,1718.85,456.83,77.49,213.22,0.5520,-1,-1,-1
1011,64,349.70,890.45,93.97,189.54,0.8000,-1,-1,-1
1011,70,904.35,949.60,68.29,130.40,0.7364,-1,-1,-1
1011,71,1575.01,590.14,105.37,234.62,0.6662,-1,-1,-1
1011,75,846.15,282.64,58.96,194.85,0.5813,-1,-1,-1
1011,76,929.07,276.43,61.44,205.32,0.6176,-1,-1,-1
1011,80,315.23,484.70,66.69,195.45,0.4341,-1,-1,-1
1011,81,380.27,467.85,82.47,228.20,0.4543,-1,-1,-1
1011,86,499.92,282.67,62.81,190.67,0.4517,-1,-1,-1
1011,92,1157.01,621.39,88.87,260.09,0.7501,-1,-1,-1
1011,96,1742.89,671.85,90.16,251.09,0.4296,-1,-1,-1
1011,98,1687.75,168.94,57.73,158.54,0.3303,-1,-1,-1
1011,104,305.18,295.74,61.64,183.55,0.3645,-1,-1,-1
1011,105,591.71,549.04,86.12,243.39,0.5547,-1,-1,-1
1012,4,1718.59,456.32,77.80,213.17,0.5417,-1,-1,-1
1012,64,350.55,893.18,95.76,186.82,0.8092,-1,-1,-1
1012,70,904.22,949.37,68.82,130.63,0.7304,-1,-1,-1
1012,71,1574.25,588.38,106.18,236.31,0.6592,-1,-1,-1
1012,75,845.37,281.34,58.98,194.14,0.5904,-1,-1,-1
1012,76,930.26,273.96,61.51,205.81,0.5721,-1,-1,-1
1012,80,314.42,486.07,68.14,200.73,0.4081,-1,-1,-1
1012,81,379.82,469.56,82.05,227.34,0.4316,-1,-1,-1
1012,86,499.20,283.82,62.14,188.62,0.4220,-1,-1,-1
1012,92,1154.69,618.54,89.50,261.08,0.7542,-1,-1,-1
1012,96,1740.66,675.23,91.56,251.06,0.4108,-1,-1,-1
1012,98,1688.46,170.47,57.39,157.71,0.3012,-1,-1,-1
1012,102,385.33,280.50,73.60,200.71,0.3036,-1,-1,-1
1012,104,304.47,296.59,61.31,183.69,0.3176,-1,-1,-1
1012,105,590.76,550.13,86.26,242.78,0.5625,-1,-1,-1
1013,4,1718.21,456.16,78.28,212.94,0.5711,-1,-1,-1
1013,64,351.68,895.88,96.97,184.13,0.8033,-1,-1,-1
1013,70,903.93,949.18,68.93,130.83,0.7071,-1,-1,-1
1013,71,1575.06,589.53,105.81,235.15,0.6641,-1,-1,-1
1013,75,845.21,279.75,59.62,196.71,0.6106,-1,-1,-1
1013,76,929.98,271.96,61.69,206.41,0.5834,-1,-1,-1
1013,80,312.68,487.17,69.40,205.97,0.3972,-1,-1,-1
1013,81,380.00,471.30,81.74,226.71,0.4630,-1,-1,-1
1013,86,497.53,284.14,62.12,188.15,0.4206,-1,-1,-1
1013,92,1154.69,616.36,88.51,258.43,0.7498,-1,-1,-1
1013,96,1738.39,673.64,94.17,254.03,0.3506,-1,-1,-1
1013,102,384.19,278.38,74.43,202.70,0.3613,-1,-1,-1
1013,104,301.10,297.59,62.64,187.40,0.3835,-1,-1,-1
1013,105,590.05,550.64,86.80,242.73,0.6108,-1,-1,-1
1014,4,1718.38,456.23,78.76,212.68,0.5493,-1,-1,-1
1014,64,351.81,897.60,98.39,182.40,0.8028,-1,-1,-1
1014,70,904.55,948.70,69.18,131.31,0.7121,-1,-1,-1
1014,71,1573.07,587.51,106.68,236.75,0.6495,-1,-1,-1
1014,75,843.59,278.49,60.17,197.76,0.5994,-1,-1,-1
1014,76,930.15,270.72,60.00,199.86,0.5356,-1,-1,-1
1014,80,301.33,488.90,72.46,207.51,0.4489,-1,-1,-1
1014,81,379.43,473.26,80.90,226.38,0.4523,-1,-1,-1
1014,86,496.31,285.17,62.54,187.88,0.4457,-1,-1,-1
1014,92,1153.02,613.03,88.88,260.34,0.7436,-1,-1,-1
1014,96,1730.60,670.55,98.58,256.51,0.4741,-1,-1,-1
1014,104,300.75,298.70,62.23,186.22,0.3515,-1,-1,-1
1014,105,588.81,551.05,87.10,242.68,0.5935,-1,-1,-1
1015,4,1718.40,455.91,79.39,212.77,0.5461,-1,-1,-1
1015,64,352.77,900.83,98.33,179.17,0.7933,-1,-1,-1
1015,70,903.97,949.20,69.09,130.81,0.7080,-1,-1,-1
1015,71,1573.89,589.12,106.53,235.82,0.6603,-1,-1,-1
1015,75,842.30,274.79,61.93,203.15,0.5934,-1,-1,-1
1015,76,929.22,270.17,59.95,200.57,0.5471,-1,-1,-1
1015,80,297.36,492.01,74.34,207.34,0.4842,-1,-1,-1
1015,81,380.17,474.09,80.81,226.23,0.5073,-1,-1,-1
1015,86,496.66,286.21,62.60,188.02,0.4469,-1,-1,-1
1015,92,1153.64,611.23,85.70,254.71,0.7574,-1,-1,-1
1015,96,1727.55,670.80,101.67,257.80,0.4072,-1,-1,-1
1015,104,299.98,299.83,62.09,185.20,0.3010,-1,-1,-1
1015,105,588.42,551.79,86.56,241.44,0.5562,-1,-1,-1
1016,4,1718.08,456.13,79.65,212.04,0.5174,-1,-1,-1
1016,64,353.60,903.71,99.06,176.10,0.8084,-1,-1,-1
1016,70,903.59,948.59,69.03,131.41,0.7218,-1,-1,-1
1016,71,1573.28,587.88,107.08,237.05,0.6536,-1,-1,-1
1016,75,843.06,276.50,61.05,199.23,0.5850,-1,-1,-1
1016,76,929.28,268.79,59.00,197.85,0.5462,-1,-1,-1
1016,80,296.19,495.61,75.08,205.50,0.4955,-1,-1,-1
1016,81,378.83,477.37,79.95,224.67,0.5179,-1,-1,-1
1016,86,495.95,286.31,62.71,188.17,0.4504,-1,-1,-1
1016,92,1153.55,607.22,83.53,248.94,0.7732,-1,-1,-1
1016,96,1724.08,668.68,104.85,259.97,0.3893,-1,-1,-1
1016,98,1693.75,176.79,56.27,156.10,0.3252,-1,-1,-1
1016,104,298.20,299.43,63.68,189.12,0.3597,-1,-1,-1
1016,105,587.11,551.05,86.95,242.56,0.5567,-1,-1,-1
1017,4,1717.86,456.72,80.17,212.82,0.4720,-1,-1,-1
1017,64,354.74,907.70,98.70,171.36,0.8148,-1,-1,-1
1017,70,903.64,948.65,68.78,131.35,0.7080,-1,-1,-1
1017,71,1573.17,588.29,106.64,237.03,0.6683,-1,-1,-1
1017,75,844.04,276.57,61.26,199.78,0.5929,-1,-1,-1
1017,76,929.45,265.88,58.82,197.11,0.5281,-1,-1,-1
1017,80,295.18,503.75,74.62,200.06,0.4684,-1,-1,-1
1017,81,378.56,479.14,79.17,223.08,0.4744,-1,-1,-1
1017,86,494.73,287.06,63.21,188.74,0.4705,-1,-1,-1
1017,92,1152.63,603.61,82.62,245.76,0.7648,-1,-1,-1
1017,96,1724.86,674.94,103.34,254.05,0.4348,-1,-1,-1
1017,98,1694.41,178.00,57.13,159.13,0.3133,-1,-1,-1
1017,104,297.41,299.11,64.47,190.74,0.3539,-1,-1,-1
1017,105,586.63,551.73,85.35,239.55,0.5827,-1,-1,-1
1018,4,1717.94,457.61,79.87,210.22,0.4674,-1,-1,-1
1018,64,355.80,911.51,98.91,167.24,0.8027,-1,-1,-1
1018,70,903.85,948.52,68.50,131.49,0.7165,-1,-1,-1
1018,71,1573.38,591.01,105.17,234.18,0.6461,-1,-1,-1
1018,75,843.59,276.14,61.77,201.05,0.5860,-1,-1,-1
1018,76,930.17,262.30,59.83,199.89,0.5210,-1,-1,-1
1018,80,293.56,507.25,76.00,199.11,0.4968,-1,-1,-1
1018,81,379.14,480.01,77.70,219.87,0.5369,-1,-1,-1
1018,86,493.86,288.38,63.91,190.64,0.4829,-1,-1,-1
1018,92,1152.14,600.81,82.32,247.21,0.7484,-1,-1,-1
1018,96,1723.83,679.76,100.74,247.04,0.4467,-1,-1,-1
1018,98,1697.83,178.11,56.72,159.45,0.3377,-1,-1,-1
1018,104,296.98,299.30,64.35,190.09,0.3595,-1,-1,-1
1018,105,586.06,551.64,84.94,239.25,0.5338,-1,-1,-1
1019,4,1717.68,457.48,80.29,209.72,0.4861,-1,-1,-1
1019,64,355.81,914.63,99.15,163.78,0.8014,-1,-1,-1
1019,70,902.84,948.22,68.38,131.78,0.7164,-1,-1,-1
1019,71,1573.08,590.57,105.23,235.22,0.6631,-1,-1,-1
1019,75,842.98,273.32,62.30,203.22,0.5804,-1,-1,-1
1019,76,928.63,260.39,61.33,200.70,0.5771,-1,-1,-1
1019,80,291.80,508.62,77.39,198.66,0.5360,-1,-1,-1
1019,81,379.76,482.06,76.53,216.32,0.5524,-1,-1,-1
1019,86,493.14,288.92,65.24,194.62,0.4635,-1,-1,-1
1019,92,1152.09,598.82,82.05,247.53,0.7363,-1,-1,-1
1019,96,1720.86,677.49,100.21,247.01,0.4614,-1,-1,-1
1019,98,1699.84,177.24,56.70,160.84,0.3693,-1,-1,-1
1019,104,294.96,299.11,64.65,190.90,0.3833,-1,-1,-1
1019,105,586.09,550.91,85.44,241.55,0.4853,-1,-1,-1
1020,4,1718.94,455.08,79.11,205.39,0.4870,-1,-1,-1
1020,64,356.21,917.18,99.80,161.70,0.8049,-1,-1,-1
1020,70,903.08,947.38,68.50,132.53,0.7094,-1,-1,-1
1020,71,1574.09,589.47,105.25,236.43,0.6436,-1,-1,-1
1020,75,843.77,275.46,61.50,199.88,0.5932,-1,-1,-1
1020,76,926.96,259.89,61.98,199.02,0.5331,-1,-1,-1
1020,80,290.17,508.81,77.97,197.74,0.4303,-1,-1,-1
1020,81,380.06,482.96,76.34,214.89,0.5435,-1,-1,-1
1020,86,493.95,291.72,64.78,192.93,0.4685,-1,-1,-1
1020,92,1150.46,596.17,83.13,250.10,0.7270,-1,-1,-1
1020,96,1718.13,672.89,101.08,251.81,0.4644,-1,-1,-1
1020,98,1701.46,177.39,56.15,161.47,0.4364,-1,-1,-1
1020,104,294.21,298.73,64.65,190.85,0.4009,-1,-1,-1
1020,105,585.09,551.42,85.10,240.39,0.5320,-1,-1,-1
1021,4,1719.73,454.68,78.72,202.98,0.5034,-1,-1,-1
1021,64,356.87,918.25,99.85,160.52,0.8074,-1,-1,-1
1021,70,902.08,945.73,69.24,134.26,0.7015,-1,-1,-1
1021,71,1574.12,589.46,105.11,237.37,0.6523,-1,-1,-1
1021,75,843.79,274.68,61.60,199.83,0.6060,-1,-1,-1
1021,76,928.00,258.28,62.08,196.42,0.5380,-1,-1,-1
1021,80,287.89,507.11,80.49,198.95,0.5316,-1,-1,-1
1021,81,379.48,484.64,77.11,215.59,0.5565,-1,-1,-1
1021,86,493.32,294.45,64.40,190.20,0.4918,-1,-1,-1
1021,92,1148.18,593.71,83.77,251.55,0.7213,-1,-1,-1
1021,96,1713.38,672.52,98.82,250.65,0.5399,-1,-1,-1
1021,98,1702.72,178.20,55.85,161.55,0.4311,-1,-1,-1
1021,104,292.82,299.56,65.57,193.10,0.4330,-1,-1,-1
1021,105,584.39,550.64,85.34,240.37,0.5163,-1,-1,-1
1022,4,1720.08,454.63,77.79,198.80,0.5124,-1,-1,-1
1022,64,358.41,920.14,98.88,158.78,0.8165,-1,-1,-1
1022,70,902.34,946.44,68.40,133.34,0.7122,-1,-1,-1
1022,71,1575.27,589.16,104.27,237.51,0.6493,-1,-1,-1
1022,75,843.75,273.33,61.49,199.11,0.6093,-1,-1,-1
1022,76,927.17,258.30,63.30,197.10,0.5721,-1,-1,-1
1022,80,299.07,508.88,77.07,195.77,0.4167,-1,-1,-1
1022,81,378.13,485.43,80.49,225.08,0.5685,-1,-1,-1
1022,86,493.33,296.33,64.29,188.48,0.4946,-1,-1,-1
1022,92,1148.03,593.30,84.70,252.68,0.7301,-1,-1,-1
1022,96,1712.56,671.94,96.28,247.73,0.5986,-1,-1,-1
1022,98,1703.00,178.16,56.58,163.05,0.4388,-1,-1,-1
1022,102,376.39,296.10,72.39,195.56,0.3464,-1,-1,-1
1022,104,292.14,299.63,65.69,193.61,0.4441,-1,-1,-1
1022,105,583.50,549.86,85.46,240.78,0.5285,-1,-1,-1
1023,4,1720.96,455.01,76.96,194.03,0.5301,-1,-1,-1
1023,64,358.96,922.50,98.00,156.26,0.8094,-1,-1,-1
1023,70,902.15,945.85,68.16,133.80,0.7106,-1,-1,-1
1023,71,1574.22,587.80,104.76,239.07,0.5947,-1,-1,-1
1023,75,843.91,273.47,60.61,195.02,0.5968,-1,-1,-1
1023,76,927.21,257.44,64.18,199.26,0.5375,-1,-1,-1
1023,80,290.74,505.09,79.68,200.52,0.4443,-1,-1,-1
1023,81,377.72,485.84,81.77,229.33,0.5622,-1,-1,-1
1023,86,492.24,297.93,65.63,191.45,0.5010,-1,-1,-1
1023,92,1147.55,591.09,85.32,255.03,0.7125,-1,-1,-1
1023,96,1711.86,674.47,94.78,245.65,0.6402,-1,-1,-1
1023,98,1702.66,178.69,57.62,165.38,0.4238,-1,-1,-1
1023,102,375.17,297.76,72.21,196.67,0.3456,-1,-1,-1
1023,104,290.75,300.66,65.54,192.17,0.4698,-1,-1,-1
1023,105,582.85,550.02,84.95,239.76,0.4689,-1,-1,-1
1024,4,1720.67,454.66,76.62,191.31,0.5641,-1,-1,-1
1024,64,359.74,924.73,97.68,154.38,0.8090,-1,-1,-1
1024,70,902.98,946.40,67.67,133.55,0.7226,-1,-1,-1
1024,71,1574.19,587.61,104.47,239.16,0.5995,-1,-1,-1
1024,75,843.65,271.80,60.44,192.81,0.6218,-1,-1,-1
1024,76,927.32,257.20,64.76,202.21,0.5887,-1,-1,-1
1024,80,288.42,505.12,80.26,200.29,0.4657,-1,-1,-1
1024,81,377.88,487.35,81.47,229.30,0.5553,-1,-1,-1
1024,86,491.69,298.65,66.53,194.51,0.5346,-1,-1,-1
1024,92,1146.50,589.66,85.59,254.88,0.6897,-1,-1,-1
1024,96,1710.91,675.78,93.69,244.15,0.5928,-1,-1,-1
1024,98,1702.63,180.10,58.34,166.67,0.3542,-1,-1,-1
1024,104,289.52,301.99,65.67,192.07,0.4817,-1,-1,-1
1024,105,583.15,549.63,84.25,239.82,0.4874,-1,-1,-1
1025,4,1720.35,454.38,77.74,192.17,0.5434,-1,-1,-1
1025,64,360.58,926.13,97.56,153.49,0.8112,-1,-1,-1
1025,70,902.32,946.06,67.19,133.72,0.7138,-1,-1,-1
1025,71,1573.72,587.50,104.22,239.47,0.5712,-1,-1,-1
1025,75,842.98,268.23,61.55,195.92,0.6656,-1,-1,-1
1025,76,928.72,257.40,64.34,204.17,0.5799,-1,-1,-1
1025,80,287.74,506.41,80.12,198.72,0.4786,-1,-1,-1
1025,81,376.47,488.37,81.80,232.11,0.5157,-1,-1,-1
1025,86,492.22,300.21,66.61,195.00,0.5061,-1,-1,-1
1025,92,1145.02,588.61,86.37,254.25,0.6880,-1,-1,-1
1025,96,1709.36,677.96,91.87,242.29,0.6031,-1,-1,-1
1025,98,1700.69,181.71,60.55,172.13,0.3617,-1,-1,-1
1025,104,288.47,302.99,66.29,193.42,0.4816,-1,-1,-1
1025,105,581.99,546.98,84.13,242.39,0.4618,-1,-1,-1
1026,4,1720.24,454.18,77.87,190.65,0.5661,-1,-1,-1
1026,64,362.24,927.99,96.43,151.13,0.8076,-1,-1,-1
1026,70,901.77,945.76,67.14,134.06,0.7177,-1,-1,-1
1026,71,1575.32,588.99,103.18,238.17,0.6184,-1,-1,-1
1026,75,844.26,267.04,60.21,190.43,0.6342,-1,-1,-1
1026,76,930.61,256.81,63.15,204.02,0.5994,-1,-1,-1
1026,80,288.50,504.53,80.41,199.79,0.4842,-1,-1,-1
1026,81,375.88,491.43,80.92,232.17,0.5375,-1,-1,-1
1026,86,492.77,300.39,66.88,195.70,0.5992,-1,-1,-1
1026,92,1144.12,588.60,85.66,250.30,0.6912,-1,-1,-1
1026,96,1708.21,683.04,89.09,238.86,0.6231,-1,-1,-1
1026,98,1699.80,184.31,62.28,175.40,0.3746,-1,-1,-1
1026,102,371.46,300.27,70.41,192.11,0.4349,-1,-1,-1
1026,104,288.69,304.36,66.57,194.19,0.4597,-1,-1,-1
1026,105,582.12,546.58,82.98,242.21,0.4323,-1,-1,-1
1027,4,1720.54,454.72,78.33,189.97,0.5369,-1,-1,-1
1027,64,364.66,929.88,95.76,148.88,0.8122,-1,-1,-1
1027,70,901.57,945.83,66.18,133.71,0.7179,-1,-1,-1
1027,71,1575.15,589.47,103.04,237.85,0.6723,-1,-1,-1
1027,75,845.22,265.29,59.45,188.28,0.6329,-1,-1,-1
1027,76,931.83,256.49,62.33,205.36,0.5791,-1,-1,-1
1027,80,290.14,505.28,79.27,199.39,0.5615,-1,-1,-1
1027,81,374.09,493.97,79.46,232.40,0.5655,-1,-1,-1
1027,86,493.33,302.19,66.24,194.02,0.6042,-1,-1,-1
1027,92,1142.26,588.49,86.32,252.42,0.7251,-1,-1,-1
1027,96,1703.28,673.94,89.36,243.11,0.5731,-1,-1,-1
1027,98,1699.95,187.58,62.86,175.23,0.3425,-1,-1,-1
1027,102,370.12,302.10,70.67,193.22,0.5207,-1,-1,-1
1027,104,289.43,306.54,66.11,193.22,0.4444,-1,-1,-1
1027,105,580.72,546.83,81.38,242.56,0.4391,-1,-1,-1
1028,4,1717.71,457.40,82.49,200.40,0.5748,-1,-1,-1
1028,64,365.63,931.83,95.29,147.33,0.8205,-1,-1,-1
1028,70,901.57,945.68,65.83,134.29,0.7132,-1,-1,-1
1028,71,1574.63,589.31,102.92,238.10,0.6740,-1,-1,-1
1028,75,846.11,262.72,59.37,188.25,0.6024,-1,-1,-1
1028,76,934.75,256.17,59.93,198.93,0.5854,-1,-1,-1
1028,80,293.20,509.38,76.55,196.76,0.5644,-1,-1,-1
1028,81,374.46,496.96,78.34,230.34,0.5981,-1,-1,-1
1028,86,494.74,303.59,65.28,192.38,0.5131,-1,-1,-1
1028,92,1141.30,587.04,85.05,249.02,0.7228,-1,-1,-1
1028,96,1700.79,660.52,91.45,254.11,0.5204,-1,-1,-1
1028,98,1700.33,190.96,62.49,172.48,0.3504,-1,-1,-1
1028,102,370.25,306.13,70.10,191.11,0.5329,-1,-1,-1
1028,104,288.77,308.41,65.53,192.67,0.4422,-1,-1,-1
1028,105,581.25,546.18,79.76,243.57,0.4757,-1,-1,-1
1029,4,1718.12,458.95,83.05,201.19,0.5821,-1,-1,-1
1029,64,367.81,932.72,94.64,145.88,0.8127,-1,-1,-1
1029,70,900.83,945.37,65.37,134.62,0.6991,-1,-1,-1
1029,71,1574.31,589.66,102.90,237.74,0.6888,-1,-1,-1
1029,75,846.98,261.64,59.53,189.67,0.5971,-1,-1,-1
1029,76,935.62,255.49,60.24,201.70,0.6222,-1,-1,-1
1029,80,293.02,512.33,75.26,197.16,0.5981,-1,-1,-1
1029,81,374.70,499.72,77.59,228.03,0.6166,-1,-1,-1
1029,86,493.97,304.50,64.94,191.35,0.5337,-1,-1,-1
1029,92,1140.15,586.17,83.91,248.98,0.7394,-1,-1,-1
1029,96,1696.63,643.37,95.47,270.15,0.4038,-1,-1,-1
1029,98,1701.10,193.01,62.22,169.84,0.3553,-1,-1,-1
1029,102,369.49,307.44,70.15,192.84,0.5067,-1,-1,-1
1029,104,288.90,310.85,65.11,192.60,0.3668,-1,-1,-1
1029,105,580.60,545.46,77.27,244.59,0.4998,-1,-1,-1
1030,4,1717.65,458.08,83.20,201.89,0.5786,-1,-1,-1
1030,64,368.91,935.80,93.65,142.71,0.8001,-1,-1,-1
1030,70,900.22,945.02,64.50,134.98,0.7173,-1,-1,-1
1030,71,1573.34,588.44,103.22,239.51,0.6454,-1,-1,-1
1030,75,847.00,260.89,59.71,192.44,0.5864,-1,-1,-1
1030,76,936.34,254.40,59.76,200.42,0.5627,-1,-1,-1
1030,80,292.86,512.13,75.44,202.12,0.6495,-1,-1,-1
1030,81,371.67,500.80,75.97,226.95,0.6114,-1,-1,-1
1030,86,493.34,303.09,65.48,193.04,0.5338,-1,-1,-1
1030,92,1139.20,584.08,82.17,249.47,0.7752,-1,-1,-1
1030,96,1696.09,639.33,94.72,273.42,0.4532,-1,-1,-1
1030,98,1702.40,195.89,60.72,163.80,0.3167,-1,-1,-1
1030,102,368.13,308.49,70.29,194.23,0.5652,-1,-1,-1
1030,104,290.71,312.03,63.97,189.98,0.4060,-1,-1,-1
1030,105,581.17,544.62,75.62,245.59,0.4708,-1,-1,-1
1030,106,1842.51,237.69,60.89,189.12,0.3155,-1,-1,-1
1031,4,1717.20,458.52,84.11,205.07,0.6012,-1,-1,-1
1031,64,371.30,937.28,92.59,141.01,0.7950,-1,-1,-1
1031,70,899.07,944.53,63.84,135.47,0.7212,-1,-1,-1
1031,71,1573.38,590.48,102.53,237.16,0.6565,-1,-1,-1
1031,75,847.25,259.34,59.63,194.03,0.5696,-1,-1,-1
1031,76,937.89,251.07,58.64,197.48,0.5686,-1,-1,-1
1031,80,291.92,513.82,76.29,210.88,0.6803,-1,-1,-1
1031,81,373.81,500.57,77.28,229.04,0.6369,-1,-1,-1
1031,86,493.28,302.43,64.71,190.20,0.5711,-1,-1,-1
1031,92,1138.83,578.33,80.49,248.42,0.7785,-1,-1,-1
1031,96,1686.17,637.58,96.62,277.59,0.5302,-1,-1,-1
1031,98,1702.62,198.16,61.01,163.42,0.3373,-1,-1,-1
1031,102,367.38,309.77,70.04,193.75,0.5661,-1,-1,-1
1031,104,292.10,314.22,63.87,190.40,0.4002,-1,-1,-1
1031,105,580.72,544.30,73.87,246.63,0.4729,-1,-1,-1
1031,106,1843.47,240.83,60.21,187.36,0.3029,-1,-1,-1
1032,4,1717.08,458.56,84.59,207.55,0.5970,-1,-1,-1
1032,64,373.24,940.99,90.51,137.38,0.7708,-1,-1,-1
1032,70,898.44,944.04,63.23,135.94,0.7001,-1,-1,-1
1032,71,1573.17,590.35,102.41,237.48,0.6397,-1,-1,-1
1032,75,847.82,256.40,59.43,194.45,0.5792,-1,-1,-1
1032,76,939.17,248.75,57.48,194.35,0.6191,-1,-1,-1
1032,80,292.69,516.11,75.32,213.02,0.6870,-1,-1,-1
1032,81,373.96,500.83,77.63,229.84,0.6621,-1,-1,-1
1032,86,493.67,304.51,63.79,187.71,0.4874,-1,-1,-1
1032,92,1138.63,574.94,78.79,245.65,0.7699,-1,-1,-1
1032,96,1681.50,640.05,96.73,276.70,0.4868,-1,-1,-1
1032,98,1702.33,200.24,61.58,164.41,0.3728,-1,-1,-1
1032,102,366.56,310.83,69.90,193.40,0.5058,-1,-1,-1
1032,104,293.28,316.13,63.98,190.17,0.4092,-1,-1,-1
1032,105,581.04,543.69,72.00,247.16,0.4717,-1,-1,-1
1032,106,1845.40,242.04,60.58,188.84,0.3020,-1,-1,-1
1033,4,1717.40,458.39,83.92,207.10,0.5883,-1,-1,-1
1033,64,374.50,943.91,89.38,133.73,0.7609,-1,-1,-1
1033,70,897.57,943.99,62.35,136.01,0.6958,-1,-1,-1
1033,71,1573.50,591.64,101.40,236.66,0.6248,-1,-1,-1
1033,75,847.76,255.64,59.59,195.26,0.5525,-1,-1,-1
1033,76,940.40,247.19,57.79,194.49,0.6346,-1,-1,-1
1033,80,292.74,518.11,74.50,213.64,0.6678,-1,-1,-1
1033,81,373.16,501.67,77.41,228.84,0.6440,-1,-1,-1
1033,86,492.57,306.12,64.52,189.75,0.4650,-1,-1,-1
1033,92,1138.79,572.20,77.24,242.10,0.7705,-1,-1,-1
1033,96,1677.53,638.38,98.37,279.25,0.5392,-1,-1,-1
1033,102,365.76,311.67,69.81,192.68,0.5324,-1,-1,-1
1033,104,293.66,317.59,64.29,190.55,0.3546,-1,-1,-1
1033,105,581.81,542.32,68.64,239.61,0.4308,-1,-1,-1
1034,4,1716.93,457.79,83.42,206.42,0.5856,-1,-1,-1
1034,64,376.59,947.44,87.98,131.27,0.7544,-1,-1,-1
1034,70,896.65,943.72,62.04,136.28,0.7087,-1,-1,-1
1034,71,1574.26,594.88,99.91,232.42,0.5892,-1,-1,-1
1034,75,848.13,255.94,59.47,194.37,0.5583,-1,-1,-1
1034,76,940.12,244.55,58.00,195.29,0.6023,-1,-1,-1
1034,80,293.50,520.94,73.98,212.87,0.6706,-1,-1,-1
1034,81,371.57,503.28,76.18,227.08,0.6246,-1,-1,-1
1034,86,490.23,307.94,65.54,192.25,0.4864,-1,-1,-1
1034,92,1139.16,568.97,76.45,242.59,0.7687,-1,-1,-1
1034,96,1675.64,637.57,98.97,279.99,0.5382,-1,-1,-1
1034,102,365.26,312.43,69.99,193.72,0.5748,-1,-1,-1
1034,104,294.94,319.19,64.36,189.96,0.3832,-1,-1,-1
1034,105,580.32,541.51,68.89,247.25,0.4499,-1,-1,-1
1035,4,1717.66,458.49,81.85,203.63,0.5955,-1,-1,-1
1035,64,378.62,950.80,87.08,128.72,0.7441,-1,-1,-1
1035,70,895.75,942.92,61.63,137.08,0.7048,-1,-1,-1
1035,71,1573.09,594.29,100.18,232.85,0.6063,-1,-1,-1
1035,75,848.38,255.14,59.36,194.37,0.5653,-1,-1,-1
1035,76,939.91,242.77,58.72,197.49,0.6449,-1,-1,-1
1035,80,293.34,523.50,75.08,211.60,0.6425,-1,-1,-1
1035,81,372.28,504.19,75.80,224.49,0.6206,-1,-1,-1
1035,86,489.44,311.23,66.07,193.00,0.4530,-1,-1,-1
1035,92,1138.36,568.02,76.07,241.62,0.7607,-1,-1,-1
1035,96,1673.83,635.41,97.27,280.06,0.6020,-1,-1,-1
1035,102,365.14,312.56,70.16,195.15,0.5548,-1,-1,-1
1035,104,295.31,320.64,64.11,188.31,0.4264,-1,-1,-1
1035,105,580.69,540.58,68.09,249.71,0.4078,-1,-1,-1
1036,4,1718.31,460.40,81.15,202.37,0.5844,-1,-1,-1
1036,64,381.45,953.79,86.43,126.19,0.7314,-1,-1,-1
1036,70,894.64,941.49,61.49,138.51,0.7198,-1,-1,-1
1036,71,1573.28,595.24,99.81,232.21,0.6051,-1,-1,-1
1036,75,848.94,254.32,59.27,195.39,0.5759,-1,-1,-1
1036,76,939.55,241.02,58.52,197.59,0.6589,-1,-1,-1
1036,80,293.51,525.77,75.04,209.38,0.5829,-1,-1,-1
1036,81,371.95,504.30,76.16,224.30,0.6307,-1,-1,-1
1036,86,489.42,309.65,67.16,195.47,0.4476,-1,-1,-1
1036,92,1136.93,566.01,76.96,246.65,0.7364,-1,-1,-1
1036,96,1672.99,633.69,95.38,281.40,0.6304,-1,-1,-1
1036,102,365.68,314.34,67.31,186.15,0.3817,-1,-1,-1
1036,104,294.70,320.49,65.48,191.12,0.4071,-1,-1,-1
1036,105,581.38,541.41,66.84,249.43,0.4092,-1,-1,-1
1037,4,1718.21,460.13,80.90,202.79,0.6304,-1,-1,-1
1037,64,384.70,956.37,85.79,123.63,0.7572,-1,-1,-1
1037,70,894.21,940.43,60.65,139.57,0.7297,-1,-1,-1
1037,71,1572.68,595.33,99.40,231.77,0.6299,-1,-1,-1
1037,75,849.20,252.83,59.35,196.22,0.5732,-1,-1,-1
1037,76,939.91,240.74,58.44,198.07,0.6868,-1,-1,-1
1037,80,290.94,527.82,75.75,207.33,0.5516,-1,-1,-1
1037,81,372.35,505.22,76.68,222.53,0.6693,-1,-1,-1
1037,86,490.01,310.77,67.86,195.85,0.4498,-1,-1,-1
1037,92,1135.98,563.95,77.08,249.16,0.7501,-1,-1,-1
1037,96,1671.97,631.37,93.24,280.53,0.6189,-1,-1,-1
1037,98,1707.49,203.37,60.62,161.30,0.4038,-1,-1,-1
1037,102,368.72,318.52,60.77,163.42,0.3061,-1,-1,-1
1037,104,294.29,321.27,65.25,188.86,0.4186,-1,-1,-1
1037,105,582.34,540.02,65.60,251.45,0.4469,-1,-1,-1
1037,107,1274.80,179.77,59.95,143.03,0.3301,-1,-1,-1
1038,4,1718.53,460.45,80.19,201.71,0.6306,-1,-1,-1
1038,64,386.94,958.73,86.61,121.27,0.7812,-1,-1,-1
1038,70,892.46,938.71,60.28,141.29,0.7230,-1,-1,-1
1038,71,1572.83,595.15,99.06,231.92,0.6315,-1,-1,-1
1038,75,849.57,251.90,59.52,196.62,0.5633,-1,-1,-1
1038,76,939.69,239.95,58.32,198.99,0.6838,-1,-1,-1
1038,80,294.75,531.04,73.59,204.07,0.4903,-1,-1,-1
1038,81,371.84,505.45,77.35,223.14,0.6653,-1,-1,-1
1038,86,489.74,313.23,68.30,195.99,0.4427,-1,-1,-1
1038,92,1134.63,563.23,78.70,253.42,0.7537,-1,-1,-1
1038,96,1669.76,631.16,93.12,279.84,0.6215,-1,-1,-1
1038,98,1708.85,204.24,60.61,162.14,0.3250,-1,-1,-1
1038,102,368.97,319.62,60.83,158.78,0.3110,-1,-1,-1
1038,104,294.03,321.87,64.60,187.81,0.3781,-1,-1,-1
1038,105,583.29,539.52,64.31,251.80,0.4572,-1,-1,-1
1039,4,1718.19,460.04,80.51,203.80,0.6351,-1,-1,-1
1039,64,389.58,959.27,86.57,120.73,0.7463,-1,-1,-1
1039,70,892.35,939.35,59.62,140.65,0.7282,-1,-1,-1
1039,71,1572.39,593.77,99.28,233.03,0.6041,-1,-1,-1
1039,75,850.20,251.41,59.14,195.55,0.5373,-1,-1,-1
1039,76,939.55,238.85,58.06,199.46,0.6589,-1,-1,-1
1039,80,296.74,532.42,70.93,202.34,0.5360,-1,-1,-1
1039,81,370.95,506.19,77.33,223.20,0.6574,-1,-1,-1
1039,86,487.96,314.59,68.53,197.18,0.4416,-1,-1,-1
1039,92,1131.10,562.60,80.24,254.24,0.7656,-1,-1,-1
1039,96,1665.12,631.95,93.61,278.79,0.6260,-1,-1,-1
1039,98,1710.81,205.94,60.00,161.73,0.3330,-1,-1,-1
1039,102,368.06,319.19,62.18,156.81,0.3402,-1,-1,-1
1039,104,293.75,322.00,64.66,188.30,0.3923,-1,-1,-1
1039,105,584.00,539.17,63.12,252.42,0.4542,-1,-1,-1
1039,106,1855.17,239.85,62.66,194.18,0.3064,-1,-1,-1
1040,4,1718.32,459.73,80.28,204.87,0.6537,-1,-1,-1
1040,64,392.80,961.31,85.82,118.70,0.7245,-1,-1,-1
1040,70,891.10,938.64,59.77,141.37,0.7288,-1,-1,-1
1040,71,1572.79,595.58,98.48,230.89,0.6023,-1,-1,-1
1040,75,851.48,249.12,58.67,193.16,0.5329,-1,-1,-1
1040,76,939.27,238.36,57.97,199.38,0.6254,-1,-1,-1
1040,80,297.33,535.50,68.63,199.92,0.4553,-1,-1,-1
1040,81,371.65,508.02,78.47,225.49,0.6860,-1,-1,-1
1040,86,487.16,319.25,67.60,195.24,0.4483,-1,-1,-1
1040,92,1127.43,562.55,81.23,254.64,0.7765,-1,-1,-1
1040,96,1661.87,633.44,94.44,279.60,0.6279,-1,-1,-1
1040,98,1712.71,207.02,58.57,158.34,0.3708,-1,-1,-1
1040,102,367.35,320.47,63.47,155.14,0.3176,-1,-1,-1
1040,104,294.45,323.52,65.76,188.05,0.3836,-1,-1,-1
1040,105,584.99,538.71,61.70,252.15,0.4953,-1,-1,-1
1041,4,1718.56,459.45,80.21,205.80,0.6579,-1,-1,-1
1041,64,396.95,963.70,85.87,116.30,0.7475,-1,-1,-1
1041,70,888.30,938.42,59.15,141.58,0.7129,-1,-1,-1
1041,71,1573.02,593.85,99.05,232.02,0.6037,-1,-1,-1
1041,75,851.71,247.19,58.67,190.70,0.5401,-1,-1,-1
1041,76,939.45,237.57,58.14,200.35,0.6494,-1,-1,-1
1041,80,298.36,535.20,66.94,199.35,0.4483,-1,-1,-1
1041,81,371.51,510.34,78.92,227.16,0.6519,-1,-1,-1
1041,86,486.37,323.18,66.34,191.98,0.4597,-1,-1,-1
1041,92,1126.91,561.01,82.12,252.89,0.7934,-1,-1,-1
1041,96,1660.61,635.72,93.16,276.32,0.5460,-1,-1,-1
1041,98,1714.13,208.98,57.48,154.87,0.3557,-1,-1,-1
1041,104,295.18,324.57,66.43,186.11,0.4100,-1,-1,-1
1041,105,585.78,538.78,60.92,253.80,0.4989,-1,-1,-1
1042,4,1718.47,460.34,79.43,205.49,0.6193,-1,-1,-1
1042,64,399.49,964.52,87.90,115.38,0.7534,-1,-1,-1
1042,70,886.78,937.76,58.89,142.23,0.7265,-1,-1,-1
1042,71,1572.94,592.32,99.37,232.61,0.5835,-1,-1,-1
1042,75,852.72,244.52,58.76,188.08,0.5132,-1,-1,-1
1042,76,940.14,237.69,57.88,199.98,0.6358,-1,-1,-1
1042,80,297.84,536.28,64.90,196.03,0.3848,-1,-1,-1
1042,81,371.42,510.31,79.93,230.60,0.6635,-1,-1,-1
1042,86,486.37,325.30,65.33,189.99,0.4328,-1,-1,-1
1042,92,1126.05,559.84,81.90,249.79,0.7839,-1,-1,-1
1042,96,1659.20,637.68,92.27,273.27,0.5478,-1,-1,-1
1042,104,294.35,325.41,67.76,187.32,0.3872,-1,-1,-1
1042,105,586.45,538.85,59.84,252.39,0.4912,-1,-1,-1
1043,4,1718.65,458.72,79.68,207.70,0.6047,-1,-1,-1
1043,64,400.01,965.95,89.86,114.05,0.7560,-1,-1,-1
1043,70,885.71,937.59,58.97,142.41,0.7181,-1,-1,-1
1043,71,1572.69,592.92,99.62,231.95,0.5410,-1,-1,-1
1043,75,852.25,241.81,60.18,190.03,0.5035,-1,-1,-1
1043,76,940.60,237.35,57.39,199.39,0.6311,-1,-1,-1
1043,80,298.59,536.06,64.22,196.44,0.3839,-1,-1,-1
1043,81,371.59,511.39,80.42,232.21,0.6772,-1,-1,-1
1043,86,484.36,325.03,65.34,189.99,0.4366,-1,-1,-1
1043,92,1124.29,559.21,82.01,247.47,0.7816,-1,-1,-1
1043,96,1659.88,640.36,91.39,271.83,0.4604,-1,-1,-1
1043,102,364.28,324.03,64.46,152.95,0.3142,-1,-1,-1
1043,104,292.55,325.95,70.07,193.42,0.3638,-1,-1,-1
1043,105,586.85,538.32,59.10,252.67,0.5031,-1,-1,-1
1044,4,1718.43,459.06,79.12,207.62,0.6035,-1,-1,-1
1044,64,401.52,968.11,91.12,111.90,0.7458,-1,-1,-1
1044,70,884.10,937.52,59.03,142.48,0.7015,-1,-1,-1
1044,71,1572.61,590.20,100.87,233.63,0.4589,-1,-1,-1
1044,75,852.82,240.10,60.79,189.79,0.4883,-1,-1,-1
1044,76,940.81,236.50,56.98,199.12,0.6268,-1,-1,-1
1044,80,289.47,533.99,67.76,200.26,0.3488,-1,-1,-1
1044,81,371.71,514.55,80.29,233.76,0.6526,-1,-1,-1
1044,86,484.66,324.53,65.76,191.41,0.4429,-1,-1,-1
1044,92,1122.36,557.40,81.96,247.96,0.7760,-1,-1,-1
1044,96,1658.06,642.06,92.49,273.63,0.5197,-1,-1,-1
1044,102,355.38,323.09,81.79,194.21,0.3861,-1,-1,-1
1044,104,289.66,325.56,72.27,200.89,0.4066,-1,-1,-1
1044,105,587.44,538.79,58.61,252.09,0.4965,-1,-1,-1
1045,4,1718.71,461.04,78.30,206.58,0.6023,-1,-1,-1
1045,64,402.75,968.89,94.14,111.10,0.7483,-1,-1,-1
1045,70,884.31,937.22,59.48,142.76,0.7091,-1,-1,-1
1045,71,1572.42,592.17,100.55,231.49,0.4723,-1,-1,-1
1045,75,852.61,238.69,61.96,192.09,0.5560,-1,-1,-1
1045,76,940.75,235.07,56.79,199.67,0.6043,-1,-1,-1
1045,80,295.99,537.40,66.49,199.07,0.4011,-1,-1,-1
1045,81,372.83,517.49,79.81,232.92,0.6506,-1,-1,-1
1045,86,483.58,324.92,65.67,191.26,0.4030,-1,-1,-1
1045,92,1119.95,554.49,82.66,250.08,0.7756,-1,-1,-1
1045,96,1653.49,642.80,93.00,271.94,0.5482,-1,-1,-1
1045,98,1716.62,214.52,60.22,164.33,0.3110,-1,-1,-1
1045,102,352.51,323.74,85.24,205.75,0.5331,-1,-1,-1
1045,104,288.83,325.73,72.00,201.86,0.4343,-1,-1,-1
1045,105,587.44,538.26,58.13,252.77,0.4984,-1,-1,-1
1046,4,1718.26,461.09,78.09,206.39,0.6025,-1,-1,-1
1046,64,403.43,970.92,95.98,109.08,0.7449,-1,-1,-1
1046,70,881.93,936.06,59.81,143.94,0.6693,-1,-1,-1
1046,71,1574.80,592.96,100.53,231.48,0.4323,-1,-1,-1
1046,75,852.04,238.40,62.56,192.20,0.5465,-1,-1,-1
1046,76,940.32,234.34,56.48,200.24,0.5944,-1,-1,-1
1046,80,288.59,537.35,70.62,205.84,0.4966,-1,-1,-1
1046,81,372.51,520.14,79.11,233.80,0.6333,-1,-1,-1
1046,86,483.26,324.62,66.04,191.66,0.4161,-1,-1,-1
1046,92,1119.96,553.38,81.35,246.81,0.7769,-1,-1,-1
1046,96,1652.74,643.75,92.85,270.11,0.5405,-1,-1,-1
1046,102,349.37,326.75,84.91,206.74,0.5148,-1,-1,-1
1046,104,288.63,327.65,71.25,202.34,0.4209,-1,-1,-1
1046,105,587.80,538.93,57.51,251.88,0.4660,-1,-1,-1
1047,4,1718.07,462.58,77.57,204.77,0.6156,-1,-1,-1
1047,64,404.55,974.16,97.15,105.84,0.7391,-1,-1,-1
1047,70,881.35,936.02,59.89,143.99,0.6671,-1,-1,-1
1047,71,1574.05,591.33,101.13,233.06,0.3957,-1,-1,-1
1047,75,851.71,235.68,64.34,194.63,0.5410,-1,-1,-1
1047,76,939.02,233.28,56.39,199.92,0.5748,-1,-1,-1
1047,80,282.56,539.55,74.90,210.18,0.5348,-1,-1,-1
1047,81,372.95,522.41,78.42,232.57,0.6455,-1,-1,-1
1047,86,483.02,326.39,65.52,189.36,0.4612,-1,-1,-1
1047,92,1118.68,550.98,81.82,249.20,0.7555,-1,-1,-1
1047,96,1654.71,651.07,90.00,261.62,0.6150,-1,-1,-1
1047,102,348.23,329.27,84.12,206.83,0.5395,-1,-1,-1
1047,104,287.42,332.41,69.94,200.32,0.4331,-1,-1,-1
1047,105,588.04,538.59,57.67,252.99,0.4657,-1,-1,-1
1048,4,1718.57,461.98,77.50,205.22,0.5860,-1,-1,-1
1048,64,406.89,977.66,97.92,102.35,0.7362,-1,-1,-1
1048,70,880.98,935.19,60.05,144.81,0.6473,-1,-1,-1
1048,71,1574.51,590.53,101.18,233.59,0.3939,-1,-1,-1
1048,75,852.11,234.99,65.23,194.68,0.5536,-1,-1,-1
1048,76,939.39,231.05,54.57,192.65,0.5806,-1,-1,-1
1048,80,279.02,541.61,78.45,212.77,0.5872,-1,-1,-1
1048,81,372.38,522.30,78.17,232.43,0.6370,-1,-1,-1
1048,86,481.97,326.41,66.20,190.87,0.4606,-1,-1,-1
1048,92,1117.96,547.46,81.01,245.82,0.7448,-1,-1,-1
1048,96,1652.05,652.58,89.79,258.74,0.6467,-1,-1,-1
1048,102,347.61,330.51,83.09,205.28,0.4533,-1,-1,-1
1048,104,286.63,334.57,69.18,199.85,0.3923,-1,-1,-1
1048,105,588.02,538.78,57.84,253.33,0.4498,-1,-1,-1
1049,4,1718.41,462.18,77.67,206.07,0.6217,-1,-1,-1
1049,64,407.44,979.71,99.83,100.30,0.7479,-1,-1,-1
1049,70,879.99,933.96,60.63,146.04,0.6695,-1,-1,-1
1049,71,1572.86,593.02,100.47,231.86,0.4397,-1,-1,-1
1049,75,852.55,235.04,65.69,194.00,0.5660,-1,-1,-1
1049,76,938.77,229.32,54.74,191.65,0.6100,-1,-1,-1
1049,80,280.07,544.17,78.83,211.73,0.5535,-1,-1,-1
1049,81,371.92,523.75,77.52,230.83,0.6465,-1,-1,-1
1049,86,480.44,326.19,67.35,192.75,0.5062,-1,-1,-1
1049,92,1117.12,544.91,79.23,242.60,0.7428,-1,-1,-1
1049,96,1650.60,648.97,90.81,261.71,0.6957,-1,-1,-1
1049,102,345.97,330.82,83.40,205.90,0.4489,-1,-1,-1
1049,104,284.84,334.99,68.69,200.50,0.3942,-1,-1,-1
1049,105,587.73,537.93,57.78,253.46,0.4950,-1,-1,-1
1050,4,1718.26,461.20,77.95,206.90,0.6446,-1,-1,-1
1050,64,410.38,983.09,99.35,96.91,0.7518,-1,-1,-1
1050,70,879.23,933.05,61.09,146.96,0.6684,-1,-1,-1
1050,71,1571.73,592.77,100.93,231.95,0.4427,-1,-1,-1
1050,75,853.15,234.78,65.76,193.77,0.5899,-1,-1,-1
1050,76,938.46,227.88,54.88,190.67,0.6085,-1,-1,-1
1050,80,279.92,547.63,79.02,211.75,0.6137,-1,-1,-1
1050,81,372.80,524.03,77.47,229.63,0.6629,-1,-1,-1
1050,86,479.58,327.50,68.06,194.72,0.4489,-1,-1,-1
1050,92,1115.46,542.33,77.44,236.64,0.7528,-1,-1,-1
1050,96,1649.17,649.04,89.79,260.09,0.6880,-1,-1,-1
1050,98,1722.41,217.76,60.34,167.55,0.3075,-1,-1,-1
1050,102,346.01,331.88,82.29,202.81,0.4340,-1,-1,-1
1050,104,285.52,336.38,67.53,199.53,0.4394,-1,-1,-1
1050,105,588.29,537.97,57.98,253.68,0.5113,-1,-1,-1
