2,1,118.30,154.67,82.05,174.85,0.8474,-1,-1,-1
2,2,17.44,145.04,75.17,194.97,0.8564,-1,-1,-1
3,1,118.40,153.63,78.69,177.49,0.7125,-1,-1,-1
3,2,21.14,136.50,76.24,204.74,0.8289,-1,-1,-1
4,1,130.09,154.34,80.52,179.29,0.8467,-1,-1,-1
4,2,26.91,143.84,73.53,199.48,0.8197,-1,-1,-1
4,3,252.48,192.79,25.62,68.17,0.4797,-1,-1,-1
5,1,136.62,157.34,83.18,180.09,0.8143,-1,-1,-1
5,2,34.26,139.83,75.22,208.23,0.8697,-1,-1,-1
5,3,263.17,199.17,24.30,64.25,0.5432,-1,-1,-1
6,1,141.55,154.84,85.82,184.50,0.8338,-1,-1,-1
6,2,34.74,141.06,77.42,208.95,0.8531,-1,-1,-1
6,3,269.15,197.96,25.16,66.68,0.5848,-1,-1,-1
6,4,224.05,197.48,21.27,67.61,0.6154,-1,-1,-1
6,5,251.35,197.54,21.41,66.36,0.4303,-1,-1,-1
7,1,144.60,152.05,87.20,187.59,0.8595,-1,-1,-1
7,2,38.90,140.38,76.60,209.52,0.8357,-1,-1,-1
7,3,275.31,199.19,24.32,63.08,0.6744,-1,-1,-1
7,4,228.00,198.28,21.41,65.95,0.6563,-1,-1,-1
7,5,257.81,196.11,20.09,62.16,0.6028,-1,-1,-1
8,1,152.40,152.72,88.37,190.75,0.8705,-1,-1,-1
8,2,42.58,140.24,77.83,213.52,0.8246,-1,-1,-1
8,3,281.59,200.88,25.18,65.11,0.5862,-1,-1,-1
8,4,236.01,200.30,21.86,65.49,0.6827,-1,-1,-1
8,5,264.95,198.17,20.52,64.33,0.5556,-1,-1,-1
9,1,156.60,151.63,87.58,193.25,0.8672,-1,-1,-1
9,2,47.99,140.25,76.74,213.31,0.8304,-1,-1,-1
9,3,288.27,199.58,25.05,66.07,0.7195,-1,-1,-1
9,4,242.51,203.42,21.13,62.84,0.5636,-1,-1,-1
9,5,270.52,198.86,21.09,66.48,0.6477,-1,-1,-1
10,1,164.75,147.71,87.84,198.27,0.8699,-1,-1,-1
10,2,50.42,134.89,81.99,221.20,0.8570,-1,-1,-1
10,3,296.74,201.32,24.28,64.84,0.6351,-1,-1,-1
10,4,251.72,197.23,23.01,68.36,0.6476,-1,-1,-1
10,5,279.23,196.87,20.74,67.09,0.4569,-1,-1,-1
11,1,170.85,147.21,88.94,201.14,0.8611,-1,-1,-1
11,2,55.40,135.48,83.90,221.85,0.8677,-1,-1,-1
11,3,305.13,201.17,23.54,64.59,0.6469,-1,-1,-1
11,4,256.14,200.62,21.87,64.89,0.4890,-1,-1,-1
11,5,285.82,197.95,21.66,67.43,0.6966,-1,-1,-1
11,12,144.79,195.49,24.73,69.93,0.5637,-1,-1,-1
12,1,182.18,147.83,91.93,205.46,0.8704,-1,-1,-1
12,2,63.66,130.29,85.82,233.71,0.8809,-1,-1,-1
12,3,316.19,205.47,23.01,62.89,0.5016,-1,-1,-1
12,4,269.70,199.88,23.53,68.31,0.6251,-1,-1,-1
12,12,155.90,198.31,25.27,68.90,0.5749,-1,-1,-1
13,1,184.02,147.33,95.41,209.37,0.8587,-1,-1,-1
13,2,68.56,142.72,83.68,222.58,0.8563,-1,-1,-1
13,3,320.57,196.07,26.04,71.89,0.4617,-1,-1,-1
13,4,275.73,200.16,23.54,68.31,0.5106,-1,-1,-1
13,5,304.16,203.72,20.45,63.19,0.4761,-1,-1,-1
13,12,160.81,196.62,26.64,70.91,0.5691,-1,-1,-1
14,1,197.68,145.08,95.04,212.06,0.8290,-1,-1,-1
14,2,81.34,127.89,84.80,239.15,0.8715,-1,-1,-1
14,3,333.91,203.49,23.03,64.38,0.3741,-1,-1,-1
14,4,287.75,203.76,22.10,63.24,0.5899,-1,-1,-1
14,5,317.02,201.70,21.14,65.00,0.5775,-1,-1,-1
14,12,171.90,195.85,27.20,71.32,0.5988,-1,-1,-1
15,1,209.54,145.29,95.88,216.18,0.8599,-1,-1,-1
15,2,86.48,138.69,84.22,232.19,0.8602,-1,-1,-1
15,3,347.38,205.23,23.98,64.41,0.6195,-1,-1,-1
15,4,297.12,202.60,22.97,66.49,0.5773,-1,-1,-1
15,5,326.64,200.56,22.04,67.31,0.5191,-1,-1,-1
15,12,182.99,197.83,27.32,70.76,0.6604,-1,-1,-1
15,14,3.10,144.77,36.49,166.13,0.5379,-1,-1,-1
16,1,212.83,144.48,97.64,216.02,0.8458,-1,-1,-1
16,2,79.90,123.59,93.52,246.55,0.8776,-1,-1,-1
16,3,353.27,199.92,25.40,67.31,0.5434,-1,-1,-1
16,4,301.23,198.36,23.35,66.78,0.6868,-1,-1,-1
16,5,331.26,195.33,23.28,70.71,0.5508,-1,-1,-1
16,12,186.58,193.46,28.21,71.69,0.6426,-1,-1,-1
16,14,6.05,142.85,35.20,156.33,0.4308,-1,-1,-1
17,1,216.22,139.83,102.43,223.23,0.7738,-1,-1,-1
17,2,85.03,124.06,92.89,247.68,0.8982,-1,-1,-1
17,3,352.98,188.51,28.02,76.49,0.4913,-1,-1,-1
17,4,306.19,196.04,24.05,69.53,0.5980,-1,-1,-1
17,5,335.03,195.31,22.86,69.96,0.4471,-1,-1,-1
17,12,189.42,192.85,28.11,71.71,0.6422,-1,-1,-1
17,14,13.71,141.03,35.81,149.04,0.3768,-1,-1,-1
18,1,217.36,137.63,108.08,230.24,0.8572,-1,-1,-1
18,2,84.20,124.54,95.64,252.57,0.9013,-1,-1,-1
18,4,311.26,195.17,23.43,71.16,0.7058,-1,-1,-1
18,12,193.88,194.70,27.13,70.09,0.5464,-1,-1,-1
18,14,6.24,140.66,38.21,156.04,0.4964,-1,-1,-1
19,1,218.11,132.76,111.40,234.99,0.8666,-1,-1,-1
19,2,81.50,118.64,97.66,257.49,0.9064,-1,-1,-1
19,4,311.91,192.38,23.75,71.16,0.6221,-1,-1,-1
19,12,194.64,192.62,27.28,70.09,0.5145,-1,-1,-1
19,14,3.03,137.62,38.55,156.67,0.3060,-1,-1,-1
20,1,214.61,128.42,113.34,241.06,0.8877,-1,-1,-1
20,2,76.71,113.01,98.92,265.26,0.9029,-1,-1,-1
20,12,192.69,187.67,27.95,72.64,0.5803,-1,-1,-1
21,1,214.27,126.40,116.01,247.75,0.8791,-1,-1,-1
21,2,73.05,107.17,101.82,275.05,0.8988,-1,-1,-1
21,12,192.14,186.37,28.16,74.43,0.6602,-1,-1,-1
21,14,-0.54,132.09,38.49,164.98,0.5208,-1,-1,-1
21,16,41.57,186.44,27.47,69.57,0.5713,-1,-1,-1
22,1,214.49,122.69,117.89,253.70,0.8829,-1,-1,-1
22,2,68.81,103.46,104.57,280.98,0.8850,-1,-1,-1
22,12,194.13,185.54,27.60,73.76,0.3509,-1,-1,-1
22,14,-4.55,129.13,47.17,211.95,0.3507,-1,-1,-1
22,16,42.20,183.22,27.82,70.92,0.4103,-1,-1,-1
23,1,214.28,123.46,120.09,261.24,0.8812,-1,-1,-1
23,2,67.74,104.68,107.62,289.96,0.8965,-1,-1,-1
23,12,197.71,190.43,27.28,73.31,0.5789,-1,-1,-1
23,14,-4.90,133.36,49.49,226.51,0.3568,-1,-1,-1
23,16,48.01,190.74,26.46,67.81,0.3665,-1,-1,-1
24,1,218.81,121.41,119.78,265.53,0.7988,-1,-1,-1
24,2,65.79,104.23,110.55,294.79,0.8602,-1,-1,-1
24,14,0.59,133.17,39.65,178.03,0.4349,-1,-1,-1
25,1,229.07,120.74,114.66,275.94,0.8810,-1,-1,-1
25,2,61.95,103.06,114.94,304.18,0.8911,-1,-1,-1
25,14,0.71,134.25,37.87,172.62,0.3614,-1,-1,-1
26,1,229.54,116.29,112.53,281.81,0.8712,-1,-1,-1
26,2,58.47,100.38,117.18,309.61,0.8826,-1,-1,-1
26,14,0.26,132.85,36.88,172.41,0.3655,-1,-1,-1
27,1,236.09,113.00,111.84,288.68,0.8809,-1,-1,-1
27,2,55.97,95.62,120.22,315.97,0.8972,-1,-1,-1
27,14,1.07,130.38,36.17,170.64,0.4621,-1,-1,-1
28,1,239.91,111.13,111.99,294.87,0.8851,-1,-1,-1
28,2,54.31,94.28,123.34,323.27,0.9022,-1,-1,-1
28,14,1.45,130.13,36.66,170.61,0.3368,-1,-1,-1
29,1,234.76,105.10,120.33,303.28,0.8659,-1,-1,-1
29,2,50.74,85.95,129.13,338.91,0.8817,-1,-1,-1
30,1,234.78,103.22,123.56,310.29,0.8839,-1,-1,-1
30,2,48.12,83.85,131.73,345.74,0.8888,-1,-1,-1
30,14,-0.63,125.35,38.40,178.81,0.3046,-1,-1,-1
31,1,244.62,98.33,122.42,321.43,0.8790,-1,-1,-1
31,2,43.68,80.18,137.17,353.66,0.8946,-1,-1,-1
31,20,391.30,175.90,23.85,34.75,0.3312,-1,-1,-1
32,1,252.77,96.56,123.32,332.43,0.8769,-1,-1,-1
32,2,44.21,77.69,140.80,364.63,0.8790,-1,-1,-1
32,3,408.43,190.78,25.48,75.50,0.6674,-1,-1,-1
32,21,145.87,80.08,50.57,176.83,0.5285,-1,-1,-1
33,1,259.50,89.73,127.10,339.09,0.8614,-1,-1,-1
33,2,52.11,70.29,140.54,374.50,0.8887,-1,-1,-1
33,3,418.74,188.84,26.01,75.18,0.6739,-1,-1,-1
33,4,361.81,186.79,25.22,75.25,0.6280,-1,-1,-1
33,21,150.92,76.83,52.13,182.33,0.3756,-1,-1,-1
34,1,269.53,88.97,131.93,352.02,0.8579,-1,-1,-1
34,2,59.47,70.63,142.21,381.33,0.8851,-1,-1,-1
34,3,425.96,187.70,27.37,78.82,0.6605,-1,-1,-1
34,4,369.38,187.08,27.75,76.84,0.6828,-1,-1,-1
34,5,402.14,180.47,24.39,82.93,0.4951,-1,-1,-1
34,21,159.67,75.38,52.60,180.40,0.5096,-1,-1,-1
35,1,272.86,88.42,141.36,360.91,0.8551,-1,-1,-1
35,2,65.03,70.72,141.52,387.11,0.9042,-1,-1,-1
35,3,435.39,190.51,27.59,78.38,0.6581,-1,-1,-1
35,4,377.49,189.64,27.95,76.98,0.7054,-1,-1,-1
35,5,411.06,188.21,23.49,77.42,0.4801,-1,-1,-1
35,23,3.47,119.09,30.61,104.33,0.6117,-1,-1,-1
36,1,273.92,80.81,156.54,370.20,0.8937,-1,-1,-1
36,2,71.92,62.17,145.91,400.40,0.8947,-1,-1,-1
36,3,447.99,189.65,27.64,78.01,0.6636,-1,-1,-1
36,4,387.91,189.11,27.56,76.09,0.5824,-1,-1,-1
36,5,421.45,182.16,25.27,82.70,0.4843,-1,-1,-1
36,21,175.65,71.46,53.72,182.95,0.5570,-1,-1,-1
37,1,272.96,78.08,165.03,378.73,0.8908,-1,-1,-1
37,2,72.14,61.20,148.47,405.59,0.9014,-1,-1,-1
37,3,451.93,190.21,27.72,78.49,0.6192,-1,-1,-1
37,4,391.82,189.39,27.93,76.20,0.6547,-1,-1,-1
37,5,425.28,186.55,24.34,79.19,0.3203,-1,-1,-1
37,21,177.09,71.00,54.77,185.82,0.4362,-1,-1,-1
38,1,280.12,76.51,173.87,388.71,0.8878,-1,-1,-1
38,2,70.71,58.90,153.23,416.17,0.8759,-1,-1,-1
38,3,456.99,189.71,28.80,80.78,0.7279,-1,-1,-1
38,4,398.70,194.07,27.35,73.29,0.4970,-1,-1,-1
38,5,431.08,189.50,25.11,78.73,0.5459,-1,-1,-1
38,21,180.66,70.86,57.71,194.86,0.4525,-1,-1,-1
39,1,284.58,70.35,178.26,398.14,0.8902,-1,-1,-1
39,2,69.79,53.49,157.27,424.65,0.8789,-1,-1,-1
39,3,461.58,187.37,30.24,81.98,0.6727,-1,-1,-1
39,4,403.72,195.44,26.36,70.36,0.5582,-1,-1,-1
39,5,435.17,186.99,25.24,78.10,0.5778,-1,-1,-1
39,21,182.40,63.90,57.86,195.86,0.5569,-1,-1,-1
40,1,285.38,65.88,187.23,412.80,0.8876,-1,-1,-1
40,2,68.01,52.79,161.73,427.28,0.8847,-1,-1,-1
40,3,465.14,188.43,31.26,83.34,0.7032,-1,-1,-1
40,4,408.24,199.54,26.07,69.75,0.4654,-1,-1,-1
40,5,439.27,186.33,27.13,81.93,0.5362,-1,-1,-1
40,21,183.95,63.11,58.67,200.37,0.6957,-1,-1,-1
41,1,289.71,63.08,191.20,416.71,0.8832,-1,-1,-1
41,2,64.25,48.73,165.81,431.33,0.8903,-1,-1,-1
41,5,440.23,188.28,26.83,79.87,0.5486,-1,-1,-1
41,14,5.23,114.54,39.93,154.57,0.3844,-1,-1,-1
41,20,467.69,188.96,32.35,46.58,0.6164,-1,-1,-1
41,21,182.68,63.03,58.52,198.96,0.7385,-1,-1,-1
42,1,284.35,56.12,196.67,423.91,0.8999,-1,-1,-1
42,2,51.37,41.68,170.56,438.33,0.8915,-1,-1,-1
42,20,467.37,187.62,29.53,40.04,0.5377,-1,-1,-1
42,21,177.54,55.63,60.18,208.54,0.6336,-1,-1,-1
43,1,283.59,53.23,201.85,426.83,0.9045,-1,-1,-1
43,2,47.90,35.98,172.22,443.95,0.8963,-1,-1,-1
43,12,264.96,186.83,26.60,76.70,0.3259,-1,-1,-1
43,20,466.90,190.28,25.64,32.89,0.5272,-1,-1,-1
43,21,175.46,51.04,58.31,207.31,0.6478,-1,-1,-1
44,1,282.36,50.46,206.70,429.59,0.9040,-1,-1,-1
44,2,44.48,30.74,175.29,448.74,0.8976,-1,-1,-1
44,12,266.54,186.78,26.25,77.63,0.3625,-1,-1,-1
44,21,175.39,48.42,58.54,212.19,0.6433,-1,-1,-1
45,1,285.26,46.70,211.10,432.73,0.8964,-1,-1,-1
45,2,42.48,27.66,177.33,450.70,0.8951,-1,-1,-1
45,12,268.25,185.77,26.71,77.84,0.4529,-1,-1,-1
45,21,176.95,47.29,59.61,215.54,0.6476,-1,-1,-1
46,1,279.65,42.82,220.11,437.21,0.9094,-1,-1,-1
46,2,37.11,19.84,182.00,459.60,0.8836,-1,-1,-1
46,21,175.70,45.23,60.27,218.38,0.6942,-1,-1,-1
46,26,-0.24,97.64,38.01,329.47,0.4195,-1,-1,-1
47,1,284.44,38.02,221.83,442.00,0.9064,-1,-1,-1
47,2,33.78,14.98,184.42,464.06,0.8725,-1,-1,-1
47,12,269.99,183.47,26.58,79.25,0.3716,-1,-1,-1
47,21,175.10,41.25,59.73,217.26,0.6582,-1,-1,-1
47,26,0.33,94.14,37.21,334.17,0.3063,-1,-1,-1
48,1,289.45,29.64,223.54,449.63,0.8999,-1,-1,-1
48,2,31.55,11.84,189.32,468.17,0.8636,-1,-1,-1
48,21,177.82,38.42,61.59,222.95,0.6428,-1,-1,-1
48,26,1.73,92.98,37.61,340.53,0.3433,-1,-1,-1
49,1,287.54,29.08,228.49,450.93,0.8895,-1,-1,-1
49,2,29.50,9.89,195.64,466.97,0.8603,-1,-1,-1
49,21,177.24,36.64,63.94,226.71,0.6405,-1,-1,-1
49,23,0.08,93.26,31.03,113.27,0.3333,-1,-1,-1
50,1,286.21,22.89,231.53,456.17,0.8995,-1,-1,-1
50,2,22.21,3.06,200.71,475.50,0.8585,-1,-1,-1
50,14,0.87,90.31,27.86,117.66,0.5213,-1,-1,-1
50,21,174.58,34.53,65.83,236.52,0.6500,-1,-1,-1
51,1,286.38,19.71,236.59,459.64,0.9086,-1,-1,-1
51,2,22.96,1.58,200.05,474.86,0.8588,-1,-1,-1
51,14,1.05,89.34,28.40,117.37,0.4481,-1,-1,-1
51,21,175.79,33.43,67.65,238.40,0.7362,-1,-1,-1
52,1,290.29,16.19,239.01,462.55,0.9019,-1,-1,-1
52,2,17.17,0.65,204.05,477.21,0.8464,-1,-1,-1
52,14,-2.48,87.34,35.98,154.87,0.4830,-1,-1,-1
52,21,174.29,30.14,69.60,240.30,0.5960,-1,-1,-1
53,1,289.02,14.36,246.29,464.68,0.9044,-1,-1,-1
53,2,14.37,0.35,209.02,479.20,0.8605,-1,-1,-1
53,14,-1.30,86.38,37.84,161.42,0.3691,-1,-1,-1
53,21,173.54,28.27,70.28,240.09,0.6318,-1,-1,-1
54,1,290.56,12.61,249.18,467.40,0.9116,-1,-1,-1
54,2,14.62,1.09,209.22,476.03,0.8424,-1,-1,-1
54,21,173.49,28.41,70.85,241.23,0.5766,-1,-1,-1
54,23,1.36,87.37,32.80,113.92,0.4177,-1,-1,-1
55,1,294.61,8.21,255.65,469.28,0.8858,-1,-1,-1
55,2,11.57,1.14,213.94,478.09,0.8571,-1,-1,-1
55,14,-3.78,86.20,44.63,194.42,0.4524,-1,-1,-1
55,21,174.49,26.13,73.03,243.91,0.5491,-1,-1,-1
56,1,291.47,5.95,259.85,472.32,0.8457,-1,-1,-1
56,2,12.73,0.32,215.18,478.23,0.8620,-1,-1,-1
56,14,-1.58,84.43,39.50,172.66,0.4636,-1,-1,-1
56,21,174.96,24.75,73.65,246.93,0.5890,-1,-1,-1
57,1,300.74,2.87,262.30,476.58,0.9115,-1,-1,-1
57,2,9.31,1.23,217.22,475.59,0.8578,-1,-1,-1
57,14,-0.84,83.60,37.79,167.09,0.5690,-1,-1,-1
57,21,171.83,23.09,82.39,285.37,0.6122,-1,-1,-1
58,1,302.25,2.62,264.04,477.39,0.8997,-1,-1,-1
58,2,8.41,1.23,218.78,475.94,0.8594,-1,-1,-1
58,14,-1.01,83.50,37.23,166.33,0.4866,-1,-1,-1
58,21,163.83,20.93,100.73,364.61,0.4966,-1,-1,-1
59,1,304.74,1.52,270.22,477.87,0.9035,-1,-1,-1
59,2,7.34,1.28,220.49,476.00,0.8447,-1,-1,-1
59,14,-1.70,84.08,36.15,164.73,0.4017,-1,-1,-1
59,21,171.66,20.66,86.92,336.17,0.7051,-1,-1,-1
60,1,305.45,0.09,276.84,477.34,0.9006,-1,-1,-1
60,2,6.47,0.62,222.60,476.92,0.8185,-1,-1,-1
60,21,165.20,18.92,98.80,399.19,0.5711,-1,-1,-1
60,26,1.19,79.69,27.89,220.39,0.3765,-1,-1,-1
61,1,308.88,-0.02,281.66,479.10,0.8971,-1,-1,-1
61,2,3.05,1.38,223.85,475.36,0.8556,-1,-1,-1
61,21,167.07,18.16,95.28,404.13,0.6077,-1,-1,-1
61,26,0.61,79.92,27.27,213.15,0.3827,-1,-1,-1
62,1,314.81,0.01,280.81,474.30,0.8307,-1,-1,-1
62,2,2.27,1.24,224.21,475.73,0.8611,-1,-1,-1
62,21,172.13,16.42,90.30,415.12,0.7277,-1,-1,-1
62,26,1.14,78.34,28.99,224.03,0.4517,-1,-1,-1
63,1,313.84,0.12,284.79,479.83,0.8857,-1,-1,-1
63,2,1.77,1.52,223.75,475.78,0.7896,-1,-1,-1
63,5,566.32,192.82,17.87,51.43,0.3503,-1,-1,-1
63,21,173.63,15.04,87.25,419.79,0.7196,-1,-1,-1
63,26,-2.34,75.75,41.14,334.61,0.3731,-1,-1,-1
64,1,317.80,-0.02,285.90,480.03,0.8757,-1,-1,-1
64,2,2.35,2.22,225.68,476.18,0.8099,-1,-1,-1
64,3,500.87,191.70,26.93,77.47,0.6102,-1,-1,-1
64,14,-4.21,79.04,35.24,171.19,0.3066,-1,-1,-1
64,21,174.66,15.09,85.99,414.79,0.5741,-1,-1,-1
64,26,-4.29,75.37,44.20,375.90,0.3595,-1,-1,-1
65,1,317.36,-0.02,287.47,480.02,0.8766,-1,-1,-1
65,2,4.26,1.57,228.87,474.68,0.7657,-1,-1,-1
65,3,501.57,192.89,26.48,76.51,0.6443,-1,-1,-1
65,21,181.03,14.27,76.74,360.03,0.5247,-1,-1,-1
65,26,-3.13,74.63,42.22,364.36,0.3505,-1,-1,-1
66,1,313.90,0.22,290.71,479.78,0.8839,-1,-1,-1
66,2,1.26,1.45,229.20,472.89,0.8418,-1,-1,-1
66,3,502.22,192.12,26.49,76.74,0.6824,-1,-1,-1
66,21,182.84,13.13,74.56,332.74,0.6341,-1,-1,-1
66,23,-4.86,78.59,31.89,128.34,0.3763,-1,-1,-1
66,26,-3.94,74.57,41.99,378.06,0.3673,-1,-1,-1
67,1,312.87,-0.01,295.62,479.82,0.8852,-1,-1,-1
67,2,-0.58,1.29,228.54,476.70,0.8087,-1,-1,-1
67,3,503.11,192.64,25.74,76.40,0.6490,-1,-1,-1
67,5,575.70,197.33,16.14,42.03,0.4004,-1,-1,-1
67,21,177.68,11.69,87.80,410.76,0.7479,-1,-1,-1
67,26,-3.25,75.20,39.40,382.47,0.5338,-1,-1,-1
68,1,316.92,0.49,294.33,479.52,0.8942,-1,-1,-1
68,2,-0.08,2.91,225.88,474.81,0.7487,-1,-1,-1
68,3,504.94,192.87,25.05,76.79,0.6037,-1,-1,-1
68,21,176.81,11.14,89.39,431.66,0.6779,-1,-1,-1
68,26,-0.53,74.93,35.25,351.40,0.3680,-1,-1,-1
69,1,317.79,0.65,292.63,479.36,0.8915,-1,-1,-1
69,2,0.24,2.92,225.09,475.42,0.7380,-1,-1,-1
69,3,505.04,193.52,23.87,75.52,0.6365,-1,-1,-1
69,12,293.82,176.03,28.82,86.46,0.5637,-1,-1,-1
69,14,-1.49,77.68,25.42,131.83,0.3680,-1,-1,-1
69,21,177.48,10.00,88.62,435.41,0.6036,-1,-1,-1
69,26,-0.37,73.78,35.46,362.18,0.3943,-1,-1,-1
70,1,317.84,0.53,292.06,479.48,0.8924,-1,-1,-1
70,2,-0.49,1.35,224.26,478.51,0.8235,-1,-1,-1
70,3,505.93,193.18,23.61,75.92,0.6172,-1,-1,-1
70,4,578.89,194.22,20.56,53.04,0.3070,-1,-1,-1
70,12,294.96,176.82,27.70,85.35,0.5253,-1,-1,-1
70,14,-0.72,77.57,24.07,128.39,0.3834,-1,-1,-1
70,21,182.78,9.34,84.48,424.51,0.8348,-1,-1,-1
70,26,0.30,74.36,34.61,360.15,0.4031,-1,-1,-1
71,1,317.47,0.00,291.18,480.01,0.8761,-1,-1,-1
71,2,-0.12,1.36,222.95,478.65,0.8286,-1,-1,-1
71,3,506.36,193.36,23.03,74.83,0.5617,-1,-1,-1
71,12,293.53,176.72,27.81,84.73,0.5884,-1,-1,-1
71,14,-0.27,78.04,23.20,125.88,0.4387,-1,-1,-1
71,21,184.08,8.30,84.27,425.32,0.8365,-1,-1,-1
71,26,-0.11,74.01,34.70,369.12,0.3847,-1,-1,-1
72,1,316.61,0.48,292.61,479.53,0.8827,-1,-1,-1
72,2,0.20,1.27,222.81,478.75,0.8600,-1,-1,-1
72,3,506.54,192.93,23.20,76.15,0.5834,-1,-1,-1
72,4,587.26,196.45,21.28,50.71,0.5855,-1,-1,-1
72,12,291.90,176.79,29.15,85.13,0.6204,-1,-1,-1
72,14,-0.01,78.27,23.04,126.07,0.4064,-1,-1,-1
72,21,184.84,7.90,84.52,426.02,0.8375,-1,-1,-1
72,26,-0.17,75.25,34.27,370.75,0.4914,-1,-1,-1
73,1,314.37,0.41,295.24,479.59,0.8920,-1,-1,-1
73,2,0.39,1.35,222.52,478.66,0.8543,-1,-1,-1
73,3,505.60,192.30,23.50,77.83,0.5062,-1,-1,-1
73,4,587.40,196.29,22.16,51.83,0.5500,-1,-1,-1
73,12,290.95,177.22,28.92,82.74,0.6042,-1,-1,-1
73,14,-0.17,78.09,22.99,127.59,0.4076,-1,-1,-1
73,21,186.01,10.62,85.32,423.01,0.8394,-1,-1,-1
73,26,0.63,74.14,33.45,365.42,0.3447,-1,-1,-1
74,1,312.92,0.03,294.60,479.98,0.8500,-1,-1,-1
74,2,0.79,1.34,222.13,477.62,0.8477,-1,-1,-1
74,3,505.22,193.23,22.77,75.94,0.5653,-1,-1,-1
74,12,290.86,177.08,28.95,82.30,0.5464,-1,-1,-1
74,14,0.08,78.19,22.50,125.97,0.4138,-1,-1,-1
74,21,186.27,9.23,86.76,423.60,0.8486,-1,-1,-1
74,26,1.11,73.34,32.39,357.16,0.3463,-1,-1,-1
75,1,307.20,0.55,294.32,479.45,0.8711,-1,-1,-1
75,2,1.11,0.90,221.87,478.28,0.8279,-1,-1,-1
75,12,291.06,177.30,29.36,82.02,0.6049,-1,-1,-1
75,14,0.35,77.64,22.30,125.19,0.3664,-1,-1,-1
75,21,187.60,9.82,87.30,422.49,0.8458,-1,-1,-1
76,1,305.84,-0.00,296.58,478.60,0.8883,-1,-1,-1
76,2,0.77,0.84,222.59,478.11,0.8184,-1,-1,-1
76,12,290.70,176.90,29.62,81.47,0.6551,-1,-1,-1
76,14,-0.15,78.18,22.93,127.59,0.3271,-1,-1,-1
76,21,187.22,10.16,88.80,422.64,0.8553,-1,-1,-1
77,1,303.17,-0.01,296.38,477.41,0.8744,-1,-1,-1
77,2,1.04,0.86,223.01,476.75,0.8269,-1,-1,-1
77,12,290.72,176.71,30.48,81.35,0.6553,-1,-1,-1
77,14,0.40,78.75,21.98,119.35,0.3556,-1,-1,-1
77,21,187.27,9.81,89.46,421.63,0.8452,-1,-1,-1
78,1,301.88,-0.00,297.24,476.73,0.8931,-1,-1,-1
78,2,0.65,1.19,223.99,478.76,0.8335,-1,-1,-1
78,12,289.76,177.20,30.53,80.98,0.4946,-1,-1,-1
78,14,0.80,78.94,21.26,112.52,0.4589,-1,-1,-1
78,21,188.08,9.14,88.42,422.07,0.8443,-1,-1,-1
79,1,302.80,-0.01,293.37,479.96,0.8717,-1,-1,-1
79,2,1.26,0.71,223.26,478.17,0.8325,-1,-1,-1
79,12,289.78,177.70,30.77,80.55,0.4671,-1,-1,-1
79,14,-0.07,79.05,22.97,122.19,0.3723,-1,-1,-1
79,21,187.69,10.22,86.82,422.28,0.8373,-1,-1,-1
80,1,309.94,-0.00,282.17,480.00,0.8759,-1,-1,-1
80,2,0.91,1.31,224.13,478.68,0.8516,-1,-1,-1
80,14,0.19,79.62,22.57,118.88,0.3803,-1,-1,-1
80,21,187.96,11.21,86.38,423.17,0.8294,-1,-1,-1
80,26,-0.57,75.86,33.65,353.27,0.3045,-1,-1,-1
81,1,311.12,-0.01,279.51,480.00,0.8798,-1,-1,-1
81,2,1.21,1.30,226.17,478.33,0.8432,-1,-1,-1
81,14,0.45,79.57,23.00,118.71,0.3807,-1,-1,-1
81,21,188.14,11.23,85.71,418.19,0.7937,-1,-1,-1
81,26,-1.15,75.93,35.27,369.08,0.4099,-1,-1,-1
82,1,315.44,0.00,274.16,480.00,0.8624,-1,-1,-1
82,2,2.09,1.35,228.12,476.44,0.8403,-1,-1,-1
82,14,0.37,79.69,22.53,115.26,0.4136,-1,-1,-1
82,21,188.15,12.24,85.59,418.80,0.7392,-1,-1,-1
82,26,-0.52,75.55,34.59,360.94,0.3528,-1,-1,-1
83,1,310.44,0.01,275.19,475.65,0.8782,-1,-1,-1
83,2,-0.38,1.49,227.19,477.73,0.8173,-1,-1,-1
83,14,-0.04,79.25,23.07,118.91,0.4516,-1,-1,-1
83,21,187.03,13.51,85.26,423.39,0.8172,-1,-1,-1
83,26,-1.01,74.27,35.33,376.15,0.3457,-1,-1,-1
84,1,306.83,-0.00,275.90,479.46,0.9028,-1,-1,-1
84,2,-0.53,1.54,226.17,476.30,0.7691,-1,-1,-1
84,14,-1.08,79.11,23.32,122.43,0.4579,-1,-1,-1
84,21,183.50,11.97,86.31,426.71,0.7983,-1,-1,-1
85,1,309.34,0.07,277.81,478.31,0.8923,-1,-1,-1
85,2,2.17,1.64,227.36,474.84,0.7584,-1,-1,-1
85,4,614.46,192.99,25.15,56.45,0.5777,-1,-1,-1
85,14,-0.83,79.10,23.45,124.22,0.3620,-1,-1,-1
85,21,181.30,14.94,85.21,423.05,0.7471,-1,-1,-1
86,1,308.52,0.09,278.33,476.19,0.8679,-1,-1,-1
86,2,0.89,1.78,228.46,476.30,0.7405,-1,-1,-1
86,4,615.64,193.50,24.89,56.63,0.4649,-1,-1,-1
86,14,-0.71,79.82,23.56,125.68,0.3754,-1,-1,-1
86,21,177.68,17.29,85.13,422.50,0.7507,-1,-1,-1
86,26,-0.79,73.57,35.05,372.16,0.3084,-1,-1,-1
87,1,309.94,0.08,278.15,479.87,0.8880,-1,-1,-1
87,2,1.77,1.77,229.21,475.15,0.7021,-1,-1,-1
87,3,503.75,193.11,23.64,75.81,0.6588,-1,-1,-1
87,4,615.48,193.29,24.69,56.17,0.4894,-1,-1,-1
87,14,-0.92,79.88,22.88,123.18,0.3263,-1,-1,-1
87,21,174.75,17.16,83.33,410.63,0.6689,-1,-1,-1
87,26,-0.65,74.65,34.19,367.61,0.4767,-1,-1,-1
88,1,307.04,0.91,280.27,479.09,0.8988,-1,-1,-1
88,2,-0.85,1.81,228.67,475.88,0.8129,-1,-1,-1
88,3,504.88,193.19,23.95,77.13,0.5258,-1,-1,-1
88,14,-0.39,80.83,22.98,123.37,0.4351,-1,-1,-1
88,21,173.60,22.00,83.49,410.51,0.7451,-1,-1,-1
88,26,-0.99,73.97,35.61,379.70,0.3262,-1,-1,-1
89,1,311.03,0.48,277.84,479.52,0.8955,-1,-1,-1
89,2,-0.93,1.74,228.40,476.75,0.8042,-1,-1,-1
89,3,505.28,192.75,23.58,77.10,0.5054,-1,-1,-1
89,14,-0.38,81.09,22.99,123.46,0.3758,-1,-1,-1
89,21,172.26,23.24,83.26,404.67,0.7138,-1,-1,-1
89,26,-0.16,75.11,33.48,352.37,0.3430,-1,-1,-1
90,1,308.57,0.67,279.22,479.33,0.8977,-1,-1,-1
90,2,-1.97,1.51,227.37,477.49,0.7954,-1,-1,-1
90,3,504.96,192.89,23.28,77.08,0.4277,-1,-1,-1
90,21,170.14,23.57,85.06,402.65,0.7513,-1,-1,-1
90,26,-1.26,77.58,34.75,366.60,0.4337,-1,-1,-1
91,1,308.72,0.95,280.23,479.05,0.8943,-1,-1,-1
91,2,-1.59,1.39,226.05,477.41,0.7909,-1,-1,-1
91,3,504.70,192.37,22.99,76.59,0.3014,-1,-1,-1
91,14,-1.04,83.49,24.04,129.63,0.4233,-1,-1,-1
91,21,169.27,23.75,86.93,402.73,0.7204,-1,-1,-1
91,26,-1.47,78.77,35.29,377.08,0.4672,-1,-1,-1
92,1,305.30,0.54,282.52,478.88,0.9045,-1,-1,-1
92,2,2.87,1.51,228.42,475.81,0.7655,-1,-1,-1
92,3,505.51,192.84,22.81,76.79,0.3287,-1,-1,-1
92,21,169.53,24.32,88.60,400.09,0.6925,-1,-1,-1
92,26,-0.37,80.14,34.20,363.36,0.4237,-1,-1,-1
93,1,305.26,0.37,280.72,478.75,0.8917,-1,-1,-1
93,2,-0.99,1.43,225.55,474.83,0.8433,-1,-1,-1
93,12,297.59,180.68,28.95,77.58,0.4503,-1,-1,-1
93,14,-0.83,84.75,23.37,126.52,0.3357,-1,-1,-1
93,21,171.19,23.51,96.91,409.83,0.7883,-1,-1,-1
93,26,-0.23,79.53,34.06,360.23,0.3017,-1,-1,-1
93,32,565.91,171.22,45.70,92.36,0.4666,-1,-1,-1
94,1,306.19,-0.00,278.95,479.94,0.9028,-1,-1,-1
94,2,-0.23,1.53,224.28,475.08,0.8469,-1,-1,-1
94,12,298.56,179.26,28.23,78.80,0.4521,-1,-1,-1
94,21,171.01,23.65,100.05,410.07,0.7889,-1,-1,-1
94,26,-0.12,79.42,33.92,365.57,0.3167,-1,-1,-1
94,33,266.49,190.83,18.29,57.65,0.4865,-1,-1,-1
95,1,307.32,-0.00,276.86,477.38,0.9010,-1,-1,-1
95,2,0.00,1.49,223.74,475.14,0.8603,-1,-1,-1
95,12,299.62,178.77,27.45,80.83,0.5122,-1,-1,-1
95,21,171.88,21.58,101.99,413.07,0.7886,-1,-1,-1
95,26,0.06,78.88,34.50,371.06,0.4191,-1,-1,-1
95,33,265.79,193.13,17.39,55.40,0.5569,-1,-1,-1
96,1,306.63,-0.00,276.72,479.98,0.8999,-1,-1,-1
96,2,0.22,1.64,222.99,474.35,0.8357,-1,-1,-1
96,12,300.01,177.87,26.21,80.80,0.5020,-1,-1,-1
96,21,172.86,21.64,101.21,411.15,0.7914,-1,-1,-1
96,26,0.29,82.53,34.01,364.93,0.4157,-1,-1,-1
96,33,264.95,192.03,17.64,56.72,0.5346,-1,-1,-1
97,1,307.82,0.06,275.59,476.90,0.9031,-1,-1,-1
97,2,0.72,1.45,222.06,472.14,0.8640,-1,-1,-1
97,3,504.80,192.36,23.90,81.00,0.3291,-1,-1,-1
97,12,300.72,178.91,25.36,80.87,0.5721,-1,-1,-1
97,21,175.00,20.44,99.41,412.46,0.8179,-1,-1,-1
97,26,1.70,84.18,30.56,321.89,0.3742,-1,-1,-1
97,33,261.92,192.03,17.93,58.57,0.5794,-1,-1,-1
97,35,281.24,179.81,28.35,78.40,0.3714,-1,-1,-1
98,1,308.98,-0.00,274.99,478.12,0.9064,-1,-1,-1
98,2,0.94,1.25,221.91,473.00,0.8745,-1,-1,-1
98,3,506.25,192.58,22.31,77.24,0.5041,-1,-1,-1
98,12,301.20,178.05,24.92,82.70,0.5933,-1,-1,-1
98,21,180.91,20.03,94.84,412.58,0.8351,-1,-1,-1
98,26,0.56,82.66,31.97,344.88,0.5054,-1,-1,-1
99,1,309.35,0.00,274.67,478.11,0.9089,-1,-1,-1
99,2,0.72,1.05,222.28,474.63,0.8855,-1,-1,-1
99,3,506.75,192.48,22.09,76.87,0.3765,-1,-1,-1
99,12,301.07,177.80,24.25,80.74,0.5364,-1,-1,-1
99,21,184.65,20.86,92.16,411.25,0.8484,-1,-1,-1
99,26,0.80,78.83,33.90,367.84,0.4600,-1,-1,-1
99,35,278.82,179.60,28.19,79.38,0.3549,-1,-1,-1
100,1,309.79,-0.00,273.73,477.47,0.9027,-1,-1,-1
100,2,0.40,1.01,221.85,475.51,0.8820,-1,-1,-1
100,3,506.01,192.54,21.85,75.87,0.5333,-1,-1,-1
100,12,301.39,178.38,24.33,79.81,0.5874,-1,-1,-1
100,21,186.99,18.09,91.25,413.73,0.8406,-1,-1,-1
100,26,1.44,81.27,32.02,342.83,0.4245,-1,-1,-1
100,35,278.41,178.35,28.09,80.43,0.5712,-1,-1,-1
101,1,310.21,0.00,274.31,479.98,0.9086,-1,-1,-1
101,2,0.73,0.90,221.40,475.19,0.8767,-1,-1,-1
101,3,507.07,192.75,21.81,76.17,0.3761,-1,-1,-1
101,12,300.72,178.09,24.60,81.40,0.4528,-1,-1,-1
101,21,190.26,16.94,91.41,413.66,0.8511,-1,-1,-1
101,26,0.60,81.37,32.87,355.54,0.4260,-1,-1,-1
101,35,278.72,178.88,27.63,79.85,0.4007,-1,-1,-1
102,1,312.26,0.06,271.72,477.98,0.9022,-1,-1,-1
102,2,0.73,0.85,221.25,475.65,0.8734,-1,-1,-1
102,21,190.58,15.83,92.36,413.01,0.8479,-1,-1,-1
102,26,1.06,81.69,32.02,347.98,0.4412,-1,-1,-1
103,1,313.55,0.00,271.72,479.99,0.9122,-1,-1,-1
103,2,0.64,1.05,221.29,476.55,0.8702,-1,-1,-1
103,3,507.44,193.04,20.89,75.39,0.3142,-1,-1,-1
103,21,191.45,17.28,92.61,414.74,0.8402,-1,-1,-1
103,26,2.02,82.12,30.15,325.77,0.3833,-1,-1,-1
104,1,314.76,0.00,273.59,480.00,0.9108,-1,-1,-1
104,2,0.36,0.85,222.37,476.84,0.8893,-1,-1,-1
104,3,507.33,193.13,20.70,75.01,0.3212,-1,-1,-1
104,14,3.16,81.39,22.89,118.02,0.3109,-1,-1,-1
104,21,191.27,17.78,91.49,414.82,0.8419,-1,-1,-1
104,26,1.17,80.50,31.79,338.31,0.3355,-1,-1,-1
104,37,540.74,202.52,11.76,36.49,0.3313,-1,-1,-1
105,1,314.18,0.00,274.69,480.00,0.9087,-1,-1,-1
105,2,0.18,0.59,222.95,476.62,0.8627,-1,-1,-1
105,14,0.99,83.63,23.48,119.24,0.3026,-1,-1,-1
105,21,191.20,17.08,90.07,410.21,0.8375,-1,-1,-1
105,26,-0.65,83.29,32.97,350.73,0.3764,-1,-1,-1
105,37,541.14,203.62,11.61,35.75,0.4041,-1,-1,-1
106,1,314.35,0.00,276.13,479.10,0.9044,-1,-1,-1
106,2,0.01,0.43,223.80,477.81,0.8800,-1,-1,-1
106,12,300.64,178.72,24.46,82.18,0.6317,-1,-1,-1
106,21,190.69,16.56,89.29,415.08,0.8269,-1,-1,-1
106,26,-0.77,82.67,34.11,360.46,0.4081,-1,-1,-1
106,35,278.34,178.80,27.24,81.42,0.5835,-1,-1,-1
106,37,541.01,203.85,11.80,35.98,0.4060,-1,-1,-1
107,1,314.22,0.35,278.43,478.53,0.8953,-1,-1,-1
107,2,0.25,0.28,224.66,478.17,0.8803,-1,-1,-1
107,12,300.92,178.56,24.49,82.11,0.5889,-1,-1,-1
107,21,191.25,16.82,88.22,414.80,0.8186,-1,-1,-1
107,26,-1.29,82.64,34.17,362.49,0.3576,-1,-1,-1
107,35,279.21,179.44,26.40,79.50,0.5654,-1,-1,-1
107,37,541.42,204.29,11.71,35.59,0.3816,-1,-1,-1
108,1,313.40,0.00,281.80,477.08,0.8996,-1,-1,-1
108,2,0.36,0.10,224.91,477.52,0.8742,-1,-1,-1
108,3,509.41,196.25,19.39,72.07,0.3205,-1,-1,-1
108,12,301.12,178.77,24.20,81.24,0.6020,-1,-1,-1
108,21,191.09,16.16,87.32,415.44,0.8234,-1,-1,-1
108,35,279.08,180.87,25.56,77.59,0.5106,-1,-1,-1
108,37,540.96,202.31,12.35,37.75,0.4677,-1,-1,-1
109,1,313.78,-0.01,282.68,475.19,0.8313,-1,-1,-1
109,2,-0.33,0.00,225.10,478.86,0.8857,-1,-1,-1
109,12,300.82,178.32,24.44,82.26,0.5538,-1,-1,-1
109,21,189.61,16.93,87.89,413.60,0.8310,-1,-1,-1
109,35,279.02,180.48,25.85,78.13,0.5028,-1,-1,-1
110,1,313.36,-0.02,286.88,477.95,0.7599,-1,-1,-1
110,2,-0.55,0.16,224.40,478.30,0.9072,-1,-1,-1
110,12,300.51,178.13,24.70,82.23,0.4505,-1,-1,-1
110,21,188.52,16.95,90.30,413.69,0.8395,-1,-1,-1
111,1,312.63,0.01,287.68,476.92,0.7984,-1,-1,-1
111,2,-0.30,0.11,223.23,479.16,0.8961,-1,-1,-1
111,21,188.66,17.31,91.39,414.27,0.8444,-1,-1,-1
112,1,325.75,0.01,282.60,479.58,0.7949,-1,-1,-1
112,2,0.10,0.13,222.59,479.27,0.9072,-1,-1,-1
112,12,299.31,177.58,25.05,83.24,0.3507,-1,-1,-1
112,21,188.98,16.95,93.42,416.01,0.8493,-1,-1,-1
113,1,311.88,0.19,283.92,479.42,0.8647,-1,-1,-1
113,2,0.10,0.11,222.49,478.80,0.9028,-1,-1,-1
113,21,188.00,18.11,93.79,416.82,0.8531,-1,-1,-1
114,1,309.66,0.00,287.06,479.33,0.8970,-1,-1,-1
114,2,0.03,-0.00,222.04,478.48,0.8955,-1,-1,-1
114,21,187.96,19.60,93.74,413.13,0.8538,-1,-1,-1
115,1,308.98,-0.00,283.93,477.33,0.8815,-1,-1,-1
115,2,0.42,0.06,221.47,479.04,0.8898,-1,-1,-1
115,21,188.86,20.24,93.84,415.35,0.8666,-1,-1,-1
116,1,305.84,-0.01,285.71,479.66,0.8949,-1,-1,-1
116,2,0.24,-0.01,221.08,478.50,0.8794,-1,-1,-1
116,21,191.44,20.57,93.16,415.75,0.8595,-1,-1,-1
117,1,305.55,-0.02,282.81,479.01,0.8835,-1,-1,-1
117,2,1.03,0.18,220.91,478.02,0.8703,-1,-1,-1
117,21,193.30,20.21,93.41,416.94,0.8547,-1,-1,-1
118,1,303.33,-0.01,279.23,478.07,0.8898,-1,-1,-1
118,2,1.15,0.38,222.31,478.73,0.8679,-1,-1,-1
118,21,193.78,19.97,92.93,417.94,0.8588,-1,-1,-1
118,37,562.65,200.33,13.30,41.05,0.3045,-1,-1,-1
119,1,302.82,0.00,279.30,479.99,0.9113,-1,-1,-1
119,2,1.53,0.49,225.71,479.50,0.8854,-1,-1,-1
119,3,500.39,193.30,26.74,78.24,0.6998,-1,-1,-1
119,14,1.15,80.21,20.86,105.53,0.3717,-1,-1,-1
119,21,197.58,19.76,91.13,413.32,0.8164,-1,-1,-1
119,26,0.89,79.88,28.49,342.35,0.4008,-1,-1,-1
120,1,302.15,0.00,279.90,480.00,0.9103,-1,-1,-1
120,2,1.68,0.60,228.62,479.36,0.8727,-1,-1,-1
120,3,499.51,193.14,28.17,78.97,0.7203,-1,-1,-1
120,14,0.84,79.32,22.18,111.00,0.3264,-1,-1,-1
120,21,199.99,21.22,89.18,410.91,0.8094,-1,-1,-1
121,1,303.34,0.55,280.15,479.45,0.8873,-1,-1,-1
121,2,1.97,0.46,232.92,479.55,0.8772,-1,-1,-1
121,3,499.41,192.77,28.87,79.60,0.6617,-1,-1,-1
121,21,199.48,21.17,89.42,415.60,0.8196,-1,-1,-1
122,1,307.44,0.25,280.64,477.58,0.8887,-1,-1,-1
122,2,2.81,0.21,236.34,479.80,0.8574,-1,-1,-1
122,3,499.54,193.99,28.61,78.00,0.6640,-1,-1,-1
122,21,200.47,22.00,86.86,417.69,0.8232,-1,-1,-1
122,26,1.34,75.44,33.23,396.81,0.3786,-1,-1,-1
123,1,302.29,0.91,281.85,479.06,0.8961,-1,-1,-1
123,2,2.76,1.24,239.83,478.75,0.8722,-1,-1,-1
123,3,499.96,194.13,29.04,77.81,0.6804,-1,-1,-1
123,21,201.48,21.16,85.18,414.50,0.8338,-1,-1,-1
123,26,1.90,75.70,35.38,402.81,0.5531,-1,-1,-1
124,1,304.26,0.17,279.85,479.31,0.9043,-1,-1,-1
124,2,2.73,0.88,242.58,478.14,0.8645,-1,-1,-1
124,3,500.09,194.23,29.11,77.77,0.6531,-1,-1,-1
124,12,298.36,177.79,25.03,81.02,0.3166,-1,-1,-1
124,21,202.65,22.50,82.87,407.89,0.8398,-1,-1,-1
124,26,1.74,75.71,36.06,402.49,0.5479,-1,-1,-1
124,37,562.23,200.94,13.89,39.48,0.4120,-1,-1,-1
125,1,304.70,0.65,278.09,478.86,0.9025,-1,-1,-1
125,2,2.20,0.80,245.47,478.02,0.8533,-1,-1,-1
125,3,500.52,193.69,28.96,77.66,0.6406,-1,-1,-1
125,12,298.51,178.43,25.28,79.46,0.3564,-1,-1,-1
125,21,202.71,22.73,82.09,405.61,0.8189,-1,-1,-1
125,26,2.20,76.59,38.10,403.76,0.5959,-1,-1,-1
125,37,562.42,202.02,14.24,37.90,0.4810,-1,-1,-1
126,1,305.13,0.54,276.71,479.14,0.8998,-1,-1,-1
126,2,4.31,0.72,242.98,465.17,0.7892,-1,-1,-1
126,3,500.63,194.01,28.75,77.83,0.6269,-1,-1,-1
126,21,203.15,22.53,81.58,406.19,0.7895,-1,-1,-1
126,26,2.34,76.63,38.85,402.17,0.4500,-1,-1,-1
126,35,287.24,180.08,24.98,78.32,0.3457,-1,-1,-1
126,37,562.25,202.41,14.66,37.38,0.4963,-1,-1,-1
127,1,306.61,0.37,276.73,479.36,0.8968,-1,-1,-1
127,2,1.14,0.99,249.10,475.25,0.8428,-1,-1,-1
127,3,501.82,193.14,28.41,77.72,0.5878,-1,-1,-1
127,21,204.46,22.71,80.65,406.29,0.8087,-1,-1,-1
127,26,2.80,77.75,40.33,402.89,0.4094,-1,-1,-1
127,37,562.88,203.04,14.70,37.02,0.5211,-1,-1,-1
128,1,306.20,0.58,276.86,478.87,0.9036,-1,-1,-1
128,2,1.89,0.71,250.83,473.41,0.8329,-1,-1,-1
128,3,502.23,194.00,27.70,76.69,0.6020,-1,-1,-1
128,12,296.75,178.31,26.75,79.75,0.3225,-1,-1,-1
128,21,204.48,22.66,80.60,406.92,0.7369,-1,-1,-1
128,26,2.65,77.45,42.31,403.04,0.5861,-1,-1,-1
128,37,562.60,203.38,15.11,37.49,0.4789,-1,-1,-1
128,40,533.75,202.89,14.80,40.19,0.3203,-1,-1,-1
129,1,306.80,0.24,275.83,478.64,0.8964,-1,-1,-1
129,2,0.99,0.86,252.40,473.94,0.8553,-1,-1,-1
129,3,502.32,194.02,27.56,77.04,0.5890,-1,-1,-1
129,21,204.31,22.94,80.56,407.56,0.7420,-1,-1,-1
129,26,2.07,79.81,43.90,400.58,0.6338,-1,-1,-1
129,35,287.21,187.19,22.58,71.13,0.3244,-1,-1,-1
129,37,561.96,203.91,15.23,37.09,0.4410,-1,-1,-1
130,1,306.35,0.29,276.40,478.91,0.9090,-1,-1,-1
130,2,1.11,0.82,250.34,472.72,0.8327,-1,-1,-1
130,3,503.51,193.62,27.30,76.96,0.6022,-1,-1,-1
130,21,204.46,23.89,80.16,407.06,0.7662,-1,-1,-1
130,26,1.80,80.35,45.67,399.89,0.6942,-1,-1,-1
130,35,288.33,189.57,21.49,68.55,0.3439,-1,-1,-1
130,37,561.63,203.13,15.71,37.92,0.4589,-1,-1,-1
131,1,306.04,0.50,275.82,478.75,0.8997,-1,-1,-1
131,2,8.46,0.91,244.24,470.38,0.8096,-1,-1,-1
131,3,502.13,193.60,27.64,77.67,0.6511,-1,-1,-1
131,21,204.22,23.17,79.98,404.61,0.7974,-1,-1,-1
131,26,7.82,80.28,33.70,272.93,0.3753,-1,-1,-1
131,35,288.36,191.19,20.91,66.96,0.3437,-1,-1,-1
131,37,560.88,203.49,15.70,36.99,0.4561,-1,-1,-1
131,40,530.46,198.97,17.06,46.12,0.3021,-1,-1,-1
132,1,305.96,0.09,274.81,479.25,0.8961,-1,-1,-1
132,2,7.89,0.64,242.43,471.57,0.7880,-1,-1,-1
132,3,502.02,192.73,27.74,77.80,0.6410,-1,-1,-1
132,12,295.66,177.75,27.27,81.15,0.5026,-1,-1,-1
132,21,201.98,22.83,81.52,405.89,0.8254,-1,-1,-1
132,35,283.46,190.12,21.12,67.32,0.3154,-1,-1,-1
133,1,306.16,0.00,273.27,476.35,0.8985,-1,-1,-1
133,2,6.83,0.55,240.70,475.25,0.8360,-1,-1,-1
133,3,501.90,192.86,28.01,78.46,0.5934,-1,-1,-1
133,12,295.34,177.88,28.06,80.91,0.5434,-1,-1,-1
133,21,201.21,22.61,82.36,406.91,0.8321,-1,-1,-1
133,26,5.13,82.04,29.62,225.95,0.3324,-1,-1,-1
133,35,280.67,188.01,21.49,68.03,0.3829,-1,-1,-1
134,1,304.85,0.29,271.68,476.34,0.9034,-1,-1,-1
134,2,7.97,0.76,237.79,477.56,0.8550,-1,-1,-1
134,3,501.25,192.67,28.49,79.32,0.6285,-1,-1,-1
134,12,295.65,178.38,28.50,80.31,0.5868,-1,-1,-1
134,21,200.73,22.75,82.33,411.50,0.8371,-1,-1,-1
134,26,-1.15,81.03,48.19,373.45,0.4216,-1,-1,-1
134,35,279.84,188.17,20.95,66.50,0.3152,-1,-1,-1
134,37,558.75,200.46,17.59,40.13,0.4410,-1,-1,-1
134,40,536.28,191.10,20.73,56.62,0.4863,-1,-1,-1
135,1,305.50,0.01,271.59,479.96,0.8891,-1,-1,-1
135,2,6.58,0.85,236.06,477.93,0.8785,-1,-1,-1
135,3,500.56,192.92,28.28,78.83,0.6259,-1,-1,-1
135,12,295.33,177.62,29.19,81.57,0.5319,-1,-1,-1
135,14,-2.61,79.76,42.26,223.51,0.3089,-1,-1,-1
135,21,201.63,22.79,81.92,412.41,0.8360,-1,-1,-1
135,26,-2.89,80.42,50.02,394.75,0.4010,-1,-1,-1
135,40,536.57,192.31,20.19,55.69,0.5086,-1,-1,-1
136,1,305.41,0.09,270.17,479.91,0.8891,-1,-1,-1
136,2,4.61,0.93,233.25,477.36,0.8581,-1,-1,-1
136,3,500.38,192.58,28.49,79.44,0.6364,-1,-1,-1
136,12,296.20,178.26,28.58,80.84,0.4172,-1,-1,-1
136,21,200.43,23.80,82.03,410.19,0.8288,-1,-1,-1
136,26,-2.68,78.32,49.10,397.29,0.4053,-1,-1,-1
136,40,535.26,190.84,21.02,58.16,0.3690,-1,-1,-1
137,1,305.66,0.00,269.77,480.00,0.8920,-1,-1,-1
137,2,4.31,0.79,229.37,478.22,0.8566,-1,-1,-1
137,3,500.74,193.22,28.28,78.72,0.6001,-1,-1,-1
137,12,296.90,178.08,28.19,80.77,0.5052,-1,-1,-1
137,21,196.78,22.93,84.90,409.21,0.8276,-1,-1,-1
137,26,-2.99,79.45,47.55,394.35,0.4105,-1,-1,-1
137,40,534.73,190.85,21.30,58.35,0.4986,-1,-1,-1
138,1,304.55,-0.00,271.27,479.93,0.9059,-1,-1,-1
138,2,3.59,0.41,225.65,479.58,0.8711,-1,-1,-1
138,3,501.51,192.92,28.23,78.84,0.5734,-1,-1,-1
138,12,294.84,178.43,29.77,80.94,0.6002,-1,-1,-1
138,21,193.36,23.37,88.64,412.15,0.8408,-1,-1,-1
138,40,534.30,189.94,21.91,58.54,0.4706,-1,-1,-1
139,1,305.17,-0.00,272.28,480.00,0.9105,-1,-1,-1
139,2,3.04,0.39,224.18,479.61,0.8713,-1,-1,-1
139,3,501.86,193.51,27.90,78.01,0.5509,-1,-1,-1
139,12,293.50,178.16,31.30,81.19,0.6246,-1,-1,-1
139,21,191.69,22.42,90.85,410.18,0.8469,-1,-1,-1
139,37,556.28,201.56,17.60,40.32,0.3997,-1,-1,-1
140,1,305.78,0.64,273.50,478.94,0.9103,-1,-1,-1
140,2,1.45,0.66,222.02,478.98,0.8797,-1,-1,-1
140,3,502.50,192.80,28.07,78.46,0.5436,-1,-1,-1
140,12,293.01,177.15,31.78,82.13,0.6005,-1,-1,-1
140,21,190.27,22.32,93.12,410.36,0.8525,-1,-1,-1
140,37,556.16,203.00,16.92,38.81,0.3277,-1,-1,-1
141,1,305.05,0.01,274.85,474.59,0.8997,-1,-1,-1
141,2,0.83,0.79,219.79,478.49,0.8872,-1,-1,-1
141,3,501.91,192.84,27.97,78.26,0.5853,-1,-1,-1
141,12,293.28,178.23,31.43,80.49,0.4768,-1,-1,-1
141,21,188.24,20.96,95.68,412.33,0.8562,-1,-1,-1
141,37,554.61,203.74,16.55,38.16,0.3268,-1,-1,-1
142,1,303.99,0.32,277.70,479.27,0.9093,-1,-1,-1
142,2,0.41,0.97,217.94,479.02,0.8836,-1,-1,-1
142,3,502.11,192.31,28.05,78.91,0.5656,-1,-1,-1
142,12,293.03,178.25,30.90,80.20,0.4528,-1,-1,-1
142,21,187.61,20.64,96.73,413.61,0.8585,-1,-1,-1
142,37,555.82,203.40,17.13,38.96,0.3902,-1,-1,-1
143,1,305.51,0.00,278.34,479.85,0.9058,-1,-1,-1
143,2,0.15,0.99,217.19,479.01,0.8861,-1,-1,-1
143,3,502.89,191.98,27.13,78.40,0.5970,-1,-1,-1
143,12,292.33,178.19,31.69,81.28,0.5429,-1,-1,-1
143,21,185.96,20.27,98.40,414.13,0.8618,-1,-1,-1
143,37,554.95,206.16,15.75,36.33,0.3286,-1,-1,-1
144,1,305.62,-0.00,281.00,480.00,0.9140,-1,-1,-1
144,2,0.16,1.04,216.98,478.41,0.8927,-1,-1,-1
144,3,503.04,191.36,26.63,78.73,0.5340,-1,-1,-1
144,12,292.63,178.18,31.03,80.30,0.5565,-1,-1,-1
144,21,185.38,20.57,99.05,413.26,0.8556,-1,-1,-1
144,37,554.08,203.38,16.87,38.95,0.4357,-1,-1,-1
145,1,308.42,0.00,283.89,480.01,0.9005,-1,-1,-1
145,2,0.20,1.05,215.43,478.10,0.9011,-1,-1,-1
145,3,504.31,192.20,25.52,77.91,0.5526,-1,-1,-1
145,12,293.21,178.45,30.28,79.92,0.5813,-1,-1,-1
145,21,183.63,20.22,100.19,412.91,0.8542,-1,-1,-1
145,37,553.53,202.17,23.16,55.75,0.4485,-1,-1,-1
146,1,309.29,0.00,284.18,479.73,0.8601,-1,-1,-1
146,2,0.37,1.27,215.10,477.43,0.8963,-1,-1,-1
146,12,294.45,178.17,29.38,80.29,0.6026,-1,-1,-1
146,21,183.40,20.34,100.83,412.30,0.8512,-1,-1,-1
147,1,323.35,-0.01,282.66,477.22,0.8399,-1,-1,-1
147,2,0.52,1.39,215.75,476.69,0.8911,-1,-1,-1
147,12,294.09,177.39,29.55,82.45,0.3723,-1,-1,-1
147,21,183.48,20.49,100.97,412.50,0.8538,-1,-1,-1
148,1,317.92,0.00,288.92,476.60,0.8729,-1,-1,-1
148,2,1.18,1.01,217.09,478.15,0.8647,-1,-1,-1
148,12,295.59,177.84,29.13,83.30,0.3982,-1,-1,-1
148,21,185.46,20.40,99.58,412.38,0.8583,-1,-1,-1
148,35,289.76,184.51,23.43,75.42,0.3475,-1,-1,-1
149,1,317.04,-0.00,293.44,477.45,0.8849,-1,-1,-1
149,2,3.02,0.50,219.79,479.48,0.8584,-1,-1,-1
149,12,297.35,178.49,28.34,84.39,0.4503,-1,-1,-1
149,21,188.15,20.84,97.08,411.14,0.8564,-1,-1,-1
149,35,289.87,197.61,19.63,62.22,0.4409,-1,-1,-1
150,1,316.26,0.00,296.79,479.31,0.8775,-1,-1,-1
150,2,3.19,0.93,221.58,478.75,0.8666,-1,-1,-1
150,21,189.48,21.69,95.74,413.00,0.8526,-1,-1,-1
151,1,315.99,0.00,296.45,479.62,0.8437,-1,-1,-1
151,2,4.41,0.77,223.24,478.90,0.8561,-1,-1,-1
151,21,191.77,21.98,93.38,414.51,0.8591,-1,-1,-1
152,1,313.63,-0.03,294.68,478.93,0.7839,-1,-1,-1
152,2,7.91,0.55,223.76,479.43,0.8586,-1,-1,-1
152,21,192.73,21.88,91.72,413.19,0.8665,-1,-1,-1
153,1,310.01,-0.02,293.12,476.47,0.8181,-1,-1,-1
153,2,9.34,0.65,224.06,475.75,0.8399,-1,-1,-1
153,21,192.84,21.55,91.02,412.02,0.8636,-1,-1,-1
153,26,-1.42,79.61,48.72,389.57,0.3094,-1,-1,-1
154,1,305.11,0.62,290.97,479.33,0.8766,-1,-1,-1
154,2,7.32,0.61,225.62,475.08,0.8284,-1,-1,-1
154,3,502.90,188.67,26.22,79.51,0.6720,-1,-1,-1
154,21,192.75,21.49,91.08,414.03,0.8523,-1,-1,-1
154,26,-0.94,79.47,47.47,386.75,0.3527,-1,-1,-1
154,40,554.30,206.07,14.56,36.56,0.4258,-1,-1,-1
155,1,304.07,0.46,287.13,479.55,0.8916,-1,-1,-1
155,2,8.05,0.65,226.34,476.73,0.8269,-1,-1,-1
155,3,501.48,192.37,26.16,76.81,0.6320,-1,-1,-1
155,14,0.42,79.99,35.55,176.11,0.3235,-1,-1,-1
155,21,192.42,21.99,90.83,414.55,0.8441,-1,-1,-1
155,26,-1.24,78.91,46.76,387.55,0.3324,-1,-1,-1
155,40,554.47,205.08,15.26,37.35,0.3844,-1,-1,-1
156,1,304.03,0.01,282.40,480.00,0.9024,-1,-1,-1
156,2,7.04,0.72,227.31,478.05,0.8638,-1,-1,-1
156,3,500.30,194.82,26.05,74.96,0.5653,-1,-1,-1
156,14,3.37,80.13,29.19,124.87,0.3455,-1,-1,-1
156,21,192.25,21.75,90.03,413.93,0.8660,-1,-1,-1
156,40,553.45,207.89,14.43,34.80,0.3116,-1,-1,-1
157,1,299.70,-0.00,267.53,480.00,0.9151,-1,-1,-1
157,2,7.53,0.41,225.91,475.28,0.8367,-1,-1,-1
157,3,499.11,194.55,27.22,76.62,0.5832,-1,-1,-1
157,14,-1.29,80.18,37.74,168.00,0.3268,-1,-1,-1
157,21,191.13,20.87,89.67,415.93,0.8651,-1,-1,-1
157,40,554.99,210.00,13.69,32.82,0.3182,-1,-1,-1
158,1,299.11,-0.00,242.46,480.00,0.9172,-1,-1,-1
158,2,5.73,0.16,225.97,477.96,0.8401,-1,-1,-1
158,3,498.94,195.82,27.30,75.42,0.5185,-1,-1,-1
158,14,1.26,79.39,30.87,130.12,0.3698,-1,-1,-1
158,21,190.93,19.40,89.73,419.03,0.8586,-1,-1,-1
158,40,553.58,209.26,14.69,33.95,0.4272,-1,-1,-1
158,43,590.88,0.76,47.51,255.40,0.4965,-1,-1,-1
159,1,295.78,0.00,226.84,480.00,0.9095,-1,-1,-1
159,2,4.19,0.27,226.46,478.28,0.8463,-1,-1,-1
159,3,496.75,184.74,31.43,87.54,0.7013,-1,-1,-1
159,21,191.30,18.82,90.51,418.10,0.8466,-1,-1,-1
159,26,-2.11,76.43,43.82,394.17,0.4543,-1,-1,-1
159,37,549.67,204.96,17.11,40.13,0.3318,-1,-1,-1
159,43,590.14,0.17,47.08,252.23,0.3510,-1,-1,-1
159,44,527.25,195.25,20.42,56.12,0.4933,-1,-1,-1
160,1,299.05,0.59,207.27,474.17,0.9183,-1,-1,-1
160,2,0.83,1.02,227.22,478.13,0.8645,-1,-1,-1
160,3,496.70,184.85,31.58,87.25,0.7204,-1,-1,-1
160,12,281.79,183.02,24.67,75.40,0.3029,-1,-1,-1
160,21,190.32,18.88,90.71,419.64,0.8495,-1,-1,-1
160,26,-1.39,76.50,42.54,394.17,0.4342,-1,-1,-1
161,1,294.45,0.00,207.10,479.96,0.9106,-1,-1,-1
161,2,0.74,0.79,227.39,479.20,0.8620,-1,-1,-1
161,3,496.27,185.99,31.38,86.17,0.6946,-1,-1,-1
161,21,189.35,18.17,90.81,420.54,0.8480,-1,-1,-1
161,26,-1.79,76.18,40.44,392.86,0.4413,-1,-1,-1
161,43,589.31,0.65,46.71,249.83,0.3898,-1,-1,-1
162,1,291.29,0.59,209.62,474.53,0.9057,-1,-1,-1
162,2,0.94,0.51,227.64,478.37,0.8341,-1,-1,-1
162,3,496.97,184.28,32.04,88.11,0.7159,-1,-1,-1
162,21,189.01,15.57,92.69,421.90,0.8529,-1,-1,-1
162,26,-1.36,73.42,39.04,390.37,0.3495,-1,-1,-1
162,43,590.96,0.73,46.63,248.41,0.3289,-1,-1,-1
162,44,524.24,193.28,20.92,59.00,0.4749,-1,-1,-1
163,1,289.14,0.42,212.42,475.23,0.9063,-1,-1,-1
163,2,0.77,0.44,226.82,474.75,0.8299,-1,-1,-1
163,3,497.32,183.77,32.65,88.39,0.7191,-1,-1,-1
163,21,187.70,15.43,93.70,426.39,0.8500,-1,-1,-1
163,26,-0.91,71.39,37.46,376.83,0.3299,-1,-1,-1
163,43,591.02,0.84,47.09,248.17,0.3877,-1,-1,-1
164,1,289.72,0.72,211.59,474.45,0.9039,-1,-1,-1
164,2,-0.34,0.67,225.62,475.01,0.8047,-1,-1,-1
164,3,495.75,182.67,32.91,89.77,0.7221,-1,-1,-1
164,21,186.72,13.69,93.72,428.39,0.8366,-1,-1,-1
164,26,-1.16,71.83,35.52,366.46,0.3528,-1,-1,-1
165,1,294.07,0.01,208.69,479.97,0.9196,-1,-1,-1
165,2,-0.43,0.48,224.44,475.41,0.8194,-1,-1,-1
165,3,496.43,183.20,32.81,89.29,0.7144,-1,-1,-1
165,21,187.14,13.66,93.21,428.08,0.8456,-1,-1,-1
165,26,-1.38,77.07,32.98,350.10,0.3294,-1,-1,-1
166,1,295.82,-0.00,206.91,480.00,0.9216,-1,-1,-1
166,2,-0.38,0.08,223.61,476.72,0.8165,-1,-1,-1
166,3,496.61,182.72,32.85,89.54,0.7192,-1,-1,-1
166,21,186.03,12.07,93.95,430.78,0.8412,-1,-1,-1
167,1,294.81,0.00,207.21,480.00,0.9166,-1,-1,-1
167,2,-0.35,0.50,221.81,472.87,0.7956,-1,-1,-1
167,3,496.52,183.65,33.02,88.73,0.7212,-1,-1,-1
167,21,184.66,10.75,94.56,432.30,0.8182,-1,-1,-1
167,37,548.49,202.66,18.72,42.80,0.3510,-1,-1,-1
168,1,293.76,-0.00,207.50,480.00,0.9129,-1,-1,-1
168,2,-0.51,0.44,221.88,474.47,0.8193,-1,-1,-1
168,3,496.32,182.83,33.53,89.38,0.7227,-1,-1,-1
168,21,183.71,10.66,94.74,432.20,0.8436,-1,-1,-1
168,37,547.89,201.07,19.83,44.66,0.3971,-1,-1,-1
168,44,524.03,189.68,21.41,62.32,0.3093,-1,-1,-1
169,1,287.99,1.14,211.56,473.83,0.9026,-1,-1,-1
169,2,-0.59,0.38,221.88,474.25,0.7547,-1,-1,-1
169,3,496.49,183.88,33.46,89.05,0.7323,-1,-1,-1
169,21,183.30,10.58,95.73,433.49,0.8432,-1,-1,-1
169,37,548.59,202.38,19.33,42.74,0.3257,-1,-1,-1
170,1,282.84,0.85,216.17,473.94,0.8991,-1,-1,-1
170,2,0.44,0.23,219.08,471.88,0.7600,-1,-1,-1
170,3,496.45,182.86,33.46,89.90,0.7139,-1,-1,-1
170,21,183.34,10.03,95.35,435.76,0.8438,-1,-1,-1
170,44,524.94,188.83,20.92,63.84,0.3592,-1,-1,-1
171,1,280.63,0.69,219.39,474.77,0.9022,-1,-1,-1
171,2,-0.20,0.05,219.68,473.85,0.7945,-1,-1,-1
171,21,182.62,9.91,96.26,437.36,0.8462,-1,-1,-1
172,1,281.58,0.81,219.56,475.65,0.8971,-1,-1,-1
172,2,-0.47,0.25,220.00,475.94,0.8448,-1,-1,-1
172,21,182.54,9.99,96.66,437.77,0.8467,-1,-1,-1
173,1,282.22,0.71,218.96,476.86,0.8991,-1,-1,-1
173,2,-1.26,0.17,221.61,476.95,0.8155,-1,-1,-1
173,21,181.34,10.08,98.36,436.65,0.8485,-1,-1,-1
174,1,282.43,0.91,217.57,477.08,0.9030,-1,-1,-1
174,2,-0.97,0.13,220.60,476.13,0.8274,-1,-1,-1
174,21,180.83,10.25,98.56,436.72,0.8488,-1,-1,-1
175,1,280.56,0.89,219.03,477.43,0.8518,-1,-1,-1
175,2,-0.93,0.09,220.52,477.04,0.8592,-1,-1,-1
175,21,179.57,10.96,100.76,442.58,0.8492,-1,-1,-1
176,1,282.88,0.01,217.23,479.15,0.8983,-1,-1,-1
176,2,-0.69,-0.00,220.31,476.88,0.8271,-1,-1,-1
176,21,180.44,11.36,100.19,439.21,0.8400,-1,-1,-1
177,1,283.25,0.61,215.43,475.32,0.8925,-1,-1,-1
177,2,0.19,-0.06,218.25,474.60,0.7940,-1,-1,-1
177,21,180.76,11.68,98.52,438.76,0.8551,-1,-1,-1
178,1,282.85,-0.00,217.77,478.31,0.9043,-1,-1,-1
178,2,0.19,0.06,217.94,477.48,0.8280,-1,-1,-1
178,3,496.00,183.44,34.35,89.45,0.7167,-1,-1,-1
178,21,180.89,11.11,98.22,436.76,0.8604,-1,-1,-1
178,37,547.25,202.89,19.22,42.92,0.5523,-1,-1,-1
179,1,271.65,0.61,224.52,477.02,0.8599,-1,-1,-1
179,2,0.41,0.12,217.55,475.84,0.8366,-1,-1,-1
179,3,496.25,183.30,34.13,89.63,0.7313,-1,-1,-1
179,21,180.89,11.30,98.56,440.13,0.8657,-1,-1,-1
179,37,548.38,204.21,18.42,41.34,0.4060,-1,-1,-1
180,1,282.31,0.00,220.05,479.24,0.9031,-1,-1,-1
180,2,0.16,0.17,218.15,477.57,0.8417,-1,-1,-1
180,3,496.19,183.28,33.77,89.49,0.7044,-1,-1,-1
180,21,180.76,11.40,98.28,437.82,0.8560,-1,-1,-1
180,37,549.57,205.92,17.76,40.21,0.3466,-1,-1,-1
181,1,281.79,0.00,220.14,479.90,0.9067,-1,-1,-1
181,2,0.12,0.07,218.02,476.74,0.8206,-1,-1,-1
181,3,496.30,183.51,33.46,89.33,0.7025,-1,-1,-1
181,21,181.81,11.75,97.55,437.25,0.8607,-1,-1,-1
181,37,549.75,206.57,17.63,40.05,0.3743,-1,-1,-1
182,1,283.31,0.63,219.78,475.28,0.9032,-1,-1,-1
182,2,0.34,0.24,217.21,474.29,0.8315,-1,-1,-1
182,3,496.45,183.69,32.98,88.58,0.7112,-1,-1,-1
182,21,181.42,11.17,97.08,435.43,0.8435,-1,-1,-1
183,1,283.40,0.56,220.71,475.93,0.9035,-1,-1,-1
183,2,0.31,0.45,218.24,476.03,0.8451,-1,-1,-1
183,3,496.61,184.55,32.19,87.81,0.7189,-1,-1,-1
183,21,181.90,11.70,96.67,435.92,0.8514,-1,-1,-1
183,37,548.36,205.91,17.45,40.46,0.3510,-1,-1,-1
183,44,523.55,188.59,23.33,68.39,0.5396,-1,-1,-1
184,1,285.38,0.86,220.66,475.28,0.9052,-1,-1,-1
184,2,0.38,0.48,218.05,474.86,0.8220,-1,-1,-1
184,3,497.02,184.15,31.68,88.51,0.7044,-1,-1,-1
184,21,181.35,11.61,96.89,435.23,0.8483,-1,-1,-1
184,44,524.54,187.59,24.46,69.59,0.5913,-1,-1,-1
185,1,288.44,0.79,219.65,474.77,0.8970,-1,-1,-1
185,2,0.08,0.37,218.49,475.38,0.8311,-1,-1,-1
185,3,497.81,184.45,30.84,87.63,0.7017,-1,-1,-1
185,21,180.86,11.59,97.27,435.15,0.8490,-1,-1,-1
185,37,546.92,203.15,18.78,43.80,0.3309,-1,-1,-1
185,44,523.98,188.80,24.17,67.55,0.4258,-1,-1,-1
186,1,293.98,1.16,216.20,474.37,0.9137,-1,-1,-1
186,2,-0.14,0.38,219.04,476.48,0.8593,-1,-1,-1
186,3,498.12,185.46,29.91,86.07,0.6988,-1,-1,-1
186,21,181.13,11.48,97.49,435.83,0.8525,-1,-1,-1
186,37,548.19,204.58,18.29,42.59,0.3171,-1,-1,-1
186,44,522.38,187.93,24.13,68.66,0.5184,-1,-1,-1
187,1,294.52,1.08,215.90,474.75,0.9097,-1,-1,-1
187,2,-0.03,0.30,218.91,475.83,0.8708,-1,-1,-1
187,3,498.69,185.67,29.33,85.43,0.6706,-1,-1,-1
187,21,181.89,11.48,96.95,435.74,0.8491,-1,-1,-1
187,44,522.23,191.43,22.58,65.39,0.5338,-1,-1,-1
188,1,295.76,0.99,214.63,474.18,0.9124,-1,-1,-1
188,2,0.03,0.41,218.74,475.88,0.8590,-1,-1,-1
188,3,499.21,185.24,29.24,86.41,0.6809,-1,-1,-1
188,12,292.57,178.65,24.23,77.06,0.4587,-1,-1,-1
188,21,181.25,11.37,97.06,435.51,0.8515,-1,-1,-1
188,37,548.96,206.38,17.37,40.81,0.3245,-1,-1,-1
188,44,521.31,192.04,22.60,67.12,0.4157,-1,-1,-1
189,1,296.46,0.89,213.55,473.85,0.9132,-1,-1,-1
189,2,0.23,0.28,218.37,475.44,0.8383,-1,-1,-1
189,3,499.19,184.49,29.23,87.11,0.6820,-1,-1,-1
189,12,293.61,178.02,23.80,76.37,0.3287,-1,-1,-1
189,21,181.33,10.95,96.78,435.84,0.8536,-1,-1,-1
189,44,522.51,189.61,22.78,69.80,0.5306,-1,-1,-1
190,1,296.48,0.80,213.47,474.68,0.9129,-1,-1,-1
190,2,0.24,0.31,218.21,475.35,0.8498,-1,-1,-1
190,3,499.19,185.49,28.85,85.93,0.6711,-1,-1,-1
190,12,293.51,178.15,23.90,78.14,0.4623,-1,-1,-1
190,21,181.80,11.07,96.23,434.63,0.8423,-1,-1,-1
190,44,522.30,189.03,22.52,70.83,0.5004,-1,-1,-1
191,1,296.59,0.96,213.02,474.60,0.9146,-1,-1,-1
191,2,0.16,0.44,218.30,475.69,0.8552,-1,-1,-1
191,3,498.95,184.81,29.34,87.33,0.6865,-1,-1,-1
191,12,294.30,178.02,23.63,78.26,0.5033,-1,-1,-1
191,21,181.63,10.91,96.48,435.78,0.8468,-1,-1,-1
191,44,524.09,189.42,22.10,70.02,0.4338,-1,-1,-1
192,1,295.76,0.97,213.67,474.39,0.9103,-1,-1,-1
192,2,0.14,0.40,218.20,475.57,0.8473,-1,-1,-1
192,3,498.97,184.49,29.29,87.06,0.6716,-1,-1,-1
192,12,294.31,178.30,23.35,77.69,0.4818,-1,-1,-1
192,21,181.16,11.12,96.91,435.70,0.8523,-1,-1,-1
193,1,294.77,0.71,214.60,474.56,0.9086,-1,-1,-1
193,2,0.31,0.37,217.54,474.34,0.8335,-1,-1,-1
193,3,498.96,184.75,29.28,87.47,0.6919,-1,-1,-1
193,12,293.69,177.47,23.41,77.78,0.3567,-1,-1,-1
193,21,181.51,11.18,96.77,436.31,0.8511,-1,-1,-1
193,44,525.69,189.07,22.90,71.87,0.3441,-1,-1,-1
194,1,291.10,0.46,217.30,475.74,0.8972,-1,-1,-1
194,2,0.13,0.36,217.48,475.82,0.8347,-1,-1,-1
194,3,499.20,184.63,29.18,87.69,0.6949,-1,-1,-1
194,21,180.66,11.00,97.08,436.78,0.8552,-1,-1,-1
194,44,524.93,188.85,23.63,72.90,0.3116,-1,-1,-1
195,1,286.91,0.44,220.59,476.11,0.8812,-1,-1,-1
195,2,0.29,0.55,217.04,475.64,0.8490,-1,-1,-1
195,3,498.60,184.20,29.15,88.44,0.6763,-1,-1,-1
195,21,180.31,10.99,97.07,436.81,0.8556,-1,-1,-1
196,1,283.67,0.49,224.19,476.22,0.8901,-1,-1,-1
196,2,0.34,0.43,216.73,474.16,0.7973,-1,-1,-1
196,3,499.35,183.66,29.27,89.09,0.6643,-1,-1,-1
196,21,179.33,10.97,98.08,436.83,0.8553,-1,-1,-1
196,44,528.10,189.80,24.23,72.26,0.3361,-1,-1,-1
197,1,281.79,0.50,227.47,476.66,0.8978,-1,-1,-1
197,2,0.15,0.46,217.46,474.26,0.8443,-1,-1,-1
197,3,499.14,184.42,29.12,87.89,0.6447,-1,-1,-1
197,21,178.23,10.36,99.15,437.52,0.8517,-1,-1,-1
197,44,527.56,189.63,25.05,73.16,0.3969,-1,-1,-1
198,1,281.25,0.70,227.81,475.90,0.9113,-1,-1,-1
198,2,-0.03,0.51,216.94,474.68,0.8636,-1,-1,-1
198,3,499.46,184.74,29.36,87.68,0.6915,-1,-1,-1
198,21,177.18,10.44,99.10,438.46,0.8590,-1,-1,-1
198,44,530.86,188.49,27.21,74.74,0.3527,-1,-1,-1
199,1,279.47,0.68,229.53,476.62,0.9094,-1,-1,-1
199,2,-0.12,1.55,217.14,473.41,0.8072,-1,-1,-1
199,3,498.71,184.66,29.60,86.49,0.6871,-1,-1,-1
199,21,175.61,11.41,99.18,437.70,0.8502,-1,-1,-1
199,44,525.51,186.77,27.80,76.29,0.4133,-1,-1,-1
200,1,277.24,0.76,231.18,475.67,0.9050,-1,-1,-1
200,2,0.00,5.12,216.42,469.23,0.7861,-1,-1,-1
200,3,498.40,185.16,30.28,87.25,0.7191,-1,-1,-1
200,21,173.63,12.00,98.44,437.64,0.8485,-1,-1,-1
200,44,531.21,185.81,28.91,74.84,0.4081,-1,-1,-1
201,1,274.02,0.01,233.83,479.97,0.9075,-1,-1,-1
201,2,-0.51,3.26,217.65,470.97,0.7750,-1,-1,-1
201,3,497.45,185.19,30.42,87.45,0.7009,-1,-1,-1
201,21,169.50,12.93,99.36,438.65,0.8344,-1,-1,-1
202,1,273.16,0.00,234.01,480.00,0.9087,-1,-1,-1
202,2,-0.40,6.99,217.68,468.93,0.7269,-1,-1,-1
202,3,497.00,185.33,30.38,87.24,0.6884,-1,-1,-1
202,21,164.42,15.29,100.06,435.74,0.8103,-1,-1,-1
202,44,524.61,188.61,29.16,75.66,0.3470,-1,-1,-1
203,1,273.11,0.00,233.27,478.59,0.8960,-1,-1,-1
203,2,-0.04,13.96,215.03,462.02,0.6432,-1,-1,-1
203,3,496.55,184.82,30.48,88.13,0.7030,-1,-1,-1
203,21,157.93,16.88,101.96,432.47,0.7759,-1,-1,-1
203,44,523.57,188.15,29.28,76.90,0.5196,-1,-1,-1
204,1,272.99,0.83,232.73,474.44,0.8902,-1,-1,-1
204,2,-1.94,2.47,218.65,469.48,0.6962,-1,-1,-1
204,3,494.96,186.28,30.11,87.04,0.7610,-1,-1,-1
204,21,156.29,18.92,101.14,420.22,0.8094,-1,-1,-1
204,44,520.63,189.32,30.09,76.85,0.5677,-1,-1,-1
205,1,272.79,1.02,233.26,473.68,0.8818,-1,-1,-1
205,2,-1.40,1.01,217.25,470.05,0.6692,-1,-1,-1
205,3,495.82,186.50,29.32,86.02,0.7396,-1,-1,-1
205,21,153.83,20.86,98.36,412.87,0.8102,-1,-1,-1
205,37,545.47,207.70,17.44,42.53,0.3068,-1,-1,-1
205,44,521.51,187.98,30.50,78.47,0.5854,-1,-1,-1
206,1,270.07,0.75,235.88,473.98,0.8896,-1,-1,-1
206,2,-2.38,1.80,217.30,471.15,0.6222,-1,-1,-1
206,3,495.25,186.48,29.30,85.46,0.7051,-1,-1,-1
206,21,152.67,23.24,96.81,406.75,0.7806,-1,-1,-1
206,37,546.59,205.05,17.14,45.17,0.3129,-1,-1,-1
206,44,522.89,186.89,30.45,78.37,0.4710,-1,-1,-1
207,1,271.26,0.95,235.62,474.14,0.8838,-1,-1,-1
207,2,-2.44,2.11,216.67,469.78,0.5666,-1,-1,-1
207,3,494.88,185.98,29.37,86.20,0.7399,-1,-1,-1
207,21,154.88,24.99,94.44,396.57,0.7154,-1,-1,-1
207,37,546.33,202.67,17.23,47.78,0.3131,-1,-1,-1
207,44,519.90,185.65,31.24,79.89,0.5179,-1,-1,-1
208,1,264.86,0.60,240.74,475.03,0.8869,-1,-1,-1
208,2,-2.10,0.38,215.47,473.91,0.7748,-1,-1,-1
208,3,493.73,186.59,29.80,87.08,0.7037,-1,-1,-1
208,21,164.96,29.95,87.92,374.93,0.7922,-1,-1,-1
208,44,520.88,186.72,31.49,78.61,0.4415,-1,-1,-1
209,1,262.37,0.84,243.78,475.40,0.8913,-1,-1,-1
209,2,-1.80,0.31,212.87,474.41,0.7688,-1,-1,-1
209,3,494.29,186.00,29.44,86.79,0.7292,-1,-1,-1
209,21,168.61,33.59,83.66,365.44,0.7931,-1,-1,-1
209,44,521.59,186.00,32.73,81.45,0.4602,-1,-1,-1
210,1,257.50,0.78,246.92,476.49,0.8626,-1,-1,-1
210,2,-1.39,1.03,207.47,474.47,0.8731,-1,-1,-1
210,3,492.75,185.63,30.21,88.22,0.7283,-1,-1,-1
210,21,172.61,44.74,80.53,353.07,0.8382,-1,-1,-1
210,44,517.45,186.34,31.42,80.92,0.4350,-1,-1,-1
211,1,264.41,1.21,243.75,476.53,0.8113,-1,-1,-1
211,2,-1.31,1.42,204.06,475.66,0.8799,-1,-1,-1
211,3,491.94,183.64,31.02,89.68,0.7399,-1,-1,-1
211,21,173.00,48.12,82.22,349.24,0.8474,-1,-1,-1
211,44,521.07,185.20,30.44,80.69,0.4119,-1,-1,-1
212,1,262.78,1.14,243.52,476.44,0.8355,-1,-1,-1
212,2,-1.92,0.84,201.96,472.31,0.8260,-1,-1,-1
212,3,490.70,185.86,30.97,89.51,0.7197,-1,-1,-1
212,21,172.32,54.37,88.28,345.24,0.8593,-1,-1,-1
212,44,525.26,186.78,30.77,79.16,0.3879,-1,-1,-1
213,1,253.28,1.26,248.89,476.99,0.8697,-1,-1,-1
213,2,-4.88,2.46,199.14,473.68,0.7969,-1,-1,-1
213,3,489.37,184.78,30.88,89.41,0.6653,-1,-1,-1
213,21,170.95,53.71,96.88,344.73,0.8614,-1,-1,-1
213,44,519.03,186.04,30.29,80.07,0.4450,-1,-1,-1
214,1,253.06,0.82,248.11,476.72,0.8787,-1,-1,-1
214,2,-5.64,0.71,195.55,477.15,0.8096,-1,-1,-1
214,3,488.62,184.75,30.69,89.98,0.7140,-1,-1,-1
214,21,159.44,56.17,112.54,353.90,0.8709,-1,-1,-1
214,44,516.05,185.37,30.59,82.87,0.5564,-1,-1,-1
215,1,254.84,0.67,244.15,475.24,0.8978,-1,-1,-1
215,2,-4.40,0.25,192.53,476.40,0.7638,-1,-1,-1
215,3,486.27,185.05,31.45,89.44,0.7066,-1,-1,-1
215,21,163.01,56.40,114.96,345.52,0.8818,-1,-1,-1
215,37,539.04,198.56,20.53,54.30,0.4529,-1,-1,-1
215,44,514.56,184.63,30.11,83.58,0.5473,-1,-1,-1
216,1,255.15,0.28,240.70,476.27,0.8769,-1,-1,-1
216,2,-3.39,0.17,187.01,474.33,0.7176,-1,-1,-1
216,3,486.88,184.41,30.27,90.04,0.7329,-1,-1,-1
216,21,168.44,59.11,113.41,341.10,0.8860,-1,-1,-1
216,37,537.34,197.86,20.28,53.56,0.4393,-1,-1,-1
216,44,518.59,187.26,26.73,78.85,0.4099,-1,-1,-1
217,1,277.13,1.10,228.50,478.79,0.8183,-1,-1,-1
217,2,-1.84,0.19,183.82,477.17,0.8026,-1,-1,-1
217,3,485.86,182.46,30.98,91.69,0.7294,-1,-1,-1
217,21,171.03,61.78,113.88,339.35,0.8841,-1,-1,-1
217,37,537.75,196.53,20.24,54.47,0.4278,-1,-1,-1
217,44,519.45,185.31,25.43,79.71,0.5048,-1,-1,-1
218,1,264.30,1.09,226.45,478.99,0.7992,-1,-1,-1
218,2,0.09,0.38,181.93,478.32,0.7906,-1,-1,-1
218,3,482.31,181.85,31.57,94.84,0.7213,-1,-1,-1
218,21,174.68,69.01,112.04,331.52,0.8689,-1,-1,-1
218,44,519.60,190.23,23.44,76.51,0.3865,-1,-1,-1
219,1,285.56,0.13,210.37,479.74,0.8272,-1,-1,-1
219,2,1.64,0.34,180.47,476.18,0.8156,-1,-1,-1
219,3,481.44,180.57,30.91,94.36,0.7533,-1,-1,-1
219,21,181.57,74.75,109.37,325.72,0.8703,-1,-1,-1
219,37,536.39,198.54,20.03,54.21,0.3229,-1,-1,-1
219,44,510.85,186.05,25.53,82.25,0.4128,-1,-1,-1
220,1,288.62,9.42,200.54,469.11,0.7502,-1,-1,-1
220,2,2.69,0.33,182.08,476.20,0.8105,-1,-1,-1
220,3,480.21,180.35,31.11,95.95,0.7701,-1,-1,-1
220,21,186.44,80.21,105.37,317.02,0.8613,-1,-1,-1
220,37,538.15,197.91,20.37,54.84,0.3200,-1,-1,-1
220,44,510.66,184.75,26.30,84.53,0.5773,-1,-1,-1
221,1,272.88,22.24,209.41,457.08,0.8683,-1,-1,-1
221,2,4.11,1.05,185.08,475.62,0.7595,-1,-1,-1
221,3,482.23,181.75,28.91,93.71,0.7413,-1,-1,-1
221,21,190.49,87.91,102.37,301.34,0.8713,-1,-1,-1
221,37,538.89,199.98,19.89,52.75,0.3590,-1,-1,-1
221,44,508.28,184.52,27.15,84.63,0.6150,-1,-1,-1
222,1,282.71,28.40,209.00,450.89,0.9130,-1,-1,-1
222,2,5.76,2.08,187.96,477.26,0.5482,-1,-1,-1
222,3,485.03,182.69,27.58,91.79,0.6505,-1,-1,-1
222,21,197.51,90.60,100.72,290.15,0.8688,-1,-1,-1
222,37,539.81,203.16,19.42,49.89,0.4664,-1,-1,-1
222,44,507.74,182.39,28.68,86.48,0.6739,-1,-1,-1
223,1,290.32,32.70,205.71,447.28,0.8906,-1,-1,-1
223,2,8.44,0.66,194.92,472.31,0.7694,-1,-1,-1
223,3,485.98,182.41,27.89,96.59,0.4524,-1,-1,-1
223,21,203.81,92.76,95.16,273.39,0.8623,-1,-1,-1
223,37,539.36,203.71,19.85,49.77,0.5080,-1,-1,-1
223,44,507.23,183.21,28.85,87.99,0.4495,-1,-1,-1
224,1,291.83,35.21,204.80,444.79,0.9124,-1,-1,-1
224,2,8.32,0.84,199.46,474.72,0.6642,-1,-1,-1
224,3,487.13,182.52,26.88,95.77,0.5208,-1,-1,-1
224,21,208.00,95.05,93.30,271.10,0.8636,-1,-1,-1
224,37,539.01,203.08,20.53,50.70,0.5157,-1,-1,-1
224,44,507.61,184.96,28.11,87.11,0.3165,-1,-1,-1
225,1,292.44,38.84,202.78,440.08,0.9179,-1,-1,-1
225,2,3.92,0.03,212.44,477.99,0.8392,-1,-1,-1
225,3,487.02,184.01,27.33,94.70,0.6243,-1,-1,-1
225,21,213.37,101.79,90.61,266.17,0.8740,-1,-1,-1
225,37,539.29,201.22,21.74,52.94,0.5121,-1,-1,-1
225,48,561.28,204.58,15.90,39.04,0.3295,-1,-1,-1
226,1,293.87,43.38,196.01,436.61,0.9127,-1,-1,-1
226,2,4.47,2.16,218.06,473.90,0.8229,-1,-1,-1
226,3,485.16,180.46,28.91,98.22,0.6673,-1,-1,-1
226,21,219.09,107.75,87.08,260.59,0.8761,-1,-1,-1
226,37,539.76,201.85,22.23,53.48,0.5074,-1,-1,-1
226,44,508.77,189.12,26.13,83.08,0.4362,-1,-1,-1
227,1,297.32,49.69,186.71,430.32,0.9026,-1,-1,-1
227,2,2.74,1.23,221.91,475.69,0.8159,-1,-1,-1
227,3,482.40,180.37,30.69,100.25,0.7179,-1,-1,-1
227,21,222.98,111.19,85.28,249.68,0.8699,-1,-1,-1
227,37,539.84,201.36,22.28,53.97,0.5437,-1,-1,-1
227,44,508.19,188.97,25.53,83.80,0.4042,-1,-1,-1
228,1,301.12,55.03,175.86,423.95,0.9124,-1,-1,-1
228,2,1.36,1.37,228.79,475.80,0.9135,-1,-1,-1
228,3,482.71,180.44,32.20,102.73,0.7388,-1,-1,-1
228,21,231.14,111.29,83.62,245.81,0.8428,-1,-1,-1
228,37,541.51,201.83,22.22,54.90,0.5633,-1,-1,-1
228,44,508.56,186.33,25.49,86.42,0.3751,-1,-1,-1
228,48,561.32,195.62,19.57,49.49,0.3397,-1,-1,-1
229,1,303.58,61.62,163.79,418.39,0.9038,-1,-1,-1
229,2,0.27,1.56,226.64,475.91,0.9023,-1,-1,-1
229,3,484.69,183.78,31.68,101.15,0.6981,-1,-1,-1
229,21,238.59,109.85,82.56,231.65,0.8608,-1,-1,-1
229,37,543.14,200.33,23.46,57.96,0.5926,-1,-1,-1
229,48,564.14,200.98,18.30,46.38,0.3109,-1,-1,-1
230,1,306.36,66.17,156.93,413.20,0.8855,-1,-1,-1
230,2,-1.22,1.46,226.04,477.72,0.8908,-1,-1,-1
230,3,485.62,183.02,32.46,102.80,0.6962,-1,-1,-1
230,21,239.88,110.27,83.72,229.84,0.8486,-1,-1,-1
230,37,544.52,199.51,23.32,59.05,0.6460,-1,-1,-1
230,49,456.30,169.04,29.08,123.10,0.6901,-1,-1,-1
231,1,305.69,66.17,153.64,413.79,0.8866,-1,-1,-1
231,2,-1.72,4.80,226.31,470.64,0.7200,-1,-1,-1
231,3,487.69,183.33,32.11,103.02,0.7233,-1,-1,-1
231,21,244.45,110.43,84.41,229.43,0.8647,-1,-1,-1
231,37,550.84,199.22,23.42,59.07,0.6640,-1,-1,-1
231,44,513.07,184.68,26.37,88.82,0.4094,-1,-1,-1
231,49,455.64,165.32,33.49,126.42,0.7728,-1,-1,-1
232,1,320.73,65.46,144.24,413.49,0.8691,-1,-1,-1
232,2,-1.09,5.61,224.88,472.90,0.8021,-1,-1,-1
232,3,491.47,183.13,30.12,101.67,0.6563,-1,-1,-1
232,21,251.13,113.67,82.40,227.87,0.8517,-1,-1,-1
232,37,553.75,199.49,24.32,60.35,0.5282,-1,-1,-1
232,44,513.75,184.01,26.68,92.36,0.5437,-1,-1,-1
232,49,458.71,162.76,36.84,130.42,0.7573,-1,-1,-1
232,51,571.51,156.45,72.19,200.67,0.6592,-1,-1,-1
233,1,329.85,64.27,137.08,415.35,0.8699,-1,-1,-1
233,2,0.65,2.52,221.64,470.93,0.5810,-1,-1,-1
233,3,498.31,179.50,28.11,99.08,0.3929,-1,-1,-1
233,21,258.06,118.95,79.45,223.27,0.8270,-1,-1,-1
233,37,558.04,198.81,24.65,61.35,0.6117,-1,-1,-1
233,44,519.61,184.57,24.87,92.50,0.5433,-1,-1,-1
233,49,467.23,160.15,37.31,133.33,0.6889,-1,-1,-1
233,51,574.16,162.74,69.26,195.70,0.3391,-1,-1,-1
234,1,327.92,70.23,153.86,409.75,0.8999,-1,-1,-1
234,2,2.10,1.43,220.22,470.69,0.6604,-1,-1,-1
234,3,492.45,166.27,33.76,122.63,0.3091,-1,-1,-1
234,21,265.82,121.52,76.09,216.91,0.8079,-1,-1,-1
234,37,565.28,202.16,22.86,58.19,0.5038,-1,-1,-1
234,44,520.83,184.37,24.90,92.80,0.4931,-1,-1,-1
234,49,477.05,160.12,36.69,132.64,0.5218,-1,-1,-1
234,51,576.26,167.29,72.77,214.63,0.4554,-1,-1,-1
235,1,337.99,74.74,161.17,405.18,0.8958,-1,-1,-1
235,2,5.88,0.77,220.43,477.62,0.8443,-1,-1,-1
235,21,271.54,121.73,75.22,213.14,0.8104,-1,-1,-1
235,37,571.46,198.98,24.93,62.83,0.4993,-1,-1,-1
235,44,526.25,186.57,24.36,92.98,0.4074,-1,-1,-1
235,49,485.34,159.08,35.70,130.58,0.3937,-1,-1,-1
236,1,345.23,79.37,165.42,400.63,0.8977,-1,-1,-1
236,2,7.70,0.78,222.60,477.22,0.8866,-1,-1,-1
236,3,504.39,172.11,31.15,116.28,0.3169,-1,-1,-1
236,21,279.12,117.69,72.94,206.05,0.7916,-1,-1,-1
236,37,575.85,191.71,27.74,69.27,0.5551,-1,-1,-1
236,44,531.73,191.14,23.39,86.84,0.4800,-1,-1,-1
236,52,11.08,114.90,22.71,188.06,0.5003,-1,-1,-1
237,1,362.80,88.23,162.88,391.36,0.9058,-1,-1,-1
237,2,11.52,7.09,225.64,472.06,0.8752,-1,-1,-1
237,3,497.21,165.90,39.31,147.94,0.3028,-1,-1,-1
237,21,287.62,118.97,72.91,204.30,0.8394,-1,-1,-1
237,37,584.82,192.96,27.47,69.48,0.5668,-1,-1,-1
237,44,539.22,185.04,24.03,94.86,0.4478,-1,-1,-1
237,53,610.57,202.00,29.39,276.35,0.6431,-1,-1,-1
238,1,373.21,85.67,163.51,394.32,0.9026,-1,-1,-1
238,2,12.03,7.22,231.61,472.77,0.8706,-1,-1,-1
238,21,291.39,120.12,74.52,202.84,0.8212,-1,-1,-1
238,37,590.23,194.79,27.61,68.37,0.5369,-1,-1,-1
238,44,543.67,185.03,24.21,97.09,0.3524,-1,-1,-1
238,53,609.99,206.03,29.73,274.19,0.5991,-1,-1,-1
238,54,240.64,170.43,32.67,102.78,0.5701,-1,-1,-1
238,55,4.10,116.91,59.11,156.31,0.4626,-1,-1,-1
239,1,389.48,88.34,160.21,391.18,0.8984,-1,-1,-1
239,2,7.84,14.05,239.88,465.60,0.8337,-1,-1,-1
239,21,302.32,124.58,71.71,198.75,0.7860,-1,-1,-1
239,37,596.66,198.21,27.16,64.58,0.3590,-1,-1,-1
239,53,604.20,215.02,32.20,265.28,0.3971,-1,-1,-1
239,54,245.91,163.97,37.00,114.37,0.5147,-1,-1,-1
239,55,-20.73,116.00,122.61,325.15,0.4056,-1,-1,-1
239,56,366.24,175.70,21.09,86.75,0.5241,-1,-1,-1
240,1,399.17,85.27,158.54,373.23,0.8860,-1,-1,-1
240,2,18.43,15.10,243.34,463.47,0.7606,-1,-1,-1
240,21,304.15,124.84,71.08,194.30,0.7561,-1,-1,-1
240,37,597.53,189.93,30.80,71.54,0.5210,-1,-1,-1
240,54,252.42,158.67,38.52,116.42,0.7075,-1,-1,-1
240,56,368.62,179.79,20.60,80.49,0.4230,-1,-1,-1
240,57,3.80,166.14,37.82,96.77,0.5318,-1,-1,-1
241,1,409.49,83.18,156.36,376.14,0.8927,-1,-1,-1
241,2,9.77,14.71,247.40,460.82,0.7141,-1,-1,-1
241,21,310.42,123.41,73.30,194.17,0.7989,-1,-1,-1
241,37,600.56,195.78,26.95,61.06,0.3109,-1,-1,-1
241,56,368.11,180.95,20.63,79.52,0.3866,-1,-1,-1
242,1,412.15,86.86,152.94,377.81,0.8769,-1,-1,-1
242,2,40.58,9.31,238.68,470.59,0.8343,-1,-1,-1
242,21,296.22,122.05,82.72,192.71,0.8221,-1,-1,-1
242,53,593.62,167.53,43.76,311.74,0.7150,-1,-1,-1
242,58,393.80,180.75,22.86,80.39,0.5069,-1,-1,-1
242,59,3.50,114.60,104.60,324.92,0.4648,-1,-1,-1
243,1,413.33,88.81,149.67,380.92,0.8920,-1,-1,-1
243,2,47.71,6.90,232.81,471.08,0.8378,-1,-1,-1
243,3,524.36,139.67,48.28,177.79,0.3246,-1,-1,-1
243,21,303.22,121.75,79.94,189.36,0.8472,-1,-1,-1
243,53,576.04,27.54,63.81,452.55,0.7338,-1,-1,-1
243,58,392.77,180.93,23.66,80.95,0.5727,-1,-1,-1
243,59,7.27,115.60,105.28,325.83,0.3915,-1,-1,-1
244,1,421.95,90.38,146.11,378.74,0.8873,-1,-1,-1
244,2,65.48,7.01,226.50,468.80,0.7835,-1,-1,-1
244,3,537.04,135.59,32.54,106.50,0.3441,-1,-1,-1
244,21,309.93,120.67,78.69,189.41,0.7005,-1,-1,-1
244,53,548.87,2.29,85.86,477.76,0.8332,-1,-1,-1
244,58,393.80,179.14,25.05,83.14,0.5854,-1,-1,-1
244,61,14.26,168.59,49.17,85.90,0.7447,-1,-1,-1
245,1,423.12,87.45,145.18,384.99,0.8594,-1,-1,-1
245,2,67.05,9.72,219.56,449.75,0.8552,-1,-1,-1
245,21,307.49,121.18,79.10,192.64,0.7877,-1,-1,-1
245,53,536.54,-1.67,97.71,480.23,0.7258,-1,-1,-1
245,58,391.50,179.40,26.08,82.50,0.6204,-1,-1,-1
245,62,414.31,172.81,29.28,106.55,0.4902,-1,-1,-1
246,1,426.12,86.29,135.07,381.85,0.8571,-1,-1,-1
246,2,70.56,9.02,220.22,468.07,0.9022,-1,-1,-1
246,21,304.58,121.01,78.88,190.38,0.8129,-1,-1,-1
246,53,533.45,-1.49,105.45,480.35,0.7496,-1,-1,-1
246,58,387.79,175.15,28.58,86.50,0.5734,-1,-1,-1
246,62,414.04,169.27,33.89,109.38,0.7345,-1,-1,-1
247,1,431.08,85.22,128.16,364.46,0.8353,-1,-1,-1
247,2,76.43,9.98,215.21,466.34,0.9034,-1,-1,-1
247,21,303.97,122.26,78.34,189.95,0.8134,-1,-1,-1
247,53,510.13,-0.02,123.84,478.06,0.8081,-1,-1,-1
247,58,384.96,176.12,28.87,84.90,0.6345,-1,-1,-1
247,62,408.17,171.48,34.51,106.91,0.7496,-1,-1,-1
247,63,-7.56,165.84,32.03,87.96,0.6918,-1,-1,-1
247,64,27.53,195.52,20.79,38.46,0.5784,-1,-1,-1
248,1,437.26,87.79,127.87,353.31,0.8476,-1,-1,-1
248,2,82.10,8.74,212.76,469.58,0.8323,-1,-1,-1
248,21,304.92,122.68,76.31,190.04,0.8410,-1,-1,-1
248,53,522.26,0.66,119.66,479.33,0.8615,-1,-1,-1
248,58,383.30,174.55,29.53,87.13,0.6754,-1,-1,-1
248,62,407.34,171.97,34.88,107.83,0.7694,-1,-1,-1
248,64,26.19,194.74,20.84,38.92,0.6141,-1,-1,-1
248,65,285.07,168.80,28.92,93.40,0.5163,-1,-1,-1
249,1,442.85,86.61,129.81,359.68,0.7634,-1,-1,-1
249,2,93.98,7.09,204.77,471.65,0.8886,-1,-1,-1
249,21,310.76,121.79,74.71,186.73,0.8361,-1,-1,-1
249,53,502.94,0.42,131.93,477.45,0.8527,-1,-1,-1
249,58,385.76,173.97,30.13,88.03,0.6865,-1,-1,-1
249,62,409.97,170.20,35.95,110.82,0.7719,-1,-1,-1
249,64,27.84,195.40,20.20,38.22,0.5671,-1,-1,-1
249,65,288.45,169.58,28.26,92.39,0.6555,-1,-1,-1
250,1,455.13,87.86,131.45,365.43,0.6550,-1,-1,-1
250,2,108.23,7.93,197.23,470.44,0.9175,-1,-1,-1
250,21,318.32,123.13,72.55,182.04,0.8530,-1,-1,-1
250,53,503.45,0.31,135.53,479.77,0.8216,-1,-1,-1
250,58,389.83,175.16,31.14,90.91,0.6790,-1,-1,-1
250,62,413.66,171.97,36.46,113.25,0.7797,-1,-1,-1
250,64,31.88,197.21,20.60,39.41,0.5369,-1,-1,-1
250,65,294.70,172.91,27.26,91.67,0.5936,-1,-1,-1
250,66,82.58,175.97,28.29,87.61,0.4467,-1,-1,-1
251,2,119.28,10.12,191.67,469.88,0.9128,-1,-1,-1
251,21,323.27,123.92,69.84,182.25,0.8604,-1,-1,-1
251,53,509.34,0.00,132.13,480.01,0.8438,-1,-1,-1
251,58,392.99,175.15,30.43,91.47,0.6133,-1,-1,-1
251,62,414.82,170.63,37.21,116.20,0.7772,-1,-1,-1
251,64,33.37,196.90,20.54,40.50,0.5071,-1,-1,-1
251,66,73.51,178.57,27.25,84.61,0.3684,-1,-1,-1
252,2,126.92,17.05,189.64,462.99,0.8903,-1,-1,-1
252,21,326.93,128.64,67.85,181.56,0.8593,-1,-1,-1
252,53,516.89,3.11,124.83,471.06,0.8710,-1,-1,-1
252,58,395.67,177.48,30.25,92.33,0.5378,-1,-1,-1
252,62,415.87,174.49,37.13,117.00,0.7352,-1,-1,-1
252,64,35.04,199.35,20.11,40.64,0.4360,-1,-1,-1
252,67,70.80,179.72,42.84,90.37,0.6008,-1,-1,-1
253,2,136.43,28.14,188.65,451.73,0.8998,-1,-1,-1
253,21,332.94,130.65,69.81,182.47,0.8574,-1,-1,-1
253,53,520.20,5.22,122.75,467.13,0.8819,-1,-1,-1
253,58,399.23,174.60,31.84,95.12,0.5319,-1,-1,-1
253,62,419.50,174.31,39.37,120.15,0.6896,-1,-1,-1
253,64,40.70,202.71,19.51,39.41,0.4388,-1,-1,-1
253,67,67.49,180.33,47.03,93.67,0.7021,-1,-1,-1
253,68,460.27,142.42,59.36,178.96,0.7376,-1,-1,-1
254,2,145.42,28.74,186.30,450.71,0.8914,-1,-1,-1
254,21,337.05,133.76,66.97,179.89,0.8497,-1,-1,-1
254,53,525.08,3.92,118.30,473.30,0.8783,-1,-1,-1
254,58,401.77,175.35,31.87,95.38,0.4111,-1,-1,-1
254,62,420.31,171.65,40.53,123.40,0.6798,-1,-1,-1
254,64,42.06,203.26,19.19,39.24,0.3581,-1,-1,-1
254,67,66.71,179.97,47.02,93.30,0.6662,-1,-1,-1
254,68,458.19,141.42,60.32,181.77,0.7379,-1,-1,-1
255,2,136.04,37.77,198.16,442.17,0.8651,-1,-1,-1
255,21,340.32,137.22,64.29,178.66,0.8388,-1,-1,-1
255,53,526.06,3.93,115.19,475.29,0.8989,-1,-1,-1
255,62,417.40,172.24,41.25,126.08,0.6404,-1,-1,-1
255,67,56.23,180.75,47.62,97.10,0.6410,-1,-1,-1
255,68,443.05,142.30,69.36,187.20,0.8488,-1,-1,-1
255,71,116.64,143.12,47.06,160.79,0.7455,-1,-1,-1
256,2,163.87,35.42,191.26,443.77,0.8960,-1,-1,-1
256,21,342.37,134.36,62.57,177.18,0.7647,-1,-1,-1
256,53,525.17,0.74,114.98,477.32,0.9070,-1,-1,-1
256,62,413.35,168.50,41.79,130.17,0.5564,-1,-1,-1
256,67,38.49,178.02,49.23,100.55,0.6230,-1,-1,-1
256,68,432.10,141.45,76.84,190.57,0.8100,-1,-1,-1
256,71,92.67,134.97,53.39,168.76,0.6308,-1,-1,-1
256,72,500.42,167.80,36.59,134.76,0.5908,-1,-1,-1
257,2,167.66,35.88,187.70,442.16,0.8837,-1,-1,-1
257,21,342.57,132.81,58.67,176.25,0.7822,-1,-1,-1
257,53,524.29,0.30,115.24,478.82,0.9039,-1,-1,-1
257,67,21.04,178.53,53.18,101.65,0.6379,-1,-1,-1
257,68,427.94,139.08,82.09,196.19,0.8734,-1,-1,-1
257,71,66.60,131.51,68.10,176.46,0.7949,-1,-1,-1
257,72,494.38,167.77,41.50,143.14,0.6823,-1,-1,-1
258,2,154.81,27.63,197.03,449.67,0.8612,-1,-1,-1
258,21,341.69,133.19,58.38,179.53,0.7985,-1,-1,-1
258,53,496.28,0.45,131.31,479.55,0.8379,-1,-1,-1
258,67,2.42,181.85,51.42,97.58,0.3842,-1,-1,-1
258,68,409.93,132.16,83.90,207.49,0.8205,-1,-1,-1
258,71,38.92,132.26,86.93,180.12,0.8589,-1,-1,-1
258,72,487.29,164.31,45.88,148.95,0.6868,-1,-1,-1
259,2,151.57,28.49,198.81,449.95,0.8737,-1,-1,-1
259,21,342.40,136.41,54.92,177.15,0.7992,-1,-1,-1
259,53,481.85,-0.06,148.66,480.11,0.8553,-1,-1,-1
259,67,-4.85,176.87,50.93,99.01,0.4509,-1,-1,-1
259,68,395.17,128.40,78.54,213.25,0.8711,-1,-1,-1
259,71,15.79,129.14,102.57,184.90,0.8813,-1,-1,-1
259,72,484.87,163.48,48.47,150.14,0.6150,-1,-1,-1
260,2,143.10,27.48,198.36,452.52,0.9072,-1,-1,-1
260,21,335.70,141.12,53.70,173.86,0.7811,-1,-1,-1
260,53,496.99,1.19,143.71,478.85,0.8915,-1,-1,-1
260,68,386.58,127.56,80.13,224.61,0.7486,-1,-1,-1
260,71,-0.45,127.26,105.38,192.59,0.8999,-1,-1,-1
260,72,473.39,143.20,57.09,176.31,0.6934,-1,-1,-1
261,2,132.83,26.71,195.79,453.31,0.8995,-1,-1,-1
261,21,325.01,145.78,55.38,171.80,0.8075,-1,-1,-1
261,53,489.72,1.42,149.00,477.70,0.9111,-1,-1,-1
261,68,364.14,129.37,91.28,232.65,0.8355,-1,-1,-1
261,71,-7.67,124.27,94.23,195.56,0.8625,-1,-1,-1
261,72,461.87,146.01,56.09,179.29,0.6191,-1,-1,-1
262,2,115.68,22.02,199.74,457.40,0.8415,-1,-1,-1
262,21,317.05,146.59,56.22,168.90,0.6457,-1,-1,-1
262,53,465.17,1.76,168.68,475.70,0.8910,-1,-1,-1
262,68,336.60,128.35,103.67,240.49,0.8337,-1,-1,-1
262,71,-22.85,147.89,83.89,173.47,0.3262,-1,-1,-1
263,2,106.27,11.87,201.51,468.11,0.8953,-1,-1,-1
263,53,445.55,0.82,191.58,477.59,0.9250,-1,-1,-1
263,68,318.15,121.04,107.56,257.52,0.8725,-1,-1,-1
264,2,99.77,10.54,201.19,468.13,0.8477,-1,-1,-1
264,53,438.70,0.53,200.01,479.00,0.9050,-1,-1,-1
264,68,316.21,117.17,109.99,264.02,0.8487,-1,-1,-1
265,2,77.08,8.10,211.37,471.48,0.8510,-1,-1,-1
265,53,432.55,0.83,205.72,476.72,0.9102,-1,-1,-1
265,62,373.41,160.71,49.18,156.47,0.8162,-1,-1,-1
265,68,275.09,108.04,106.30,279.60,0.7723,-1,-1,-1
266,2,80.50,9.20,211.55,470.26,0.8523,-1,-1,-1
266,21,332.09,147.34,49.43,157.47,0.7443,-1,-1,-1
266,53,427.23,0.72,210.04,476.16,0.8698,-1,-1,-1
266,62,369.71,156.10,48.76,159.74,0.7845,-1,-1,-1
266,68,268.54,99.43,94.90,287.56,0.7699,-1,-1,-1
267,2,63.30,6.64,218.73,471.64,0.8257,-1,-1,-1
267,21,315.94,140.43,50.46,158.29,0.8247,-1,-1,-1
267,53,423.77,0.85,214.98,476.42,0.9143,-1,-1,-1
267,62,363.73,146.98,55.37,165.21,0.7855,-1,-1,-1
267,68,252.29,88.76,91.54,293.60,0.7856,-1,-1,-1
268,2,45.47,0.87,229.56,478.89,0.7727,-1,-1,-1
268,21,309.60,134.08,53.10,161.39,0.8494,-1,-1,-1
268,53,423.50,0.59,216.03,476.11,0.9181,-1,-1,-1
268,62,359.02,141.18,59.72,166.48,0.7798,-1,-1,-1
268,65,282.85,159.95,34.95,101.63,0.3467,-1,-1,-1
268,68,241.01,78.01,93.67,301.14,0.5002,-1,-1,-1
269,2,42.86,-0.18,242.11,480.08,0.8081,-1,-1,-1
269,21,308.64,130.10,52.11,158.74,0.8000,-1,-1,-1
269,53,420.72,0.90,217.91,474.12,0.9117,-1,-1,-1
269,62,347.59,135.57,60.43,171.04,0.7764,-1,-1,-1
269,65,274.97,147.40,39.65,124.64,0.3927,-1,-1,-1
270,2,39.64,0.41,250.01,479.19,0.8814,-1,-1,-1
270,21,306.82,110.77,49.18,160.09,0.7387,-1,-1,-1
270,53,408.08,0.62,228.88,476.46,0.9088,-1,-1,-1
270,62,336.24,114.79,59.95,176.75,0.7991,-1,-1,-1
270,75,594.87,178.65,39.61,229.00,0.6833,-1,-1,-1
271,2,34.45,0.17,253.76,474.95,0.8834,-1,-1,-1
271,21,309.13,83.74,47.26,161.77,0.5844,-1,-1,-1
271,53,402.05,0.50,236.15,479.33,0.9133,-1,-1,-1
271,58,291.01,110.84,38.30,122.61,0.3437,-1,-1,-1
271,62,327.99,86.33,60.82,182.03,0.7889,-1,-1,-1
271,75,592.39,97.76,46.42,270.83,0.5437,-1,-1,-1
272,2,39.75,-0.66,230.44,442.89,0.7821,-1,-1,-1
272,53,399.87,0.06,236.63,479.83,0.9158,-1,-1,-1
272,58,273.31,69.91,39.02,135.79,0.4070,-1,-1,-1
272,59,7.73,0.26,148.98,386.65,0.3724,-1,-1,-1
272,62,317.00,47.98,62.83,191.89,0.8086,-1,-1,-1
272,75,591.73,40.34,44.97,298.36,0.4047,-1,-1,-1
273,2,31.33,1.17,235.05,445.94,0.6985,-1,-1,-1
273,53,398.42,0.22,240.25,479.76,0.9118,-1,-1,-1
273,58,256.07,61.34,54.76,146.80,0.7548,-1,-1,-1
273,59,-7.12,2.74,131.55,376.10,0.3712,-1,-1,-1
273,62,311.96,41.30,64.40,195.09,0.7510,-1,-1,-1
273,75,596.22,111.24,34.47,209.14,0.3695,-1,-1,-1
274,2,51.13,1.86,239.31,476.36,0.7080,-1,-1,-1
274,53,396.37,0.67,243.00,473.24,0.9034,-1,-1,-1
274,58,257.23,80.62,53.50,142.77,0.7571,-1,-1,-1
274,59,-8.84,4.37,92.19,280.95,0.4690,-1,-1,-1
274,62,306.37,54.85,68.81,199.02,0.7752,-1,-1,-1
274,75,589.67,64.85,47.27,259.41,0.4814,-1,-1,-1
275,2,28.24,0.79,232.20,476.19,0.8454,-1,-1,-1
275,53,392.09,0.67,246.73,475.26,0.8676,-1,-1,-1
275,59,-7.66,79.36,69.08,238.49,0.6450,-1,-1,-1
275,62,295.21,73.18,70.26,203.05,0.7900,-1,-1,-1
275,65,264.08,100.47,41.13,139.45,0.6510,-1,-1,-1
275,75,589.80,14.26,57.83,316.38,0.5052,-1,-1,-1
276,2,32.22,1.71,225.01,467.23,0.8090,-1,-1,-1
276,53,400.67,0.68,241.35,478.18,0.9043,-1,-1,-1
276,58,256.91,132.95,52.60,133.17,0.4930,-1,-1,-1
276,62,292.08,102.04,72.54,204.57,0.8094,-1,-1,-1
276,75,598.93,105.05,47.46,250.38,0.4004,-1,-1,-1
277,2,40.78,0.34,208.54,436.80,0.8311,-1,-1,-1
277,53,402.48,0.37,238.68,479.66,0.9186,-1,-1,-1
277,58,243.09,143.06,51.15,131.36,0.4886,-1,-1,-1
277,62,281.18,112.32,75.32,210.05,0.7238,-1,-1,-1
277,65,259.62,140.85,42.56,137.28,0.3699,-1,-1,-1
277,75,588.66,50.71,60.72,316.10,0.4076,-1,-1,-1
278,2,16.40,0.11,226.19,477.15,0.8500,-1,-1,-1
278,21,323.83,132.30,48.48,143.30,0.5719,-1,-1,-1
278,53,394.47,0.17,233.31,479.77,0.9041,-1,-1,-1
278,58,232.20,147.83,50.52,127.82,0.5447,-1,-1,-1
278,62,266.02,112.99,80.24,218.43,0.7791,-1,-1,-1
278,75,585.44,91.44,58.96,273.51,0.4631,-1,-1,-1
279,2,3.76,22.15,215.05,454.87,0.8796,-1,-1,-1
279,21,315.43,148.51,53.48,143.97,0.6580,-1,-1,-1
279,53,375.22,0.18,230.44,479.20,0.8974,-1,-1,-1
279,62,249.44,129.07,83.55,223.75,0.7787,-1,-1,-1
279,75,575.62,63.11,66.86,313.67,0.8095,-1,-1,-1
279,78,192.63,143.15,55.56,194.83,0.7392,-1,-1,-1
280,2,-6.39,20.65,198.44,456.54,0.8899,-1,-1,-1
280,21,298.14,149.40,54.64,146.36,0.8051,-1,-1,-1
280,53,356.71,-0.05,226.97,477.98,0.8895,-1,-1,-1
280,62,228.54,126.59,82.20,228.31,0.7875,-1,-1,-1
280,75,566.27,60.43,72.15,315.17,0.8290,-1,-1,-1
280,78,172.86,144.85,64.42,201.81,0.8066,-1,-1,-1
281,2,-9.56,3.08,166.05,476.79,0.9054,-1,-1,-1
281,21,268.89,138.32,52.21,145.06,0.8328,-1,-1,-1
281,53,332.48,0.39,230.19,479.52,0.9069,-1,-1,-1
281,62,191.68,105.96,82.90,243.28,0.7881,-1,-1,-1
281,75,547.36,57.83,75.59,307.91,0.8293,-1,-1,-1
281,78,143.00,132.52,68.21,200.87,0.8363,-1,-1,-1
281,79,318.12,101.88,56.20,219.92,0.6757,-1,-1,-1
282,2,-5.57,10.99,128.84,466.53,0.8910,-1,-1,-1
282,21,258.37,145.23,44.80,143.99,0.8065,-1,-1,-1
282,53,334.50,0.70,227.65,479.50,0.9030,-1,-1,-1
282,58,105.62,155.46,49.06,150.98,0.6130,-1,-1,-1
282,62,164.46,107.04,79.51,256.02,0.8023,-1,-1,-1
282,75,540.38,89.45,63.76,300.33,0.4127,-1,-1,-1
282,78,129.40,135.72,54.78,190.70,0.6079,-1,-1,-1
282,79,296.30,77.48,64.93,292.92,0.5355,-1,-1,-1
283,2,1.82,21.38,115.06,456.05,0.8595,-1,-1,-1
283,21,262.37,158.25,39.70,144.52,0.7235,-1,-1,-1
283,53,355.03,0.16,224.02,480.08,0.8830,-1,-1,-1
283,58,110.67,166.41,44.70,150.63,0.6085,-1,-1,-1
283,62,152.85,115.37,83.29,266.05,0.8316,-1,-1,-1
283,72,288.89,87.93,65.19,189.86,0.5575,-1,-1,-1
283,75,543.82,128.65,54.57,285.91,0.3848,-1,-1,-1
283,79,314.57,129.42,58.72,278.25,0.6678,-1,-1,-1
284,2,6.55,17.16,115.24,461.77,0.8169,-1,-1,-1
284,21,276.10,160.28,38.06,144.49,0.7296,-1,-1,-1
284,53,383.05,0.66,221.57,479.37,0.8913,-1,-1,-1
284,58,118.00,164.91,42.94,152.45,0.7253,-1,-1,-1
284,62,153.10,113.09,87.69,272.54,0.8489,-1,-1,-1
284,72,296.78,85.65,72.04,228.13,0.5066,-1,-1,-1
284,79,326.65,129.12,65.77,289.95,0.7438,-1,-1,-1
285,2,3.21,17.64,128.64,461.85,0.8868,-1,-1,-1
285,21,289.97,158.73,38.08,141.88,0.7029,-1,-1,-1
285,53,412.22,0.57,225.51,479.36,0.9175,-1,-1,-1
285,58,122.86,160.59,46.20,158.47,0.6721,-1,-1,-1
285,62,159.53,105.46,90.56,277.54,0.8549,-1,-1,-1
285,65,239.37,170.86,35.40,128.06,0.4861,-1,-1,-1
285,72,307.07,74.30,77.91,277.69,0.7349,-1,-1,-1
285,79,340.40,85.44,84.43,332.16,0.8513,-1,-1,-1
286,2,2.61,29.23,136.69,450.79,0.9024,-1,-1,-1
286,53,437.24,0.68,208.08,478.63,0.9100,-1,-1,-1
286,58,128.01,164.52,46.11,160.96,0.6712,-1,-1,-1
286,62,164.56,105.38,92.97,283.73,0.8644,-1,-1,-1
286,65,252.34,173.25,35.74,129.20,0.4763,-1,-1,-1
286,72,315.90,72.57,80.45,285.56,0.6261,-1,-1,-1
286,79,356.11,77.31,99.75,360.01,0.8755,-1,-1,-1
287,2,1.89,37.37,142.82,442.65,0.8947,-1,-1,-1
287,53,462.06,-0.01,187.83,479.33,0.8892,-1,-1,-1
287,58,133.14,163.07,46.84,165.85,0.6259,-1,-1,-1
287,62,169.40,104.31,98.34,289.48,0.8161,-1,-1,-1
287,65,265.04,173.43,35.95,128.41,0.4458,-1,-1,-1
287,72,327.35,72.23,82.97,294.05,0.7646,-1,-1,-1
287,79,369.98,66.62,116.53,383.43,0.8855,-1,-1,-1
288,2,1.78,39.50,146.52,440.48,0.8996,-1,-1,-1
288,53,489.53,-0.05,163.86,479.62,0.8587,-1,-1,-1
288,58,138.09,160.20,46.62,166.54,0.6094,-1,-1,-1
288,62,171.89,99.16,99.05,302.85,0.8313,-1,-1,-1
288,65,276.27,168.88,34.98,131.93,0.5886,-1,-1,-1
288,72,339.32,64.67,84.97,303.36,0.8195,-1,-1,-1
288,78,250.09,159.75,42.11,170.69,0.5594,-1,-1,-1
288,79,387.83,56.49,133.73,405.01,0.8844,-1,-1,-1
289,2,3.32,51.29,154.25,428.42,0.9024,-1,-1,-1
289,53,531.17,5.85,134.27,471.81,0.8151,-1,-1,-1
289,58,150.66,158.92,51.75,174.62,0.6040,-1,-1,-1
289,62,183.45,101.29,102.50,316.22,0.8151,-1,-1,-1
289,65,293.81,170.01,35.20,132.83,0.5497,-1,-1,-1
289,72,355.82,60.59,88.32,314.78,0.7690,-1,-1,-1
289,78,261.90,158.32,45.39,176.42,0.6808,-1,-1,-1
289,79,408.24,51.76,146.14,422.35,0.8817,-1,-1,-1
290,2,4.46,59.28,166.18,420.38,0.8948,-1,-1,-1
290,58,156.84,156.49,52.17,177.87,0.6925,-1,-1,-1
290,62,194.58,98.99,107.07,327.77,0.8002,-1,-1,-1
290,65,315.85,172.48,34.41,126.74,0.4800,-1,-1,-1
290,72,373.30,51.83,93.91,338.82,0.8410,-1,-1,-1
290,78,286.37,160.26,46.31,178.40,0.5818,-1,-1,-1
290,79,432.43,38.39,160.52,441.69,0.8745,-1,-1,-1
290,80,564.09,65.50,61.74,362.31,0.5660,-1,-1,-1
291,2,7.75,56.42,169.70,423.49,0.8691,-1,-1,-1
291,58,166.23,151.60,50.22,179.88,0.7067,-1,-1,-1
291,62,210.10,91.58,106.36,345.27,0.8386,-1,-1,-1
291,72,394.66,42.43,99.70,352.66,0.8330,-1,-1,-1
291,78,309.06,161.51,45.94,176.61,0.6888,-1,-1,-1
291,79,453.99,25.20,170.06,450.33,0.8856,-1,-1,-1
291,80,583.46,56.44,60.60,395.62,0.6427,-1,-1,-1
292,2,14.18,53.91,173.64,425.47,0.8850,-1,-1,-1
292,58,173.59,156.25,49.99,176.98,0.7101,-1,-1,-1
292,62,223.31,88.35,109.96,364.22,0.8385,-1,-1,-1
292,65,356.69,181.60,28.41,117.61,0.3406,-1,-1,-1
292,72,409.19,37.02,107.86,371.90,0.8805,-1,-1,-1
292,78,326.46,166.96,50.59,174.61,0.7875,-1,-1,-1
292,79,471.45,12.05,168.87,466.89,0.8920,-1,-1,-1
293,2,14.53,45.19,178.13,434.77,0.9074,-1,-1,-1
293,58,173.54,150.20,51.17,183.09,0.5395,-1,-1,-1
293,62,232.16,76.95,109.24,373.62,0.8477,-1,-1,-1
293,72,420.34,25.60,116.60,401.87,0.8619,-1,-1,-1
293,78,335.33,168.40,57.46,173.84,0.8566,-1,-1,-1
293,79,485.28,-0.01,157.93,479.71,0.8871,-1,-1,-1
294,2,26.06,46.05,175.85,433.94,0.8777,-1,-1,-1
294,62,240.53,68.27,114.39,394.50,0.8386,-1,-1,-1
294,72,434.15,17.29,125.00,423.13,0.8433,-1,-1,-1
294,78,352.01,166.63,59.73,175.65,0.8115,-1,-1,-1
294,79,505.43,1.20,143.21,477.13,0.8183,-1,-1,-1
295,2,39.70,47.08,176.85,432.64,0.7477,-1,-1,-1
295,59,-3.28,130.26,73.39,291.28,0.3215,-1,-1,-1
295,62,245.21,57.86,121.97,414.01,0.8833,-1,-1,-1
295,72,445.36,8.53,138.40,442.17,0.8817,-1,-1,-1
295,78,370.52,165.13,59.19,172.43,0.7780,-1,-1,-1
295,80,543.70,69.58,89.05,410.10,0.8526,-1,-1,-1
295,83,214.83,192.68,36.53,114.48,0.7580,-1,-1,-1
296,2,15.39,55.18,193.44,423.21,0.8221,-1,-1,-1
296,59,11.91,131.71,57.77,194.99,0.6204,-1,-1,-1
296,62,250.22,50.37,125.16,425.41,0.8884,-1,-1,-1
296,72,454.19,1.44,149.27,460.12,0.8690,-1,-1,-1
296,78,384.23,164.03,59.21,177.11,0.8128,-1,-1,-1
296,80,552.68,63.55,89.35,417.01,0.7014,-1,-1,-1
296,83,221.10,195.00,37.98,114.78,0.7645,-1,-1,-1
297,2,10.12,55.08,210.96,422.93,0.8672,-1,-1,-1
297,59,1.74,125.57,67.21,212.61,0.7810,-1,-1,-1
297,62,248.24,35.21,131.12,441.61,0.8809,-1,-1,-1
297,72,463.30,-0.10,159.14,465.73,0.8799,-1,-1,-1
297,78,389.32,161.95,64.28,176.19,0.8627,-1,-1,-1
297,80,575.12,99.08,72.35,349.20,0.4677,-1,-1,-1
297,83,223.45,195.02,37.16,112.37,0.4856,-1,-1,-1
298,2,39.93,54.90,205.60,424.03,0.7866,-1,-1,-1
298,59,-1.40,121.10,57.50,194.99,0.8388,-1,-1,-1
298,62,238.65,18.40,141.85,460.75,0.8797,-1,-1,-1
298,65,395.89,171.57,28.92,118.93,0.3725,-1,-1,-1
298,72,468.27,0.10,170.62,479.20,0.9150,-1,-1,-1
298,78,404.14,166.15,74.18,171.40,0.8573,-1,-1,-1
299,2,56.35,53.52,192.66,424.49,0.8572,-1,-1,-1
299,59,-1.53,117.11,55.25,202.20,0.8598,-1,-1,-1
299,62,237.56,8.40,142.17,471.64,0.8843,-1,-1,-1
299,65,397.02,171.60,31.27,123.24,0.3710,-1,-1,-1
299,72,471.72,0.33,168.84,479.73,0.9084,-1,-1,-1
299,78,406.97,168.41,80.28,169.28,0.8671,-1,-1,-1
300,2,69.12,50.63,185.87,429.33,0.8131,-1,-1,-1
300,59,0.93,136.10,56.87,198.51,0.8118,-1,-1,-1
300,62,224.82,0.04,147.13,478.20,0.8594,-1,-1,-1
300,65,405.60,173.49,31.26,119.25,0.4042,-1,-1,-1
300,72,483.44,-0.05,160.62,480.13,0.8959,-1,-1,-1
300,78,411.96,164.64,82.90,171.59,0.8894,-1,-1,-1
300,84,371.79,167.99,44.71,138.03,0.7342,-1,-1,-1
301,2,79.22,47.71,167.88,431.19,0.8624,-1,-1,-1
301,59,3.67,148.56,54.37,177.99,0.7264,-1,-1,-1
301,62,211.82,-0.07,162.46,480.08,0.9034,-1,-1,-1
301,65,407.25,188.67,29.76,105.58,0.4450,-1,-1,-1
301,72,492.25,-0.05,150.85,478.35,0.9061,-1,-1,-1
301,78,417.68,163.42,81.71,172.51,0.8430,-1,-1,-1
301,84,368.50,166.22,48.94,139.27,0.7594,-1,-1,-1
302,2,85.29,42.19,159.84,432.79,0.7945,-1,-1,-1
302,59,0.70,145.69,53.03,170.72,0.6397,-1,-1,-1
302,62,181.43,-0.18,170.26,478.82,0.8283,-1,-1,-1
302,72,506.51,0.08,137.80,479.95,0.9075,-1,-1,-1
302,78,434.71,160.22,77.21,173.27,0.7802,-1,-1,-1
302,84,369.10,164.75,54.69,142.12,0.6599,-1,-1,-1
303,58,47.63,102.04,91.79,304.93,0.6893,-1,-1,-1
303,59,7.47,145.96,54.21,169.32,0.6055,-1,-1,-1
303,62,123.08,-0.35,184.43,480.43,0.6799,-1,-1,-1
303,72,520.28,-0.06,125.37,480.08,0.9000,-1,-1,-1
303,78,446.83,158.81,76.24,173.99,0.7804,-1,-1,-1
303,84,380.27,163.04,57.00,143.20,0.6279,-1,-1,-1
303,87,336.34,192.35,32.96,118.96,0.6985,-1,-1,-1
304,58,6.48,92.35,109.53,297.44,0.8245,-1,-1,-1
304,62,108.90,-0.47,185.78,477.07,0.7526,-1,-1,-1
304,72,531.99,2.46,115.57,477.57,0.8459,-1,-1,-1
304,78,456.86,157.61,71.66,173.08,0.8056,-1,-1,-1
304,84,383.02,160.12,55.86,140.70,0.6639,-1,-1,-1
304,87,342.10,191.40,37.02,122.15,0.6366,-1,-1,-1
304,88,293.84,160.78,41.40,154.77,0.5007,-1,-1,-1
305,21,525.36,142.21,71.56,234.15,0.7762,-1,-1,-1
305,58,4.88,91.01,132.93,302.60,0.8745,-1,-1,-1
305,62,87.64,-0.48,185.66,473.65,0.3601,-1,-1,-1
305,72,544.01,4.95,107.59,474.41,0.7596,-1,-1,-1
305,78,461.79,161.58,68.66,171.40,0.8322,-1,-1,-1
305,83,241.00,185.78,45.42,124.68,0.3315,-1,-1,-1
305,84,383.15,160.61,56.16,148.14,0.7339,-1,-1,-1
305,87,341.92,189.49,44.13,126.61,0.7112,-1,-1,-1
305,88,304.76,156.98,44.70,159.99,0.5843,-1,-1,-1
305,90,277.30,157.64,39.76,150.75,0.5748,-1,-1,-1
306,21,516.23,134.38,85.28,242.83,0.8043,-1,-1,-1
306,58,-8.70,85.92,112.17,257.15,0.3057,-1,-1,-1
306,62,39.43,-0.74,188.76,469.37,0.3534,-1,-1,-1
306,72,554.36,0.47,105.22,480.32,0.4578,-1,-1,-1
306,78,465.68,161.42,69.23,169.47,0.8049,-1,-1,-1
306,83,226.79,144.34,58.67,165.42,0.3055,-1,-1,-1
306,84,383.92,159.18,56.45,148.74,0.7649,-1,-1,-1
306,87,347.17,188.56,43.41,125.89,0.5545,-1,-1,-1
306,88,306.83,153.63,47.33,163.82,0.6876,-1,-1,-1
306,90,270.43,160.89,38.66,147.48,0.5980,-1,-1,-1
307,21,513.82,128.27,98.73,249.59,0.8132,-1,-1,-1
307,62,12.58,-0.50,194.12,476.98,0.3875,-1,-1,-1
307,78,464.76,164.31,67.55,169.61,0.7173,-1,-1,-1
307,84,387.73,158.71,60.32,148.96,0.7865,-1,-1,-1
307,87,344.14,187.38,44.48,127.96,0.5542,-1,-1,-1
307,88,306.35,152.77,49.54,166.19,0.7663,-1,-1,-1
307,90,267.69,154.88,39.43,149.63,0.4168,-1,-1,-1
308,2,147.50,58.67,142.05,416.53,0.8631,-1,-1,-1
308,21,502.25,123.50,112.16,259.01,0.8262,-1,-1,-1
308,78,474.84,171.51,63.05,158.30,0.3117,-1,-1,-1
308,84,388.41,159.01,66.14,148.06,0.8040,-1,-1,-1
308,87,351.25,185.75,41.98,129.55,0.7032,-1,-1,-1
308,88,308.25,151.04,50.63,168.50,0.7903,-1,-1,-1
308,90,273.78,175.90,31.40,117.64,0.4042,-1,-1,-1
308,92,467.27,168.48,30.74,122.09,0.4673,-1,-1,-1
309,2,122.72,57.23,165.54,422.69,0.8760,-1,-1,-1
309,21,493.50,118.63,130.34,282.03,0.8728,-1,-1,-1
309,84,390.49,158.37,68.72,150.72,0.8140,-1,-1,-1
309,87,361.37,185.01,40.52,129.20,0.6370,-1,-1,-1
309,88,313.63,150.81,61.09,169.56,0.8433,-1,-1,-1
309,92,468.81,169.14,30.91,121.27,0.6658,-1,-1,-1
310,2,112.27,85.23,173.01,394.82,0.8673,-1,-1,-1
310,21,496.76,119.46,137.61,292.69,0.8440,-1,-1,-1
310,84,391.67,159.15,68.31,153.86,0.7615,-1,-1,-1
310,87,367.76,186.12,44.98,131.57,0.6415,-1,-1,-1
310,88,309.34,152.36,71.62,171.79,0.8537,-1,-1,-1
310,92,466.67,175.39,32.49,117.92,0.6793,-1,-1,-1
310,94,62.99,85.88,114.79,317.71,0.6474,-1,-1,-1
311,2,115.74,82.54,173.29,397.50,0.8417,-1,-1,-1
311,21,493.18,115.29,146.45,317.31,0.8847,-1,-1,-1
311,59,-3.06,153.30,48.89,155.02,0.5226,-1,-1,-1
311,84,392.90,159.35,66.85,157.54,0.7741,-1,-1,-1
311,87,368.26,187.48,48.77,133.24,0.6605,-1,-1,-1
311,88,300.71,152.84,78.91,173.79,0.8541,-1,-1,-1
311,92,461.57,177.37,34.43,116.22,0.7471,-1,-1,-1
311,94,32.12,73.24,123.90,370.18,0.8240,-1,-1,-1
312,2,109.15,62.87,178.01,415.36,0.8811,-1,-1,-1
312,21,485.78,106.06,152.71,332.87,0.8926,-1,-1,-1
312,84,391.55,154.27,71.23,163.62,0.7224,-1,-1,-1
312,87,364.35,189.40,53.98,133.97,0.6159,-1,-1,-1
312,88,292.83,150.94,87.21,178.25,0.8819,-1,-1,-1
312,92,453.33,177.59,37.46,115.98,0.7328,-1,-1,-1
312,94,-2.55,60.96,130.74,392.50,0.8998,-1,-1,-1
313,2,106.62,68.76,172.67,409.96,0.8785,-1,-1,-1
313,21,479.89,95.52,152.28,348.16,0.8804,-1,-1,-1
313,84,393.24,156.56,68.01,162.60,0.7334,-1,-1,-1
313,87,358.32,188.87,55.24,137.63,0.6820,-1,-1,-1
313,88,293.55,150.09,86.66,180.71,0.8425,-1,-1,-1
313,92,446.35,178.26,37.46,113.84,0.7120,-1,-1,-1
313,94,-8.61,51.43,116.43,412.68,0.8864,-1,-1,-1
314,2,107.46,66.14,173.30,413.79,0.8714,-1,-1,-1
314,21,477.41,85.58,154.52,362.81,0.8714,-1,-1,-1
314,84,396.25,155.86,65.16,164.28,0.7813,-1,-1,-1
314,87,361.06,185.32,53.89,140.29,0.7039,-1,-1,-1
314,88,298.32,148.91,85.46,183.42,0.8190,-1,-1,-1
314,92,442.87,177.52,37.12,114.11,0.6567,-1,-1,-1
314,94,-13.53,38.65,109.67,435.92,0.8191,-1,-1,-1
315,2,113.70,69.34,174.94,410.70,0.8883,-1,-1,-1
315,21,477.09,78.86,164.23,393.98,0.8983,-1,-1,-1
315,84,406.38,159.66,66.67,162.63,0.7406,-1,-1,-1
315,87,371.95,189.66,54.77,144.95,0.6789,-1,-1,-1
315,88,306.54,152.07,79.92,187.48,0.8029,-1,-1,-1
315,97,8.90,149.68,77.86,181.58,0.7585,-1,-1,-1
316,2,117.30,64.96,180.45,415.00,0.8936,-1,-1,-1
316,21,476.97,66.90,166.29,413.03,0.9018,-1,-1,-1
316,84,413.56,156.65,67.28,162.15,0.7188,-1,-1,-1
316,87,377.97,188.59,65.55,145.32,0.8180,-1,-1,-1
316,88,312.94,146.29,79.38,192.77,0.7824,-1,-1,-1
316,97,14.75,145.88,74.33,179.31,0.8003,-1,-1,-1
317,2,123.31,65.46,181.49,413.49,0.8970,-1,-1,-1
317,21,484.30,51.74,159.39,428.28,0.9216,-1,-1,-1
317,84,422.87,156.03,67.84,167.15,0.7290,-1,-1,-1
317,87,389.94,188.32,70.03,147.99,0.5474,-1,-1,-1
317,88,323.01,143.79,81.88,197.15,0.8410,-1,-1,-1
317,97,26.17,145.69,66.30,178.25,0.8410,-1,-1,-1
318,2,129.00,67.41,184.99,412.54,0.8459,-1,-1,-1
318,21,489.07,41.20,153.98,438.83,0.9193,-1,-1,-1
318,84,431.69,156.55,65.89,166.69,0.7450,-1,-1,-1
318,87,397.82,185.15,73.29,151.75,0.7631,-1,-1,-1
318,88,326.46,141.98,84.67,200.42,0.8617,-1,-1,-1
318,97,30.25,146.09,64.10,179.28,0.8350,-1,-1,-1
319,2,135.52,71.22,182.93,406.74,0.8765,-1,-1,-1
319,21,497.82,14.93,147.69,463.02,0.9129,-1,-1,-1
319,84,439.81,150.05,67.80,171.04,0.6665,-1,-1,-1
319,87,406.74,183.32,75.40,152.11,0.5634,-1,-1,-1
319,88,331.19,126.30,95.39,216.22,0.8664,-1,-1,-1
319,97,36.23,145.71,64.06,177.03,0.8264,-1,-1,-1
320,2,147.16,74.57,181.84,404.68,0.8649,-1,-1,-1
320,21,509.71,0.03,138.98,479.94,0.8849,-1,-1,-1
320,84,453.23,145.36,70.35,175.15,0.4718,-1,-1,-1
320,87,414.93,172.86,77.16,161.68,0.6893,-1,-1,-1
320,88,334.52,132.25,99.80,208.88,0.8862,-1,-1,-1
320,97,35.57,143.13,68.93,177.14,0.8178,-1,-1,-1
321,2,164.76,53.24,180.98,426.21,0.8705,-1,-1,-1
321,21,527.83,32.55,132.09,445.81,0.3471,-1,-1,-1
321,80,522.09,165.92,43.10,133.71,0.4954,-1,-1,-1
321,83,320.21,161.30,62.08,141.86,0.3487,-1,-1,-1
321,87,441.44,171.06,73.27,161.91,0.5411,-1,-1,-1
321,88,343.12,125.30,103.86,215.54,0.8861,-1,-1,-1
321,97,44.53,135.41,71.07,179.62,0.8634,-1,-1,-1
321,99,144.85,120.14,72.58,187.29,0.4292,-1,-1,-1
322,2,180.19,44.77,177.93,435.16,0.8802,-1,-1,-1
322,80,541.82,157.59,43.55,136.71,0.4816,-1,-1,-1
322,83,341.42,155.98,55.01,133.93,0.5332,-1,-1,-1
322,87,466.82,160.62,74.64,170.17,0.6780,-1,-1,-1
322,88,355.50,116.48,105.47,219.29,0.8588,-1,-1,-1
322,92,454.23,164.66,40.52,107.16,0.5171,-1,-1,-1
322,97,56.09,129.47,69.39,177.95,0.8230,-1,-1,-1
322,99,142.33,111.86,75.36,196.89,0.7456,-1,-1,-1
323,2,196.04,39.70,177.78,440.32,0.9011,-1,-1,-1
323,80,546.97,152.18,49.85,143.20,0.5030,-1,-1,-1
323,83,361.44,156.36,49.38,115.57,0.4356,-1,-1,-1
323,87,478.31,162.18,73.76,169.77,0.5735,-1,-1,-1
323,88,380.74,113.77,101.87,225.36,0.8612,-1,-1,-1
323,92,466.36,165.17,40.11,108.45,0.7130,-1,-1,-1
323,97,71.14,125.43,65.86,176.08,0.8201,-1,-1,-1
323,99,139.74,103.45,82.06,217.88,0.8354,-1,-1,-1
324,2,204.34,31.75,180.58,448.24,0.9034,-1,-1,-1
324,83,364.95,149.95,64.87,164.08,0.5656,-1,-1,-1
324,87,495.45,157.49,88.32,174.19,0.7861,-1,-1,-1
324,88,396.42,108.21,95.84,229.69,0.8248,-1,-1,-1
324,92,472.24,163.17,38.66,108.27,0.6748,-1,-1,-1
324,97,76.89,122.49,64.45,176.38,0.7950,-1,-1,-1
324,99,135.92,97.25,84.90,223.98,0.8335,-1,-1,-1
325,2,215.01,32.85,182.87,447.16,0.9066,-1,-1,-1
325,83,375.71,144.12,62.67,175.51,0.7265,-1,-1,-1
325,87,510.92,152.84,92.33,178.23,0.7680,-1,-1,-1
325,88,412.98,100.46,93.29,238.08,0.8089,-1,-1,-1
325,97,70.27,122.53,70.95,176.63,0.7950,-1,-1,-1
325,99,123.37,91.77,91.81,242.29,0.8381,-1,-1,-1
326,2,215.38,36.45,184.85,443.53,0.8993,-1,-1,-1
326,83,382.05,142.34,61.29,178.21,0.6698,-1,-1,-1
326,84,506.70,118.54,87.97,197.06,0.4443,-1,-1,-1
326,87,523.53,151.09,91.31,180.30,0.6981,-1,-1,-1
326,88,426.70,98.29,85.54,244.19,0.8656,-1,-1,-1
326,97,70.55,124.22,76.79,178.36,0.7127,-1,-1,-1
326,99,114.67,89.26,94.75,248.87,0.8178,-1,-1,-1
326,101,582.53,165.39,39.80,148.96,0.4571,-1,-1,-1
327,2,219.40,37.75,187.20,440.40,0.8833,-1,-1,-1
327,83,390.78,139.82,59.33,178.85,0.7289,-1,-1,-1
327,84,514.06,113.71,87.95,200.94,0.7679,-1,-1,-1
327,87,555.84,144.26,81.54,184.03,0.8159,-1,-1,-1
327,88,433.44,94.08,87.81,248.45,0.8880,-1,-1,-1
327,97,70.79,124.00,76.13,176.40,0.6387,-1,-1,-1
327,99,98.77,81.49,98.01,259.08,0.8709,-1,-1,-1
328,2,213.77,41.13,196.50,434.95,0.8396,-1,-1,-1
328,80,507.52,137.26,58.95,157.81,0.4084,-1,-1,-1
328,83,400.17,139.08,51.10,148.46,0.3023,-1,-1,-1
328,84,517.14,111.56,93.85,210.46,0.4250,-1,-1,-1
328,87,563.76,143.65,81.18,191.19,0.7823,-1,-1,-1
328,88,432.02,93.98,96.86,250.56,0.8788,-1,-1,-1
328,99,83.71,78.40,103.33,277.76,0.7852,-1,-1,-1
328,103,0.53,125.64,31.25,159.04,0.7583,-1,-1,-1
329,2,220.76,40.08,198.82,439.84,0.8232,-1,-1,-1
329,80,508.17,137.80,58.08,156.04,0.4948,-1,-1,-1
329,83,405.64,137.52,49.18,140.78,0.4208,-1,-1,-1
329,84,526.96,107.89,91.35,209.37,0.5157,-1,-1,-1
329,87,562.85,145.93,79.16,189.38,0.8077,-1,-1,-1
329,88,425.44,92.62,104.43,254.08,0.8939,-1,-1,-1
329,99,53.59,67.85,111.38,291.85,0.8753,-1,-1,-1
329,103,4.97,125.14,36.71,157.64,0.7695,-1,-1,-1
330,2,235.36,35.09,192.89,444.97,0.8506,-1,-1,-1
330,80,503.21,138.31,61.03,160.91,0.6628,-1,-1,-1
330,83,407.97,140.01,52.82,150.20,0.5149,-1,-1,-1
330,84,537.40,108.98,88.68,216.71,0.5737,-1,-1,-1
330,87,559.80,149.84,81.08,190.38,0.7780,-1,-1,-1
330,88,420.81,94.28,107.62,259.49,0.8873,-1,-1,-1
330,99,40.52,62.17,115.05,307.37,0.8381,-1,-1,-1
330,103,4.48,130.75,39.48,156.16,0.6365,-1,-1,-1
331,2,237.57,32.76,190.28,447.22,0.8659,-1,-1,-1
331,80,498.28,138.04,63.44,162.08,0.5724,-1,-1,-1
331,83,394.53,141.78,69.96,188.91,0.6657,-1,-1,-1
331,84,550.56,110.45,79.73,227.58,0.7401,-1,-1,-1
331,88,424.39,94.67,107.04,263.23,0.8693,-1,-1,-1
331,99,20.63,54.16,119.15,319.65,0.8639,-1,-1,-1
331,103,2.55,132.20,42.75,157.89,0.6217,-1,-1,-1
332,2,238.15,27.46,189.62,452.37,0.9126,-1,-1,-1
332,83,404.51,136.49,70.78,198.03,0.6836,-1,-1,-1
332,84,558.44,106.84,77.03,218.94,0.7998,-1,-1,-1
332,88,441.97,88.80,104.23,264.93,0.8648,-1,-1,-1
332,99,-0.50,41.47,119.31,339.16,0.8851,-1,-1,-1
333,2,241.07,25.37,186.82,454.63,0.8930,-1,-1,-1
333,83,417.50,131.91,63.83,206.35,0.8001,-1,-1,-1
333,84,559.40,108.93,80.59,226.18,0.8702,-1,-1,-1
333,88,450.35,88.02,97.36,265.24,0.8395,-1,-1,-1
333,99,-3.69,34.14,106.93,351.79,0.9165,-1,-1,-1
334,2,238.83,29.72,184.21,450.27,0.8954,-1,-1,-1
334,83,417.28,130.05,63.71,211.68,0.8473,-1,-1,-1
334,84,553.58,108.79,85.37,222.10,0.9007,-1,-1,-1
334,88,460.35,83.31,96.49,271.32,0.8788,-1,-1,-1
334,97,33.02,120.61,74.84,176.44,0.6977,-1,-1,-1
334,99,-10.77,23.94,89.19,367.74,0.8868,-1,-1,-1
335,2,239.40,29.46,181.43,447.81,0.9059,-1,-1,-1
335,83,413.73,132.32,63.51,213.66,0.6963,-1,-1,-1
335,84,550.03,110.91,88.82,220.65,0.8956,-1,-1,-1
335,88,461.76,84.68,94.67,271.72,0.8360,-1,-1,-1
335,97,26.64,121.12,74.53,181.14,0.7376,-1,-1,-1
335,99,-11.93,44.91,72.97,355.73,0.8330,-1,-1,-1
335,106,76.88,175.11,31.86,88.55,0.4101,-1,-1,-1
336,2,238.99,22.75,181.41,454.20,0.9050,-1,-1,-1
336,83,415.91,128.31,69.49,219.39,0.6553,-1,-1,-1
336,84,551.61,104.41,89.46,225.62,0.8826,-1,-1,-1
336,88,465.11,77.93,98.85,273.64,0.8487,-1,-1,-1
336,97,22.80,115.77,69.52,178.39,0.7521,-1,-1,-1
336,103,-5.81,121.28,51.98,173.55,0.3885,-1,-1,-1
337,2,238.62,13.03,185.65,466.90,0.9129,-1,-1,-1
337,83,416.22,120.02,82.43,229.13,0.7624,-1,-1,-1
337,84,566.37,97.27,79.27,223.55,0.8724,-1,-1,-1
337,88,468.00,71.57,108.29,274.02,0.8443,-1,-1,-1
337,97,25.78,110.80,62.29,175.01,0.8423,-1,-1,-1
338,2,240.10,19.91,187.72,459.38,0.9027,-1,-1,-1
338,83,421.10,116.65,79.86,226.80,0.7688,-1,-1,-1
338,84,581.82,96.97,70.69,223.22,0.8011,-1,-1,-1
338,88,468.41,69.36,115.72,284.44,0.8408,-1,-1,-1
338,97,24.09,113.47,64.88,179.30,0.8275,-1,-1,-1
339,2,239.54,17.05,188.98,462.94,0.9062,-1,-1,-1
339,83,429.44,115.61,76.98,222.07,0.7680,-1,-1,-1
339,84,587.95,94.34,59.64,229.58,0.8486,-1,-1,-1
339,88,465.35,68.92,118.95,288.96,0.8681,-1,-1,-1
339,97,22.63,113.30,65.50,181.41,0.8276,-1,-1,-1
339,103,-7.15,152.03,42.78,139.57,0.4014,-1,-1,-1
339,109,193.72,210.43,14.10,28.16,0.4361,-1,-1,-1
340,2,241.59,12.46,192.70,467.53,0.8863,-1,-1,-1
340,80,423.15,110.06,65.62,196.03,0.7668,-1,-1,-1
340,83,451.32,116.50,70.06,214.60,0.7128,-1,-1,-1
340,84,595.87,94.59,51.42,229.91,0.8175,-1,-1,-1
340,88,469.53,67.83,126.25,289.58,0.8770,-1,-1,-1
340,97,20.90,113.22,80.36,182.47,0.8413,-1,-1,-1
340,103,-10.30,118.68,44.62,170.89,0.5376,-1,-1,-1
340,109,186.93,199.39,19.58,39.37,0.4480,-1,-1,-1
341,2,248.46,14.91,189.47,465.14,0.8715,-1,-1,-1
341,80,429.27,108.32,62.23,210.00,0.7800,-1,-1,-1
341,83,468.19,120.29,68.21,224.17,0.7191,-1,-1,-1
341,84,603.14,118.13,44.86,210.69,0.6625,-1,-1,-1
341,88,493.08,65.89,124.18,294.91,0.8618,-1,-1,-1
341,97,9.80,117.24,98.12,181.96,0.8640,-1,-1,-1
341,103,-4.98,115.63,38.08,173.78,0.6964,-1,-1,-1
341,111,231.92,173.09,23.69,84.49,0.6253,-1,-1,-1
342,2,252.93,14.07,192.83,465.92,0.8401,-1,-1,-1
342,80,432.33,104.38,65.50,218.07,0.7182,-1,-1,-1
342,83,483.12,113.10,67.41,236.39,0.8003,-1,-1,-1
342,84,604.79,107.82,46.07,222.19,0.4782,-1,-1,-1
342,88,512.35,60.25,122.75,299.85,0.8154,-1,-1,-1
342,97,2.94,117.03,107.72,181.62,0.8865,-1,-1,-1
342,103,-0.86,113.43,38.49,177.45,0.7069,-1,-1,-1
342,111,232.87,170.37,27.19,86.75,0.6955,-1,-1,-1
343,2,255.63,17.03,202.26,463.12,0.8245,-1,-1,-1
343,80,450.43,104.20,62.55,219.94,0.7998,-1,-1,-1
343,83,498.08,117.40,70.26,240.00,0.7783,-1,-1,-1
343,88,537.85,59.91,110.17,308.27,0.8511,-1,-1,-1
343,97,20.10,119.90,97.09,174.06,0.8432,-1,-1,-1
343,103,3.67,119.48,45.07,182.04,0.7693,-1,-1,-1
343,111,226.74,173.56,31.71,88.93,0.7600,-1,-1,-1
344,2,260.21,14.98,210.07,465.04,0.8382,-1,-1,-1
344,80,456.29,103.67,63.78,228.71,0.7392,-1,-1,-1
344,83,502.27,120.77,76.82,238.80,0.8537,-1,-1,-1
344,88,551.48,58.73,94.62,316.27,0.8875,-1,-1,-1
344,97,27.78,119.94,90.53,177.60,0.8142,-1,-1,-1
344,103,3.72,121.67,49.30,178.09,0.7613,-1,-1,-1
344,111,221.22,172.92,34.45,90.56,0.7700,-1,-1,-1
345,2,272.43,5.05,217.97,473.00,0.8087,-1,-1,-1
345,80,458.74,97.98,66.20,234.65,0.4731,-1,-1,-1
345,83,514.47,117.43,80.43,241.96,0.8285,-1,-1,-1
345,88,567.42,55.69,80.50,321.21,0.8783,-1,-1,-1
345,97,47.46,115.76,78.22,180.38,0.8050,-1,-1,-1
345,103,4.45,122.86,60.03,171.76,0.8403,-1,-1,-1
345,106,185.73,199.96,17.99,41.74,0.3221,-1,-1,-1
345,111,211.36,169.71,39.64,94.36,0.7456,-1,-1,-1
346,2,290.50,5.27,213.46,474.83,0.7968,-1,-1,-1
346,80,457.49,103.35,69.01,244.54,0.4935,-1,-1,-1
346,83,542.02,116.22,85.90,255.39,0.7942,-1,-1,-1
346,88,580.82,58.90,75.03,329.33,0.7633,-1,-1,-1
346,97,63.69,125.07,69.82,179.65,0.7773,-1,-1,-1
346,103,4.77,132.49,69.06,170.42,0.8447,-1,-1,-1
346,111,210.60,176.11,43.86,95.66,0.7929,-1,-1,-1
347,2,299.98,1.51,216.32,478.41,0.8326,-1,-1,-1
347,80,479.02,96.74,72.39,247.50,0.4443,-1,-1,-1
347,83,563.52,113.12,83.67,264.32,0.8130,-1,-1,-1
347,97,82.17,128.88,67.71,177.45,0.8375,-1,-1,-1
347,103,9.94,130.87,75.34,174.73,0.8244,-1,-1,-1
347,111,213.63,176.23,45.73,96.64,0.7566,-1,-1,-1
348,2,307.93,1.12,215.45,478.69,0.7764,-1,-1,-1
348,80,490.20,87.28,78.75,260.79,0.3049,-1,-1,-1
348,83,576.86,107.20,69.93,258.85,0.8473,-1,-1,-1
348,97,86.76,128.60,73.43,173.56,0.8690,-1,-1,-1
348,103,21.83,126.25,72.55,174.25,0.7701,-1,-1,-1
348,111,211.63,170.85,46.66,99.81,0.6570,-1,-1,-1
349,2,315.88,1.75,212.29,476.67,0.8062,-1,-1,-1
349,80,492.49,83.66,79.70,277.76,0.5499,-1,-1,-1
349,83,587.07,112.74,64.04,258.88,0.7199,-1,-1,-1
349,97,89.56,133.15,77.36,169.28,0.8357,-1,-1,-1
349,103,44.25,128.47,66.40,174.74,0.7852,-1,-1,-1
349,111,206.17,171.04,47.23,102.16,0.5479,-1,-1,-1
350,2,318.37,1.15,209.23,478.86,0.8556,-1,-1,-1
350,80,502.19,78.77,69.57,299.85,0.7982,-1,-1,-1
350,83,596.82,132.37,54.55,241.87,0.6293,-1,-1,-1
350,97,87.37,131.03,81.81,174.24,0.8514,-1,-1,-1
350,103,49.78,130.20,60.80,171.00,0.7859,-1,-1,-1
350,111,201.77,170.19,46.57,104.16,0.6748,-1,-1,-1
350,115,26.85,158.52,34.09,117.60,0.5303,-1,-1,-1
351,2,322.34,1.15,209.04,478.87,0.8401,-1,-1,-1
351,80,509.89,63.40,71.61,328.61,0.7698,-1,-1,-1
351,97,110.00,127.08,69.77,170.55,0.8051,-1,-1,-1
351,103,57.00,128.55,72.82,170.06,0.8459,-1,-1,-1
351,111,198.09,167.81,45.66,103.59,0.6916,-1,-1,-1
351,115,27.08,154.27,35.46,119.95,0.5894,-1,-1,-1
352,2,321.19,1.23,203.49,476.88,0.8305,-1,-1,-1
352,80,515.77,58.99,77.61,345.16,0.5611,-1,-1,-1
352,97,127.58,125.19,61.70,170.39,0.8240,-1,-1,-1
352,103,57.53,130.00,89.26,165.63,0.8871,-1,-1,-1
352,111,193.92,165.19,47.04,107.78,0.7718,-1,-1,-1
352,115,30.67,151.45,36.72,120.82,0.3489,-1,-1,-1
353,2,327.83,0.87,206.19,478.82,0.8403,-1,-1,-1
353,80,518.26,49.09,99.13,370.42,0.8688,-1,-1,-1
353,97,141.30,120.92,59.72,171.80,0.8178,-1,-1,-1
353,103,58.86,130.82,91.01,162.00,0.8760,-1,-1,-1
353,111,193.55,160.10,47.83,109.54,0.5693,-1,-1,-1
353,115,30.46,144.61,38.94,124.10,0.3288,-1,-1,-1
353,117,-5.69,87.85,46.45,257.71,0.7840,-1,-1,-1
354,2,330.41,1.40,209.91,477.99,0.8394,-1,-1,-1
354,80,525.98,43.57,111.37,384.84,0.9041,-1,-1,-1
354,97,152.06,126.36,61.66,171.94,0.8322,-1,-1,-1
354,103,64.55,133.80,90.42,163.29,0.8426,-1,-1,-1
354,111,193.73,164.63,44.56,106.40,0.6842,-1,-1,-1
354,117,-1.63,88.44,47.24,263.68,0.7611,-1,-1,-1
354,118,532.26,57.10,36.32,70.86,0.5130,-1,-1,-1
355,2,332.45,0.94,214.86,476.43,0.7049,-1,-1,-1
355,80,542.70,32.96,103.04,406.39,0.8924,-1,-1,-1
355,97,158.01,134.75,75.65,166.58,0.8619,-1,-1,-1
355,103,91.22,133.83,83.92,163.24,0.8368,-1,-1,-1
355,117,3.59,71.12,63.66,298.45,0.8493,-1,-1,-1
355,118,533.31,48.50,54.65,107.55,0.5609,-1,-1,-1
356,2,335.13,-0.06,218.68,471.57,0.6621,-1,-1,-1
356,80,553.12,13.94,92.08,421.87,0.8952,-1,-1,-1
356,97,151.99,130.39,83.39,166.05,0.8628,-1,-1,-1
356,103,104.23,127.35,76.53,163.87,0.7902,-1,-1,-1
356,117,2.03,43.08,74.13,317.60,0.8704,-1,-1,-1
357,2,330.40,0.45,225.29,479.10,0.7511,-1,-1,-1
357,80,562.47,11.32,90.11,467.22,0.7955,-1,-1,-1
357,97,156.01,127.66,81.25,166.34,0.8381,-1,-1,-1
357,103,119.15,125.87,67.57,161.27,0.7951,-1,-1,-1
357,117,4.65,39.28,95.03,309.58,0.9116,-1,-1,-1
358,2,331.94,0.99,229.07,479.23,0.7974,-1,-1,-1
358,80,579.05,62.33,66.79,386.05,0.7906,-1,-1,-1
358,97,164.72,130.36,75.86,165.05,0.7143,-1,-1,-1
358,103,124.38,132.20,63.57,162.19,0.8413,-1,-1,-1
358,117,2.77,45.16,102.21,307.54,0.9061,-1,-1,-1
358,119,538.24,20.43,72.89,375.23,0.8244,-1,-1,-1
359,2,333.02,17.02,224.53,460.11,0.8331,-1,-1,-1
359,80,589.06,87.64,55.93,371.58,0.7897,-1,-1,-1
359,97,177.88,153.91,64.05,164.32,0.7842,-1,-1,-1
359,103,121.52,159.96,68.09,157.83,0.8435,-1,-1,-1
359,117,0.02,78.94,98.87,304.06,0.9116,-1,-1,-1
359,119,534.69,42.77,78.03,387.95,0.8600,-1,-1,-1
360,2,336.01,28.22,222.48,449.31,0.8131,-1,-1,-1
360,97,187.11,161.09,54.95,165.25,0.8011,-1,-1,-1
360,103,119.26,162.40,72.73,164.15,0.8403,-1,-1,-1
360,117,-0.69,85.24,95.73,306.84,0.9074,-1,-1,-1
360,119,540.42,42.18,89.18,405.84,0.8534,-1,-1,-1
361,2,333.24,19.06,227.42,456.38,0.8067,-1,-1,-1
361,97,186.81,157.52,52.05,164.82,0.8306,-1,-1,-1
361,103,115.84,160.90,71.39,160.87,0.8033,-1,-1,-1
361,117,-1.91,75.07,91.03,315.00,0.9181,-1,-1,-1
361,119,530.34,21.32,106.14,422.41,0.8875,-1,-1,-1
362,2,332.00,11.81,228.74,465.65,0.8219,-1,-1,-1
362,97,181.99,154.27,53.82,162.61,0.8650,-1,-1,-1
362,103,126.40,154.13,64.75,155.79,0.7194,-1,-1,-1
362,111,99.36,174.11,50.51,133.65,0.4119,-1,-1,-1
362,117,-0.62,65.89,91.52,321.38,0.8995,-1,-1,-1
362,119,526.49,0.08,113.29,443.70,0.8871,-1,-1,-1
363,2,338.66,12.69,224.47,463.59,0.8706,-1,-1,-1
363,97,181.46,157.21,57.42,162.62,0.8109,-1,-1,-1
363,103,133.81,154.75,58.74,156.01,0.7851,-1,-1,-1
363,111,96.21,174.29,49.84,135.21,0.7428,-1,-1,-1
363,117,0.74,67.44,96.62,325.63,0.8985,-1,-1,-1
363,119,531.09,-0.10,111.80,453.59,0.8737,-1,-1,-1
364,2,346.25,18.27,220.73,458.52,0.8308,-1,-1,-1
364,97,182.67,164.13,59.92,163.94,0.8289,-1,-1,-1
364,103,142.28,163.06,55.59,157.36,0.8068,-1,-1,-1
364,111,91.29,180.13,50.81,138.13,0.7116,-1,-1,-1
364,117,0.42,76.41,103.51,327.36,0.8798,-1,-1,-1
364,119,536.71,1.97,113.24,477.52,0.8256,-1,-1,-1
365,2,347.31,21.51,212.76,458.47,0.8641,-1,-1,-1
365,97,189.67,168.82,54.78,160.59,0.8368,-1,-1,-1
365,103,141.83,168.74,55.15,157.38,0.8375,-1,-1,-1
365,111,79.40,179.81,53.87,144.39,0.3854,-1,-1,-1
365,117,-0.26,84.77,103.95,323.25,0.8847,-1,-1,-1
365,119,543.48,36.53,101.43,442.74,0.8246,-1,-1,-1
366,2,348.53,17.40,204.00,462.37,0.8090,-1,-1,-1
366,97,192.38,155.05,50.22,160.12,0.8535,-1,-1,-1
366,103,137.31,160.52,68.40,153.77,0.8549,-1,-1,-1
366,117,0.86,72.42,100.32,321.22,0.8833,-1,-1,-1
366,119,564.13,29.76,81.84,446.09,0.8544,-1,-1,-1
367,2,357.81,12.64,202.05,467.15,0.7831,-1,-1,-1
367,97,201.80,147.59,48.99,158.99,0.8118,-1,-1,-1
367,103,134.78,152.10,71.64,151.66,0.8683,-1,-1,-1
367,117,6.86,63.19,100.18,321.10,0.6887,-1,-1,-1
367,119,579.14,34.21,76.23,444.60,0.4231,-1,-1,-1
368,2,370.61,14.20,204.51,461.67,0.7972,-1,-1,-1
368,97,214.13,149.20,52.84,159.24,0.8367,-1,-1,-1
368,103,142.65,154.97,72.51,151.23,0.8737,-1,-1,-1
368,117,2.47,65.92,117.41,323.01,0.9084,-1,-1,-1
369,2,380.80,14.99,212.14,464.87,0.7992,-1,-1,-1
369,97,224.65,156.29,62.44,159.76,0.8792,-1,-1,-1
369,103,158.42,160.05,72.69,152.96,0.8360,-1,-1,-1
369,117,2.91,77.16,129.49,309.97,0.9081,-1,-1,-1
370,2,397.99,11.29,212.55,468.56,0.7041,-1,-1,-1
370,97,221.00,161.98,66.03,157.17,0.8730,-1,-1,-1
370,103,170.26,161.74,67.75,149.60,0.8049,-1,-1,-1
370,117,0.54,77.58,134.24,305.34,0.9045,-1,-1,-1
370,122,-0.35,207.60,32.98,164.54,0.4450,-1,-1,-1
371,2,384.75,6.93,219.91,472.30,0.7239,-1,-1,-1
371,97,221.44,159.96,66.11,157.40,0.8603,-1,-1,-1
371,103,182.05,156.89,61.80,153.26,0.8103,-1,-1,-1
371,117,-0.17,74.74,135.40,308.10,0.8934,-1,-1,-1
372,2,396.19,0.70,229.67,474.21,0.7739,-1,-1,-1
372,97,229.65,159.16,64.33,155.26,0.8309,-1,-1,-1
372,103,192.20,158.55,56.57,151.44,0.8387,-1,-1,-1
372,117,6.88,73.56,134.25,307.68,0.8884,-1,-1,-1
373,2,393.82,0.37,242.03,477.55,0.7730,-1,-1,-1
373,97,246.04,157.03,62.87,157.68,0.8102,-1,-1,-1
373,103,204.92,159.20,57.09,150.64,0.7865,-1,-1,-1
373,117,19.70,79.69,134.54,307.83,0.8768,-1,-1,-1
373,125,-7.26,112.11,53.64,267.56,0.5748,-1,-1,-1
374,2,395.29,0.60,245.56,479.35,0.8052,-1,-1,-1
374,97,261.67,158.38,56.36,157.48,0.8150,-1,-1,-1
374,103,213.22,165.12,58.42,146.96,0.8291,-1,-1,-1
374,117,26.24,85.15,134.67,310.77,0.9135,-1,-1,-1
374,125,-2.43,105.77,53.18,275.74,0.8111,-1,-1,-1
374,126,186.77,220.86,20.83,49.35,0.6453,-1,-1,-1
375,2,411.20,0.36,233.75,479.69,0.8331,-1,-1,-1
375,97,270.32,157.58,51.23,157.49,0.8192,-1,-1,-1
375,103,215.36,164.43,58.97,146.95,0.8252,-1,-1,-1
375,117,28.28,79.63,131.05,319.30,0.9087,-1,-1,-1
375,125,-0.50,102.18,52.23,281.10,0.8408,-1,-1,-1
375,126,187.36,220.98,19.87,47.88,0.4484,-1,-1,-1
376,2,423.17,0.78,220.76,479.26,0.8702,-1,-1,-1
376,97,276.51,159.58,48.05,154.24,0.8114,-1,-1,-1
376,103,220.47,162.35,57.66,149.51,0.8276,-1,-1,-1
376,117,35.08,79.86,129.12,312.58,0.8995,-1,-1,-1
376,125,2.31,99.85,56.02,281.34,0.8471,-1,-1,-1
376,126,187.09,219.00,19.83,48.41,0.4895,-1,-1,-1
377,2,445.64,17.82,202.10,461.20,0.8271,-1,-1,-1
377,97,279.24,160.97,48.01,153.88,0.8217,-1,-1,-1
377,103,227.51,159.54,52.54,145.69,0.8411,-1,-1,-1
377,117,36.75,73.19,134.67,314.83,0.9036,-1,-1,-1
377,125,1.84,96.84,62.21,289.50,0.8691,-1,-1,-1
377,126,185.95,217.30,20.36,49.56,0.5288,-1,-1,-1
377,127,447.20,192.56,38.01,89.76,0.6946,-1,-1,-1
378,2,465.28,26.28,188.74,451.52,0.7827,-1,-1,-1
378,97,281.21,159.72,49.53,155.90,0.7886,-1,-1,-1
378,103,231.31,159.13,51.08,147.63,0.8088,-1,-1,-1
378,117,43.56,72.55,132.09,305.55,0.9042,-1,-1,-1
378,125,0.69,96.32,65.84,290.83,0.8417,-1,-1,-1
378,126,185.98,216.91,20.43,49.01,0.4006,-1,-1,-1
378,127,448.07,193.04,39.66,91.44,0.7469,-1,-1,-1
379,80,507.06,40.94,131.06,439.07,0.8235,-1,-1,-1
379,97,286.92,155.52,49.49,154.71,0.8250,-1,-1,-1
379,103,234.63,158.31,50.59,147.82,0.7581,-1,-1,-1
379,117,42.73,70.34,132.60,311.44,0.9090,-1,-1,-1
379,125,-2.83,95.57,61.65,276.95,0.8316,-1,-1,-1
379,127,447.44,191.25,40.28,88.59,0.7358,-1,-1,-1
380,80,525.07,54.26,120.94,424.53,0.7982,-1,-1,-1
380,97,290.87,158.93,48.13,153.50,0.8534,-1,-1,-1
380,103,238.38,161.81,53.20,147.92,0.7777,-1,-1,-1
380,117,39.20,72.11,133.26,318.38,0.9091,-1,-1,-1
380,125,-2.85,100.53,61.39,278.98,0.8308,-1,-1,-1
380,127,444.03,193.07,42.37,91.57,0.7601,-1,-1,-1
381,80,545.73,78.92,99.96,399.77,0.8514,-1,-1,-1
381,97,292.35,161.66,48.20,155.25,0.8393,-1,-1,-1
381,103,236.57,169.33,55.92,144.91,0.8033,-1,-1,-1
381,117,35.43,75.62,131.28,324.63,0.9010,-1,-1,-1
381,125,-3.80,111.47,57.07,271.78,0.8099,-1,-1,-1
381,126,171.52,218.98,23.83,53.29,0.3524,-1,-1,-1
381,127,442.42,195.95,43.03,91.76,0.6528,-1,-1,-1
381,128,509.37,164.67,64.93,168.40,0.7992,-1,-1,-1
382,80,566.18,118.30,81.19,359.36,0.8172,-1,-1,-1
382,97,292.85,159.33,50.91,157.33,0.8302,-1,-1,-1
382,103,232.15,169.95,57.32,144.14,0.7872,-1,-1,-1
382,117,30.70,75.57,128.60,331.51,0.8928,-1,-1,-1
382,125,-1.91,124.36,43.98,211.33,0.7745,-1,-1,-1
382,127,444.86,195.11,42.29,90.54,0.5538,-1,-1,-1
382,128,511.39,163.98,71.72,172.73,0.8205,-1,-1,-1
383,80,586.84,225.11,56.66,253.72,0.6736,-1,-1,-1
383,97,291.05,161.35,55.77,160.05,0.8608,-1,-1,-1
383,103,228.24,171.96,58.63,145.09,0.8325,-1,-1,-1
383,117,20.46,75.74,127.96,337.96,0.9024,-1,-1,-1
383,125,-1.94,136.97,41.11,199.01,0.7271,-1,-1,-1
383,127,440.69,200.47,40.33,86.81,0.5164,-1,-1,-1
383,128,507.00,163.32,82.16,179.87,0.8430,-1,-1,-1
384,97,283.88,161.52,56.00,157.96,0.8820,-1,-1,-1
384,103,229.67,166.16,58.98,145.11,0.8165,-1,-1,-1
384,117,4.78,72.93,127.56,335.24,0.8993,-1,-1,-1
384,122,-3.87,178.08,33.59,144.79,0.5620,-1,-1,-1
384,127,433.86,196.36,41.81,88.06,0.5954,-1,-1,-1
384,128,508.56,152.65,84.19,186.72,0.8693,-1,-1,-1
385,97,282.98,160.22,55.79,157.85,0.8696,-1,-1,-1
385,103,233.50,162.42,56.08,146.38,0.8233,-1,-1,-1
385,117,-0.12,66.65,126.87,333.63,0.9165,-1,-1,-1
385,127,432.69,194.47,41.74,86.64,0.7242,-1,-1,-1
385,128,510.16,148.19,83.38,193.11,0.8483,-1,-1,-1
386,97,284.08,156.93,54.87,158.12,0.8676,-1,-1,-1
386,103,236.24,159.33,54.83,149.99,0.8104,-1,-1,-1
386,117,-1.33,62.36,123.69,337.87,0.9177,-1,-1,-1
386,127,428.52,191.51,42.48,86.91,0.6964,-1,-1,-1
386,128,516.14,143.45,74.04,206.52,0.8515,-1,-1,-1
387,97,285.69,153.08,52.08,159.24,0.8399,-1,-1,-1
387,103,234.59,159.52,54.76,149.07,0.8193,-1,-1,-1
387,117,-1.90,57.61,121.85,350.22,0.9154,-1,-1,-1
387,127,421.17,190.80,42.65,87.14,0.6860,-1,-1,-1
387,128,520.61,137.19,73.84,221.52,0.8725,-1,-1,-1
388,97,286.01,155.06,49.46,160.29,0.8042,-1,-1,-1
388,103,233.96,163.92,52.70,146.95,0.8594,-1,-1,-1
388,117,-2.29,57.05,116.12,358.46,0.9080,-1,-1,-1
388,127,416.36,190.80,43.04,89.61,0.5981,-1,-1,-1
388,128,520.11,135.96,73.37,230.46,0.8618,-1,-1,-1
389,97,282.83,163.16,48.66,159.67,0.7682,-1,-1,-1
389,103,228.35,171.54,52.59,144.25,0.8681,-1,-1,-1
389,117,-2.29,59.40,110.62,358.05,0.9008,-1,-1,-1
389,127,417.66,197.06,40.61,87.90,0.4452,-1,-1,-1
389,128,521.68,136.59,75.61,243.88,0.8784,-1,-1,-1
390,97,277.17,163.11,49.55,154.50,0.8282,-1,-1,-1
390,103,222.02,167.37,54.48,149.25,0.8404,-1,-1,-1
390,117,-2.59,58.65,100.50,341.59,0.8814,-1,-1,-1
390,126,99.68,219.79,24.52,53.22,0.3754,-1,-1,-1
390,127,404.19,194.77,39.49,85.56,0.6970,-1,-1,-1
390,128,518.39,125.77,77.40,253.51,0.8743,-1,-1,-1
391,97,267.93,162.73,49.08,153.88,0.7900,-1,-1,-1
391,103,214.98,164.05,50.94,143.54,0.8555,-1,-1,-1
391,117,-2.65,93.44,84.14,311.54,0.8843,-1,-1,-1
391,127,394.56,192.22,38.02,84.23,0.6724,-1,-1,-1
391,128,509.23,114.52,91.54,266.70,0.8818,-1,-1,-1
391,135,356.35,218.26,14.99,32.64,0.4373,-1,-1,-1
392,97,264.04,157.41,50.37,157.99,0.7479,-1,-1,-1
392,103,212.30,161.00,49.81,145.68,0.8308,-1,-1,-1
392,117,-5.09,96.53,75.38,312.25,0.8573,-1,-1,-1
392,126,75.22,220.64,23.92,52.08,0.3589,-1,-1,-1
392,127,388.95,192.31,36.06,78.75,0.7530,-1,-1,-1
392,128,503.90,107.72,110.34,275.58,0.8903,-1,-1,-1
392,135,349.29,217.12,14.97,32.91,0.3846,-1,-1,-1
393,97,260.09,163.37,50.91,153.31,0.8069,-1,-1,-1
393,103,208.24,164.20,49.52,149.78,0.8187,-1,-1,-1
393,117,-8.23,103.13,69.00,310.50,0.7828,-1,-1,-1
393,127,382.42,196.55,37.74,82.36,0.7256,-1,-1,-1
393,128,494.63,106.93,140.16,302.19,0.9025,-1,-1,-1
393,135,340.93,219.56,15.21,33.85,0.4788,-1,-1,-1
394,97,260.86,161.80,51.17,154.41,0.7966,-1,-1,-1
394,103,210.85,165.12,48.12,150.29,0.8239,-1,-1,-1
394,117,-1.58,104.22,68.74,312.88,0.6979,-1,-1,-1
394,127,383.00,195.93,37.96,83.31,0.7380,-1,-1,-1
394,128,492.88,103.30,146.78,313.35,0.9112,-1,-1,-1
394,135,341.18,220.72,14.84,33.60,0.3722,-1,-1,-1
395,97,255.29,158.83,51.09,154.96,0.8398,-1,-1,-1
395,103,208.67,161.78,50.11,149.90,0.8530,-1,-1,-1
395,117,-4.96,103.61,48.03,233.06,0.6573,-1,-1,-1
395,126,54.14,214.84,25.85,59.03,0.5390,-1,-1,-1
395,127,377.64,193.08,37.69,84.01,0.7644,-1,-1,-1
395,128,486.32,93.63,154.17,336.29,0.9142,-1,-1,-1
396,97,252.72,161.08,50.03,155.64,0.8373,-1,-1,-1
396,103,204.77,166.48,53.44,149.65,0.8394,-1,-1,-1
396,117,-7.76,110.09,41.29,223.29,0.6883,-1,-1,-1
396,127,372.84,197.15,36.78,82.53,0.7302,-1,-1,-1
396,128,485.57,87.32,156.62,361.97,0.9193,-1,-1,-1
397,97,253.57,165.29,48.73,154.97,0.8373,-1,-1,-1
397,103,199.44,169.63,53.43,147.34,0.8517,-1,-1,-1
397,127,369.14,200.22,35.43,80.75,0.4871,-1,-1,-1
397,128,489.79,76.48,153.44,387.45,0.9147,-1,-1,-1
398,97,253.15,169.12,48.64,154.39,0.8324,-1,-1,-1
398,103,198.37,173.02,53.48,146.77,0.8325,-1,-1,-1
398,127,368.33,202.09,35.48,80.21,0.5843,-1,-1,-1
398,128,503.72,60.91,144.32,411.29,0.8971,-1,-1,-1
398,135,322.13,219.24,16.49,38.24,0.4336,-1,-1,-1
398,137,305.61,224.06,14.09,32.39,0.3173,-1,-1,-1
399,97,252.61,166.17,49.68,155.27,0.8189,-1,-1,-1
399,103,199.24,169.77,53.41,147.23,0.8104,-1,-1,-1
399,126,27.38,221.75,25.98,57.99,0.4439,-1,-1,-1
399,127,367.53,196.79,37.07,83.34,0.5748,-1,-1,-1
399,128,513.73,39.14,135.24,440.16,0.8849,-1,-1,-1
399,135,321.28,219.60,15.61,35.84,0.3617,-1,-1,-1
400,97,250.69,164.60,48.82,152.35,0.8584,-1,-1,-1
400,103,202.90,164.52,49.82,147.63,0.8163,-1,-1,-1
400,127,362.90,195.09,35.84,84.08,0.7028,-1,-1,-1
400,128,528.48,24.14,122.59,455.99,0.8502,-1,-1,-1
400,135,316.08,217.83,15.24,35.66,0.3485,-1,-1,-1
401,97,249.02,164.30,48.04,150.21,0.8306,-1,-1,-1
401,103,200.40,163.71,50.34,147.34,0.8370,-1,-1,-1
401,127,358.47,198.27,34.29,81.71,0.4776,-1,-1,-1
401,128,552.41,26.63,98.64,453.58,0.8554,-1,-1,-1
402,97,245.20,160.65,47.31,149.42,0.8265,-1,-1,-1
402,103,196.37,160.92,50.94,148.45,0.8397,-1,-1,-1
402,128,574.13,78.77,75.73,401.29,0.8286,-1,-1,-1
403,97,244.72,167.19,49.45,148.66,0.8471,-1,-1,-1
403,103,196.68,165.74,50.96,147.83,0.8565,-1,-1,-1
403,127,351.35,193.92,36.45,84.44,0.4305,-1,-1,-1
403,128,582.95,96.65,73.73,383.43,0.4066,-1,-1,-1
404,97,244.29,166.89,50.77,149.43,0.8152,-1,-1,-1
404,103,197.11,167.96,49.51,145.24,0.8520,-1,-1,-1
404,127,350.18,193.80,35.57,82.28,0.5321,-1,-1,-1
405,97,244.42,165.14,50.73,148.31,0.8255,-1,-1,-1
405,103,195.89,167.73,50.01,143.08,0.8551,-1,-1,-1
405,127,347.72,193.36,33.68,79.74,0.5735,-1,-1,-1
405,135,300.20,216.04,14.82,34.20,0.3752,-1,-1,-1
406,97,243.93,164.83,49.20,144.71,0.8270,-1,-1,-1
406,103,195.59,166.12,50.40,140.04,0.8376,-1,-1,-1
406,127,346.76,191.94,33.96,81.95,0.6692,-1,-1,-1
407,97,248.10,160.54,48.05,144.04,0.8035,-1,-1,-1
407,103,195.28,159.89,51.06,143.11,0.8292,-1,-1,-1
407,127,346.71,192.13,32.35,79.13,0.6988,-1,-1,-1
408,97,249.25,158.80,47.30,144.52,0.8270,-1,-1,-1
408,103,195.78,155.32,50.02,147.32,0.8224,-1,-1,-1
408,127,345.81,191.22,32.36,78.32,0.7891,-1,-1,-1
409,97,248.37,157.32,47.46,145.16,0.8137,-1,-1,-1
409,103,194.99,156.32,48.01,144.83,0.8380,-1,-1,-1
409,127,345.25,187.87,33.37,79.74,0.7918,-1,-1,-1
410,97,246.54,157.60,47.51,145.67,0.8264,-1,-1,-1
410,103,191.90,159.09,48.01,142.35,0.8356,-1,-1,-1
410,117,-1.48,220.89,12.76,66.74,0.4458,-1,-1,-1
410,127,339.82,185.04,33.89,80.51,0.5613,-1,-1,-1
411,97,242.15,158.40,46.20,145.59,0.8172,-1,-1,-1
411,103,185.02,159.30,49.34,139.64,0.8485,-1,-1,-1
411,127,335.70,188.35,32.01,76.21,0.3803,-1,-1,-1
411,135,282.80,206.80,15.18,36.13,0.3091,-1,-1,-1
412,97,238.33,162.14,45.65,142.29,0.8009,-1,-1,-1
412,103,182.03,162.81,47.53,140.22,0.8242,-1,-1,-1
412,127,328.35,189.00,32.85,77.35,0.6979,-1,-1,-1
413,97,236.70,159.72,46.19,142.56,0.7735,-1,-1,-1
413,103,182.14,162.13,45.91,139.80,0.8220,-1,-1,-1
413,127,326.04,187.53,32.69,76.82,0.5349,-1,-1,-1
414,97,233.70,162.76,46.16,139.63,0.7848,-1,-1,-1
414,103,179.19,161.18,47.47,140.05,0.8273,-1,-1,-1
414,127,319.33,188.57,33.95,76.79,0.6138,-1,-1,-1
415,97,227.61,160.05,45.89,140.61,0.8078,-1,-1,-1
415,103,173.49,160.04,47.75,140.25,0.8282,-1,-1,-1
415,127,312.19,191.30,32.79,74.46,0.4624,-1,-1,-1
415,139,548.19,133.20,90.13,283.37,0.8507,-1,-1,-1
416,97,221.88,164.90,45.63,139.28,0.7812,-1,-1,-1
416,103,170.81,161.96,48.63,138.95,0.8229,-1,-1,-1
416,127,303.42,195.15,31.62,72.80,0.3410,-1,-1,-1
416,128,545.06,93.08,93.88,334.71,0.8902,-1,-1,-1
417,97,218.18,169.80,44.12,137.61,0.7351,-1,-1,-1
417,103,168.82,163.95,48.80,140.44,0.8352,-1,-1,-1
417,127,300.11,193.48,32.60,77.23,0.6706,-1,-1,-1
417,128,541.34,42.22,101.76,392.63,0.8590,-1,-1,-1
418,97,212.71,167.70,47.65,135.62,0.8222,-1,-1,-1
418,103,166.64,163.64,48.16,137.32,0.8473,-1,-1,-1
418,127,296.94,193.17,31.19,73.22,0.6019,-1,-1,-1
418,128,541.45,28.38,100.79,406.91,0.8707,-1,-1,-1
419,97,209.91,169.40,48.83,135.19,0.8021,-1,-1,-1
419,103,164.52,166.95,49.03,135.43,0.8385,-1,-1,-1
419,127,294.48,192.02,32.28,75.44,0.7494,-1,-1,-1
419,128,527.94,26.04,110.23,411.71,0.8962,-1,-1,-1
420,97,207.53,168.96,46.83,133.19,0.7918,-1,-1,-1
420,103,160.32,166.75,49.16,135.48,0.8040,-1,-1,-1
420,127,288.94,193.47,31.15,70.79,0.7500,-1,-1,-1
420,128,498.74,23.16,136.55,423.08,0.9185,-1,-1,-1
421,97,202.33,167.49,44.49,129.31,0.7574,-1,-1,-1
421,103,153.70,167.09,47.11,129.74,0.8402,-1,-1,-1
421,127,280.67,191.58,32.39,73.98,0.8138,-1,-1,-1
421,128,477.79,28.76,156.94,420.32,0.9189,-1,-1,-1
422,97,198.70,163.50,44.05,132.51,0.7857,-1,-1,-1
422,103,151.51,163.73,46.75,131.19,0.8325,-1,-1,-1
422,127,277.31,190.01,31.84,74.68,0.7364,-1,-1,-1
422,128,468.39,32.40,167.71,416.78,0.9191,-1,-1,-1
423,97,195.37,159.45,43.15,132.12,0.7961,-1,-1,-1
423,103,146.54,159.83,47.12,134.08,0.8229,-1,-1,-1
423,127,272.07,189.91,30.63,72.09,0.6319,-1,-1,-1
423,128,458.17,36.72,172.64,416.25,0.9169,-1,-1,-1
424,97,192.72,161.40,41.80,131.87,0.7994,-1,-1,-1
424,103,141.37,159.76,46.45,135.24,0.8041,-1,-1,-1
424,127,266.06,187.66,30.95,74.72,0.7524,-1,-1,-1
424,128,445.48,44.23,174.81,409.64,0.8874,-1,-1,-1
425,97,185.77,159.81,41.12,132.66,0.7889,-1,-1,-1
425,103,135.78,160.89,45.24,131.74,0.8080,-1,-1,-1
425,127,259.29,185.94,29.97,73.29,0.7063,-1,-1,-1
425,128,430.79,46.55,177.10,401.04,0.8982,-1,-1,-1
426,97,182.70,159.65,39.51,130.25,0.7942,-1,-1,-1
426,103,131.42,158.64,46.20,132.10,0.7797,-1,-1,-1
426,127,254.47,183.64,29.33,73.35,0.6914,-1,-1,-1
426,128,422.20,47.58,179.72,398.06,0.8713,-1,-1,-1
427,97,179.32,157.02,40.05,130.33,0.7679,-1,-1,-1
427,103,126.54,158.49,46.10,129.66,0.7878,-1,-1,-1
427,127,248.58,178.73,28.87,75.86,0.7291,-1,-1,-1
427,128,406.22,45.52,163.61,392.85,0.8805,-1,-1,-1
428,97,175.15,152.30,39.79,130.29,0.7951,-1,-1,-1
428,103,121.11,157.56,47.42,128.76,0.8163,-1,-1,-1
428,127,241.78,179.23,27.53,73.61,0.6687,-1,-1,-1
428,128,402.99,42.73,138.22,376.75,0.9018,-1,-1,-1
428,140,560.96,0.28,77.16,476.30,0.8489,-1,-1,-1
429,97,172.30,152.41,40.13,129.64,0.7994,-1,-1,-1
429,103,117.62,156.05,46.81,127.61,0.7954,-1,-1,-1
429,127,235.34,179.34,27.50,74.51,0.7572,-1,-1,-1
429,128,397.89,45.35,118.91,355.83,0.9054,-1,-1,-1
429,140,498.55,0.94,115.04,478.94,0.8366,-1,-1,-1
430,97,167.15,153.53,39.37,128.07,0.7855,-1,-1,-1
430,103,113.35,154.48,47.39,127.12,0.8178,-1,-1,-1
430,127,229.76,181.89,25.85,71.96,0.5696,-1,-1,-1
430,128,369.87,50.12,122.25,351.17,0.8954,-1,-1,-1
430,140,424.29,-0.07,194.40,479.59,0.8965,-1,-1,-1
431,97,165.69,153.66,40.26,125.90,0.7832,-1,-1,-1
431,103,110.12,151.73,48.42,127.18,0.7934,-1,-1,-1
431,127,224.68,178.86,27.40,72.46,0.7435,-1,-1,-1
431,128,348.37,52.09,131.80,345.77,0.8956,-1,-1,-1
431,140,399.93,-0.16,225.15,480.27,0.8793,-1,-1,-1
432,97,162.27,156.03,39.11,122.50,0.6760,-1,-1,-1
432,103,109.16,151.86,48.99,125.67,0.8176,-1,-1,-1
432,127,221.78,174.27,29.11,76.68,0.7563,-1,-1,-1
432,128,338.40,54.59,121.52,315.38,0.8706,-1,-1,-1
432,140,415.03,-0.11,223.90,477.75,0.8881,-1,-1,-1
432,141,1.68,118.87,58.91,208.80,0.6872,-1,-1,-1
433,97,158.39,154.40,39.42,124.16,0.7053,-1,-1,-1
433,103,107.22,154.11,48.91,124.50,0.8293,-1,-1,-1
433,127,219.11,176.42,28.95,74.02,0.8186,-1,-1,-1
433,128,332.64,56.60,111.51,314.80,0.8565,-1,-1,-1
433,140,413.97,-0.10,223.48,479.74,0.8542,-1,-1,-1
433,141,0.46,99.54,70.47,258.22,0.6652,-1,-1,-1
434,97,155.57,153.76,40.06,123.68,0.7952,-1,-1,-1
434,103,100.57,156.55,49.05,122.21,0.8361,-1,-1,-1
434,127,212.59,173.29,30.42,76.81,0.7606,-1,-1,-1
434,128,321.95,58.41,103.84,314.60,0.7950,-1,-1,-1
434,140,371.97,0.03,211.30,480.01,0.7955,-1,-1,-1
434,141,-3.06,61.48,81.49,301.90,0.6242,-1,-1,-1
435,97,152.72,152.30,39.17,120.68,0.7762,-1,-1,-1
435,103,97.49,153.70,50.13,123.62,0.8350,-1,-1,-1
435,127,210.18,176.33,28.86,73.01,0.6597,-1,-1,-1
435,128,305.64,95.37,85.41,279.02,0.7107,-1,-1,-1
435,140,336.37,-0.11,186.75,479.38,0.8552,-1,-1,-1
435,141,-1.66,53.58,81.34,310.56,0.5675,-1,-1,-1
435,142,589.06,105.43,56.44,289.14,0.6175,-1,-1,-1
436,97,150.24,148.00,40.24,121.66,0.7938,-1,-1,-1
436,103,91.29,151.30,49.10,122.50,0.8044,-1,-1,-1
436,127,205.55,173.72,28.85,73.08,0.6914,-1,-1,-1
436,140,300.42,0.38,187.71,479.61,0.8962,-1,-1,-1
436,142,580.83,102.88,58.27,293.93,0.7718,-1,-1,-1
437,97,149.60,150.01,39.49,120.41,0.7414,-1,-1,-1
437,103,88.75,149.44,47.12,122.15,0.8180,-1,-1,-1
437,127,203.63,171.88,28.63,75.56,0.7493,-1,-1,-1
437,140,253.00,-0.01,216.10,478.91,0.9259,-1,-1,-1
437,142,594.05,89.13,52.07,309.37,0.7321,-1,-1,-1
438,97,147.61,149.55,37.88,120.18,0.7582,-1,-1,-1
438,103,85.79,152.29,43.92,118.39,0.8289,-1,-1,-1
438,127,201.00,168.51,26.66,78.45,0.6452,-1,-1,-1
438,140,213.73,-0.03,246.69,480.05,0.9043,-1,-1,-1
438,142,560.46,68.69,71.48,332.47,0.8624,-1,-1,-1
438,144,2.91,75.29,68.06,269.20,0.5819,-1,-1,-1
439,97,144.12,149.25,36.03,119.11,0.8132,-1,-1,-1
439,103,83.45,148.09,44.01,121.76,0.8399,-1,-1,-1
439,140,194.67,1.57,251.22,478.54,0.8629,-1,-1,-1
439,142,536.84,77.23,95.10,325.26,0.8993,-1,-1,-1
439,144,2.02,75.28,66.09,292.70,0.3913,-1,-1,-1
439,145,384.36,135.36,50.53,179.63,0.6424,-1,-1,-1
440,103,82.27,145.08,33.62,100.20,0.4032,-1,-1,-1
440,140,114.03,-0.08,277.17,480.18,0.8433,-1,-1,-1
440,142,526.76,77.63,108.01,330.57,0.9119,-1,-1,-1
440,144,0.46,55.03,68.57,350.55,0.6908,-1,-1,-1
440,145,374.55,135.98,47.19,179.32,0.7038,-1,-1,-1
441,140,7.46,0.72,277.05,478.27,0.8621,-1,-1,-1
441,142,529.23,80.55,108.09,330.96,0.8889,-1,-1,-1
441,145,372.47,138.00,46.32,178.69,0.7121,-1,-1,-1
441,146,273.50,65.79,120.82,336.36,0.7948,-1,-1,-1
442,140,-8.57,0.75,264.23,478.09,0.7042,-1,-1,-1
442,142,533.75,79.55,97.91,318.13,0.8631,-1,-1,-1
442,145,369.25,137.28,46.08,178.30,0.7609,-1,-1,-1
442,146,260.38,66.93,121.80,332.31,0.8811,-1,-1,-1
443,140,-18.44,1.98,242.56,474.85,0.7459,-1,-1,-1
443,142,525.61,75.98,94.50,310.67,0.7488,-1,-1,-1
443,145,366.27,133.16,45.29,178.23,0.7380,-1,-1,-1
443,146,255.82,62.59,121.28,333.54,0.8875,-1,-1,-1
443,147,611.22,83.74,25.46,223.57,0.4612,-1,-1,-1
444,97,147.55,155.25,32.48,118.46,0.7470,-1,-1,-1
444,127,190.00,178.55,24.69,70.06,0.7553,-1,-1,-1
444,142,505.81,80.46,98.24,303.38,0.6016,-1,-1,-1
444,145,359.18,135.85,47.98,180.08,0.7316,-1,-1,-1
444,146,249.35,65.03,120.83,321.89,0.8924,-1,-1,-1
444,149,561.67,79.96,68.19,315.54,0.7341,-1,-1,-1
445,97,146.09,157.52,35.30,115.74,0.7744,-1,-1,-1
445,103,98.79,154.74,35.42,120.92,0.7510,-1,-1,-1
445,127,191.26,179.23,26.52,70.90,0.7032,-1,-1,-1
445,142,520.26,81.03,99.29,316.83,0.5216,-1,-1,-1
445,145,358.75,138.66,48.76,179.28,0.7980,-1,-1,-1
445,146,248.88,62.60,116.95,317.44,0.8937,-1,-1,-1
445,149,586.90,87.52,54.80,262.69,0.6836,-1,-1,-1
446,97,149.69,157.74,36.52,114.24,0.7492,-1,-1,-1
446,103,97.36,153.56,40.17,118.26,0.8077,-1,-1,-1
446,127,194.46,177.73,26.96,71.73,0.6198,-1,-1,-1
446,142,471.35,82.79,144.68,315.58,0.8933,-1,-1,-1
446,145,349.10,139.53,52.87,178.06,0.7750,-1,-1,-1
446,146,245.74,60.36,111.87,319.05,0.8979,-1,-1,-1
446,149,582.35,75.63,58.00,292.95,0.8483,-1,-1,-1
447,97,151.03,160.51,36.14,113.84,0.7081,-1,-1,-1
447,103,100.14,155.43,41.81,119.11,0.7882,-1,-1,-1
447,127,196.51,180.97,25.76,70.45,0.5499,-1,-1,-1
447,142,475.99,86.18,146.89,316.33,0.8475,-1,-1,-1
447,145,346.38,143.33,55.38,179.28,0.7891,-1,-1,-1
447,146,239.91,61.41,109.83,327.44,0.8948,-1,-1,-1
447,149,579.53,81.03,56.62,290.96,0.8191,-1,-1,-1
447,150,1.11,0.53,101.43,313.94,0.7399,-1,-1,-1
448,97,150.42,157.39,37.05,113.88,0.7693,-1,-1,-1
448,103,101.02,152.22,43.17,117.67,0.8174,-1,-1,-1
448,127,196.69,180.91,25.91,69.08,0.5858,-1,-1,-1
448,142,471.29,83.93,133.74,312.69,0.8569,-1,-1,-1
448,144,2.79,0.05,101.57,480.09,0.8845,-1,-1,-1
448,145,346.45,141.01,56.17,180.77,0.7880,-1,-1,-1
448,146,237.27,60.69,106.75,330.94,0.8920,-1,-1,-1
448,149,578.38,82.70,57.43,293.51,0.8027,-1,-1,-1
449,97,151.22,158.42,36.99,112.81,0.7934,-1,-1,-1
449,103,105.18,157.64,43.62,113.39,0.8283,-1,-1,-1
449,127,200.05,182.95,27.47,69.52,0.6076,-1,-1,-1
449,142,476.64,84.35,115.00,304.88,0.8424,-1,-1,-1
449,144,2.07,-0.01,108.02,476.84,0.8933,-1,-1,-1
449,145,346.08,142.16,57.73,179.04,0.7879,-1,-1,-1
449,146,240.20,65.97,103.38,330.68,0.8941,-1,-1,-1
449,149,567.09,87.14,60.81,295.53,0.5435,-1,-1,-1
450,97,160.22,158.26,37.31,112.55,0.8060,-1,-1,-1
450,103,114.71,158.98,44.50,113.75,0.7856,-1,-1,-1
450,127,207.27,182.67,29.29,70.24,0.6943,-1,-1,-1
450,142,493.23,82.09,110.91,314.41,0.8298,-1,-1,-1
450,144,3.11,0.30,116.18,478.17,0.8710,-1,-1,-1
450,145,355.32,139.03,57.20,177.12,0.8353,-1,-1,-1
450,146,243.04,66.78,102.71,327.73,0.8901,-1,-1,-1
450,149,563.97,86.57,62.47,275.13,0.5575,-1,-1,-1
451,97,166.38,160.80,37.83,111.64,0.7898,-1,-1,-1
451,103,120.94,160.27,43.92,113.18,0.8024,-1,-1,-1
451,127,210.55,183.91,29.35,69.54,0.5818,-1,-1,-1
451,142,489.13,85.13,112.04,317.63,0.8499,-1,-1,-1
451,144,2.40,4.38,125.63,474.24,0.9075,-1,-1,-1
451,145,359.61,139.50,57.90,178.52,0.8256,-1,-1,-1
451,146,236.90,65.65,110.47,329.97,0.8778,-1,-1,-1
451,149,562.69,88.69,69.35,278.47,0.6900,-1,-1,-1
452,97,174.53,160.79,37.10,112.39,0.8049,-1,-1,-1
452,103,131.15,158.84,42.80,112.67,0.8057,-1,-1,-1
452,142,483.11,87.44,122.06,320.79,0.8439,-1,-1,-1
452,144,2.43,5.18,132.63,472.24,0.9111,-1,-1,-1
452,145,360.37,138.62,58.94,181.16,0.7613,-1,-1,-1
452,146,227.29,61.63,118.55,324.12,0.8976,-1,-1,-1
452,149,576.27,85.70,65.51,275.22,0.6923,-1,-1,-1
453,97,182.33,160.10,35.75,110.85,0.7900,-1,-1,-1
453,103,138.94,156.73,41.94,111.91,0.8193,-1,-1,-1
453,142,488.34,83.94,127.81,325.82,0.8522,-1,-1,-1
453,144,3.12,2.47,143.31,473.80,0.9064,-1,-1,-1
453,145,365.32,137.94,63.08,181.00,0.7732,-1,-1,-1
453,146,233.31,54.17,122.20,327.52,0.8821,-1,-1,-1
453,149,577.96,77.75,66.17,297.84,0.7390,-1,-1,-1
454,97,192.30,163.82,35.50,111.88,0.8000,-1,-1,-1
454,103,149.73,159.33,40.73,114.23,0.7884,-1,-1,-1
454,142,500.28,84.69,121.84,330.30,0.8654,-1,-1,-1
454,144,3.11,4.24,153.62,472.04,0.9141,-1,-1,-1
454,145,373.85,144.06,66.49,181.58,0.8145,-1,-1,-1
454,146,241.91,59.28,125.03,332.17,0.9030,-1,-1,-1
454,149,584.02,81.67,60.70,302.82,0.7580,-1,-1,-1
455,97,199.76,161.72,35.94,110.57,0.7637,-1,-1,-1
455,103,159.77,159.69,38.15,110.24,0.8077,-1,-1,-1
455,142,502.80,77.27,108.82,317.69,0.8730,-1,-1,-1
455,144,4.58,-0.03,162.27,477.24,0.8871,-1,-1,-1
455,145,379.12,139.78,67.75,183.72,0.8281,-1,-1,-1
455,146,254.05,58.47,121.93,340.72,0.8962,-1,-1,-1
455,149,574.56,80.69,63.13,309.50,0.7521,-1,-1,-1
456,97,206.00,161.67,36.68,111.17,0.7777,-1,-1,-1
456,103,167.39,162.32,36.11,107.57,0.6908,-1,-1,-1
456,142,502.83,79.63,105.72,320.00,0.8724,-1,-1,-1
456,144,4.27,1.33,171.14,473.75,0.8859,-1,-1,-1
456,145,381.39,140.23,68.20,186.58,0.7731,-1,-1,-1
456,146,259.25,62.15,119.87,342.90,0.8838,-1,-1,-1
456,149,584.35,83.83,56.32,284.70,0.7748,-1,-1,-1
457,97,214.01,163.79,36.74,110.77,0.7627,-1,-1,-1
457,103,178.22,166.69,35.36,106.16,0.7366,-1,-1,-1
457,142,485.78,85.78,122.03,327.63,0.8824,-1,-1,-1
457,144,6.94,6.33,181.74,466.61,0.8834,-1,-1,-1
457,145,387.70,141.21,66.45,184.28,0.7405,-1,-1,-1
457,146,266.55,65.72,121.55,350.39,0.8821,-1,-1,-1
457,149,595.17,87.48,51.47,290.25,0.7489,-1,-1,-1
458,97,223.38,161.60,35.58,110.23,0.7653,-1,-1,-1
458,103,186.94,163.86,34.47,104.73,0.5360,-1,-1,-1
458,142,479.98,84.70,139.14,331.34,0.8930,-1,-1,-1
458,144,17.71,3.29,186.32,470.98,0.8728,-1,-1,-1
458,145,391.70,137.35,63.50,185.00,0.8172,-1,-1,-1
458,146,273.08,62.40,120.70,350.20,0.8836,-1,-1,-1
458,149,599.73,79.65,47.52,301.62,0.7272,-1,-1,-1
459,97,231.39,168.77,34.31,109.53,0.7595,-1,-1,-1
459,142,489.75,89.93,148.04,335.93,0.8957,-1,-1,-1
459,144,38.55,4.67,188.01,473.00,0.8385,-1,-1,-1
459,145,399.83,143.76,63.24,188.01,0.7878,-1,-1,-1
459,146,274.85,67.25,124.42,357.26,0.8803,-1,-1,-1
459,149,599.72,84.86,45.03,290.74,0.6145,-1,-1,-1
460,97,233.49,167.55,33.63,109.59,0.7274,-1,-1,-1
460,142,493.22,87.51,147.31,341.76,0.8785,-1,-1,-1
460,144,39.63,2.19,191.76,477.79,0.8569,-1,-1,-1
460,145,400.34,143.80,62.83,189.45,0.7968,-1,-1,-1
460,146,274.43,64.71,128.06,356.38,0.8956,-1,-1,-1
460,149,600.39,79.26,44.43,304.07,0.6392,-1,-1,-1
461,97,240.06,165.28,33.44,110.06,0.7182,-1,-1,-1
461,142,503.55,80.86,121.12,322.87,0.8676,-1,-1,-1
461,144,49.54,-0.03,192.39,479.84,0.8821,-1,-1,-1
461,145,403.84,142.42,61.92,192.08,0.8032,-1,-1,-1
461,146,278.17,56.02,128.86,345.99,0.9053,-1,-1,-1
461,149,598.35,78.48,44.23,305.49,0.6704,-1,-1,-1
462,97,242.53,165.68,34.91,111.72,0.7215,-1,-1,-1
462,142,508.35,80.94,114.24,330.51,0.8476,-1,-1,-1
462,144,52.62,0.03,190.31,475.31,0.8681,-1,-1,-1
462,145,404.01,144.03,62.51,193.08,0.8332,-1,-1,-1
462,146,279.48,56.30,127.20,345.40,0.8935,-1,-1,-1
462,149,591.58,81.32,45.83,297.78,0.7029,-1,-1,-1
463,97,242.44,166.43,35.25,112.23,0.7092,-1,-1,-1
463,142,504.99,89.41,121.45,336.23,0.8842,-1,-1,-1
463,144,52.87,3.33,193.82,476.74,0.8517,-1,-1,-1
463,145,405.85,146.87,59.73,196.25,0.8210,-1,-1,-1
463,146,278.67,60.06,124.79,352.17,0.8943,-1,-1,-1
463,149,587.76,88.49,48.83,295.47,0.6669,-1,-1,-1
464,97,241.86,169.10,33.64,108.51,0.7382,-1,-1,-1
464,142,488.28,89.47,133.79,338.68,0.8727,-1,-1,-1
464,144,49.84,0.00,194.98,480.01,0.8768,-1,-1,-1
464,145,406.07,145.46,57.26,193.28,0.7830,-1,-1,-1
464,146,279.38,58.19,118.29,358.40,0.8841,-1,-1,-1
464,149,589.80,88.80,49.09,296.78,0.7478,-1,-1,-1
465,97,240.77,169.65,33.43,105.65,0.7135,-1,-1,-1
465,142,479.07,90.53,139.80,337.17,0.8835,-1,-1,-1
465,144,47.65,-0.03,195.64,480.03,0.8874,-1,-1,-1
465,145,406.89,141.94,56.28,190.31,0.7478,-1,-1,-1
465,146,280.38,55.97,111.86,362.79,0.8802,-1,-1,-1
465,149,590.80,85.79,49.70,308.24,0.7926,-1,-1,-1
466,97,241.55,165.22,35.15,111.53,0.6954,-1,-1,-1
466,142,478.28,89.68,134.85,339.91,0.8833,-1,-1,-1
466,144,46.77,-0.02,196.26,480.05,0.8539,-1,-1,-1
466,145,406.02,141.21,56.56,191.32,0.7612,-1,-1,-1
466,146,278.25,57.61,107.97,362.34,0.8848,-1,-1,-1
466,149,594.44,84.47,47.16,310.76,0.8247,-1,-1,-1
467,97,243.70,168.03,34.39,108.66,0.6915,-1,-1,-1
467,142,477.76,85.94,116.99,327.37,0.8819,-1,-1,-1
467,144,46.90,-0.03,197.40,480.04,0.8861,-1,-1,-1
467,145,400.84,141.58,60.43,192.94,0.7694,-1,-1,-1
467,146,272.27,59.22,110.47,364.61,0.8932,-1,-1,-1
467,149,588.46,83.02,50.44,316.62,0.8733,-1,-1,-1
468,97,239.41,166.94,32.80,106.38,0.5254,-1,-1,-1
468,142,467.84,81.06,108.13,321.28,0.8662,-1,-1,-1
468,144,44.65,0.50,196.26,479.45,0.8912,-1,-1,-1
468,145,403.69,141.38,59.18,192.17,0.7424,-1,-1,-1
468,146,268.54,51.88,111.71,372.15,0.8778,-1,-1,-1
468,149,575.18,81.63,59.62,320.21,0.8729,-1,-1,-1
469,142,446.18,81.68,116.25,328.70,0.8494,-1,-1,-1
469,144,44.90,0.11,194.94,471.95,0.8561,-1,-1,-1
469,145,402.46,139.73,58.06,193.00,0.7109,-1,-1,-1
469,146,260.25,43.61,116.08,361.95,0.8723,-1,-1,-1
469,149,564.05,83.97,68.88,318.83,0.8594,-1,-1,-1
470,142,432.63,86.11,128.37,331.22,0.8919,-1,-1,-1
470,144,43.29,0.08,205.62,479.85,0.8562,-1,-1,-1
470,145,402.44,139.95,59.34,187.56,0.7672,-1,-1,-1
470,146,256.63,42.07,127.40,363.79,0.8750,-1,-1,-1
470,149,555.78,82.70,79.01,300.20,0.8733,-1,-1,-1
471,142,435.98,87.76,131.43,329.96,0.8881,-1,-1,-1
471,144,46.81,0.12,210.58,479.92,0.8749,-1,-1,-1
471,145,402.25,137.32,61.98,191.08,0.5920,-1,-1,-1
471,146,257.54,40.39,135.70,365.17,0.8792,-1,-1,-1
471,149,552.35,78.45,84.72,306.67,0.7523,-1,-1,-1
472,142,438.20,83.11,128.38,332.60,0.8809,-1,-1,-1
472,144,52.40,0.24,211.24,479.76,0.8802,-1,-1,-1
472,145,401.42,133.07,63.54,193.84,0.6258,-1,-1,-1
472,146,258.79,35.72,138.74,371.09,0.8852,-1,-1,-1
472,149,557.65,73.55,83.96,319.95,0.8591,-1,-1,-1
473,142,441.25,77.34,115.55,325.13,0.8927,-1,-1,-1
473,144,60.62,0.39,210.84,475.06,0.8506,-1,-1,-1
473,145,402.09,129.77,61.83,194.99,0.6296,-1,-1,-1
473,146,261.52,33.44,133.74,385.02,0.8721,-1,-1,-1
473,149,569.09,71.20,73.70,324.01,0.8809,-1,-1,-1
474,142,445.34,75.70,108.90,321.17,0.8470,-1,-1,-1
474,144,69.00,0.50,213.91,479.37,0.8411,-1,-1,-1
474,145,405.24,131.17,58.88,196.00,0.7490,-1,-1,-1
474,146,270.94,34.13,125.20,387.15,0.8807,-1,-1,-1
474,149,550.58,71.51,82.56,321.22,0.8477,-1,-1,-1
475,142,450.57,74.07,112.38,330.21,0.8482,-1,-1,-1
475,144,73.47,0.41,217.74,475.09,0.8606,-1,-1,-1
475,145,410.36,130.07,60.72,197.79,0.3909,-1,-1,-1
475,146,276.17,36.74,123.58,388.91,0.8838,-1,-1,-1
475,149,530.56,73.75,104.06,296.48,0.9071,-1,-1,-1
476,142,453.19,78.62,116.19,331.40,0.8854,-1,-1,-1
476,144,75.20,0.38,220.00,475.80,0.8772,-1,-1,-1
476,146,281.16,40.78,122.71,389.29,0.8852,-1,-1,-1
476,149,530.72,74.03,108.95,300.66,0.9005,-1,-1,-1
477,142,449.08,82.19,119.94,334.47,0.7883,-1,-1,-1
477,144,78.62,0.91,218.28,463.92,0.7765,-1,-1,-1
477,146,280.68,39.59,124.25,392.22,0.8945,-1,-1,-1
477,149,532.59,72.03,108.81,307.79,0.9026,-1,-1,-1
478,142,444.19,79.18,121.28,339.92,0.8136,-1,-1,-1
478,144,72.66,0.30,222.12,466.21,0.7867,-1,-1,-1
478,146,281.31,34.74,122.78,389.31,0.8981,-1,-1,-1
478,149,535.94,71.90,105.91,311.51,0.8894,-1,-1,-1
479,142,441.73,86.14,117.44,330.57,0.8517,-1,-1,-1
479,144,68.69,0.45,231.27,479.39,0.8127,-1,-1,-1
479,146,278.80,38.83,121.61,371.77,0.8945,-1,-1,-1
479,149,540.03,74.73,102.40,323.69,0.9091,-1,-1,-1
480,142,440.94,86.48,115.46,319.53,0.8708,-1,-1,-1
480,144,69.99,0.07,228.33,477.49,0.8428,-1,-1,-1
480,145,395.00,138.83,65.43,192.95,0.4793,-1,-1,-1
480,146,273.97,39.32,125.02,383.72,0.8866,-1,-1,-1
480,149,543.25,76.16,99.82,329.09,0.8300,-1,-1,-1
481,142,432.72,82.62,110.74,318.21,0.8625,-1,-1,-1
481,144,66.63,0.21,226.20,474.06,0.8036,-1,-1,-1
481,146,270.61,33.60,120.41,390.15,0.8836,-1,-1,-1
481,149,534.61,73.18,99.50,335.09,0.8480,-1,-1,-1
482,142,414.67,83.53,113.61,322.84,0.8689,-1,-1,-1
482,144,60.79,0.78,224.32,466.33,0.7511,-1,-1,-1
482,146,263.93,34.34,114.76,395.05,0.8883,-1,-1,-1
482,149,520.46,76.26,108.15,338.47,0.8402,-1,-1,-1
483,142,399.18,92.12,117.96,326.96,0.8719,-1,-1,-1
483,144,52.67,2.99,230.38,473.02,0.7811,-1,-1,-1
483,146,259.24,42.68,108.35,394.66,0.8769,-1,-1,-1
483,149,511.61,84.70,111.43,334.24,0.8815,-1,-1,-1
484,142,386.19,94.03,122.76,330.11,0.8438,-1,-1,-1
484,144,44.34,7.25,231.85,472.60,0.6537,-1,-1,-1
484,146,253.56,48.31,104.66,391.15,0.8590,-1,-1,-1
484,149,510.45,85.60,110.17,334.78,0.8762,-1,-1,-1
485,142,390.96,91.77,121.82,332.64,0.8089,-1,-1,-1
485,144,36.29,1.72,241.27,478.49,0.7355,-1,-1,-1
485,146,248.24,49.23,105.02,396.29,0.8413,-1,-1,-1
485,149,506.26,85.21,102.61,324.18,0.8384,-1,-1,-1
486,142,395.08,89.16,107.61,323.02,0.8709,-1,-1,-1
486,144,29.60,0.16,247.41,479.84,0.7839,-1,-1,-1
486,146,244.70,41.59,103.29,390.09,0.8828,-1,-1,-1
486,149,500.20,83.37,92.75,318.49,0.8733,-1,-1,-1
487,142,391.71,90.19,101.85,322.42,0.8712,-1,-1,-1
487,144,26.18,0.66,252.28,479.42,0.8442,-1,-1,-1
487,146,241.39,38.79,102.47,390.07,0.8847,-1,-1,-1
487,149,488.78,85.95,92.75,327.17,0.8850,-1,-1,-1
488,142,391.43,93.29,100.41,326.64,0.8520,-1,-1,-1
488,144,31.68,0.91,250.62,479.04,0.8164,-1,-1,-1
488,146,244.47,37.71,97.19,383.13,0.8605,-1,-1,-1
488,149,467.49,88.60,103.83,332.74,0.8519,-1,-1,-1
489,142,392.09,94.90,99.28,331.12,0.7843,-1,-1,-1
489,144,27.06,-0.03,248.89,479.65,0.6871,-1,-1,-1
489,146,245.10,35.91,91.25,376.81,0.8672,-1,-1,-1
489,149,457.25,88.26,121.77,335.38,0.8952,-1,-1,-1
490,142,387.51,97.02,98.60,329.45,0.8306,-1,-1,-1
490,144,21.67,-0.18,242.46,479.67,0.6197,-1,-1,-1
490,146,250.60,36.29,76.31,346.93,0.6458,-1,-1,-1
490,149,460.77,91.59,123.93,331.52,0.8814,-1,-1,-1
490,156,542.35,83.37,113.49,213.64,0.3306,-1,-1,-1
491,142,379.57,98.58,105.95,335.59,0.8504,-1,-1,-1
491,144,10.88,0.37,261.92,477.49,0.8248,-1,-1,-1
491,146,252.81,41.60,71.81,322.69,0.8144,-1,-1,-1
491,149,460.09,94.49,118.56,323.40,0.8676,-1,-1,-1
492,142,377.54,95.17,105.06,327.48,0.8687,-1,-1,-1
492,144,5.70,0.25,266.62,476.71,0.7391,-1,-1,-1
492,146,252.20,40.50,70.39,296.13,0.8187,-1,-1,-1
492,149,460.57,89.83,110.96,317.71,0.8140,-1,-1,-1
493,142,375.51,93.16,102.87,319.26,0.8681,-1,-1,-1
493,144,2.01,1.08,274.19,476.55,0.7244,-1,-1,-1
493,146,247.92,41.75,75.02,285.04,0.8093,-1,-1,-1
493,149,465.02,88.58,110.34,327.29,0.8350,-1,-1,-1
494,142,372.41,95.26,103.31,323.13,0.8321,-1,-1,-1
494,144,1.61,0.53,278.01,478.81,0.7532,-1,-1,-1
494,146,240.35,41.95,89.32,338.56,0.8514,-1,-1,-1
494,149,461.84,91.03,107.46,332.51,0.7724,-1,-1,-1
495,142,366.24,91.18,106.99,330.48,0.8764,-1,-1,-1
495,144,2.77,-2.90,268.54,479.97,0.3710,-1,-1,-1
495,146,234.31,29.39,95.25,356.57,0.8552,-1,-1,-1
495,149,460.97,88.98,100.18,337.81,0.8356,-1,-1,-1
496,142,366.71,93.62,108.04,334.26,0.8892,-1,-1,-1
496,144,5.87,-1.05,263.65,480.32,0.4373,-1,-1,-1
496,145,344.32,136.45,56.50,211.45,0.5615,-1,-1,-1
496,146,233.97,28.27,98.78,355.94,0.8535,-1,-1,-1
496,149,464.25,90.70,97.17,338.20,0.8447,-1,-1,-1
497,142,371.63,93.98,103.34,338.90,0.8469,-1,-1,-1
497,144,9.26,-0.93,255.86,478.81,0.4711,-1,-1,-1
497,145,346.25,137.27,53.17,206.53,0.6548,-1,-1,-1
497,146,234.10,27.46,99.03,349.52,0.8473,-1,-1,-1
497,149,468.71,89.82,96.42,341.24,0.8033,-1,-1,-1
498,142,378.74,93.97,96.23,338.06,0.8278,-1,-1,-1
498,144,8.85,-0.06,257.91,479.77,0.6798,-1,-1,-1
498,145,342.40,139.26,54.56,203.34,0.6500,-1,-1,-1
498,146,231.89,26.39,99.13,355.27,0.8122,-1,-1,-1
498,149,469.70,89.15,91.94,336.09,0.7976,-1,-1,-1
499,142,379.76,88.76,95.71,332.90,0.8408,-1,-1,-1
499,144,7.30,0.37,265.95,479.71,0.6286,-1,-1,-1
499,145,342.78,141.30,56.05,199.44,0.5445,-1,-1,-1
499,146,233.68,24.74,94.06,318.00,0.8391,-1,-1,-1
499,149,473.12,83.98,93.09,325.85,0.7744,-1,-1,-1
500,142,382.72,89.60,98.36,323.72,0.8534,-1,-1,-1
500,144,5.20,1.29,272.68,477.29,0.5895,-1,-1,-1
500,145,342.62,137.04,58.94,207.66,0.6925,-1,-1,-1
500,146,233.07,29.13,94.57,321.24,0.8270,-1,-1,-1
500,149,468.41,84.32,94.06,329.14,0.7345,-1,-1,-1
501,142,385.68,88.90,104.78,329.17,0.7831,-1,-1,-1
501,144,3.93,0.60,283.70,474.51,0.7232,-1,-1,-1
501,145,347.70,136.63,59.50,209.81,0.6528,-1,-1,-1
501,146,236.46,30.14,93.06,321.15,0.7993,-1,-1,-1
501,149,462.60,82.46,101.77,336.69,0.7663,-1,-1,-1
502,142,389.49,89.32,109.11,337.96,0.7962,-1,-1,-1
502,144,7.04,0.22,291.26,479.67,0.7815,-1,-1,-1
502,145,350.75,134.92,63.14,215.32,0.6760,-1,-1,-1
502,146,238.47,29.88,90.29,318.06,0.6735,-1,-1,-1
502,149,467.32,84.61,111.92,344.55,0.6835,-1,-1,-1
503,142,393.16,87.56,109.23,340.11,0.8464,-1,-1,-1
503,144,18.69,-0.97,288.46,479.47,0.5543,-1,-1,-1
503,149,470.30,81.86,121.37,341.51,0.8678,-1,-1,-1
504,142,393.64,84.92,108.42,339.28,0.8560,-1,-1,-1
504,144,12.44,-0.17,292.32,479.59,0.6561,-1,-1,-1
504,145,345.61,124.89,62.78,221.28,0.4468,-1,-1,-1
504,149,475.84,77.42,120.62,343.92,0.8774,-1,-1,-1
505,142,393.10,85.39,104.42,334.74,0.8393,-1,-1,-1
505,144,22.12,1.77,296.24,478.56,0.5061,-1,-1,-1
505,145,342.38,129.14,66.25,224.01,0.5845,-1,-1,-1
505,149,481.27,77.65,115.69,334.89,0.8635,-1,-1,-1
506,142,388.78,80.79,100.69,320.25,0.8595,-1,-1,-1
506,144,23.21,2.08,302.97,472.88,0.5653,-1,-1,-1
506,145,347.92,128.43,63.07,218.09,0.6641,-1,-1,-1
506,149,484.37,73.91,114.56,331.41,0.8743,-1,-1,-1
507,142,385.57,83.37,101.79,321.15,0.8243,-1,-1,-1
507,144,35.51,1.34,308.59,477.36,0.6286,-1,-1,-1
507,145,338.99,131.21,65.30,217.29,0.6451,-1,-1,-1
507,149,482.79,76.85,116.97,338.67,0.8488,-1,-1,-1
508,142,378.49,82.82,108.13,328.51,0.8268,-1,-1,-1
508,144,52.04,0.66,303.56,472.98,0.6250,-1,-1,-1
508,145,340.93,128.32,64.81,213.40,0.7141,-1,-1,-1
508,149,484.01,77.81,115.87,340.99,0.8543,-1,-1,-1
509,142,369.37,79.94,115.75,331.54,0.8553,-1,-1,-1
509,144,63.73,0.35,296.25,472.00,0.6205,-1,-1,-1
509,145,343.30,123.19,63.56,213.23,0.6588,-1,-1,-1
509,149,484.23,75.55,111.06,344.13,0.8492,-1,-1,-1
509,159,-0.10,95.26,89.02,223.69,0.5992,-1,-1,-1
510,142,369.58,84.74,118.27,336.88,0.8441,-1,-1,-1
510,144,75.72,0.56,298.16,474.34,0.3890,-1,-1,-1
510,145,348.08,127.42,62.45,210.97,0.5704,-1,-1,-1
510,149,489.23,80.58,110.69,340.26,0.8117,-1,-1,-1
510,159,1.23,78.08,104.68,257.51,0.7466,-1,-1,-1
511,142,378.55,83.80,112.57,337.23,0.8348,-1,-1,-1
511,144,69.84,0.81,292.63,475.66,0.3711,-1,-1,-1
511,145,356.14,126.08,63.06,213.64,0.3317,-1,-1,-1
511,149,490.44,77.94,109.54,342.99,0.7718,-1,-1,-1
511,159,6.46,63.12,119.43,283.87,0.6792,-1,-1,-1
512,142,385.11,86.20,108.34,337.97,0.8622,-1,-1,-1
512,144,109.09,2.34,295.50,477.47,0.5870,-1,-1,-1
512,149,497.16,81.71,105.78,330.61,0.7594,-1,-1,-1
512,159,23.20,66.54,125.67,289.18,0.7095,-1,-1,-1
513,142,400.03,91.14,100.55,320.76,0.8337,-1,-1,-1
513,144,143.84,1.91,292.15,471.13,0.6844,-1,-1,-1
513,149,500.89,83.94,99.76,331.41,0.8385,-1,-1,-1
513,159,60.12,71.64,120.36,325.62,0.8416,-1,-1,-1
513,162,5.37,120.48,87.62,234.02,0.8405,-1,-1,-1
514,142,410.49,87.87,88.91,315.60,0.8662,-1,-1,-1
514,144,151.32,0.82,291.69,470.66,0.5517,-1,-1,-1
514,149,500.64,79.99,98.86,335.43,0.8378,-1,-1,-1
514,159,78.58,68.69,104.47,329.77,0.8856,-1,-1,-1
514,162,0.81,114.80,86.78,238.91,0.8450,-1,-1,-1
515,142,432.57,93.83,60.78,193.27,0.8157,-1,-1,-1
515,144,176.55,0.68,290.57,472.29,0.7153,-1,-1,-1
515,149,486.94,85.76,110.03,339.32,0.8417,-1,-1,-1
515,159,92.98,75.19,109.29,328.64,0.8878,-1,-1,-1
515,162,-5.48,107.72,83.92,255.57,0.8529,-1,-1,-1
516,144,206.09,0.28,291.91,475.08,0.7072,-1,-1,-1
516,149,486.79,88.67,124.08,344.11,0.8219,-1,-1,-1
516,159,94.89,78.87,117.26,329.45,0.8785,-1,-1,-1
516,162,-8.03,103.24,77.78,269.62,0.8548,-1,-1,-1
517,144,233.58,0.67,292.16,470.85,0.7442,-1,-1,-1
517,149,497.13,89.54,129.02,343.04,0.8859,-1,-1,-1
517,159,94.33,86.58,116.50,322.37,0.8725,-1,-1,-1
517,162,-6.73,99.08,67.67,265.88,0.8607,-1,-1,-1
517,163,194.05,78.30,72.88,302.79,0.5607,-1,-1,-1
518,144,253.62,0.90,294.46,475.14,0.7534,-1,-1,-1
518,146,184.25,29.41,117.57,363.54,0.8533,-1,-1,-1
518,149,507.87,94.53,122.00,338.82,0.8425,-1,-1,-1
518,159,95.32,86.82,117.11,321.00,0.8743,-1,-1,-1
518,162,-10.13,93.10,63.61,275.11,0.7934,-1,-1,-1
519,144,275.19,0.44,300.01,477.68,0.7190,-1,-1,-1
519,146,178.86,26.05,125.19,400.75,0.8749,-1,-1,-1
519,159,107.77,80.67,106.20,305.51,0.8668,-1,-1,-1
520,144,291.57,0.52,304.85,477.91,0.8223,-1,-1,-1
520,146,180.36,21.30,138.39,443.65,0.8774,-1,-1,-1
520,159,120.36,76.25,99.94,311.01,0.8340,-1,-1,-1
521,144,326.06,0.57,312.39,474.41,0.8640,-1,-1,-1
521,146,182.64,17.03,148.21,440.57,0.8792,-1,-1,-1
521,159,114.54,81.70,104.80,308.40,0.8424,-1,-1,-1
522,144,338.64,0.69,309.85,473.08,0.7792,-1,-1,-1
522,146,187.87,18.76,153.74,442.59,0.8876,-1,-1,-1
522,159,112.39,87.99,109.29,311.33,0.8236,-1,-1,-1
523,144,349.36,0.58,302.64,476.17,0.8149,-1,-1,-1
523,146,189.91,16.13,154.35,451.04,0.8998,-1,-1,-1
523,159,107.99,90.31,112.69,310.59,0.7713,-1,-1,-1
524,144,359.58,0.64,294.91,475.91,0.8006,-1,-1,-1
524,146,190.40,11.60,155.51,461.84,0.8948,-1,-1,-1
524,159,106.39,83.43,115.54,307.40,0.8325,-1,-1,-1
525,144,382.58,0.18,265.97,479.79,0.8934,-1,-1,-1
525,146,200.80,16.46,153.64,463.55,0.8895,-1,-1,-1
525,159,113.65,83.83,113.66,296.48,0.8325,-1,-1,-1
526,144,398.94,0.77,247.19,479.25,0.8942,-1,-1,-1
526,146,208.63,16.03,153.73,464.06,0.8738,-1,-1,-1
526,159,133.68,77.97,103.43,286.96,0.8529,-1,-1,-1
527,144,411.25,0.01,233.77,480.06,0.8698,-1,-1,-1
527,146,206.22,13.23,156.11,466.88,0.8661,-1,-1,-1
527,159,141.80,75.03,95.95,293.83,0.8489,-1,-1,-1
528,144,433.16,0.13,210.74,480.04,0.9061,-1,-1,-1
528,146,206.23,22.43,159.72,457.71,0.8605,-1,-1,-1
528,159,158.57,89.48,84.13,293.56,0.8614,-1,-1,-1
529,144,445.24,0.54,198.42,476.34,0.8936,-1,-1,-1
529,146,206.62,26.94,165.49,451.92,0.8829,-1,-1,-1
529,159,161.14,98.21,81.56,289.39,0.8438,-1,-1,-1
529,165,126.61,163.72,46.94,146.49,0.7924,-1,-1,-1
529,166,387.89,106.37,76.98,315.72,0.8117,-1,-1,-1
530,144,462.26,0.34,183.81,478.15,0.9025,-1,-1,-1
530,146,213.23,27.32,167.10,438.39,0.8749,-1,-1,-1
530,159,159.23,101.67,86.13,285.95,0.8630,-1,-1,-1
530,165,118.55,160.75,49.73,152.14,0.7848,-1,-1,-1
530,166,389.19,109.84,84.41,317.68,0.7385,-1,-1,-1
531,144,470.69,0.24,173.98,479.08,0.8965,-1,-1,-1
531,146,216.44,28.31,167.78,448.53,0.8791,-1,-1,-1
531,159,156.61,103.47,90.95,287.49,0.8511,-1,-1,-1
531,165,112.10,159.69,53.87,157.69,0.8114,-1,-1,-1
531,166,387.73,112.32,92.41,322.96,0.8240,-1,-1,-1
532,144,479.97,0.98,165.26,478.01,0.8852,-1,-1,-1
532,146,221.00,27.19,157.75,452.77,0.8936,-1,-1,-1
532,159,163.71,100.80,87.76,275.35,0.8406,-1,-1,-1
532,165,95.92,158.50,60.03,164.65,0.7518,-1,-1,-1
532,166,378.60,104.91,96.94,321.88,0.8402,-1,-1,-1
533,144,481.05,0.37,160.14,478.62,0.8890,-1,-1,-1
533,146,216.22,22.10,150.83,457.88,0.8799,-1,-1,-1
533,159,167.38,93.20,83.09,277.66,0.7978,-1,-1,-1
533,165,78.08,153.76,66.41,169.11,0.7949,-1,-1,-1
533,166,372.21,97.62,95.29,310.82,0.8438,-1,-1,-1
533,167,464.94,92.29,50.04,268.54,0.5636,-1,-1,-1
534,144,486.31,1.77,152.80,476.83,0.8880,-1,-1,-1
534,146,203.10,23.05,143.21,455.84,0.8854,-1,-1,-1
534,159,151.77,88.41,82.91,282.56,0.7946,-1,-1,-1
534,165,55.18,146.16,67.33,181.12,0.7984,-1,-1,-1
534,166,359.61,94.65,92.67,314.03,0.7876,-1,-1,-1
534,167,456.62,88.32,55.53,300.83,0.7802,-1,-1,-1
535,144,492.72,2.15,146.68,474.69,0.8779,-1,-1,-1
535,146,193.23,23.28,144.50,456.72,0.8782,-1,-1,-1
535,149,444.26,89.06,78.24,323.97,0.8451,-1,-1,-1
535,159,143.39,89.39,83.04,292.73,0.5142,-1,-1,-1
535,163,168.71,88.19,79.56,289.02,0.3160,-1,-1,-1
535,165,41.71,138.26,68.57,191.79,0.7869,-1,-1,-1
535,166,344.50,95.63,95.69,318.59,0.7805,-1,-1,-1
536,144,497.89,0.48,143.24,477.86,0.8810,-1,-1,-1
536,146,194.67,17.66,144.84,457.00,0.8794,-1,-1,-1
536,149,445.19,88.82,76.73,315.56,0.8429,-1,-1,-1
536,159,150.91,121.08,55.42,179.68,0.5161,-1,-1,-1
536,165,30.96,131.33,72.91,201.13,0.7968,-1,-1,-1
536,166,328.45,96.68,109.25,323.56,0.8517,-1,-1,-1
537,144,503.59,7.50,137.55,471.34,0.8824,-1,-1,-1
537,146,194.12,4.31,147.31,457.03,0.8817,-1,-1,-1
537,149,443.24,84.38,81.75,316.42,0.8732,-1,-1,-1
537,159,146.88,120.67,55.18,169.30,0.4640,-1,-1,-1
537,165,12.42,117.79,79.41,211.47,0.8026,-1,-1,-1
537,166,320.96,92.48,116.57,331.09,0.8493,-1,-1,-1
538,144,508.78,1.44,133.17,478.08,0.8789,-1,-1,-1
538,146,196.76,2.06,150.99,453.68,0.8947,-1,-1,-1
538,149,440.68,85.36,88.39,335.76,0.8513,-1,-1,-1
538,159,142.15,125.99,57.29,162.84,0.5854,-1,-1,-1
538,165,6.32,117.12,83.50,223.63,0.8456,-1,-1,-1
538,166,325.62,91.00,113.92,334.45,0.8007,-1,-1,-1
538,169,124.40,144.93,37.76,141.51,0.6651,-1,-1,-1
539,144,525.80,1.94,119.88,474.47,0.8620,-1,-1,-1
539,145,405.46,126.46,57.73,222.54,0.7755,-1,-1,-1
539,146,199.43,1.65,158.69,467.66,0.8856,-1,-1,-1
539,149,450.45,83.61,87.84,321.38,0.8490,-1,-1,-1
539,159,153.38,122.26,57.76,164.95,0.6061,-1,-1,-1
539,165,-0.24,112.68,87.11,237.50,0.8775,-1,-1,-1
539,166,334.64,87.60,104.01,328.03,0.8634,-1,-1,-1
539,169,123.48,139.83,42.00,146.49,0.7932,-1,-1,-1
540,144,535.24,6.75,111.44,465.82,0.8122,-1,-1,-1
540,145,410.43,128.20,55.31,222.22,0.7292,-1,-1,-1
540,146,203.54,1.10,161.84,476.31,0.8777,-1,-1,-1
540,149,453.22,78.08,95.84,337.57,0.8351,-1,-1,-1
540,159,164.42,121.13,76.01,239.60,0.7546,-1,-1,-1
540,165,-0.75,115.30,89.45,246.46,0.8681,-1,-1,-1
540,166,341.77,88.74,98.45,323.56,0.8686,-1,-1,-1
540,169,124.64,138.46,47.46,152.11,0.7812,-1,-1,-1
541,145,419.32,125.89,55.68,233.94,0.6711,-1,-1,-1
541,146,215.61,0.90,160.03,472.17,0.8654,-1,-1,-1
541,149,462.08,73.65,101.84,344.49,0.7461,-1,-1,-1
541,159,182.15,124.54,70.79,247.19,0.7327,-1,-1,-1
541,165,-4.16,108.79,87.81,264.73,0.8601,-1,-1,-1
541,166,349.47,83.39,98.40,336.78,0.8384,-1,-1,-1
541,167,564.24,25.60,73.19,403.22,0.7544,-1,-1,-1
541,169,120.06,139.76,57.10,155.71,0.8574,-1,-1,-1
542,146,228.72,2.31,155.86,472.44,0.8767,-1,-1,-1
542,149,455.37,71.78,106.50,353.43,0.6215,-1,-1,-1
542,159,195.42,123.47,68.35,251.79,0.4877,-1,-1,-1
542,165,-5.59,97.81,83.52,282.54,0.8438,-1,-1,-1
542,166,358.69,84.00,95.26,339.95,0.7930,-1,-1,-1
542,167,583.04,41.57,66.34,387.11,0.4941,-1,-1,-1
542,169,110.42,139.34,67.03,161.71,0.8664,-1,-1,-1
543,145,425.56,125.83,61.78,275.17,0.3388,-1,-1,-1
543,146,237.61,8.14,154.96,469.42,0.8474,-1,-1,-1
543,149,443.23,76.21,114.70,361.49,0.8114,-1,-1,-1
543,159,203.54,124.11,64.70,257.44,0.5257,-1,-1,-1
543,165,-3.03,91.14,77.98,294.24,0.8645,-1,-1,-1
543,166,365.01,90.63,92.28,342.77,0.6886,-1,-1,-1
543,169,104.51,143.45,72.26,161.73,0.8755,-1,-1,-1
543,171,185.83,151.99,38.72,146.10,0.5616,-1,-1,-1
544,146,245.30,3.43,155.72,476.53,0.8633,-1,-1,-1
544,149,451.59,76.22,121.24,366.31,0.8223,-1,-1,-1
544,159,213.80,130.93,56.05,247.22,0.6382,-1,-1,-1
544,165,-6.58,85.24,69.58,301.95,0.8031,-1,-1,-1
544,166,381.37,89.25,81.73,319.87,0.5156,-1,-1,-1
544,169,99.98,135.95,76.65,168.85,0.8782,-1,-1,-1
544,171,187.19,146.43,42.33,151.20,0.7646,-1,-1,-1
545,145,435.00,117.93,51.19,250.09,0.3106,-1,-1,-1
545,146,246.91,0.67,161.65,479.06,0.8553,-1,-1,-1
545,149,458.49,74.71,124.51,370.59,0.8016,-1,-1,-1
545,159,222.54,141.27,52.27,236.63,0.3899,-1,-1,-1
545,162,-0.75,112.19,63.17,275.88,0.7935,-1,-1,-1
545,166,388.61,88.94,83.99,341.80,0.5132,-1,-1,-1
545,169,102.32,134.33,78.08,170.97,0.8726,-1,-1,-1
545,171,189.24,148.66,44.68,151.32,0.7137,-1,-1,-1
546,146,255.22,0.41,170.71,478.17,0.8985,-1,-1,-1
546,149,471.21,71.30,124.06,371.85,0.7836,-1,-1,-1
546,162,-2.54,120.08,59.12,275.05,0.7622,-1,-1,-1
546,166,381.62,84.33,89.74,351.23,0.5795,-1,-1,-1
546,169,105.37,130.03,79.74,176.66,0.8602,-1,-1,-1
546,171,195.06,149.18,47.95,153.25,0.7579,-1,-1,-1
547,146,252.02,0.74,183.67,479.20,0.8883,-1,-1,-1
547,149,487.26,66.49,121.11,363.79,0.7380,-1,-1,-1
547,162,-9.51,125.38,54.68,268.25,0.5029,-1,-1,-1
547,166,393.64,81.58,88.09,341.33,0.6853,-1,-1,-1
547,169,106.92,121.26,78.48,184.89,0.7894,-1,-1,-1
547,171,193.90,141.80,52.91,160.70,0.8171,-1,-1,-1
548,145,473.10,116.29,50.85,253.63,0.6141,-1,-1,-1
548,146,252.06,0.01,190.27,471.26,0.8814,-1,-1,-1
548,149,501.62,64.57,123.80,375.27,0.7096,-1,-1,-1
548,166,399.46,82.13,89.60,348.27,0.5365,-1,-1,-1
548,169,112.24,120.93,73.18,188.28,0.8157,-1,-1,-1
548,171,196.80,138.29,58.83,166.43,0.8394,-1,-1,-1
549,145,479.82,122.13,50.02,245.67,0.6846,-1,-1,-1
549,146,253.31,0.42,193.30,470.62,0.8594,-1,-1,-1
549,149,513.21,62.84,127.02,387.28,0.7685,-1,-1,-1
549,166,416.14,87.27,84.45,334.27,0.4070,-1,-1,-1
549,169,114.32,118.37,71.10,192.67,0.8225,-1,-1,-1
549,171,195.07,134.90,62.46,171.10,0.8261,-1,-1,-1
550,145,486.81,111.11,53.95,248.88,0.7895,-1,-1,-1
550,146,258.04,-0.33,194.08,479.26,0.7731,-1,-1,-1
550,149,525.67,48.59,116.90,399.87,0.8854,-1,-1,-1
550,166,405.79,66.33,89.71,362.92,0.3738,-1,-1,-1
550,169,106.25,103.95,73.27,201.83,0.7353,-1,-1,-1
550,171,195.39,117.33,63.87,177.93,0.8328,-1,-1,-1
551,145,490.82,108.45,57.27,250.75,0.7482,-1,-1,-1
551,146,261.97,0.37,187.67,478.22,0.7981,-1,-1,-1
551,149,531.78,44.24,110.07,406.28,0.9019,-1,-1,-1
551,159,259.19,123.61,50.01,212.20,0.3576,-1,-1,-1
551,166,405.02,70.27,87.90,366.10,0.5840,-1,-1,-1
551,169,94.22,97.67,77.51,209.08,0.8372,-1,-1,-1
551,171,193.45,112.50,64.13,182.26,0.8254,-1,-1,-1
552,145,493.75,115.79,57.22,249.09,0.8078,-1,-1,-1
552,146,274.08,0.40,190.09,459.33,0.7676,-1,-1,-1
552,149,537.92,50.06,103.68,407.00,0.8940,-1,-1,-1
552,159,259.52,128.77,48.52,206.94,0.3710,-1,-1,-1
552,166,419.80,67.92,61.50,254.22,0.6492,-1,-1,-1
552,169,78.61,102.60,82.69,217.70,0.8669,-1,-1,-1
552,171,182.17,115.03,72.29,193.62,0.8695,-1,-1,-1
553,145,496.93,117.99,57.12,249.19,0.8039,-1,-1,-1
553,146,257.59,7.41,201.70,472.31,0.8598,-1,-1,-1
553,149,543.69,52.62,97.13,408.47,0.8766,-1,-1,-1
553,166,415.31,68.27,60.88,247.01,0.6963,-1,-1,-1
553,169,70.83,100.32,82.83,226.71,0.8717,-1,-1,-1
553,171,171.70,117.93,76.81,196.14,0.8716,-1,-1,-1
554,145,503.75,119.13,57.39,248.03,0.7678,-1,-1,-1
554,146,245.49,0.42,195.26,479.62,0.8953,-1,-1,-1
554,149,550.19,51.88,90.34,400.88,0.8936,-1,-1,-1
554,166,425.29,107.21,51.66,216.20,0.3899,-1,-1,-1
554,169,63.77,96.93,81.89,235.22,0.8522,-1,-1,-1
554,171,168.18,117.15,80.18,204.88,0.8604,-1,-1,-1
555,145,510.47,112.49,60.49,247.51,0.7635,-1,-1,-1
555,146,258.62,0.46,189.10,479.52,0.9125,-1,-1,-1
555,149,557.63,46.43,84.24,397.24,0.8912,-1,-1,-1
555,166,410.41,113.42,60.45,244.88,0.6300,-1,-1,-1
555,169,58.35,90.46,78.14,241.98,0.8391,-1,-1,-1
555,171,166.69,110.25,79.51,215.07,0.8783,-1,-1,-1
556,145,512.39,115.60,64.26,249.09,0.7722,-1,-1,-1
556,146,253.52,1.54,191.63,478.49,0.9082,-1,-1,-1
556,149,562.34,47.85,79.97,399.46,0.8629,-1,-1,-1
556,166,414.16,115.68,63.40,251.82,0.6948,-1,-1,-1
556,169,47.81,90.15,79.14,247.75,0.8331,-1,-1,-1
556,171,164.53,111.43,78.13,220.79,0.8762,-1,-1,-1
557,145,518.40,129.98,61.76,243.42,0.8214,-1,-1,-1
557,146,262.13,3.88,187.64,476.10,0.9203,-1,-1,-1
557,149,555.64,61.41,79.50,387.97,0.8320,-1,-1,-1
557,166,423.07,121.45,71.11,282.73,0.7216,-1,-1,-1
557,169,23.97,91.36,86.77,258.86,0.8682,-1,-1,-1
557,171,156.53,111.19,78.61,232.74,0.8789,-1,-1,-1
558,145,521.73,130.36,58.90,231.85,0.8128,-1,-1,-1
558,146,262.73,2.94,186.72,474.97,0.9082,-1,-1,-1
558,149,551.64,60.65,83.57,377.53,0.8451,-1,-1,-1
558,166,423.70,116.02,81.75,292.47,0.8158,-1,-1,-1
558,169,2.80,83.27,97.52,268.39,0.8952,-1,-1,-1
558,171,152.48,106.44,79.47,237.57,0.8721,-1,-1,-1
559,145,531.62,116.84,64.26,249.84,0.7421,-1,-1,-1
559,146,270.78,0.86,186.18,473.82,0.9217,-1,-1,-1
559,149,556.41,49.76,83.82,370.32,0.8579,-1,-1,-1
559,166,433.89,101.36,99.61,319.60,0.8191,-1,-1,-1
559,169,-0.86,78.86,97.89,272.82,0.9037,-1,-1,-1
559,171,150.53,94.98,85.56,245.67,0.8667,-1,-1,-1
560,145,536.06,113.22,61.66,242.98,0.7395,-1,-1,-1
560,146,270.91,0.00,186.13,478.45,0.9136,-1,-1,-1
560,149,569.04,44.21,75.96,378.47,0.8585,-1,-1,-1
560,166,444.31,89.26,106.12,341.10,0.8006,-1,-1,-1
560,169,-1.57,76.74,93.67,280.95,0.9214,-1,-1,-1
560,171,144.28,89.29,91.77,262.12,0.8781,-1,-1,-1
561,145,537.89,110.42,57.67,245.87,0.5997,-1,-1,-1
561,146,256.33,1.59,191.53,478.36,0.8990,-1,-1,-1
561,149,570.76,39.56,70.50,388.34,0.8866,-1,-1,-1
561,166,446.64,70.05,110.64,365.28,0.6572,-1,-1,-1
561,169,-4.59,67.63,83.78,287.28,0.8848,-1,-1,-1
561,171,125.89,78.11,96.30,280.71,0.8097,-1,-1,-1
562,146,246.28,0.79,197.16,478.10,0.8985,-1,-1,-1
562,149,567.91,34.68,71.22,398.30,0.9048,-1,-1,-1
562,162,0.80,89.37,56.46,263.29,0.8560,-1,-1,-1
562,163,407.72,79.52,59.63,261.22,0.5432,-1,-1,-1
562,166,456.08,54.96,112.31,380.23,0.7988,-1,-1,-1
562,171,111.80,71.78,98.32,288.79,0.8753,-1,-1,-1
563,146,237.60,2.38,210.49,477.63,0.9243,-1,-1,-1
563,149,576.10,41.04,65.59,406.36,0.8313,-1,-1,-1
563,162,-7.05,103.55,49.09,252.83,0.5158,-1,-1,-1
563,163,413.57,80.79,65.99,270.39,0.6222,-1,-1,-1
563,166,474.68,44.42,121.77,426.16,0.6245,-1,-1,-1
563,171,97.31,63.98,105.15,317.06,0.8177,-1,-1,-1
564,146,233.53,1.74,214.57,478.26,0.9036,-1,-1,-1
564,149,578.74,40.98,64.99,410.44,0.6636,-1,-1,-1
564,163,414.48,79.13,70.87,279.68,0.7098,-1,-1,-1
564,166,506.48,38.12,122.60,435.05,0.5517,-1,-1,-1
564,171,87.19,57.30,113.96,331.43,0.8687,-1,-1,-1
565,146,233.50,0.81,214.42,477.53,0.9221,-1,-1,-1
565,163,415.35,73.94,80.37,298.92,0.7920,-1,-1,-1
565,166,487.60,25.61,146.12,454.04,0.8272,-1,-1,-1
565,171,72.46,47.75,119.17,351.88,0.8584,-1,-1,-1
565,174,1.08,174.27,13.19,76.84,0.3710,-1,-1,-1
566,146,231.99,0.79,210.95,478.65,0.9175,-1,-1,-1
566,163,421.10,63.58,82.30,317.78,0.8403,-1,-1,-1
566,166,505.03,69.67,129.89,412.48,0.5172,-1,-1,-1
566,171,59.32,37.98,124.47,367.58,0.8917,-1,-1,-1
567,146,231.17,0.93,204.32,474.35,0.9194,-1,-1,-1
567,163,425.51,52.74,87.99,337.12,0.8584,-1,-1,-1
567,166,526.41,75.04,116.75,404.37,0.8255,-1,-1,-1
567,171,40.59,23.23,132.55,392.63,0.9007,-1,-1,-1
568,146,229.30,0.72,201.13,471.01,0.9187,-1,-1,-1
568,163,427.72,43.25,99.18,357.74,0.8648,-1,-1,-1
568,166,532.43,60.18,114.39,418.77,0.6951,-1,-1,-1
568,171,23.04,14.16,141.43,410.40,0.9122,-1,-1,-1
568,174,0.92,180.89,11.42,74.77,0.3831,-1,-1,-1
569,146,219.25,0.49,204.16,475.58,0.9236,-1,-1,-1
569,149,572.47,51.39,64.30,427.90,0.4805,-1,-1,-1
569,163,422.18,24.56,119.55,382.72,0.8649,-1,-1,-1
569,171,-1.25,0.08,152.44,447.35,0.9100,-1,-1,-1
570,146,211.79,0.49,207.39,476.40,0.9178,-1,-1,-1
570,149,569.98,46.81,63.04,377.00,0.6262,-1,-1,-1
570,163,427.27,11.26,128.28,402.92,0.8622,-1,-1,-1
570,171,-1.07,0.53,142.16,432.49,0.9159,-1,-1,-1
571,146,195.60,0.02,221.21,477.63,0.9079,-1,-1,-1
571,149,566.95,53.76,71.53,366.24,0.8798,-1,-1,-1
571,163,435.28,1.23,138.86,429.90,0.8686,-1,-1,-1
571,171,-4.63,-0.03,131.94,446.13,0.8978,-1,-1,-1
572,146,185.93,-0.01,230.44,476.54,0.9157,-1,-1,-1
572,149,574.56,60.84,61.64,313.79,0.7341,-1,-1,-1
572,163,442.67,0.27,147.26,448.74,0.8796,-1,-1,-1
572,171,-5.02,1.08,119.60,455.54,0.8826,-1,-1,-1
573,146,181.40,0.07,238.24,478.94,0.9162,-1,-1,-1
573,149,584.94,71.23,58.51,315.23,0.4259,-1,-1,-1
573,163,450.86,0.80,163.90,477.79,0.8487,-1,-1,-1
573,171,-6.04,17.86,107.96,455.02,0.8323,-1,-1,-1
574,146,182.82,0.01,246.67,478.01,0.9135,-1,-1,-1
574,163,458.92,0.08,174.95,479.98,0.9044,-1,-1,-1
575,146,191.01,0.00,246.34,477.18,0.9049,-1,-1,-1
575,163,466.07,0.48,174.28,478.63,0.9145,-1,-1,-1
576,146,199.90,-0.01,244.71,479.72,0.9184,-1,-1,-1
576,163,477.98,0.58,165.10,479.45,0.9071,-1,-1,-1
577,146,206.38,-0.00,244.63,479.99,0.9225,-1,-1,-1
577,163,490.58,0.81,154.29,477.17,0.8957,-1,-1,-1
578,146,214.55,0.24,242.10,479.74,0.9245,-1,-1,-1
578,163,504.07,0.81,151.54,479.19,0.7291,-1,-1,-1
579,146,223.04,0.22,238.21,479.72,0.9072,-1,-1,-1
580,146,234.54,0.44,233.84,476.13,0.9166,-1,-1,-1
580,149,506.29,65.08,116.55,348.72,0.8443,-1,-1,-1
581,145,571.52,110.22,65.48,268.43,0.5682,-1,-1,-1
581,146,253.33,0.10,234.96,478.78,0.9243,-1,-1,-1
581,149,497.01,68.74,104.54,329.30,0.7142,-1,-1,-1
581,177,216.68,148.20,47.15,135.42,0.7864,-1,-1,-1
582,146,258.08,0.22,236.77,476.13,0.9218,-1,-1,-1
582,149,490.46,70.56,100.52,325.88,0.6026,-1,-1,-1
582,177,212.64,150.15,50.78,136.88,0.8260,-1,-1,-1
583,145,539.75,115.38,92.17,291.99,0.6704,-1,-1,-1
583,146,263.74,0.06,248.93,477.54,0.9171,-1,-1,-1
583,149,490.66,81.49,94.47,322.21,0.6863,-1,-1,-1
583,177,208.97,159.92,53.78,138.43,0.7320,-1,-1,-1
584,145,519.21,100.60,105.25,315.40,0.5038,-1,-1,-1
584,146,268.80,0.01,264.61,476.77,0.9155,-1,-1,-1
584,177,204.65,159.50,57.13,143.34,0.7192,-1,-1,-1
585,146,273.00,0.18,276.80,474.56,0.9072,-1,-1,-1
585,177,199.20,149.60,60.27,150.97,0.7361,-1,-1,-1
585,179,547.88,117.93,56.59,236.32,0.4531,-1,-1,-1
585,180,1.89,0.03,108.38,472.50,0.6190,-1,-1,-1
586,146,275.72,0.03,276.74,472.99,0.9011,-1,-1,-1
586,177,196.33,144.38,62.07,161.29,0.8082,-1,-1,-1
586,179,537.05,121.01,64.49,258.86,0.7515,-1,-1,-1
586,180,3.88,0.28,110.35,475.79,0.5812,-1,-1,-1
587,146,273.73,-0.01,267.43,471.68,0.9127,-1,-1,-1
587,177,187.26,142.69,62.53,160.84,0.8180,-1,-1,-1
587,179,523.37,117.48,67.16,256.73,0.6560,-1,-1,-1
587,180,-1.41,-0.07,114.20,477.49,0.6821,-1,-1,-1
587,181,453.61,136.27,106.17,261.66,0.5198,-1,-1,-1
588,146,270.70,0.02,258.46,479.95,0.9158,-1,-1,-1
588,177,179.02,146.01,62.07,164.27,0.8345,-1,-1,-1
588,179,516.20,123.83,67.92,251.54,0.7257,-1,-1,-1
588,180,-4.42,0.18,112.76,478.49,0.6465,-1,-1,-1
588,181,449.92,175.90,86.21,216.46,0.5844,-1,-1,-1
589,146,244.98,-0.00,254.28,479.74,0.9051,-1,-1,-1
589,177,154.37,143.79,64.40,172.29,0.7229,-1,-1,-1
589,179,483.36,128.48,71.38,245.06,0.6394,-1,-1,-1
589,180,-6.40,0.61,107.45,476.89,0.6293,-1,-1,-1
590,146,233.33,-0.05,254.91,478.13,0.8834,-1,-1,-1
590,177,141.77,140.15,67.87,178.50,0.8216,-1,-1,-1
590,179,465.80,125.70,83.62,245.52,0.7959,-1,-1,-1
590,180,-4.90,0.49,105.34,471.90,0.3432,-1,-1,-1
591,146,205.68,-0.02,261.67,479.35,0.8733,-1,-1,-1
591,177,123.18,140.14,68.40,183.33,0.8122,-1,-1,-1
591,179,450.00,122.95,84.67,244.40,0.6489,-1,-1,-1
591,180,2.68,-0.15,108.14,471.33,0.6629,-1,-1,-1
592,146,187.55,0.08,260.42,478.37,0.8745,-1,-1,-1
592,177,104.91,143.78,72.66,195.99,0.8585,-1,-1,-1
592,179,411.24,126.08,96.01,260.49,0.7559,-1,-1,-1
592,180,-3.08,1.39,80.39,379.09,0.7696,-1,-1,-1
593,146,192.76,-0.07,254.12,479.69,0.8939,-1,-1,-1
593,166,382.32,122.47,88.29,255.12,0.3695,-1,-1,-1
593,177,84.36,131.41,76.02,208.77,0.8117,-1,-1,-1
593,180,2.48,8.86,92.55,447.38,0.4038,-1,-1,-1
594,146,191.87,0.40,247.77,478.65,0.8991,-1,-1,-1
594,177,72.83,123.62,77.15,214.84,0.8333,-1,-1,-1
594,180,2.79,26.17,91.43,449.72,0.5638,-1,-1,-1
595,146,193.54,0.36,240.88,479.68,0.9078,-1,-1,-1
595,166,400.56,125.71,74.66,240.33,0.4693,-1,-1,-1
595,177,48.11,118.39,83.78,230.08,0.7864,-1,-1,-1
596,146,191.66,0.26,235.06,479.75,0.9078,-1,-1,-1
596,163,369.64,125.05,82.60,262.36,0.5818,-1,-1,-1
596,166,398.50,128.49,67.75,242.02,0.3981,-1,-1,-1
596,177,37.34,110.26,87.67,238.17,0.8217,-1,-1,-1
597,146,196.80,0.01,223.56,478.41,0.9004,-1,-1,-1
597,163,364.45,138.12,75.60,244.15,0.3712,-1,-1,-1
597,177,27.83,105.03,87.13,246.26,0.7980,-1,-1,-1
597,186,-0.49,56.69,38.61,297.65,0.5669,-1,-1,-1
598,146,200.56,0.03,218.65,478.03,0.9108,-1,-1,-1
598,177,14.99,105.91,86.92,252.05,0.7668,-1,-1,-1
598,186,2.62,116.32,29.96,239.25,0.4540,-1,-1,-1
598,187,161.41,154.49,45.81,149.69,0.7754,-1,-1,-1
599,146,200.43,0.00,221.83,477.11,0.9032,-1,-1,-1
599,163,366.76,140.24,65.43,229.56,0.4019,-1,-1,-1
599,177,-0.53,100.74,93.90,280.97,0.8245,-1,-1,-1
599,187,154.16,152.18,51.29,151.62,0.8051,-1,-1,-1
599,188,605.08,194.50,34.86,146.90,0.6152,-1,-1,-1
600,146,202.90,1.02,229.51,475.14,0.9121,-1,-1,-1
600,177,-3.78,95.90,78.88,275.02,0.8680,-1,-1,-1
600,187,147.98,153.43,56.20,159.64,0.8116,-1,-1,-1
600,188,595.25,147.11,46.41,203.82,0.6039,-1,-1,-1
601,146,197.19,0.60,237.74,479.23,0.9209,-1,-1,-1
601,177,-7.36,124.66,71.24,248.95,0.4183,-1,-1,-1
601,187,141.60,153.15,59.76,163.74,0.8204,-1,-1,-1
601,188,592.01,129.95,50.95,225.63,0.5683,-1,-1,-1
602,146,191.63,-0.01,245.08,479.98,0.9112,-1,-1,-1
602,187,138.47,150.67,60.70,167.52,0.8201,-1,-1,-1
602,188,587.75,112.36,55.94,245.63,0.5306,-1,-1,-1
603,146,190.95,0.20,240.69,479.81,0.9084,-1,-1,-1
603,187,131.98,152.21,62.94,173.34,0.8622,-1,-1,-1
603,188,585.68,106.95,56.95,256.90,0.5837,-1,-1,-1
604,146,191.02,-0.01,235.13,479.99,0.9057,-1,-1,-1
604,163,371.53,178.81,57.62,192.28,0.3795,-1,-1,-1
604,187,131.60,147.54,66.51,178.96,0.8127,-1,-1,-1
604,188,574.08,101.61,75.35,353.00,0.4698,-1,-1,-1
604,189,10.90,222.00,29.06,213.70,0.6247,-1,-1,-1
605,146,195.01,-0.01,222.97,479.31,0.9085,-1,-1,-1
605,163,372.73,184.97,54.68,185.07,0.3238,-1,-1,-1
605,187,129.11,143.81,67.84,183.32,0.8074,-1,-1,-1
605,188,583.88,95.86,58.66,278.30,0.5190,-1,-1,-1
605,189,16.62,217.60,30.50,201.27,0.4953,-1,-1,-1
606,146,198.86,-0.01,214.39,478.42,0.9110,-1,-1,-1
606,187,125.81,139.67,69.02,184.82,0.8113,-1,-1,-1
606,188,579.69,94.46,72.39,366.04,0.4641,-1,-1,-1
607,146,196.94,1.11,211.32,478.87,0.9039,-1,-1,-1
607,180,12.50,193.60,46.21,224.43,0.4382,-1,-1,-1
607,187,117.16,132.80,74.60,195.57,0.8302,-1,-1,-1
608,146,194.46,0.03,212.95,480.00,0.9086,-1,-1,-1
608,187,100.20,131.35,84.25,203.29,0.8437,-1,-1,-1
609,146,200.62,0.23,218.89,479.72,0.9003,-1,-1,-1
609,187,94.47,124.82,92.28,213.00,0.8684,-1,-1,-1
609,193,193.76,143.04,60.39,235.59,0.5580,-1,-1,-1
610,146,208.53,0.05,221.82,479.94,0.7993,-1,-1,-1
610,187,90.65,122.97,91.40,221.41,0.8499,-1,-1,-1
611,146,223.38,0.08,216.39,480.00,0.8659,-1,-1,-1
611,187,89.43,124.46,88.12,227.68,0.8527,-1,-1,-1
612,146,231.08,-0.03,220.14,480.00,0.8847,-1,-1,-1
612,187,76.83,115.61,89.24,239.62,0.8632,-1,-1,-1
612,195,196.02,139.27,62.50,245.01,0.4076,-1,-1,-1
612,196,162.03,167.65,36.24,122.42,0.7495,-1,-1,-1
612,197,10.56,16.95,50.16,311.76,0.5220,-1,-1,-1
613,146,232.52,-0.07,224.39,480.02,0.8775,-1,-1,-1
613,187,58.58,107.68,95.20,244.64,0.8604,-1,-1,-1
613,195,196.57,136.18,60.99,233.21,0.5147,-1,-1,-1
613,196,155.52,162.25,38.27,124.87,0.7298,-1,-1,-1
613,197,9.66,19.80,56.38,303.84,0.7613,-1,-1,-1
614,146,249.12,0.02,223.27,478.02,0.8816,-1,-1,-1
614,166,174.54,106.09,89.08,260.87,0.8665,-1,-1,-1
614,187,46.84,98.84,95.92,267.25,0.8848,-1,-1,-1
614,196,143.07,158.27,41.83,130.92,0.7537,-1,-1,-1
614,197,8.04,29.78,58.75,307.54,0.7064,-1,-1,-1
615,146,260.04,0.11,220.26,478.00,0.8894,-1,-1,-1
615,166,179.34,106.44,86.15,264.96,0.8633,-1,-1,-1
615,187,45.82,95.10,93.25,274.27,0.8384,-1,-1,-1
615,196,137.93,157.28,45.08,132.95,0.7917,-1,-1,-1
615,197,0.28,21.43,71.71,385.10,0.7938,-1,-1,-1
616,146,273.90,-0.01,222.18,479.97,0.8924,-1,-1,-1
616,166,183.57,107.41,83.65,269.70,0.8400,-1,-1,-1
616,187,45.48,89.40,87.21,267.35,0.7537,-1,-1,-1
616,196,130.55,151.81,50.15,138.95,0.8220,-1,-1,-1
616,197,-1.19,8.85,81.72,441.01,0.6317,-1,-1,-1
617,146,278.39,-0.06,225.05,479.33,0.8881,-1,-1,-1
617,166,182.81,101.76,82.26,270.59,0.8541,-1,-1,-1
617,187,47.34,77.20,70.98,211.13,0.6213,-1,-1,-1
617,196,127.31,144.68,53.59,143.06,0.7973,-1,-1,-1
617,197,0.01,2.33,86.86,458.97,0.4682,-1,-1,-1
617,198,242.99,130.42,45.06,170.42,0.3029,-1,-1,-1
618,146,276.90,-0.03,226.43,478.98,0.8937,-1,-1,-1
618,166,177.23,97.46,78.47,272.29,0.8549,-1,-1,-1
618,187,39.61,59.31,59.30,177.58,0.3166,-1,-1,-1
618,196,111.95,138.84,59.48,149.89,0.7921,-1,-1,-1
618,197,0.74,-0.09,89.89,479.13,0.8149,-1,-1,-1
618,198,239.31,126.45,41.99,162.42,0.3291,-1,-1,-1
618,199,255.66,95.88,69.00,255.01,0.7249,-1,-1,-1
619,146,273.85,0.02,228.22,480.00,0.9010,-1,-1,-1
619,166,170.25,96.59,75.40,267.80,0.8632,-1,-1,-1
619,196,100.60,137.03,56.86,151.47,0.8066,-1,-1,-1
619,197,2.28,0.17,92.40,478.20,0.8445,-1,-1,-1
619,198,232.88,123.82,43.62,174.00,0.5725,-1,-1,-1
619,199,255.91,93.40,65.46,262.56,0.7926,-1,-1,-1
620,146,273.27,0.06,227.12,480.00,0.8565,-1,-1,-1
620,166,167.99,94.94,72.91,262.50,0.8336,-1,-1,-1
620,196,93.64,136.19,59.99,157.65,0.8081,-1,-1,-1
620,197,3.46,1.52,97.36,474.89,0.8455,-1,-1,-1
620,198,232.79,125.06,43.27,175.39,0.6489,-1,-1,-1
620,199,257.25,91.81,65.50,267.28,0.8104,-1,-1,-1
621,146,287.47,0.37,212.98,477.38,0.8909,-1,-1,-1
621,166,169.09,104.53,74.66,264.83,0.7976,-1,-1,-1
621,196,92.59,141.30,63.44,161.79,0.7955,-1,-1,-1
621,197,0.15,2.71,103.34,477.56,0.8804,-1,-1,-1
621,198,235.85,134.41,43.41,176.00,0.7010,-1,-1,-1
621,199,259.12,102.23,67.16,263.04,0.8151,-1,-1,-1
622,146,305.06,0.54,198.85,479.48,0.9047,-1,-1,-1
622,166,173.62,112.88,74.06,266.20,0.8545,-1,-1,-1
622,196,92.09,143.95,63.75,161.92,0.8021,-1,-1,-1
622,197,1.72,0.13,114.20,480.15,0.8905,-1,-1,-1
622,198,239.55,144.16,40.97,168.93,0.6811,-1,-1,-1
622,199,262.37,111.99,66.56,267.80,0.8253,-1,-1,-1
623,146,307.75,0.64,191.24,479.36,0.9139,-1,-1,-1
623,166,171.33,118.64,74.35,267.15,0.8562,-1,-1,-1
623,196,92.23,142.95,57.37,145.55,0.7316,-1,-1,-1
623,197,1.91,2.93,118.68,475.99,0.8239,-1,-1,-1
623,198,237.61,151.78,38.37,165.29,0.7129,-1,-1,-1
623,199,261.78,118.90,64.85,265.49,0.8259,-1,-1,-1
624,146,305.95,0.00,187.09,478.76,0.9197,-1,-1,-1
624,166,168.73,122.62,74.80,266.11,0.8213,-1,-1,-1
624,196,84.69,124.46,56.45,146.06,0.4267,-1,-1,-1
624,197,0.18,0.65,118.03,480.35,0.6564,-1,-1,-1
624,198,236.08,155.27,36.74,165.28,0.5107,-1,-1,-1
624,199,259.93,119.92,65.74,263.77,0.8273,-1,-1,-1
625,146,306.82,-0.03,187.78,479.69,0.9171,-1,-1,-1
625,166,167.49,117.01,78.29,267.80,0.7985,-1,-1,-1
625,197,-3.85,68.43,98.03,410.69,0.6965,-1,-1,-1
625,199,251.04,116.36,71.89,252.74,0.8592,-1,-1,-1
626,146,309.97,-0.02,194.62,479.07,0.9133,-1,-1,-1
626,166,163.22,113.71,87.47,266.45,0.8228,-1,-1,-1
626,197,-0.87,74.34,96.23,404.69,0.6167,-1,-1,-1
626,199,252.57,110.46,73.39,252.65,0.8529,-1,-1,-1
627,146,314.56,-0.04,205.94,478.77,0.9044,-1,-1,-1
627,166,174.64,106.16,83.27,258.82,0.7839,-1,-1,-1
627,197,10.33,7.93,118.60,472.37,0.6251,-1,-1,-1
627,199,255.22,105.44,72.32,257.37,0.8542,-1,-1,-1
628,146,321.61,-0.02,223.97,479.31,0.9194,-1,-1,-1
628,166,176.48,99.19,84.17,261.22,0.8363,-1,-1,-1
628,197,12.15,1.29,129.88,479.37,0.6092,-1,-1,-1
628,199,258.23,103.05,74.76,259.67,0.8704,-1,-1,-1
629,146,335.17,0.09,242.63,477.50,0.8932,-1,-1,-1
629,166,185.91,107.26,84.54,262.62,0.8099,-1,-1,-1
629,197,13.44,2.49,141.27,479.29,0.6210,-1,-1,-1
629,199,267.66,112.31,76.24,257.41,0.8297,-1,-1,-1
630,146,347.01,0.02,260.24,479.96,0.8930,-1,-1,-1
630,166,191.71,113.86,87.59,261.77,0.7738,-1,-1,-1
630,197,8.26,1.39,163.45,477.86,0.8124,-1,-1,-1
630,199,275.45,114.33,76.67,257.22,0.8099,-1,-1,-1
630,201,162.73,132.77,52.24,183.78,0.7467,-1,-1,-1
631,146,356.74,-0.02,267.01,475.59,0.8939,-1,-1,-1
631,166,211.69,116.12,80.15,262.00,0.8263,-1,-1,-1
631,197,4.99,0.27,186.00,477.17,0.8903,-1,-1,-1
631,199,286.43,114.08,76.79,253.76,0.8256,-1,-1,-1
631,201,167.96,129.90,56.37,192.73,0.7460,-1,-1,-1
632,146,366.26,0.01,263.20,477.61,0.9166,-1,-1,-1
632,166,220.25,118.84,71.11,260.54,0.8479,-1,-1,-1
632,197,4.35,0.73,191.63,478.73,0.8934,-1,-1,-1
632,199,291.47,116.59,74.12,243.58,0.8495,-1,-1,-1
632,201,179.83,131.60,41.85,141.46,0.4527,-1,-1,-1
633,146,382.40,-0.01,259.58,479.97,0.9046,-1,-1,-1
633,166,228.65,117.00,67.03,253.41,0.8410,-1,-1,-1
633,180,175.92,130.20,53.45,246.47,0.5313,-1,-1,-1
633,197,20.39,0.40,191.69,479.66,0.8634,-1,-1,-1
633,199,298.33,114.65,75.14,246.94,0.8505,-1,-1,-1
634,146,397.02,-0.02,247.03,476.99,0.9106,-1,-1,-1
634,166,234.16,112.10,68.27,252.98,0.8294,-1,-1,-1
634,197,23.35,-0.02,190.68,480.15,0.7757,-1,-1,-1
634,199,305.53,113.48,75.67,248.33,0.8355,-1,-1,-1
634,202,-1.89,65.80,60.53,314.51,0.7632,-1,-1,-1
635,146,410.98,-0.00,234.94,479.95,0.9113,-1,-1,-1
635,166,239.96,114.14,69.26,249.34,0.8128,-1,-1,-1
635,197,36.68,0.64,199.28,479.44,0.8729,-1,-1,-1
635,198,288.59,142.54,44.50,168.12,0.4250,-1,-1,-1
635,199,313.58,116.52,76.80,248.13,0.8468,-1,-1,-1
636,146,415.56,-0.00,226.60,479.04,0.9128,-1,-1,-1
636,166,235.75,116.96,69.46,247.09,0.7757,-1,-1,-1
636,197,38.66,1.36,203.60,477.65,0.8501,-1,-1,-1
636,198,287.86,141.14,43.41,167.47,0.4241,-1,-1,-1
636,199,313.33,115.87,74.30,244.72,0.8229,-1,-1,-1
637,146,418.03,0.88,223.20,479.10,0.9243,-1,-1,-1
637,166,240.93,118.78,66.81,240.75,0.7584,-1,-1,-1
637,197,45.65,0.32,203.49,479.66,0.8326,-1,-1,-1
637,198,288.85,140.28,42.04,166.93,0.5514,-1,-1,-1
637,199,312.72,115.68,72.74,240.06,0.8094,-1,-1,-1
638,146,416.64,1.01,224.10,478.94,0.9152,-1,-1,-1
638,166,246.42,117.78,62.59,229.41,0.8277,-1,-1,-1
638,197,56.66,-0.04,200.63,480.06,0.8364,-1,-1,-1
638,199,311.95,113.84,71.83,232.87,0.8096,-1,-1,-1
639,146,405.46,0.63,233.42,478.33,0.8978,-1,-1,-1
639,166,245.92,114.27,62.44,231.82,0.8172,-1,-1,-1
639,197,57.52,0.64,198.55,479.37,0.7916,-1,-1,-1
639,198,288.45,137.74,42.80,159.94,0.3381,-1,-1,-1
639,199,308.92,111.86,74.57,236.81,0.8497,-1,-1,-1
640,146,404.76,0.98,234.79,479.03,0.8852,-1,-1,-1
640,166,241.92,112.96,62.64,235.92,0.8113,-1,-1,-1
640,197,26.58,0.93,211.03,479.10,0.8316,-1,-1,-1
640,199,303.64,113.39,76.53,237.90,0.8379,-1,-1,-1
641,146,413.23,0.29,227.52,478.03,0.9248,-1,-1,-1
641,166,236.92,118.69,62.80,237.61,0.7443,-1,-1,-1
641,197,25.02,0.67,214.80,479.01,0.8211,-1,-1,-1
641,199,297.14,118.42,75.77,236.57,0.8269,-1,-1,-1
642,146,406.42,0.35,231.11,479.67,0.9188,-1,-1,-1
642,166,235.90,122.68,62.85,239.67,0.7456,-1,-1,-1
642,197,21.41,0.08,217.70,477.43,0.8589,-1,-1,-1
642,199,294.34,120.92,75.90,234.98,0.8351,-1,-1,-1
642,203,-2.90,46.84,116.60,334.22,0.5938,-1,-1,-1
643,146,402.41,0.32,233.14,478.80,0.9265,-1,-1,-1
643,166,233.71,122.81,62.22,237.46,0.7145,-1,-1,-1
643,197,26.69,2.59,215.10,477.29,0.7258,-1,-1,-1
643,198,268.67,142.71,42.13,159.50,0.4605,-1,-1,-1
643,199,293.81,120.15,75.17,233.55,0.8122,-1,-1,-1
643,203,-16.60,29.39,114.92,376.93,0.7639,-1,-1,-1
644,146,397.79,0.36,238.01,477.18,0.9290,-1,-1,-1
644,166,220.36,127.02,66.08,234.88,0.6474,-1,-1,-1
644,197,16.85,6.64,213.83,472.60,0.9028,-1,-1,-1
644,198,268.90,149.43,39.87,155.11,0.4346,-1,-1,-1
644,199,292.18,123.13,74.16,227.11,0.8343,-1,-1,-1
645,146,394.48,0.14,244.16,476.97,0.9310,-1,-1,-1
645,166,219.79,125.77,62.44,228.64,0.7903,-1,-1,-1
645,197,32.42,0.40,201.44,479.55,0.8686,-1,-1,-1
645,198,265.43,145.42,39.14,159.48,0.5114,-1,-1,-1
645,199,286.77,119.94,73.24,231.56,0.8562,-1,-1,-1
645,205,-6.03,92.72,39.77,183.01,0.3130,-1,-1,-1
646,146,390.39,0.10,247.52,474.88,0.9145,-1,-1,-1
646,166,220.26,124.42,56.06,209.10,0.7904,-1,-1,-1
646,197,55.92,-0.05,174.81,480.03,0.8939,-1,-1,-1
646,198,264.07,144.77,28.93,118.70,0.5340,-1,-1,-1
646,199,282.30,122.01,70.55,230.79,0.7914,-1,-1,-1
647,146,388.59,0.55,249.60,475.91,0.9191,-1,-1,-1
647,166,219.67,125.68,51.19,192.04,0.8153,-1,-1,-1
647,197,63.79,-0.02,161.86,479.69,0.8976,-1,-1,-1
647,198,254.58,149.56,35.19,153.82,0.6761,-1,-1,-1
647,199,279.79,125.54,67.97,230.52,0.7967,-1,-1,-1
648,146,389.65,0.49,249.65,475.39,0.9144,-1,-1,-1
648,166,217.97,130.20,51.38,194.20,0.7353,-1,-1,-1
648,197,65.77,0.44,157.46,479.58,0.9028,-1,-1,-1
648,198,254.62,151.59,34.46,152.53,0.6552,-1,-1,-1
648,199,279.65,129.56,66.61,228.35,0.7823,-1,-1,-1
649,146,389.29,0.67,250.50,477.53,0.9203,-1,-1,-1
649,166,216.45,137.99,53.87,204.39,0.7172,-1,-1,-1
649,197,63.01,2.83,157.71,477.21,0.8980,-1,-1,-1
649,198,254.69,155.36,33.64,149.30,0.6807,-1,-1,-1
649,199,278.59,132.64,66.58,226.93,0.7799,-1,-1,-1
650,146,390.13,0.29,248.79,476.83,0.9206,-1,-1,-1
650,166,215.74,138.72,53.50,204.70,0.8070,-1,-1,-1
650,197,60.09,6.40,158.41,473.61,0.8956,-1,-1,-1
650,199,276.42,130.61,66.44,221.69,0.7991,-1,-1,-1
651,146,389.50,-0.05,248.80,479.64,0.8969,-1,-1,-1
651,166,206.78,125.03,55.83,219.52,0.7679,-1,-1,-1
651,197,40.64,-0.02,166.51,479.64,0.8885,-1,-1,-1
651,199,262.94,121.86,69.26,219.64,0.8029,-1,-1,-1
652,146,392.40,0.04,246.22,476.01,0.9023,-1,-1,-1
652,166,205.20,128.28,56.64,220.84,0.8175,-1,-1,-1
652,197,40.18,1.35,168.84,476.93,0.8966,-1,-1,-1
652,199,259.79,127.08,71.84,221.53,0.8354,-1,-1,-1
653,146,394.31,0.71,244.70,479.04,0.8966,-1,-1,-1
653,166,204.70,135.50,56.77,221.30,0.8145,-1,-1,-1
653,197,41.23,5.21,170.20,474.85,0.8762,-1,-1,-1
653,199,259.46,135.14,71.58,223.20,0.8489,-1,-1,-1
654,146,393.89,0.02,244.82,479.01,0.9116,-1,-1,-1
654,166,201.93,132.37,57.06,220.94,0.7886,-1,-1,-1
654,197,34.48,-0.04,176.87,479.95,0.8887,-1,-1,-1
654,199,259.52,130.51,70.75,223.16,0.8315,-1,-1,-1
655,146,392.00,-0.00,243.97,479.22,0.9175,-1,-1,-1
655,166,195.80,134.59,62.44,220.30,0.8414,-1,-1,-1
655,197,24.47,-0.02,186.84,480.01,0.8750,-1,-1,-1
655,199,263.07,131.51,69.60,222.87,0.8482,-1,-1,-1
656,146,389.06,0.05,245.88,479.94,0.8977,-1,-1,-1
656,166,201.48,134.23,60.24,220.18,0.7752,-1,-1,-1
656,197,14.69,0.67,199.80,479.33,0.8913,-1,-1,-1
656,199,266.10,129.96,67.44,219.76,0.8448,-1,-1,-1
657,146,375.63,0.47,258.95,477.48,0.8913,-1,-1,-1
657,166,209.59,125.04,57.36,211.44,0.7780,-1,-1,-1
657,197,16.28,5.48,205.66,471.53,0.9124,-1,-1,-1
657,199,272.28,120.66,68.66,213.80,0.8607,-1,-1,-1
657,205,80.88,199.95,22.74,106.00,0.5288,-1,-1,-1
658,146,379.07,0.75,258.45,476.97,0.8927,-1,-1,-1
658,166,216.11,125.36,55.60,207.63,0.8042,-1,-1,-1
658,197,27.04,9.57,201.25,467.12,0.8965,-1,-1,-1
658,199,275.53,119.29,69.79,213.65,0.8461,-1,-1,-1
659,146,380.85,0.25,248.89,479.53,0.9049,-1,-1,-1
659,166,219.11,127.56,55.75,197.50,0.7765,-1,-1,-1
659,197,53.89,8.90,179.69,471.07,0.9092,-1,-1,-1
659,199,279.70,119.97,71.00,215.53,0.8334,-1,-1,-1
660,146,387.49,0.24,240.08,479.24,0.8985,-1,-1,-1
660,166,211.90,135.51,55.75,192.25,0.7545,-1,-1,-1
660,197,71.69,10.00,157.42,465.31,0.8865,-1,-1,-1
660,199,275.51,130.39,69.19,213.27,0.8413,-1,-1,-1
661,146,390.69,0.09,240.46,475.96,0.9184,-1,-1,-1
661,166,210.73,137.50,57.81,190.92,0.6222,-1,-1,-1
661,197,80.48,4.24,150.32,474.03,0.8859,-1,-1,-1
661,199,274.81,131.77,69.31,208.10,0.8185,-1,-1,-1
662,146,389.98,0.00,246.88,479.02,0.8988,-1,-1,-1
662,166,218.63,138.59,50.74,165.65,0.4958,-1,-1,-1
662,197,85.26,2.69,143.75,477.28,0.8764,-1,-1,-1
662,199,273.14,131.45,68.66,213.19,0.8510,-1,-1,-1
662,206,41.86,136.84,60.40,197.88,0.6839,-1,-1,-1
663,146,391.88,0.26,246.26,475.29,0.8743,-1,-1,-1
663,166,225.18,137.35,48.95,158.85,0.5902,-1,-1,-1
663,197,90.28,4.62,143.98,475.21,0.8680,-1,-1,-1
663,199,274.81,130.78,66.48,205.73,0.8586,-1,-1,-1
663,206,36.92,128.69,66.74,213.77,0.7919,-1,-1,-1
664,146,392.52,0.37,246.51,474.94,0.9131,-1,-1,-1
664,166,225.46,135.70,49.18,157.26,0.6913,-1,-1,-1
664,197,91.27,9.44,136.56,438.86,0.8857,-1,-1,-1
664,199,274.86,131.05,66.84,204.14,0.8644,-1,-1,-1
664,206,13.20,124.58,79.73,219.77,0.7869,-1,-1,-1
665,146,400.87,0.10,240.51,479.89,0.9056,-1,-1,-1
665,166,226.51,132.37,50.93,162.77,0.8041,-1,-1,-1
665,197,93.13,15.40,139.67,464.12,0.8705,-1,-1,-1
665,199,278.30,129.47,67.09,203.62,0.8241,-1,-1,-1
665,206,6.56,112.99,84.12,232.83,0.8364,-1,-1,-1
666,146,412.08,0.58,231.03,477.86,0.8781,-1,-1,-1
666,166,227.42,131.45,51.54,164.39,0.8193,-1,-1,-1
666,197,96.54,13.61,138.13,464.68,0.8391,-1,-1,-1
666,199,278.21,126.78,67.40,206.95,0.8209,-1,-1,-1
666,206,2.20,105.74,84.42,240.04,0.8896,-1,-1,-1
666,207,82.26,155.29,32.07,182.71,0.4281,-1,-1,-1
667,146,428.18,0.57,215.99,478.73,0.8947,-1,-1,-1
667,166,232.72,133.14,48.64,160.27,0.7241,-1,-1,-1
667,197,98.70,11.78,135.38,467.87,0.8721,-1,-1,-1
667,199,279.81,127.86,66.87,207.04,0.8010,-1,-1,-1
667,206,-0.79,97.10,84.37,250.37,0.8918,-1,-1,-1
667,207,78.77,97.20,42.76,241.02,0.6754,-1,-1,-1
668,146,445.00,0.82,199.03,479.20,0.9091,-1,-1,-1
668,166,235.54,136.68,50.37,166.65,0.7602,-1,-1,-1
668,197,109.97,11.61,134.91,468.10,0.8669,-1,-1,-1
668,199,284.20,131.24,66.53,204.40,0.8484,-1,-1,-1
668,206,-2.60,96.30,81.57,259.47,0.8746,-1,-1,-1
668,207,71.84,95.07,48.52,258.85,0.7957,-1,-1,-1
668,208,384.52,108.38,88.26,260.74,0.4132,-1,-1,-1
669,146,455.30,0.74,186.90,479.20,0.9209,-1,-1,-1
669,166,236.90,131.12,49.12,158.70,0.5285,-1,-1,-1
669,197,97.85,4.22,143.96,453.31,0.8750,-1,-1,-1
669,199,288.18,125.06,64.90,197.01,0.8841,-1,-1,-1
669,206,-4.92,89.49,74.61,264.78,0.8560,-1,-1,-1
669,207,63.50,88.35,54.56,269.59,0.7843,-1,-1,-1
669,208,383.71,100.31,95.15,270.95,0.7864,-1,-1,-1
670,146,460.53,1.11,180.35,478.89,0.9158,-1,-1,-1
670,166,234.03,128.99,57.55,189.71,0.7521,-1,-1,-1
670,197,91.82,6.89,155.26,459.20,0.8684,-1,-1,-1
670,199,290.21,123.85,64.96,198.31,0.8689,-1,-1,-1
670,206,-5.34,92.37,64.35,266.33,0.8521,-1,-1,-1
670,207,55.20,82.62,60.58,287.48,0.6817,-1,-1,-1
670,208,401.56,103.47,89.00,263.23,0.8375,-1,-1,-1
671,146,464.36,1.46,175.99,477.11,0.9126,-1,-1,-1
671,166,240.01,136.72,54.29,192.29,0.7359,-1,-1,-1
671,197,81.54,19.46,164.76,454.34,0.8384,-1,-1,-1
671,199,290.79,131.65,65.58,198.91,0.8549,-1,-1,-1
671,206,-4.54,119.60,54.22,249.18,0.8169,-1,-1,-1
671,207,43.02,84.73,72.21,307.49,0.7928,-1,-1,-1
671,208,394.50,113.64,91.33,267.03,0.7815,-1,-1,-1
672,146,467.08,1.27,172.54,478.16,0.8930,-1,-1,-1
672,166,246.52,149.01,47.88,185.54,0.7239,-1,-1,-1
672,197,99.45,40.10,155.23,439.14,0.7667,-1,-1,-1
672,199,291.16,142.67,64.35,201.21,0.8583,-1,-1,-1
672,206,-12.04,129.52,49.77,259.23,0.6564,-1,-1,-1
672,207,26.06,84.06,87.70,329.73,0.8464,-1,-1,-1
672,208,398.30,126.71,87.85,271.10,0.8368,-1,-1,-1
673,146,462.47,-0.19,175.44,479.97,0.8639,-1,-1,-1
673,166,252.63,140.49,44.46,179.63,0.7724,-1,-1,-1
673,197,108.78,30.59,147.96,449.04,0.8710,-1,-1,-1
673,199,295.26,134.21,63.06,198.26,0.8404,-1,-1,-1
673,207,5.96,58.56,106.67,352.11,0.8679,-1,-1,-1
673,208,403.88,111.50,88.88,275.25,0.8543,-1,-1,-1
674,146,462.00,1.30,177.07,478.62,0.8838,-1,-1,-1
674,166,249.06,135.02,45.72,182.93,0.7834,-1,-1,-1
674,197,89.65,23.90,152.96,455.88,0.7765,-1,-1,-1
674,199,291.69,127.62,61.00,197.63,0.8566,-1,-1,-1
674,207,-0.26,38.55,113.15,374.65,0.8913,-1,-1,-1
674,208,398.58,102.80,85.35,270.69,0.8356,-1,-1,-1
675,146,481.63,1.02,160.44,479.05,0.9052,-1,-1,-1
675,166,238.56,138.93,46.47,183.84,0.6282,-1,-1,-1
675,197,95.27,21.84,142.43,458.22,0.8820,-1,-1,-1
675,199,288.39,135.89,56.65,187.78,0.8597,-1,-1,-1
675,207,-5.19,29.51,99.86,394.58,0.8869,-1,-1,-1
675,208,393.70,108.93,80.80,265.77,0.8354,-1,-1,-1
676,146,478.55,1.76,158.09,478.40,0.8279,-1,-1,-1
676,166,239.60,141.60,45.51,188.68,0.8134,-1,-1,-1
676,197,97.83,23.11,138.18,447.12,0.8958,-1,-1,-1
676,199,283.56,138.93,56.20,189.43,0.8510,-1,-1,-1
676,207,-7.60,19.64,86.34,411.18,0.8588,-1,-1,-1
676,208,387.32,115.86,80.86,264.83,0.7587,-1,-1,-1
677,146,477.02,1.03,162.03,478.58,0.8987,-1,-1,-1
677,166,241.92,140.35,45.62,186.97,0.8188,-1,-1,-1
677,197,96.77,19.20,144.42,449.25,0.8886,-1,-1,-1
677,199,285.52,138.84,57.65,189.87,0.8241,-1,-1,-1
677,207,-13.90,26.17,80.31,409.78,0.7165,-1,-1,-1
677,208,389.33,115.88,84.40,269.79,0.7805,-1,-1,-1
678,146,473.04,0.75,166.17,477.20,0.9060,-1,-1,-1
678,166,239.52,139.88,44.61,182.29,0.8256,-1,-1,-1
678,197,101.17,17.12,142.37,457.71,0.8651,-1,-1,-1
678,199,281.36,136.82,59.91,191.84,0.8527,-1,-1,-1
678,208,386.46,113.22,87.39,274.83,0.8410,-1,-1,-1
679,146,469.08,0.79,169.92,479.21,0.8952,-1,-1,-1
679,166,237.09,147.84,47.58,196.11,0.7142,-1,-1,-1
679,197,103.40,28.94,136.72,451.04,0.8280,-1,-1,-1
679,199,280.85,142.03,60.04,192.37,0.8565,-1,-1,-1
679,208,383.69,118.56,90.01,275.45,0.7720,-1,-1,-1
679,210,81.44,162.19,43.11,159.46,0.5563,-1,-1,-1
680,146,468.29,1.02,170.69,479.02,0.9085,-1,-1,-1
680,166,236.64,152.90,47.42,199.22,0.7467,-1,-1,-1
680,197,106.85,38.82,128.31,418.48,0.8177,-1,-1,-1
680,199,280.20,144.53,59.56,192.96,0.8632,-1,-1,-1
680,208,381.13,120.81,91.36,278.59,0.7584,-1,-1,-1
680,210,77.00,157.02,46.44,170.48,0.5967,-1,-1,-1
681,146,468.67,1.10,170.39,478.89,0.9140,-1,-1,-1
681,166,236.27,150.01,42.93,177.82,0.7857,-1,-1,-1
681,197,105.26,41.90,130.02,424.08,0.7966,-1,-1,-1
681,199,277.25,142.75,59.09,186.95,0.8541,-1,-1,-1
681,208,375.99,117.57,91.32,280.28,0.8328,-1,-1,-1
681,210,63.24,133.87,54.33,195.22,0.7463,-1,-1,-1
682,146,474.50,0.95,165.27,478.32,0.9115,-1,-1,-1
682,166,231.82,146.27,44.07,181.23,0.7967,-1,-1,-1
682,197,100.61,33.90,136.93,445.80,0.8531,-1,-1,-1
682,199,276.34,140.16,58.50,188.34,0.8667,-1,-1,-1
682,208,372.80,113.76,88.44,273.18,0.8198,-1,-1,-1
682,210,51.41,127.21,63.08,214.44,0.7842,-1,-1,-1
683,146,481.24,1.12,159.10,476.92,0.9110,-1,-1,-1
683,166,234.69,146.51,42.26,181.37,0.7650,-1,-1,-1
683,197,99.50,35.86,139.19,443.88,0.8583,-1,-1,-1
683,199,276.16,140.94,57.36,185.41,0.8635,-1,-1,-1
683,208,356.72,113.13,90.32,273.90,0.6908,-1,-1,-1
683,210,45.69,125.10,65.93,226.20,0.7948,-1,-1,-1
684,146,488.81,0.87,152.16,479.09,0.9155,-1,-1,-1
684,166,229.32,143.18,43.30,184.89,0.6547,-1,-1,-1
684,197,95.46,25.74,139.61,437.08,0.8657,-1,-1,-1
684,199,271.68,137.83,59.85,189.47,0.8640,-1,-1,-1
684,208,354.40,108.25,93.97,282.11,0.7305,-1,-1,-1
684,210,35.71,112.42,73.21,242.08,0.7714,-1,-1,-1
685,146,494.30,1.18,146.37,478.82,0.9132,-1,-1,-1
685,166,217.57,141.39,51.66,202.79,0.7062,-1,-1,-1
685,197,85.46,24.05,149.81,443.87,0.8815,-1,-1,-1
685,199,273.55,136.61,60.32,189.99,0.8616,-1,-1,-1
685,208,353.18,111.19,96.34,280.89,0.7595,-1,-1,-1
685,210,23.46,106.03,77.79,252.29,0.5748,-1,-1,-1
686,146,495.10,1.03,144.83,478.23,0.8968,-1,-1,-1
686,166,220.55,142.04,50.26,196.37,0.4229,-1,-1,-1
686,197,77.79,26.20,157.58,453.65,0.8909,-1,-1,-1
686,199,270.88,135.68,59.78,189.45,0.8212,-1,-1,-1
686,208,356.44,111.02,95.30,284.20,0.7943,-1,-1,-1
686,210,14.89,92.37,83.62,266.15,0.7964,-1,-1,-1
687,146,495.69,0.68,144.32,479.31,0.9104,-1,-1,-1
687,166,233.70,143.37,38.98,148.85,0.5414,-1,-1,-1
687,197,78.73,31.87,157.80,448.16,0.8834,-1,-1,-1
687,199,272.18,135.83,58.55,184.27,0.8404,-1,-1,-1
687,208,359.09,108.36,93.09,289.52,0.8427,-1,-1,-1
687,210,0.33,82.27,89.60,280.50,0.8851,-1,-1,-1
688,146,491.73,0.95,147.55,478.79,0.9203,-1,-1,-1
688,166,229.77,139.20,37.07,140.15,0.5504,-1,-1,-1
688,197,65.82,32.58,162.90,447.42,0.8681,-1,-1,-1
688,199,266.72,130.81,59.14,185.00,0.7832,-1,-1,-1
688,208,358.05,103.38,93.48,287.81,0.8473,-1,-1,-1
688,210,-4.16,73.48,88.03,289.54,0.8248,-1,-1,-1
689,146,478.99,0.03,157.64,478.83,0.8965,-1,-1,-1
689,166,222.77,141.36,45.37,174.12,0.7151,-1,-1,-1
689,197,80.58,33.62,154.82,446.48,0.8262,-1,-1,-1
689,199,264.18,132.27,59.84,185.43,0.8241,-1,-1,-1
689,208,357.02,104.85,90.82,281.34,0.8437,-1,-1,-1
689,210,-7.26,69.16,84.47,293.24,0.7674,-1,-1,-1
689,213,308.56,151.82,39.06,137.93,0.6047,-1,-1,-1
690,146,452.10,-0.01,177.58,479.93,0.8623,-1,-1,-1
690,166,218.86,140.57,47.11,179.30,0.6364,-1,-1,-1
690,197,79.35,31.75,150.49,448.28,0.8663,-1,-1,-1
690,199,261.18,133.59,59.09,186.39,0.8410,-1,-1,-1
690,208,355.97,102.67,87.94,278.11,0.8486,-1,-1,-1
690,210,-9.16,78.18,81.69,295.20,0.6837,-1,-1,-1
690,213,310.65,151.97,42.28,139.35,0.7234,-1,-1,-1
691,146,452.71,0.00,184.85,478.80,0.8517,-1,-1,-1
691,166,213.56,144.03,54.65,206.43,0.4540,-1,-1,-1
691,197,100.11,30.42,135.93,442.49,0.8914,-1,-1,-1
691,199,260.27,137.65,60.23,187.08,0.8256,-1,-1,-1
691,208,351.40,102.30,90.33,283.88,0.8244,-1,-1,-1
691,210,-2.25,87.96,56.88,199.35,0.5576,-1,-1,-1
691,213,310.10,153.57,45.09,139.68,0.8004,-1,-1,-1
692,146,485.04,1.68,165.89,474.93,0.8479,-1,-1,-1
692,166,225.04,146.99,37.66,138.48,0.4845,-1,-1,-1
692,197,107.46,29.98,128.80,435.06,0.8958,-1,-1,-1
692,199,259.69,141.32,59.84,184.46,0.8394,-1,-1,-1
692,208,351.40,103.59,89.95,287.23,0.8502,-1,-1,-1
692,210,-7.66,88.01,55.57,201.01,0.5479,-1,-1,-1
692,213,311.68,151.97,47.92,143.29,0.7730,-1,-1,-1
692,215,53.23,134.76,59.84,183.51,0.7586,-1,-1,-1
693,146,496.64,0.98,149.60,477.65,0.8814,-1,-1,-1
693,166,230.07,141.99,34.10,122.58,0.3494,-1,-1,-1
693,197,113.19,23.76,130.00,447.89,0.8834,-1,-1,-1
693,199,262.02,131.75,60.61,186.43,0.8407,-1,-1,-1
693,208,353.75,101.10,93.54,289.65,0.7831,-1,-1,-1
693,210,-7.93,103.29,55.15,201.66,0.3536,-1,-1,-1
693,213,316.20,145.22,49.46,146.61,0.6527,-1,-1,-1
693,215,42.94,128.63,65.35,192.74,0.7319,-1,-1,-1
694,146,440.43,1.39,183.58,474.50,0.8623,-1,-1,-1
694,166,226.41,137.68,38.20,134.60,0.3521,-1,-1,-1
694,197,115.45,25.16,126.37,448.21,0.8489,-1,-1,-1
694,199,261.85,128.99,60.88,181.21,0.8173,-1,-1,-1
694,208,348.84,96.01,95.18,291.67,0.7774,-1,-1,-1
694,213,318.89,137.08,44.33,127.81,0.4944,-1,-1,-1
694,215,24.28,125.03,73.26,196.35,0.7819,-1,-1,-1
695,146,434.88,1.05,200.83,478.89,0.8935,-1,-1,-1
695,197,124.49,27.16,130.39,452.59,0.8025,-1,-1,-1
695,199,260.68,127.19,60.09,178.14,0.8311,-1,-1,-1
695,208,338.86,94.64,97.08,292.90,0.7088,-1,-1,-1
695,213,322.51,133.62,40.99,113.04,0.4509,-1,-1,-1
695,215,11.18,120.48,79.56,210.57,0.8250,-1,-1,-1
695,216,95.34,140.53,38.26,150.00,0.7334,-1,-1,-1
696,146,445.25,1.45,196.86,478.71,0.8511,-1,-1,-1
696,197,123.23,40.37,132.65,439.89,0.7958,-1,-1,-1
696,199,261.84,132.97,61.46,179.92,0.7891,-1,-1,-1
696,208,341.20,98.45,94.34,289.23,0.7924,-1,-1,-1
696,215,5.33,116.44,81.60,224.21,0.8270,-1,-1,-1
696,216,94.83,144.12,40.58,154.31,0.7723,-1,-1,-1
697,146,469.57,0.91,175.28,478.73,0.9058,-1,-1,-1
697,197,125.86,40.02,137.34,440.00,0.8707,-1,-1,-1
697,199,264.81,132.91,61.60,182.72,0.8406,-1,-1,-1
697,208,343.63,96.99,90.09,280.60,0.8335,-1,-1,-1
697,215,2.04,115.29,79.37,227.51,0.8294,-1,-1,-1
697,216,93.24,142.48,42.30,158.52,0.7263,-1,-1,-1
698,146,462.55,0.76,177.39,478.17,0.9108,-1,-1,-1
698,197,138.74,33.85,131.64,432.82,0.8733,-1,-1,-1
698,199,264.69,134.90,60.57,179.59,0.8059,-1,-1,-1
698,208,331.37,92.68,95.54,283.89,0.8187,-1,-1,-1
698,215,-2.65,106.59,81.32,237.69,0.8074,-1,-1,-1
698,216,86.63,139.09,43.97,160.55,0.5224,-1,-1,-1
699,146,459.05,0.81,180.00,479.22,0.9091,-1,-1,-1
699,197,144.69,38.29,124.91,411.63,0.8985,-1,-1,-1
699,199,266.20,141.05,57.44,179.38,0.8272,-1,-1,-1
699,208,333.06,98.30,94.26,286.90,0.8345,-1,-1,-1
699,215,-2.69,108.54,77.70,242.99,0.8453,-1,-1,-1
699,216,83.04,144.10,41.10,150.04,0.5290,-1,-1,-1
699,217,98.87,170.16,59.24,186.28,0.7133,-1,-1,-1
700,146,456.92,1.83,181.65,478.24,0.9097,-1,-1,-1
700,197,136.21,45.74,134.24,409.77,0.8784,-1,-1,-1
700,199,272.08,147.83,52.83,174.14,0.8006,-1,-1,-1
700,208,332.38,107.09,92.52,291.13,0.8484,-1,-1,-1
700,215,-7.04,110.86,77.72,261.11,0.7408,-1,-1,-1
700,217,89.61,173.65,61.60,198.20,0.6921,-1,-1,-1
701,146,458.80,1.01,180.72,477.16,0.9211,-1,-1,-1
701,197,132.40,35.46,144.37,422.25,0.8668,-1,-1,-1
701,199,272.13,137.86,47.01,156.63,0.7944,-1,-1,-1
701,208,326.52,101.56,91.85,292.70,0.8336,-1,-1,-1
701,210,-7.34,140.53,55.94,208.69,0.3789,-1,-1,-1
701,217,75.32,157.75,64.95,212.38,0.6796,-1,-1,-1
701,218,25.32,151.54,48.92,154.22,0.6822,-1,-1,-1
702,146,451.37,1.18,186.51,475.95,0.9250,-1,-1,-1
702,197,128.63,40.63,148.05,424.60,0.8602,-1,-1,-1
702,199,269.08,137.59,46.19,154.67,0.7785,-1,-1,-1
702,208,315.09,100.57,98.35,294.94,0.7966,-1,-1,-1
702,217,62.11,156.65,65.27,220.26,0.7356,-1,-1,-1
702,218,14.63,146.39,51.60,161.38,0.7361,-1,-1,-1
702,220,112.80,125.71,48.19,213.21,0.5789,-1,-1,-1
703,146,442.11,2.83,196.06,474.88,0.9266,-1,-1,-1
703,197,123.15,49.32,153.96,428.36,0.8437,-1,-1,-1
703,199,269.58,140.41,43.97,144.44,0.7071,-1,-1,-1
703,208,315.87,102.69,95.07,292.73,0.8208,-1,-1,-1
703,217,47.46,156.49,73.03,237.20,0.8088,-1,-1,-1
703,218,7.01,148.54,52.58,157.71,0.7033,-1,-1,-1
703,220,109.20,125.04,50.09,223.07,0.5766,-1,-1,-1
704,146,435.56,1.24,203.26,476.89,0.9201,-1,-1,-1
704,197,120.73,52.13,155.34,424.27,0.8545,-1,-1,-1
704,199,264.82,142.87,46.81,151.68,0.6489,-1,-1,-1
704,208,313.39,101.06,90.28,286.47,0.8292,-1,-1,-1
704,217,28.33,153.53,79.67,253.63,0.7251,-1,-1,-1
704,218,-0.31,150.75,54.79,162.25,0.7208,-1,-1,-1
704,220,98.02,121.73,54.54,227.10,0.7108,-1,-1,-1
704,222,383.58,114.19,66.15,219.42,0.7892,-1,-1,-1
705,146,427.35,0.99,211.20,478.36,0.9228,-1,-1,-1
705,197,126.24,48.02,149.05,428.27,0.8726,-1,-1,-1
705,199,259.99,141.42,49.29,160.45,0.6724,-1,-1,-1
705,208,311.16,96.84,88.46,280.23,0.8502,-1,-1,-1
705,217,5.28,147.53,89.93,273.96,0.8042,-1,-1,-1
705,218,-4.50,166.91,49.49,146.27,0.3344,-1,-1,-1
705,220,84.76,115.00,61.94,237.84,0.7979,-1,-1,-1
705,222,380.59,110.24,66.35,220.19,0.6807,-1,-1,-1
706,146,416.07,1.43,221.39,477.76,0.9200,-1,-1,-1
706,197,134.91,41.50,138.96,425.91,0.8629,-1,-1,-1
706,199,259.71,140.51,40.87,124.48,0.7361,-1,-1,-1
706,208,299.70,95.78,90.77,288.40,0.8324,-1,-1,-1
706,217,-2.90,141.95,85.05,289.22,0.8798,-1,-1,-1
706,220,65.09,106.69,75.19,252.78,0.8448,-1,-1,-1
706,222,372.88,102.43,69.34,232.85,0.5083,-1,-1,-1
707,146,401.59,1.30,232.19,476.93,0.8951,-1,-1,-1
707,197,136.33,40.74,130.27,407.71,0.8941,-1,-1,-1
707,199,258.24,142.20,37.71,112.71,0.6436,-1,-1,-1
707,208,297.35,98.93,88.22,290.32,0.8565,-1,-1,-1
707,217,-6.69,138.02,77.28,302.81,0.8315,-1,-1,-1
707,220,45.00,103.05,84.29,268.79,0.7726,-1,-1,-1
707,222,371.32,102.36,68.09,239.36,0.6344,-1,-1,-1
708,146,369.58,1.40,253.65,477.38,0.8693,-1,-1,-1
708,197,132.01,35.43,127.70,414.19,0.8754,-1,-1,-1
708,199,254.73,141.41,38.01,114.13,0.6235,-1,-1,-1
708,208,289.84,100.87,87.41,293.40,0.8378,-1,-1,-1
708,217,-12.07,127.88,67.37,316.05,0.7599,-1,-1,-1
708,220,21.93,97.72,89.48,276.88,0.7046,-1,-1,-1
709,146,377.52,0.52,252.98,479.49,0.8649,-1,-1,-1
709,197,129.97,34.93,129.22,417.63,0.8689,-1,-1,-1
709,199,251.01,139.24,42.04,123.24,0.7152,-1,-1,-1
709,208,285.71,100.44,87.78,295.52,0.8033,-1,-1,-1
709,220,-0.38,90.76,108.69,346.18,0.7109,-1,-1,-1
710,146,339.78,0.32,267.29,478.06,0.8939,-1,-1,-1
710,197,127.46,37.96,130.90,428.85,0.8648,-1,-1,-1
710,199,249.96,138.59,41.92,118.25,0.7431,-1,-1,-1
710,208,280.93,97.00,89.52,297.70,0.7581,-1,-1,-1
710,220,-5.30,79.14,112.44,375.61,0.6758,-1,-1,-1
711,146,314.52,0.50,276.23,479.15,0.8860,-1,-1,-1
711,197,125.26,38.47,126.38,409.07,0.8207,-1,-1,-1
711,199,246.39,138.07,40.75,117.01,0.6849,-1,-1,-1
711,208,276.12,91.52,90.55,302.28,0.7810,-1,-1,-1
711,220,0.16,58.41,97.08,324.60,0.8855,-1,-1,-1
712,146,301.95,0.34,280.97,476.41,0.8948,-1,-1,-1
712,197,120.84,40.86,130.28,431.55,0.8869,-1,-1,-1
712,199,244.55,141.79,38.68,113.08,0.6085,-1,-1,-1
712,208,271.24,88.11,89.19,293.63,0.8236,-1,-1,-1
712,220,-14.56,43.36,98.98,365.81,0.7077,-1,-1,-1
713,146,334.82,0.64,263.74,475.85,0.9166,-1,-1,-1
713,197,118.13,36.79,131.51,430.81,0.9004,-1,-1,-1
713,199,244.73,141.42,36.07,109.08,0.6945,-1,-1,-1
713,208,268.72,87.09,88.17,292.57,0.8166,-1,-1,-1
713,220,-18.02,30.59,95.87,421.61,0.7371,-1,-1,-1
713,223,28.03,99.25,62.24,233.78,0.3113,-1,-1,-1
714,146,340.13,0.48,285.12,475.35,0.9015,-1,-1,-1
714,197,113.33,35.64,136.05,419.47,0.8968,-1,-1,-1
714,199,248.90,142.05,34.26,102.11,0.7459,-1,-1,-1
714,208,270.25,89.21,90.07,295.29,0.8158,-1,-1,-1
714,223,29.87,91.43,63.93,244.70,0.5793,-1,-1,-1
715,146,334.84,0.57,299.27,473.06,0.9130,-1,-1,-1
715,197,110.64,32.19,142.29,400.90,0.9022,-1,-1,-1
715,199,252.37,139.15,34.72,104.65,0.6351,-1,-1,-1
715,208,274.48,89.82,90.94,298.03,0.8309,-1,-1,-1
715,223,2.88,82.24,65.75,253.32,0.7394,-1,-1,-1
716,146,337.98,0.33,299.53,476.14,0.8857,-1,-1,-1
716,197,105.18,34.40,151.78,404.26,0.8984,-1,-1,-1
716,199,256.91,142.02,34.05,102.87,0.6748,-1,-1,-1
716,208,275.57,92.06,94.16,309.26,0.8401,-1,-1,-1
716,223,0.31,68.52,68.18,270.57,0.3829,-1,-1,-1
716,225,26.21,85.87,80.55,253.73,0.8297,-1,-1,-1
717,146,349.26,0.19,290.75,477.77,0.8714,-1,-1,-1
717,197,103.18,41.91,155.80,399.96,0.8878,-1,-1,-1
717,199,262.58,142.75,34.87,101.81,0.7287,-1,-1,-1
717,208,281.29,94.45,94.46,305.57,0.8474,-1,-1,-1
717,225,11.74,80.29,92.90,266.20,0.8884,-1,-1,-1
718,146,367.74,0.58,274.05,475.77,0.8972,-1,-1,-1
718,197,100.47,51.24,164.17,411.45,0.8917,-1,-1,-1
718,199,266.47,149.18,36.78,106.82,0.7652,-1,-1,-1
718,208,289.65,97.11,94.36,307.73,0.8125,-1,-1,-1
718,225,3.58,78.97,101.65,291.85,0.8838,-1,-1,-1
719,146,379.73,0.69,261.04,475.87,0.9051,-1,-1,-1
719,197,101.15,56.61,160.35,411.27,0.8880,-1,-1,-1
719,199,272.52,150.99,36.20,108.18,0.7071,-1,-1,-1
719,208,295.86,96.95,90.70,305.68,0.5796,-1,-1,-1
719,225,3.03,76.66,108.06,296.23,0.9004,-1,-1,-1
720,146,386.34,0.62,253.92,477.28,0.9164,-1,-1,-1
720,197,104.27,55.19,158.80,406.06,0.8886,-1,-1,-1
720,199,275.87,149.86,37.75,116.24,0.6706,-1,-1,-1
720,208,301.67,96.07,88.44,297.82,0.8466,-1,-1,-1
720,225,3.16,72.93,111.75,311.40,0.8962,-1,-1,-1
720,226,255.71,157.24,23.63,97.86,0.4298,-1,-1,-1
721,146,393.83,0.72,245.59,477.48,0.9261,-1,-1,-1
721,166,246.77,149.07,34.21,123.55,0.5532,-1,-1,-1
721,197,112.24,51.08,145.53,388.40,0.8912,-1,-1,-1
721,199,283.70,147.17,34.03,106.54,0.6122,-1,-1,-1
721,208,306.72,94.69,87.74,296.40,0.8501,-1,-1,-1
721,225,-0.90,56.93,111.97,338.44,0.9202,-1,-1,-1
722,146,399.04,0.57,240.96,477.02,0.9253,-1,-1,-1
722,166,247.96,154.52,39.09,128.98,0.5227,-1,-1,-1
722,197,121.39,51.99,137.27,377.17,0.9016,-1,-1,-1
722,199,288.93,148.15,31.94,100.14,0.5995,-1,-1,-1
722,208,308.43,95.42,91.33,301.14,0.8776,-1,-1,-1
722,225,-0.87,49.95,110.04,349.51,0.9217,-1,-1,-1
723,146,397.01,0.87,241.71,479.13,0.9147,-1,-1,-1
723,166,255.88,157.82,41.42,141.30,0.6098,-1,-1,-1
723,197,134.31,52.96,130.00,385.25,0.8952,-1,-1,-1
723,199,295.38,153.19,31.17,99.14,0.6303,-1,-1,-1
723,208,316.12,99.85,90.09,305.03,0.6778,-1,-1,-1
723,225,-0.23,44.42,109.52,363.71,0.9252,-1,-1,-1
724,146,393.43,1.13,244.36,478.55,0.9033,-1,-1,-1
724,166,251.64,160.73,45.97,152.05,0.5815,-1,-1,-1
724,197,142.20,55.54,123.07,388.60,0.8978,-1,-1,-1
724,199,298.65,154.64,31.28,101.14,0.6612,-1,-1,-1
724,208,317.81,102.33,90.36,304.11,0.8461,-1,-1,-1
724,225,-0.58,37.06,108.58,375.91,0.9165,-1,-1,-1
725,146,395.88,0.83,243.77,479.11,0.8764,-1,-1,-1
725,166,259.33,156.68,45.27,154.20,0.6965,-1,-1,-1
725,197,147.72,56.40,118.58,394.44,0.8947,-1,-1,-1
725,199,300.92,152.21,31.33,102.09,0.4268,-1,-1,-1
725,208,316.54,99.51,93.04,305.08,0.8198,-1,-1,-1
725,225,-3.06,20.31,104.22,396.02,0.9011,-1,-1,-1
725,227,93.14,187.56,21.89,69.90,0.5546,-1,-1,-1
725,228,140.34,197.26,14.78,46.64,0.5805,-1,-1,-1
725,229,123.74,200.75,15.21,43.96,0.5112,-1,-1,-1
726,146,411.61,0.43,230.13,478.56,0.9232,-1,-1,-1
726,166,264.03,155.84,43.36,151.80,0.7930,-1,-1,-1
726,197,154.70,62.26,112.30,396.56,0.8776,-1,-1,-1
726,199,305.41,153.33,30.65,100.00,0.5472,-1,-1,-1
726,208,318.85,98.94,91.14,303.23,0.8232,-1,-1,-1
726,225,-3.98,6.86,97.68,418.75,0.8918,-1,-1,-1
726,227,93.31,189.35,23.11,69.10,0.7156,-1,-1,-1
726,228,144.79,197.97,14.96,48.24,0.4136,-1,-1,-1
727,146,406.17,0.25,232.99,478.57,0.9251,-1,-1,-1
727,166,266.18,152.75,42.44,151.84,0.8132,-1,-1,-1
727,197,159.57,60.65,108.16,394.09,0.8886,-1,-1,-1
727,199,306.67,149.69,29.59,97.10,0.4999,-1,-1,-1
727,208,318.70,93.46,89.81,299.24,0.8264,-1,-1,-1
727,225,-4.93,1.33,88.01,426.58,0.8778,-1,-1,-1
727,227,92.88,186.69,23.77,71.00,0.6394,-1,-1,-1
727,228,145.52,195.80,14.52,47.97,0.5009,-1,-1,-1
727,229,130.74,197.96,15.66,46.12,0.4039,-1,-1,-1
728,146,394.24,0.37,242.68,477.73,0.9283,-1,-1,-1
728,166,265.60,151.90,41.98,152.15,0.8363,-1,-1,-1
728,197,159.89,59.17,106.23,391.21,0.8867,-1,-1,-1
728,199,306.08,148.12,27.65,89.17,0.5175,-1,-1,-1
728,208,318.73,91.88,91.34,291.52,0.8062,-1,-1,-1
728,210,0.94,36.93,56.08,397.28,0.7280,-1,-1,-1
728,227,89.69,187.26,23.33,70.39,0.5425,-1,-1,-1
728,228,142.36,195.54,14.61,48.43,0.5440,-1,-1,-1
728,229,125.29,197.00,15.98,46.83,0.4843,-1,-1,-1
729,146,385.29,0.61,252.14,475.51,0.9302,-1,-1,-1
729,166,265.32,152.44,42.01,150.36,0.8542,-1,-1,-1
729,197,160.29,56.17,105.01,376.94,0.8967,-1,-1,-1
729,199,305.47,148.63,26.16,83.99,0.5704,-1,-1,-1
729,208,314.50,89.71,92.53,298.59,0.8494,-1,-1,-1
729,227,83.38,186.13,23.92,71.18,0.5962,-1,-1,-1
729,228,140.29,195.68,14.28,46.74,0.5573,-1,-1,-1
729,229,122.03,195.36,16.71,47.85,0.4412,-1,-1,-1
730,146,376.59,0.56,261.19,476.79,0.9263,-1,-1,-1
730,166,265.88,160.89,42.48,149.04,0.8182,-1,-1,-1
730,197,160.15,62.81,105.70,365.92,0.9013,-1,-1,-1
730,199,305.84,156.27,26.71,84.11,0.4539,-1,-1,-1
730,208,313.98,99.93,93.54,301.69,0.8134,-1,-1,-1
730,227,83.66,192.87,23.75,71.71,0.5884,-1,-1,-1
730,229,120.29,198.92,17.83,51.27,0.3287,-1,-1,-1
731,146,372.92,0.64,265.64,476.65,0.9268,-1,-1,-1
731,166,267.70,165.26,41.26,145.59,0.7877,-1,-1,-1
731,197,159.89,68.08,108.83,369.01,0.9013,-1,-1,-1
731,199,308.72,161.05,27.35,83.03,0.4402,-1,-1,-1
731,208,314.05,101.89,95.70,311.87,0.8346,-1,-1,-1
731,227,82.24,194.47,25.24,75.48,0.6459,-1,-1,-1
731,229,122.06,205.38,16.69,48.68,0.5075,-1,-1,-1
732,146,373.75,0.51,265.41,476.43,0.9189,-1,-1,-1
732,166,268.60,165.72,40.05,142.91,0.7782,-1,-1,-1
732,197,153.44,73.67,114.36,374.83,0.9002,-1,-1,-1
732,199,308.69,163.41,28.39,84.88,0.4093,-1,-1,-1
732,208,314.96,110.07,94.16,308.53,0.8605,-1,-1,-1
732,227,76.86,194.51,26.23,77.29,0.6470,-1,-1,-1
732,229,119.86,205.74,16.99,49.73,0.5413,-1,-1,-1
733,146,380.61,0.80,260.39,477.11,0.9095,-1,-1,-1
733,166,266.31,165.54,40.17,141.86,0.7992,-1,-1,-1
733,197,145.80,83.41,115.93,378.17,0.8711,-1,-1,-1
733,199,309.97,164.90,29.53,88.68,0.3410,-1,-1,-1
733,208,315.21,111.59,92.22,306.53,0.8630,-1,-1,-1
733,227,67.33,194.71,28.40,80.56,0.6059,-1,-1,-1
733,229,114.89,204.59,18.84,53.44,0.3600,-1,-1,-1
734,146,388.14,0.72,252.89,477.62,0.9101,-1,-1,-1
734,166,267.06,170.15,38.68,134.66,0.7529,-1,-1,-1
734,197,138.46,90.67,115.90,378.19,0.8832,-1,-1,-1
734,208,316.14,116.71,89.68,301.64,0.8352,-1,-1,-1
734,227,63.01,201.30,28.70,78.90,0.6115,-1,-1,-1
735,146,394.33,0.39,246.94,478.25,0.9140,-1,-1,-1
735,166,265.86,165.23,41.08,140.57,0.7550,-1,-1,-1
735,197,131.04,84.50,118.28,374.15,0.8492,-1,-1,-1
735,208,317.17,108.52,88.54,291.62,0.8269,-1,-1,-1
735,227,59.50,195.11,29.84,81.04,0.6094,-1,-1,-1
735,231,240.87,160.79,32.51,124.02,0.5758,-1,-1,-1
736,146,398.20,0.37,242.25,477.58,0.8931,-1,-1,-1
736,166,264.48,164.95,41.20,141.04,0.7888,-1,-1,-1
736,197,148.22,78.67,110.99,361.62,0.8249,-1,-1,-1
736,208,315.94,104.01,89.76,294.88,0.8301,-1,-1,-1
736,227,56.41,191.33,30.28,82.32,0.5817,-1,-1,-1
736,231,239.94,157.48,29.47,111.91,0.4717,-1,-1,-1
737,146,401.23,0.21,237.72,475.17,0.9134,-1,-1,-1
737,166,261.51,165.73,41.56,142.68,0.7946,-1,-1,-1
737,197,149.10,74.46,106.89,346.65,0.8490,-1,-1,-1
737,208,315.28,105.84,89.02,297.81,0.8279,-1,-1,-1
737,227,47.60,189.18,30.41,84.04,0.6170,-1,-1,-1
737,231,236.41,156.60,34.81,136.74,0.3417,-1,-1,-1
737,232,110.39,137.36,52.32,185.02,0.8012,-1,-1,-1
738,146,400.75,0.74,237.91,476.21,0.9189,-1,-1,-1
738,166,259.39,164.29,42.73,144.39,0.7887,-1,-1,-1
738,197,145.42,73.57,108.09,351.38,0.8390,-1,-1,-1
738,208,314.37,108.58,89.80,299.24,0.8234,-1,-1,-1
738,227,43.07,185.95,31.17,86.01,0.7076,-1,-1,-1
738,231,235.56,154.99,36.09,145.66,0.4674,-1,-1,-1
738,232,105.09,134.11,53.61,191.58,0.7934,-1,-1,-1
739,146,399.37,0.59,238.62,476.90,0.9141,-1,-1,-1
739,166,257.13,163.17,43.60,143.60,0.7621,-1,-1,-1
739,197,142.02,75.93,102.28,355.70,0.8661,-1,-1,-1
739,208,311.19,111.35,89.91,301.93,0.8409,-1,-1,-1
739,227,36.64,184.85,30.89,87.58,0.6077,-1,-1,-1
739,231,237.43,156.38,28.57,115.86,0.5476,-1,-1,-1
739,232,95.31,131.75,56.66,196.61,0.8093,-1,-1,-1
740,146,396.20,1.10,241.82,476.80,0.9144,-1,-1,-1
740,166,258.84,162.21,46.47,144.03,0.7522,-1,-1,-1
740,197,143.63,83.89,102.72,357.47,0.8775,-1,-1,-1
740,208,311.29,111.94,89.43,300.92,0.8469,-1,-1,-1
740,227,31.69,183.55,32.10,89.63,0.7123,-1,-1,-1
740,231,236.72,157.43,31.43,131.34,0.4091,-1,-1,-1
740,232,85.07,130.73,63.32,211.60,0.8337,-1,-1,-1
741,146,390.61,1.02,247.33,477.74,0.8986,-1,-1,-1
741,166,257.32,160.10,48.22,144.24,0.7427,-1,-1,-1
741,197,143.66,84.99,102.13,357.15,0.8789,-1,-1,-1
741,208,307.59,106.25,91.63,303.55,0.8238,-1,-1,-1
741,227,26.77,179.73,32.88,91.09,0.6871,-1,-1,-1
741,231,235.80,153.90,32.44,137.64,0.5041,-1,-1,-1
741,232,79.12,122.78,70.52,217.73,0.8391,-1,-1,-1
741,233,2.09,190.50,14.14,79.71,0.3249,-1,-1,-1
742,146,397.21,0.91,242.43,479.10,0.9148,-1,-1,-1
742,166,260.22,161.22,46.74,142.87,0.7660,-1,-1,-1
742,197,144.08,88.53,99.68,346.63,0.8837,-1,-1,-1
742,208,308.64,104.91,87.63,293.32,0.8308,-1,-1,-1
742,227,23.11,179.16,31.99,92.54,0.6921,-1,-1,-1
742,231,236.04,152.42,31.88,138.50,0.5307,-1,-1,-1
742,232,73.81,115.43,73.87,228.38,0.8039,-1,-1,-1
742,233,2.28,183.32,13.54,75.65,0.5537,-1,-1,-1
743,146,398.37,1.07,239.76,478.93,0.9028,-1,-1,-1
743,166,260.43,161.18,46.46,142.32,0.7626,-1,-1,-1
743,197,140.39,85.13,102.78,348.03,0.8710,-1,-1,-1
743,208,310.76,104.85,82.93,284.78,0.8061,-1,-1,-1
743,227,15.10,176.20,31.83,92.41,0.6172,-1,-1,-1
743,231,236.73,152.37,31.20,138.23,0.5907,-1,-1,-1
743,232,56.32,105.14,80.22,239.49,0.6873,-1,-1,-1
743,233,1.40,186.39,12.32,68.87,0.4809,-1,-1,-1
744,146,390.49,0.30,237.34,478.55,0.8927,-1,-1,-1
744,166,261.28,161.86,47.20,141.72,0.7107,-1,-1,-1
744,197,151.86,82.54,96.09,332.98,0.8639,-1,-1,-1
744,208,307.78,103.76,84.79,292.09,0.8315,-1,-1,-1
744,227,10.38,173.45,33.22,96.96,0.6039,-1,-1,-1
744,231,238.35,149.76,31.33,142.97,0.5762,-1,-1,-1
744,232,44.78,97.53,89.28,253.74,0.8556,-1,-1,-1
745,146,399.52,0.14,231.57,477.87,0.9241,-1,-1,-1
745,166,265.49,159.18,46.23,138.25,0.6853,-1,-1,-1
745,197,155.93,78.94,94.09,324.92,0.8715,-1,-1,-1
745,208,310.14,99.64,90.05,299.78,0.8308,-1,-1,-1
745,227,3.74,171.70,41.75,124.34,0.3438,-1,-1,-1
745,231,241.85,148.72,31.00,141.44,0.6153,-1,-1,-1
745,232,20.75,94.59,104.70,265.80,0.8609,-1,-1,-1
745,234,121.02,129.69,48.80,180.04,0.7047,-1,-1,-1
746,146,393.19,0.42,242.67,478.58,0.9070,-1,-1,-1
746,166,270.31,159.06,47.95,138.94,0.5444,-1,-1,-1
746,197,160.43,82.69,97.52,329.57,0.8748,-1,-1,-1
746,208,312.88,153.44,83.22,253.54,0.7880,-1,-1,-1
746,231,247.61,153.60,30.16,133.72,0.5156,-1,-1,-1
746,232,0.64,91.72,115.54,289.63,0.8704,-1,-1,-1
746,234,115.47,131.02,58.09,184.74,0.8577,-1,-1,-1
747,146,391.43,0.32,246.50,477.50,0.8958,-1,-1,-1
747,166,268.66,158.06,49.96,139.74,0.6905,-1,-1,-1
747,197,163.18,83.54,98.46,331.95,0.8695,-1,-1,-1
747,208,309.99,107.96,95.81,300.78,0.8522,-1,-1,-1
747,231,250.20,153.14,29.15,128.90,0.3073,-1,-1,-1
747,232,-1.74,84.96,115.09,301.19,0.8907,-1,-1,-1
747,234,113.37,126.86,61.75,191.59,0.8143,-1,-1,-1
748,146,391.56,0.33,247.57,476.77,0.9182,-1,-1,-1
748,166,271.52,160.37,50.41,140.33,0.6604,-1,-1,-1
748,197,165.27,88.54,100.51,335.06,0.8671,-1,-1,-1
748,208,314.12,107.66,92.91,301.23,0.8376,-1,-1,-1
748,231,254.77,154.04,25.42,107.07,0.4520,-1,-1,-1
748,232,-5.77,75.11,104.32,316.76,0.8873,-1,-1,-1
748,234,112.36,124.01,62.59,198.83,0.8248,-1,-1,-1
749,146,393.74,0.46,245.54,477.91,0.9216,-1,-1,-1
749,166,275.22,166.80,49.69,137.99,0.6499,-1,-1,-1
749,197,165.68,93.90,101.78,337.60,0.8559,-1,-1,-1
749,208,319.70,109.02,91.51,299.06,0.7947,-1,-1,-1
749,231,254.80,156.21,32.66,135.69,0.5089,-1,-1,-1
749,232,-4.66,64.44,93.35,331.61,0.8910,-1,-1,-1
749,234,108.30,121.10,65.10,209.16,0.8597,-1,-1,-1
750,146,403.23,0.83,238.41,477.01,0.9138,-1,-1,-1
750,166,282.65,164.55,51.34,139.14,0.7167,-1,-1,-1
750,197,171.75,92.39,102.01,328.29,0.8716,-1,-1,-1
750,208,325.92,105.77,88.63,287.82,0.8413,-1,-1,-1
750,231,259.77,153.25,35.46,139.53,0.6300,-1,-1,-1
750,232,-6.50,47.70,91.01,368.47,0.8683,-1,-1,-1
750,234,106.41,113.79,67.60,216.49,0.8609,-1,-1,-1
751,146,411.78,1.15,230.50,478.79,0.9109,-1,-1,-1
751,166,290.76,160.12,49.93,133.55,0.7352,-1,-1,-1
751,197,174.20,88.16,94.73,324.25,0.8299,-1,-1,-1
751,208,333.97,97.76,89.00,290.55,0.8020,-1,-1,-1
751,231,265.00,146.82,39.07,143.31,0.7272,-1,-1,-1
751,232,-7.36,33.51,86.26,368.52,0.7760,-1,-1,-1
751,234,104.21,105.90,75.93,222.28,0.8683,-1,-1,-1
752,146,417.00,0.85,223.92,477.45,0.9181,-1,-1,-1
752,166,297.62,160.43,48.51,127.05,0.6204,-1,-1,-1
752,197,187.30,85.31,96.64,305.05,0.8927,-1,-1,-1
752,208,336.53,100.61,90.59,295.22,0.8463,-1,-1,-1
752,231,271.53,147.04,37.97,134.25,0.6895,-1,-1,-1
752,232,-4.98,7.67,89.42,395.51,0.7358,-1,-1,-1
752,234,96.95,99.23,83.93,234.74,0.8732,-1,-1,-1
753,146,412.12,0.79,227.12,478.14,0.9175,-1,-1,-1
753,166,303.66,159.01,47.96,125.25,0.4401,-1,-1,-1
753,197,187.28,83.07,99.16,308.88,0.8964,-1,-1,-1
753,208,340.28,102.64,92.38,297.26,0.8253,-1,-1,-1
753,231,275.65,150.47,37.57,127.90,0.7602,-1,-1,-1
753,232,-1.01,57.89,78.30,343.90,0.4421,-1,-1,-1
753,234,91.52,94.44,89.73,246.91,0.8760,-1,-1,-1
754,146,412.34,1.29,226.94,478.48,0.9170,-1,-1,-1
754,166,318.97,160.38,40.82,108.09,0.4926,-1,-1,-1
754,197,194.94,84.06,99.26,314.40,0.8752,-1,-1,-1
754,208,346.16,106.20,92.61,299.99,0.7776,-1,-1,-1
754,227,-7.05,120.08,48.87,156.82,0.3207,-1,-1,-1
754,231,283.13,149.52,39.68,136.82,0.7254,-1,-1,-1
754,234,77.93,90.08,101.21,266.47,0.8934,-1,-1,-1
755,146,424.53,2.00,217.90,477.55,0.9132,-1,-1,-1
755,166,324.35,160.89,40.16,106.56,0.4144,-1,-1,-1
755,197,200.25,86.13,96.73,313.64,0.8680,-1,-1,-1
755,208,347.48,103.29,93.44,297.95,0.8358,-1,-1,-1
755,227,-2.18,144.92,40.83,130.45,0.4056,-1,-1,-1
755,231,285.90,152.26,39.54,132.07,0.7343,-1,-1,-1
755,234,71.80,84.59,106.98,273.51,0.9013,-1,-1,-1
755,236,27.80,166.74,46.84,88.78,0.5863,-1,-1,-1
756,146,456.30,1.91,191.94,477.71,0.9046,-1,-1,-1
756,166,328.36,161.44,41.65,110.60,0.3900,-1,-1,-1
756,197,208.89,89.68,94.14,316.80,0.8665,-1,-1,-1
756,208,348.09,98.89,97.47,306.15,0.7098,-1,-1,-1
756,227,-2.18,154.48,33.87,124.74,0.7074,-1,-1,-1
756,228,179.76,189.07,16.82,50.06,0.4106,-1,-1,-1
756,231,290.85,151.66,38.90,133.08,0.7325,-1,-1,-1
756,234,65.50,78.89,112.69,296.12,0.9019,-1,-1,-1
756,236,34.26,170.85,44.33,86.90,0.5810,-1,-1,-1
757,146,479.62,0.97,168.21,477.16,0.8990,-1,-1,-1
757,166,328.12,158.89,42.21,112.78,0.3950,-1,-1,-1
757,197,207.94,90.24,96.74,313.56,0.8620,-1,-1,-1
757,208,351.06,95.00,95.65,301.31,0.8005,-1,-1,-1
757,227,-4.29,154.17,30.84,123.97,0.6022,-1,-1,-1
757,231,295.74,148.89,37.91,130.94,0.7432,-1,-1,-1
757,234,56.03,65.80,115.77,313.91,0.8918,-1,-1,-1
757,236,35.01,168.00,45.63,90.79,0.3214,-1,-1,-1
758,166,325.02,158.19,42.07,113.70,0.3655,-1,-1,-1
758,197,215.92,86.00,91.75,316.04,0.8683,-1,-1,-1
758,208,350.84,92.73,93.56,297.48,0.7836,-1,-1,-1
758,227,-4.28,157.10,22.94,98.84,0.3186,-1,-1,-1
758,231,297.45,146.40,35.61,130.02,0.5493,-1,-1,-1
758,234,44.81,50.59,116.78,333.20,0.8994,-1,-1,-1
759,146,481.73,4.57,156.14,474.79,0.4444,-1,-1,-1
759,197,208.37,87.62,95.39,300.99,0.8737,-1,-1,-1
759,208,353.27,95.50,92.12,298.07,0.7820,-1,-1,-1
759,231,301.97,149.75,34.54,133.19,0.5954,-1,-1,-1
759,234,22.92,39.89,127.67,352.27,0.9100,-1,-1,-1
759,237,194.39,162.46,25.54,116.77,0.4161,-1,-1,-1
760,146,490.91,3.59,150.66,475.78,0.5803,-1,-1,-1
760,197,203.75,82.83,101.67,299.85,0.8690,-1,-1,-1
760,208,351.08,91.88,94.93,304.19,0.8157,-1,-1,-1
760,229,134.17,180.70,21.27,67.37,0.6069,-1,-1,-1
760,231,304.00,145.69,32.82,131.85,0.5633,-1,-1,-1
760,234,1.24,25.08,136.31,371.66,0.9174,-1,-1,-1
760,237,190.19,161.85,27.40,120.22,0.5224,-1,-1,-1
761,146,503.22,1.20,138.41,477.37,0.8353,-1,-1,-1
761,197,208.33,81.86,103.19,302.15,0.8702,-1,-1,-1
761,208,352.39,95.91,94.88,306.60,0.8525,-1,-1,-1
761,229,130.90,179.79,22.94,68.45,0.6497,-1,-1,-1
761,231,309.10,153.11,29.52,123.62,0.5042,-1,-1,-1
761,234,-2.44,9.04,122.34,391.91,0.9314,-1,-1,-1
761,237,185.88,160.36,28.40,121.83,0.5932,-1,-1,-1
762,146,493.27,1.11,145.53,478.81,0.8897,-1,-1,-1
762,197,187.74,79.46,121.90,306.57,0.8691,-1,-1,-1
762,208,353.77,94.37,96.04,307.93,0.8558,-1,-1,-1
762,229,129.75,176.03,24.41,69.63,0.6015,-1,-1,-1
762,231,309.45,146.93,29.69,125.17,0.6123,-1,-1,-1
762,234,-4.37,0.32,111.79,403.21,0.9147,-1,-1,-1
762,237,180.86,155.41,31.15,121.63,0.6102,-1,-1,-1
762,238,106.65,175.52,22.69,72.99,0.4099,-1,-1,-1
763,146,469.31,1.45,165.10,478.37,0.8769,-1,-1,-1
763,197,189.44,75.86,126.83,308.29,0.8897,-1,-1,-1
763,208,353.18,84.72,96.76,304.51,0.8545,-1,-1,-1
763,229,124.75,166.47,25.82,71.84,0.6715,-1,-1,-1
763,231,308.06,136.41,30.18,120.70,0.5861,-1,-1,-1
763,232,0.37,25.28,82.63,379.58,0.8858,-1,-1,-1
763,236,49.66,150.39,41.01,94.77,0.5823,-1,-1,-1
763,237,169.19,143.29,34.86,125.88,0.6870,-1,-1,-1
763,239,82.46,161.24,37.98,83.14,0.7076,-1,-1,-1
764,146,465.76,1.09,165.53,451.83,0.7884,-1,-1,-1
764,197,203.87,82.83,119.18,309.04,0.8786,-1,-1,-1
764,208,357.17,90.14,93.73,296.63,0.8285,-1,-1,-1
764,229,124.41,170.67,25.83,71.45,0.6330,-1,-1,-1
764,231,309.66,140.01,31.40,121.78,0.6086,-1,-1,-1
764,232,-6.55,24.88,79.34,391.18,0.7995,-1,-1,-1
764,236,53.16,157.81,40.93,92.90,0.4989,-1,-1,-1
764,237,163.29,149.02,36.61,124.59,0.7258,-1,-1,-1
764,239,83.60,163.56,39.72,86.57,0.6895,-1,-1,-1
765,146,457.96,1.41,182.35,478.13,0.8616,-1,-1,-1
765,197,213.17,87.27,113.40,303.81,0.8756,-1,-1,-1
765,208,359.83,92.59,96.25,292.91,0.8495,-1,-1,-1
765,229,124.43,175.87,26.69,72.85,0.6320,-1,-1,-1
765,231,311.21,145.28,33.53,119.92,0.6781,-1,-1,-1
765,236,59.44,161.38,43.05,96.23,0.6541,-1,-1,-1
765,237,150.34,155.32,44.56,124.95,0.7887,-1,-1,-1
765,239,89.56,168.92,39.02,85.95,0.6545,-1,-1,-1
765,240,197.44,155.41,35.41,115.69,0.6044,-1,-1,-1
766,146,456.91,1.27,183.18,478.74,0.8785,-1,-1,-1
766,197,220.83,86.34,103.90,304.26,0.8897,-1,-1,-1
766,208,359.19,92.36,96.21,292.86,0.7676,-1,-1,-1
766,229,121.65,175.27,26.50,74.07,0.6199,-1,-1,-1
766,231,308.97,147.69,33.22,120.76,0.6250,-1,-1,-1
766,236,60.66,164.49,41.65,94.55,0.6267,-1,-1,-1
766,237,142.02,154.90,50.20,127.39,0.8329,-1,-1,-1
766,239,90.46,167.01,37.77,89.58,0.6897,-1,-1,-1
766,240,197.10,156.08,36.29,119.42,0.6893,-1,-1,-1
767,146,458.14,1.33,181.03,477.94,0.9012,-1,-1,-1
767,197,226.60,80.19,92.70,290.92,0.8882,-1,-1,-1
767,208,355.37,91.30,96.42,297.81,0.7946,-1,-1,-1
767,231,310.31,147.06,32.28,119.74,0.4052,-1,-1,-1
767,236,55.46,160.43,40.34,96.65,0.6079,-1,-1,-1
767,237,130.41,154.31,53.12,126.39,0.8246,-1,-1,-1
767,239,87.12,164.22,36.14,90.58,0.4919,-1,-1,-1
767,240,189.32,151.34,38.98,125.25,0.8009,-1,-1,-1
768,146,458.24,1.36,180.55,478.70,0.8853,-1,-1,-1
768,197,225.91,81.86,90.33,290.27,0.8781,-1,-1,-1
768,208,352.03,94.51,97.04,303.58,0.7889,-1,-1,-1
768,236,50.17,161.68,39.33,98.47,0.6304,-1,-1,-1
768,237,122.44,157.66,54.13,125.90,0.8013,-1,-1,-1
768,239,89.29,165.44,36.12,92.41,0.4582,-1,-1,-1
768,240,185.75,155.10,40.36,126.73,0.8359,-1,-1,-1
769,146,463.67,2.05,175.74,478.03,0.8713,-1,-1,-1
769,197,226.40,83.64,88.80,295.33,0.8834,-1,-1,-1
769,208,351.90,98.12,94.47,304.87,0.7860,-1,-1,-1
769,236,51.56,161.13,36.72,100.12,0.6622,-1,-1,-1
769,237,113.71,155.09,52.08,129.61,0.7337,-1,-1,-1
769,239,86.44,166.60,34.48,92.58,0.4928,-1,-1,-1
769,240,184.23,154.84,42.65,130.21,0.8511,-1,-1,-1
770,146,472.32,1.07,171.90,478.27,0.8335,-1,-1,-1
770,197,225.96,84.47,91.92,297.77,0.8878,-1,-1,-1
770,208,350.50,94.27,96.06,305.66,0.7881,-1,-1,-1
770,236,52.64,160.55,37.00,100.70,0.6276,-1,-1,-1
770,237,107.22,153.10,51.36,129.53,0.5490,-1,-1,-1
770,239,84.38,164.60,34.18,93.71,0.4093,-1,-1,-1
770,240,180.83,152.78,45.49,132.63,0.8408,-1,-1,-1
771,146,494.31,0.74,153.99,473.69,0.8518,-1,-1,-1
771,197,220.75,89.66,93.20,300.75,0.8731,-1,-1,-1
771,208,346.27,93.31,92.73,301.97,0.8294,-1,-1,-1
771,236,47.68,159.70,37.67,103.20,0.6868,-1,-1,-1
771,237,94.77,152.45,50.78,133.29,0.5528,-1,-1,-1
771,239,79.34,161.92,35.22,97.74,0.4974,-1,-1,-1
771,240,168.38,149.62,49.43,139.90,0.8298,-1,-1,-1
772,146,491.33,-0.08,151.76,475.12,0.8111,-1,-1,-1
772,197,212.74,89.67,97.55,297.46,0.8952,-1,-1,-1
772,208,343.67,92.56,90.46,293.92,0.8171,-1,-1,-1
772,236,45.69,156.19,38.15,104.26,0.6339,-1,-1,-1
772,237,82.82,151.48,50.57,133.23,0.7168,-1,-1,-1
772,240,163.83,144.74,51.03,141.35,0.8314,-1,-1,-1
773,146,491.75,-0.07,149.77,474.78,0.7822,-1,-1,-1
773,197,213.14,89.38,97.23,293.80,0.8925,-1,-1,-1
773,208,339.68,87.49,93.32,291.26,0.8604,-1,-1,-1
773,236,43.30,155.40,37.91,103.23,0.6626,-1,-1,-1
773,237,72.21,151.39,48.96,132.62,0.7890,-1,-1,-1
773,240,151.06,140.09,57.25,147.12,0.8454,-1,-1,-1
774,146,493.44,4.60,147.74,472.47,0.8451,-1,-1,-1
774,197,218.84,87.42,94.64,287.12,0.8911,-1,-1,-1
774,208,336.03,87.81,96.15,294.89,0.8504,-1,-1,-1
774,236,45.97,157.85,35.78,95.66,0.4199,-1,-1,-1
774,237,65.91,150.41,49.82,134.40,0.6661,-1,-1,-1
774,240,151.51,136.62,56.58,154.38,0.8336,-1,-1,-1
775,146,513.31,1.57,141.50,458.49,0.3756,-1,-1,-1
775,197,217.14,87.07,95.75,277.80,0.8734,-1,-1,-1
775,208,336.32,88.49,96.89,300.18,0.7957,-1,-1,-1
775,236,43.40,155.72,40.11,107.64,0.4440,-1,-1,-1
775,237,62.34,153.42,48.70,133.24,0.4781,-1,-1,-1
775,239,88.11,156.64,37.87,103.97,0.4665,-1,-1,-1
775,240,150.53,138.30,55.21,159.21,0.8539,-1,-1,-1
776,146,496.11,0.11,145.26,479.22,0.8021,-1,-1,-1
776,197,213.93,87.98,100.33,280.39,0.8759,-1,-1,-1
776,208,337.61,94.26,94.83,302.63,0.8507,-1,-1,-1
776,229,90.48,172.88,33.34,91.52,0.6757,-1,-1,-1
776,237,45.81,152.35,49.90,135.58,0.6142,-1,-1,-1
776,240,144.61,139.48,55.27,161.64,0.8230,-1,-1,-1
776,242,430.16,22.58,131.92,419.22,0.7639,-1,-1,-1
777,146,495.84,0.07,143.54,479.97,0.7787,-1,-1,-1
777,197,210.76,91.35,103.85,280.91,0.8754,-1,-1,-1
777,208,336.87,95.68,92.33,302.24,0.8432,-1,-1,-1
777,229,92.35,170.68,32.78,94.00,0.6623,-1,-1,-1
777,237,38.91,150.94,50.64,138.64,0.5961,-1,-1,-1
777,240,141.59,138.29,55.43,167.05,0.8225,-1,-1,-1
777,242,415.82,32.16,139.18,407.31,0.7582,-1,-1,-1
778,146,510.14,0.21,134.37,476.51,0.7306,-1,-1,-1
778,197,211.72,97.53,107.02,282.97,0.8375,-1,-1,-1
778,208,341.90,96.19,88.67,300.94,0.8534,-1,-1,-1
778,237,29.18,152.98,55.71,139.62,0.7983,-1,-1,-1
778,239,93.47,164.75,37.57,102.06,0.6739,-1,-1,-1
778,240,134.34,134.82,59.64,175.71,0.8301,-1,-1,-1
778,242,411.17,26.65,148.39,423.46,0.8357,-1,-1,-1
779,146,507.56,5.11,133.02,474.82,0.7734,-1,-1,-1
779,197,230.15,106.60,101.25,279.00,0.8142,-1,-1,-1
779,208,352.55,98.20,81.33,271.65,0.6228,-1,-1,-1
779,236,69.35,162.30,35.05,108.63,0.6230,-1,-1,-1
779,237,24.24,157.77,57.23,138.33,0.8344,-1,-1,-1
779,239,104.17,168.40,33.60,102.19,0.7602,-1,-1,-1
779,240,137.11,133.62,60.66,182.26,0.8356,-1,-1,-1
779,242,412.96,26.29,151.71,451.36,0.8538,-1,-1,-1
779,244,206.76,137.20,53.05,183.69,0.7213,-1,-1,-1
780,146,496.89,1.22,140.24,478.79,0.8530,-1,-1,-1
780,197,234.92,107.24,96.15,273.66,0.8387,-1,-1,-1
780,208,352.17,95.84,84.58,284.10,0.5688,-1,-1,-1
780,236,70.96,160.63,33.88,111.72,0.6269,-1,-1,-1
780,237,20.64,156.64,59.21,139.54,0.7970,-1,-1,-1
780,239,107.55,166.67,32.96,105.13,0.7846,-1,-1,-1
780,240,132.98,130.13,64.54,185.79,0.8558,-1,-1,-1
780,242,407.99,20.89,143.44,452.02,0.7414,-1,-1,-1
780,244,209.64,135.62,52.13,188.89,0.7475,-1,-1,-1
781,146,473.43,1.60,159.30,476.61,0.8815,-1,-1,-1
781,197,238.93,102.86,93.11,268.09,0.8506,-1,-1,-1
781,208,346.84,88.67,101.82,354.44,0.3393,-1,-1,-1
781,236,72.12,159.78,36.66,113.28,0.6690,-1,-1,-1
781,237,17.79,153.66,59.53,141.92,0.7575,-1,-1,-1
781,239,107.84,165.04,30.51,104.08,0.6567,-1,-1,-1
781,240,127.25,125.66,68.71,197.99,0.8483,-1,-1,-1
781,242,387.49,16.62,140.00,454.62,0.7426,-1,-1,-1
781,244,208.59,129.64,52.18,200.34,0.7598,-1,-1,-1
782,146,458.39,1.94,173.32,478.03,0.8590,-1,-1,-1
782,197,243.83,102.90,89.48,264.14,0.8662,-1,-1,-1
782,236,74.44,160.04,40.10,114.00,0.7204,-1,-1,-1
782,237,12.36,152.05,58.90,144.67,0.8251,-1,-1,-1
782,239,108.25,167.47,29.18,102.18,0.3540,-1,-1,-1
782,240,117.22,125.78,74.97,201.24,0.8544,-1,-1,-1
782,242,382.90,25.63,128.59,437.80,0.6725,-1,-1,-1
782,244,202.55,125.63,55.89,207.06,0.8035,-1,-1,-1
783,146,456.10,1.47,179.66,478.08,0.7669,-1,-1,-1
783,197,250.42,103.59,83.80,257.22,0.8780,-1,-1,-1
783,236,76.65,161.28,42.38,114.08,0.7132,-1,-1,-1
783,237,6.61,150.95,57.45,146.00,0.7800,-1,-1,-1
783,240,110.70,125.22,81.48,210.46,0.8766,-1,-1,-1
783,242,382.20,28.54,128.05,442.73,0.6799,-1,-1,-1
783,244,200.11,121.89,59.25,212.52,0.8241,-1,-1,-1
784,146,457.36,1.15,181.44,477.82,0.8213,-1,-1,-1
784,197,256.01,107.52,80.24,256.50,0.8734,-1,-1,-1
784,236,75.82,158.85,43.15,119.49,0.6716,-1,-1,-1
784,237,4.47,152.98,56.20,148.43,0.7225,-1,-1,-1
784,240,105.42,123.18,82.12,219.94,0.8514,-1,-1,-1
784,242,358.45,33.42,126.67,417.41,0.7996,-1,-1,-1
784,244,195.93,120.61,64.50,219.52,0.8474,-1,-1,-1
785,146,469.00,1.57,165.08,444.42,0.6834,-1,-1,-1
785,197,255.02,109.68,74.53,257.85,0.8594,-1,-1,-1
785,229,58.12,170.81,30.69,99.38,0.3093,-1,-1,-1
785,237,-4.96,156.17,50.27,145.98,0.6694,-1,-1,-1
785,238,25.82,166.51,30.33,104.39,0.3074,-1,-1,-1
785,240,91.29,116.05,85.10,232.04,0.8836,-1,-1,-1
785,242,354.89,32.89,131.81,443.92,0.8155,-1,-1,-1
785,244,183.95,115.45,72.29,230.86,0.8657,-1,-1,-1
786,146,479.90,1.29,158.68,445.54,0.6983,-1,-1,-1
786,197,253.53,117.74,71.23,249.84,0.8585,-1,-1,-1
786,229,49.63,171.65,29.11,101.03,0.3666,-1,-1,-1
786,237,-10.22,157.33,44.19,145.49,0.5806,-1,-1,-1
786,238,14.88,168.41,30.65,103.51,0.4369,-1,-1,-1
786,240,69.51,109.07,92.01,240.26,0.8669,-1,-1,-1
786,242,352.59,34.79,121.50,423.35,0.5779,-1,-1,-1
786,244,165.80,113.76,78.64,242.17,0.8595,-1,-1,-1
787,146,486.88,0.80,159.48,474.44,0.6920,-1,-1,-1
787,197,254.71,120.34,69.53,247.64,0.8670,-1,-1,-1
787,237,-11.63,159.50,40.10,143.72,0.4133,-1,-1,-1
787,238,10.28,169.47,30.16,104.53,0.3968,-1,-1,-1
787,240,56.67,105.41,96.95,247.74,0.8493,-1,-1,-1
787,242,354.03,33.86,135.22,421.64,0.7760,-1,-1,-1
787,244,155.17,112.49,86.23,249.12,0.8752,-1,-1,-1
788,146,495.51,0.46,150.21,476.81,0.7230,-1,-1,-1
788,197,254.08,119.24,69.82,249.85,0.8296,-1,-1,-1
788,238,2.71,168.74,32.18,108.13,0.4604,-1,-1,-1
788,240,39.64,100.01,105.56,267.23,0.8611,-1,-1,-1
788,242,345.80,34.02,166.11,432.86,0.8444,-1,-1,-1
788,244,140.23,106.17,94.46,272.44,0.8488,-1,-1,-1
788,247,457.09,27.09,74.98,421.95,0.5080,-1,-1,-1
789,146,498.88,1.27,142.63,476.01,0.8182,-1,-1,-1
789,197,251.50,117.51,68.41,239.78,0.8372,-1,-1,-1
789,240,17.54,97.88,113.81,278.73,0.8860,-1,-1,-1
789,242,308.23,44.95,153.05,431.13,0.6937,-1,-1,-1
789,244,126.69,100.61,94.72,288.60,0.8426,-1,-1,-1
789,247,444.50,27.86,84.01,429.65,0.7556,-1,-1,-1
790,146,503.37,1.94,129.69,438.78,0.7144,-1,-1,-1
790,197,245.90,121.56,69.60,233.30,0.8173,-1,-1,-1
790,240,1.62,97.20,114.64,299.80,0.8844,-1,-1,-1
790,242,322.27,48.86,158.83,431.21,0.8287,-1,-1,-1
790,244,117.60,94.31,89.57,306.27,0.8757,-1,-1,-1
790,247,442.14,37.19,87.04,426.73,0.7757,-1,-1,-1
791,146,493.73,0.73,142.41,477.61,0.8337,-1,-1,-1
791,197,238.12,123.77,72.45,228.60,0.8097,-1,-1,-1
791,240,-1.72,90.37,115.23,324.87,0.8881,-1,-1,-1
791,242,310.08,56.72,148.14,421.74,0.8423,-1,-1,-1
791,244,104.79,85.80,90.19,318.52,0.8661,-1,-1,-1
791,247,437.50,43.27,91.06,427.94,0.7950,-1,-1,-1
792,146,496.14,4.23,140.07,473.34,0.7421,-1,-1,-1
792,197,230.51,129.93,77.63,239.98,0.7870,-1,-1,-1
792,240,-6.46,81.74,102.97,340.98,0.8759,-1,-1,-1
792,242,310.89,62.62,145.29,415.24,0.7619,-1,-1,-1
792,244,80.56,80.31,101.29,338.82,0.8885,-1,-1,-1
792,247,426.40,49.72,100.15,423.37,0.8233,-1,-1,-1
792,249,195.22,194.12,26.31,89.23,0.6554,-1,-1,-1
793,146,505.64,1.88,134.15,477.08,0.8545,-1,-1,-1
793,197,224.18,129.36,78.96,242.68,0.7209,-1,-1,-1
793,240,-8.70,63.04,91.91,359.33,0.8356,-1,-1,-1
793,242,320.86,59.90,144.45,393.79,0.6981,-1,-1,-1
793,244,26.43,67.41,133.03,374.29,0.8861,-1,-1,-1
793,247,423.59,43.16,104.41,397.41,0.8426,-1,-1,-1
793,249,188.67,192.32,25.01,87.52,0.4388,-1,-1,-1
794,146,515.85,1.88,126.24,476.92,0.8624,-1,-1,-1
794,197,221.63,123.66,78.84,235.30,0.7994,-1,-1,-1
794,240,-12.32,72.02,81.52,350.32,0.7249,-1,-1,-1
794,242,294.23,51.53,137.11,384.54,0.6651,-1,-1,-1
794,244,3.51,48.28,146.88,395.17,0.8853,-1,-1,-1
794,247,411.45,30.19,121.67,411.07,0.8679,-1,-1,-1
794,249,183.07,179.77,26.72,91.60,0.5679,-1,-1,-1
794,250,148.15,170.01,24.65,96.27,0.4544,-1,-1,-1
795,146,517.80,1.05,121.43,476.50,0.7903,-1,-1,-1
795,197,221.96,126.18,72.24,212.11,0.7973,-1,-1,-1
795,242,293.59,60.08,133.24,388.76,0.8345,-1,-1,-1
795,244,-9.00,32.25,143.18,442.46,0.8590,-1,-1,-1
795,247,406.44,32.45,122.24,405.06,0.8396,-1,-1,-1
795,249,178.40,181.02,31.66,94.86,0.6751,-1,-1,-1
795,250,131.11,171.72,27.63,99.30,0.7748,-1,-1,-1
796,146,525.79,1.28,113.68,476.22,0.7078,-1,-1,-1
796,197,220.81,128.97,74.83,219.80,0.8279,-1,-1,-1
796,242,309.09,67.59,135.04,390.32,0.6589,-1,-1,-1
796,244,-10.53,21.21,131.72,442.64,0.6842,-1,-1,-1
796,247,410.94,40.46,120.05,406.13,0.8704,-1,-1,-1
796,249,178.02,184.72,31.27,95.66,0.3711,-1,-1,-1
796,250,127.45,176.36,29.70,99.73,0.7288,-1,-1,-1
797,146,538.07,1.67,104.82,474.32,0.7933,-1,-1,-1
797,197,225.44,120.74,71.32,223.59,0.8223,-1,-1,-1
797,239,76.63,162.07,22.94,118.63,0.5688,-1,-1,-1
797,242,284.94,63.96,132.02,395.16,0.6521,-1,-1,-1
797,244,-19.89,2.45,124.36,442.04,0.4557,-1,-1,-1
797,247,405.33,36.24,121.47,410.74,0.8409,-1,-1,-1
797,249,168.59,181.38,29.16,96.03,0.6544,-1,-1,-1
797,250,117.72,170.69,33.72,101.28,0.7061,-1,-1,-1
798,146,516.37,0.53,119.74,477.29,0.8714,-1,-1,-1
798,197,226.74,120.58,69.58,227.30,0.8258,-1,-1,-1
798,239,71.95,160.36,29.48,121.63,0.7028,-1,-1,-1
798,242,281.38,65.68,134.50,398.27,0.5834,-1,-1,-1
798,247,405.24,38.12,123.10,415.65,0.8138,-1,-1,-1
798,249,166.26,181.24,30.16,97.83,0.5259,-1,-1,-1
798,250,113.79,171.69,37.99,103.41,0.7269,-1,-1,-1
799,146,485.69,1.49,146.17,474.38,0.8824,-1,-1,-1
799,197,227.21,122.32,67.82,226.16,0.7990,-1,-1,-1
799,236,35.18,152.90,36.43,137.70,0.4339,-1,-1,-1
799,239,68.76,159.51,32.87,123.77,0.7396,-1,-1,-1
799,242,281.03,64.74,137.48,399.26,0.5653,-1,-1,-1
799,247,393.93,39.16,119.78,374.86,0.7046,-1,-1,-1
799,249,165.68,179.54,32.71,100.60,0.5618,-1,-1,-1
799,250,109.71,169.53,42.01,106.81,0.7088,-1,-1,-1
799,253,209.74,187.82,28.74,79.00,0.4524,-1,-1,-1
800,146,464.27,1.42,166.36,474.54,0.8551,-1,-1,-1
800,197,224.99,123.28,64.56,221.20,0.8194,-1,-1,-1
800,236,30.26,147.36,32.75,97.66,0.4871,-1,-1,-1
800,239,62.58,155.38,34.86,124.18,0.7689,-1,-1,-1
800,242,287.59,55.83,156.00,364.38,0.8002,-1,-1,-1
800,247,401.67,31.29,116.38,386.80,0.8385,-1,-1,-1
800,249,159.92,173.83,38.15,103.63,0.7338,-1,-1,-1
800,250,99.60,163.08,45.23,109.77,0.7176,-1,-1,-1
800,253,205.91,181.69,29.37,80.83,0.6075,-1,-1,-1
801,146,458.15,1.66,171.87,476.88,0.5281,-1,-1,-1
801,197,225.00,129.59,62.46,225.17,0.8157,-1,-1,-1
801,236,24.26,150.13,32.93,95.14,0.4150,-1,-1,-1
801,239,58.68,159.17,35.36,125.04,0.7564,-1,-1,-1
801,242,283.18,56.85,174.63,384.10,0.7666,-1,-1,-1
801,247,396.39,33.23,118.20,408.62,0.7888,-1,-1,-1
801,249,155.98,177.71,38.50,103.71,0.6909,-1,-1,-1
801,250,89.90,165.94,42.12,111.58,0.6878,-1,-1,-1
801,253,203.12,187.33,29.68,79.91,0.3896,-1,-1,-1
802,146,460.14,1.57,174.89,474.54,0.6798,-1,-1,-1
802,197,228.53,131.74,58.96,215.22,0.7730,-1,-1,-1
802,236,21.99,154.51,31.53,91.74,0.5382,-1,-1,-1
802,239,58.00,159.27,35.65,125.67,0.7427,-1,-1,-1
802,242,259.05,57.18,164.81,380.22,0.6433,-1,-1,-1
802,247,397.41,31.94,113.78,404.59,0.7722,-1,-1,-1
802,249,157.76,176.45,41.70,107.76,0.6891,-1,-1,-1
802,250,84.70,163.71,41.01,116.30,0.6542,-1,-1,-1
802,253,201.25,187.31,31.11,83.28,0.6408,-1,-1,-1
803,146,462.67,1.74,175.68,478.16,0.6630,-1,-1,-1
803,197,232.41,131.41,51.73,191.61,0.8261,-1,-1,-1
803,239,58.78,159.79,36.60,128.04,0.7008,-1,-1,-1
803,242,258.08,59.08,159.32,383.73,0.5338,-1,-1,-1
803,247,398.19,33.96,110.65,402.50,0.7495,-1,-1,-1
803,249,156.05,178.69,41.11,108.86,0.6215,-1,-1,-1
803,250,84.90,165.58,37.35,112.09,0.5836,-1,-1,-1
803,253,200.81,189.12,31.06,83.25,0.7220,-1,-1,-1
804,146,474.66,1.51,168.66,478.67,0.7691,-1,-1,-1
804,197,236.38,132.99,55.11,202.56,0.7565,-1,-1,-1
804,239,62.94,162.24,36.81,128.83,0.7036,-1,-1,-1
804,242,289.21,63.06,179.82,390.06,0.8300,-1,-1,-1
804,247,417.33,33.49,115.83,411.96,0.7165,-1,-1,-1
804,249,159.15,181.75,39.92,109.84,0.5422,-1,-1,-1
804,250,87.53,167.24,36.73,116.04,0.4926,-1,-1,-1
804,253,204.39,190.08,30.77,84.95,0.5799,-1,-1,-1
805,146,490.54,0.08,153.01,439.88,0.6383,-1,-1,-1
805,197,240.65,129.26,58.67,205.83,0.7941,-1,-1,-1
805,239,73.73,158.42,39.10,130.14,0.4996,-1,-1,-1
805,242,296.72,59.49,190.66,403.78,0.7458,-1,-1,-1
805,247,419.80,32.78,116.25,423.56,0.8363,-1,-1,-1
805,249,161.12,177.57,39.22,112.27,0.5983,-1,-1,-1
805,253,208.27,185.58,31.35,87.09,0.7204,-1,-1,-1
805,254,25.28,144.62,45.86,133.36,0.4513,-1,-1,-1
806,146,524.77,0.82,106.18,294.09,0.5465,-1,-1,-1
806,197,244.41,129.88,65.06,206.98,0.8300,-1,-1,-1
806,239,75.41,159.24,45.41,130.53,0.7621,-1,-1,-1
806,242,305.45,62.51,200.82,409.42,0.7816,-1,-1,-1
806,247,430.63,36.06,121.26,429.52,0.8649,-1,-1,-1
806,249,166.84,176.49,39.58,114.93,0.4664,-1,-1,-1
806,253,213.79,185.82,31.01,88.92,0.7030,-1,-1,-1
806,254,27.11,145.85,51.63,151.62,0.6764,-1,-1,-1
807,146,541.52,28.02,96.92,267.35,0.5792,-1,-1,-1
807,197,248.14,131.54,70.10,200.27,0.8392,-1,-1,-1
807,239,77.96,157.06,48.32,131.67,0.7757,-1,-1,-1
807,242,315.89,59.24,203.39,409.92,0.6314,-1,-1,-1
807,247,442.95,39.29,122.05,424.73,0.7887,-1,-1,-1
807,249,173.64,174.76,42.15,118.30,0.7469,-1,-1,-1
807,253,217.81,186.89,30.45,88.74,0.6867,-1,-1,-1
807,254,31.68,144.19,50.98,151.77,0.6950,-1,-1,-1
808,146,567.14,87.53,72.77,198.13,0.8135,-1,-1,-1
808,197,255.58,131.26,71.05,193.03,0.8165,-1,-1,-1
808,239,79.57,154.25,48.93,131.93,0.7695,-1,-1,-1
808,242,324.64,53.11,208.75,408.67,0.8345,-1,-1,-1
808,247,452.25,35.22,127.06,422.30,0.8551,-1,-1,-1
808,249,178.98,170.80,44.71,120.04,0.7062,-1,-1,-1
808,253,221.09,183.77,30.33,90.94,0.7183,-1,-1,-1
808,254,38.01,140.56,50.36,154.68,0.6280,-1,-1,-1
809,197,264.41,136.36,75.64,198.26,0.8218,-1,-1,-1
809,239,87.55,157.45,46.44,131.29,0.7443,-1,-1,-1
809,242,341.93,50.68,209.57,395.96,0.5774,-1,-1,-1
809,247,471.18,31.95,137.11,419.88,0.8561,-1,-1,-1
809,249,186.34,172.36,48.93,124.04,0.8301,-1,-1,-1
809,253,232.51,186.19,30.66,91.30,0.7442,-1,-1,-1
809,254,51.18,143.77,48.13,150.83,0.6197,-1,-1,-1
810,197,275.07,138.37,74.66,202.68,0.8347,-1,-1,-1
810,239,93.29,158.11,45.51,136.11,0.7163,-1,-1,-1
810,242,323.42,49.91,202.95,395.90,0.6038,-1,-1,-1
810,247,475.83,30.66,142.93,413.18,0.8274,-1,-1,-1
810,249,190.95,174.35,50.90,126.62,0.7030,-1,-1,-1
810,253,237.78,188.39,30.67,91.89,0.7074,-1,-1,-1
810,254,60.31,145.81,46.95,156.28,0.7106,-1,-1,-1
811,197,282.50,132.71,74.16,214.67,0.8327,-1,-1,-1
811,239,96.45,153.14,46.01,139.00,0.5747,-1,-1,-1
811,242,322.13,44.41,191.49,405.66,0.6247,-1,-1,-1
811,247,486.08,23.66,147.50,427.13,0.8636,-1,-1,-1
811,249,189.59,171.41,52.92,129.45,0.7867,-1,-1,-1
811,253,241.53,184.14,31.30,93.43,0.7311,-1,-1,-1
811,254,64.61,146.83,46.15,152.02,0.4997,-1,-1,-1
811,255,269.15,191.83,20.59,85.18,0.7298,-1,-1,-1
812,197,291.54,129.92,68.22,209.54,0.8550,-1,-1,-1
812,239,98.78,150.48,44.75,143.41,0.7204,-1,-1,-1
812,242,344.24,42.92,186.39,418.15,0.5674,-1,-1,-1
812,247,490.57,24.89,148.92,434.87,0.8059,-1,-1,-1
812,249,190.53,171.37,54.43,133.13,0.8084,-1,-1,-1
812,253,242.72,181.25,32.66,97.83,0.6973,-1,-1,-1
812,254,65.50,145.97,45.46,157.00,0.6795,-1,-1,-1
812,255,271.68,191.97,21.44,86.89,0.6399,-1,-1,-1
813,197,296.25,130.65,64.75,210.63,0.8461,-1,-1,-1
813,239,100.41,152.52,43.94,143.27,0.6552,-1,-1,-1
813,242,365.91,40.54,158.48,430.93,0.8385,-1,-1,-1
813,247,500.72,30.11,143.11,441.12,0.8331,-1,-1,-1
813,249,187.82,168.75,56.67,136.88,0.8112,-1,-1,-1
813,253,241.61,180.07,34.18,101.65,0.6363,-1,-1,-1
813,254,56.21,145.39,47.12,154.60,0.6669,-1,-1,-1
813,255,268.56,195.23,22.73,86.26,0.6112,-1,-1,-1
814,197,301.51,129.95,64.12,210.63,0.8486,-1,-1,-1
814,239,101.17,149.09,42.88,145.39,0.7003,-1,-1,-1
814,242,363.21,35.09,162.92,443.75,0.5977,-1,-1,-1
814,247,506.74,30.66,137.34,442.62,0.8383,-1,-1,-1
814,249,186.25,162.46,59.42,142.57,0.8208,-1,-1,-1
814,253,239.23,177.01,36.72,104.48,0.7299,-1,-1,-1
814,254,51.76,139.14,52.01,160.47,0.7062,-1,-1,-1
814,255,270.83,194.76,23.57,85.82,0.6238,-1,-1,-1
815,197,305.40,134.11,63.72,211.61,0.8165,-1,-1,-1
815,239,100.01,148.46,43.54,149.59,0.6529,-1,-1,-1
815,242,395.10,26.40,176.17,454.08,0.6108,-1,-1,-1
815,247,513.22,30.73,130.11,442.71,0.8574,-1,-1,-1
815,249,183.76,161.92,61.13,146.21,0.7415,-1,-1,-1
815,253,239.76,179.03,36.72,105.55,0.6979,-1,-1,-1
815,254,50.33,142.29,53.28,161.52,0.6794,-1,-1,-1
815,255,271.06,194.48,24.94,88.88,0.6751,-1,-1,-1
816,197,309.20,135.91,61.19,210.52,0.7723,-1,-1,-1
816,229,43.60,170.01,28.23,130.13,0.3197,-1,-1,-1
816,239,99.30,148.95,42.39,147.55,0.6948,-1,-1,-1
816,242,369.21,24.82,166.87,454.65,0.6105,-1,-1,-1
816,247,518.55,26.78,122.36,426.12,0.8741,-1,-1,-1
816,249,177.26,159.04,63.10,150.02,0.7006,-1,-1,-1
816,253,236.65,175.04,37.28,109.88,0.7413,-1,-1,-1
816,254,55.64,138.98,51.86,160.80,0.5149,-1,-1,-1
816,255,269.61,191.64,25.40,90.76,0.6536,-1,-1,-1
817,197,312.66,134.56,61.02,210.28,0.8088,-1,-1,-1
817,239,97.07,147.57,41.77,148.16,0.7003,-1,-1,-1
817,242,381.22,6.50,166.88,456.09,0.7703,-1,-1,-1
817,247,520.67,22.28,120.62,432.80,0.8914,-1,-1,-1
817,249,170.20,156.81,66.45,154.24,0.7469,-1,-1,-1
817,250,25.92,145.44,47.29,154.86,0.4423,-1,-1,-1
817,253,235.18,173.26,37.10,110.09,0.6601,-1,-1,-1
817,254,55.87,136.05,53.19,167.74,0.4928,-1,-1,-1
817,255,268.43,191.88,24.39,87.63,0.6615,-1,-1,-1
818,197,317.17,132.10,62.16,210.26,0.8177,-1,-1,-1
818,239,94.79,145.99,42.39,150.96,0.7058,-1,-1,-1
818,242,380.95,8.79,161.18,457.85,0.7861,-1,-1,-1
818,247,523.10,11.82,121.67,442.46,0.8185,-1,-1,-1
818,249,170.57,156.90,68.97,161.21,0.7518,-1,-1,-1
818,250,14.02,136.59,53.47,167.13,0.6359,-1,-1,-1
818,253,230.79,169.07,39.27,115.27,0.7655,-1,-1,-1
818,254,53.80,134.30,55.19,171.87,0.3471,-1,-1,-1
818,255,266.44,187.57,27.08,95.25,0.6999,-1,-1,-1
818,256,290.01,177.76,26.24,92.10,0.7278,-1,-1,-1
819,197,318.67,129.94,61.67,205.74,0.8327,-1,-1,-1
819,236,55.28,133.19,43.22,114.43,0.3453,-1,-1,-1
819,239,92.59,146.02,42.46,153.64,0.7341,-1,-1,-1
819,242,402.10,7.84,146.98,460.64,0.8688,-1,-1,-1
819,247,533.05,9.50,111.83,452.58,0.8776,-1,-1,-1
819,249,167.12,157.88,70.28,164.32,0.7696,-1,-1,-1
819,250,2.09,138.33,57.26,168.29,0.7192,-1,-1,-1
819,253,228.00,167.98,40.39,118.67,0.7896,-1,-1,-1
819,255,265.47,188.51,28.11,97.86,0.6747,-1,-1,-1
819,256,289.91,178.97,27.00,92.28,0.6379,-1,-1,-1
820,197,314.39,131.26,63.87,207.37,0.8128,-1,-1,-1
820,236,44.60,134.64,43.54,117.84,0.4475,-1,-1,-1
820,239,82.96,146.78,43.69,159.07,0.7490,-1,-1,-1
820,242,414.46,9.25,154.30,470.07,0.8326,-1,-1,-1
820,247,543.04,11.53,102.20,468.30,0.8741,-1,-1,-1
820,249,152.62,154.98,75.37,173.92,0.7142,-1,-1,-1
820,250,-2.76,143.60,53.75,166.76,0.7159,-1,-1,-1
820,253,221.44,170.88,41.79,123.00,0.7659,-1,-1,-1
820,255,260.19,190.34,28.91,101.40,0.7275,-1,-1,-1
820,256,284.14,182.82,27.50,92.05,0.6394,-1,-1,-1
821,197,310.37,128.90,64.62,205.15,0.8151,-1,-1,-1
821,239,76.50,142.99,43.73,158.04,0.7889,-1,-1,-1
821,242,409.50,4.82,152.48,475.19,0.8161,-1,-1,-1
821,247,550.73,10.93,91.70,469.09,0.8854,-1,-1,-1
821,249,144.66,147.95,75.89,179.74,0.7663,-1,-1,-1
821,250,-5.50,136.83,47.77,171.62,0.7424,-1,-1,-1
821,253,214.73,166.40,41.88,125.83,0.7414,-1,-1,-1
821,254,32.45,128.86,54.41,186.44,0.7396,-1,-1,-1
821,255,253.43,187.28,28.68,103.49,0.6725,-1,-1,-1
821,256,279.00,177.46,28.55,95.69,0.6405,-1,-1,-1
822,197,309.57,130.67,71.79,206.53,0.8356,-1,-1,-1
822,236,24.65,122.65,43.34,119.19,0.4546,-1,-1,-1
822,239,66.29,141.33,45.05,162.45,0.7520,-1,-1,-1
822,242,417.67,5.45,152.62,474.59,0.8657,-1,-1,-1
822,247,561.03,12.37,82.95,467.70,0.8535,-1,-1,-1
822,249,133.94,143.96,78.06,187.78,0.8066,-1,-1,-1
822,253,207.57,166.63,42.64,128.49,0.7998,-1,-1,-1
822,255,247.71,188.98,28.86,104.84,0.7227,-1,-1,-1
822,256,272.28,177.16,29.92,97.16,0.6780,-1,-1,-1
823,197,309.13,137.95,75.30,206.75,0.8052,-1,-1,-1
823,236,21.51,128.05,44.98,121.94,0.4765,-1,-1,-1
823,239,64.39,142.69,45.87,166.53,0.8119,-1,-1,-1
823,242,431.71,3.39,149.62,471.05,0.8634,-1,-1,-1
823,247,568.89,14.74,76.68,465.67,0.7656,-1,-1,-1
823,249,128.03,144.53,80.43,193.00,0.8536,-1,-1,-1
823,253,205.81,168.44,44.33,133.72,0.7768,-1,-1,-1
823,255,248.14,184.86,31.17,114.92,0.7212,-1,-1,-1
823,256,272.81,175.83,32.23,104.53,0.6376,-1,-1,-1
823,257,383.01,119.33,61.57,165.76,0.4696,-1,-1,-1
824,197,309.29,137.13,75.58,207.19,0.7841,-1,-1,-1
824,239,57.44,141.64,46.01,167.48,0.7654,-1,-1,-1
824,242,447.65,1.06,156.67,478.78,0.8450,-1,-1,-1
824,247,568.69,7.76,73.58,457.49,0.7304,-1,-1,-1
824,249,115.53,138.42,84.48,203.56,0.8518,-1,-1,-1
824,253,197.13,163.78,45.59,139.10,0.7686,-1,-1,-1
824,254,10.06,125.67,55.11,195.21,0.5985,-1,-1,-1
824,255,242.95,179.22,32.35,117.59,0.7711,-1,-1,-1
824,256,266.12,174.59,32.82,102.94,0.7262,-1,-1,-1
824,257,370.37,114.40,100.06,284.47,0.6829,-1,-1,-1
825,197,310.96,136.34,75.23,206.40,0.7868,-1,-1,-1
825,236,2.96,120.54,45.83,125.02,0.3731,-1,-1,-1
825,239,50.01,138.10,47.28,172.32,0.7612,-1,-1,-1
825,242,460.12,0.30,170.92,479.72,0.8730,-1,-1,-1
825,247,576.18,4.24,69.76,448.36,0.3482,-1,-1,-1
825,249,96.63,136.42,95.69,215.04,0.8595,-1,-1,-1
825,253,189.11,158.89,47.25,144.17,0.7697,-1,-1,-1
825,255,238.33,181.08,34.79,120.36,0.7782,-1,-1,-1
825,256,262.85,173.63,33.66,105.59,0.6912,-1,-1,-1
825,257,380.23,113.01,86.21,242.50,0.6582,-1,-1,-1
826,197,311.01,130.23,74.16,205.15,0.8166,-1,-1,-1
826,239,43.41,131.40,49.19,177.55,0.7049,-1,-1,-1
826,242,465.78,0.47,173.58,479.16,0.9123,-1,-1,-1
826,249,85.44,129.93,106.25,226.86,0.8859,-1,-1,-1
826,253,181.21,151.78,49.50,148.48,0.8043,-1,-1,-1
826,254,-3.07,112.61,56.19,206.16,0.4642,-1,-1,-1
826,255,232.18,174.82,37.16,126.30,0.7521,-1,-1,-1
826,256,260.85,170.96,33.31,104.48,0.6679,-1,-1,-1
826,257,378.17,106.74,93.51,265.14,0.5910,-1,-1,-1
826,259,295.59,169.73,24.39,100.42,0.4898,-1,-1,-1
827,197,309.74,131.28,69.54,203.74,0.8229,-1,-1,-1
827,239,30.32,130.02,47.51,181.99,0.6745,-1,-1,-1
827,242,473.32,0.87,166.22,479.25,0.8848,-1,-1,-1
827,249,65.07,123.96,105.08,242.50,0.8609,-1,-1,-1
827,253,161.59,156.11,55.58,154.82,0.8150,-1,-1,-1
827,255,220.54,179.85,37.96,131.19,0.7613,-1,-1,-1
827,256,252.10,174.30,33.08,108.26,0.6817,-1,-1,-1
827,257,374.24,112.23,92.32,270.17,0.8236,-1,-1,-1
827,259,290.31,175.11,23.54,99.83,0.5394,-1,-1,-1
828,197,311.56,131.53,67.73,204.61,0.8255,-1,-1,-1
828,239,29.69,130.19,49.97,184.54,0.6804,-1,-1,-1
828,242,485.36,1.13,156.25,478.27,0.9011,-1,-1,-1
828,249,59.85,116.25,103.12,251.90,0.8611,-1,-1,-1
828,253,154.97,153.93,59.98,158.37,0.7980,-1,-1,-1
828,254,-8.70,109.33,48.93,214.95,0.4902,-1,-1,-1
828,255,217.85,178.07,38.69,135.29,0.7917,-1,-1,-1
828,256,249.97,173.25,33.97,110.32,0.7179,-1,-1,-1
828,257,374.30,113.71,93.27,273.52,0.7755,-1,-1,-1
828,259,289.48,175.98,24.15,100.02,0.6317,-1,-1,-1
829,197,315.89,130.66,66.43,206.45,0.8097,-1,-1,-1
829,239,23.34,127.28,51.35,187.21,0.7467,-1,-1,-1
829,242,501.73,0.78,144.23,479.19,0.8759,-1,-1,-1
829,249,54.37,109.84,103.59,263.86,0.8514,-1,-1,-1
829,253,151.84,149.13,61.47,168.99,0.8736,-1,-1,-1
829,255,214.48,175.21,40.86,139.10,0.7384,-1,-1,-1
829,256,247.39,168.39,37.14,115.89,0.6903,-1,-1,-1
829,257,379.70,113.24,98.45,276.78,0.7912,-1,-1,-1
829,259,291.29,172.28,27.17,101.53,0.6963,-1,-1,-1
830,197,319.86,139.17,64.30,203.23,0.8561,-1,-1,-1
830,242,514.08,0.07,132.94,480.01,0.8586,-1,-1,-1
830,249,25.28,108.69,117.23,278.79,0.8581,-1,-1,-1
830,253,149.12,151.75,61.80,174.20,0.8621,-1,-1,-1
830,255,210.48,176.49,43.55,145.78,0.7117,-1,-1,-1
830,256,247.68,175.92,37.04,113.14,0.6786,-1,-1,-1
830,257,381.49,119.08,100.18,273.02,0.8317,-1,-1,-1
830,259,293.39,175.64,30.02,102.24,0.7839,-1,-1,-1
831,197,319.30,139.27,62.64,206.15,0.8277,-1,-1,-1
831,242,525.74,0.13,119.67,478.13,0.8642,-1,-1,-1
831,249,9.70,104.51,123.92,292.90,0.8527,-1,-1,-1
831,253,139.77,144.56,63.28,183.03,0.8517,-1,-1,-1
831,255,204.61,170.70,45.25,153.30,0.7437,-1,-1,-1
831,256,241.95,170.74,37.79,119.08,0.7144,-1,-1,-1
831,257,378.26,115.70,102.14,277.78,0.8370,-1,-1,-1
831,259,288.74,174.25,32.19,101.89,0.7749,-1,-1,-1
832,197,313.39,133.79,61.86,205.45,0.8395,-1,-1,-1
832,242,545.40,0.65,101.72,477.59,0.8524,-1,-1,-1
832,249,-4.57,86.16,122.13,327.53,0.8791,-1,-1,-1
832,253,121.98,132.10,66.58,192.38,0.8307,-1,-1,-1
832,255,188.81,161.34,46.75,164.63,0.7894,-1,-1,-1
832,256,231.34,162.06,40.61,125.04,0.7619,-1,-1,-1
832,257,371.63,107.98,96.96,274.65,0.8540,-1,-1,-1
832,259,281.01,166.23,34.21,104.13,0.7869,-1,-1,-1
833,197,312.86,133.09,62.17,206.07,0.8310,-1,-1,-1
833,242,555.18,0.78,90.81,477.38,0.8372,-1,-1,-1
833,249,-4.27,81.80,111.13,323.03,0.8577,-1,-1,-1
833,253,110.69,129.82,71.49,203.35,0.8619,-1,-1,-1
833,255,181.02,161.93,49.06,166.80,0.8043,-1,-1,-1
833,256,226.98,162.11,41.08,127.57,0.8047,-1,-1,-1
833,257,369.40,106.65,94.71,270.76,0.8535,-1,-1,-1
833,259,275.42,166.25,35.94,104.81,0.7796,-1,-1,-1
834,197,314.73,129.06,63.36,200.67,0.8309,-1,-1,-1
834,242,565.64,14.86,86.68,464.55,0.4659,-1,-1,-1
834,249,-4.91,78.40,94.83,321.18,0.8878,-1,-1,-1
834,253,100.85,126.70,76.43,208.95,0.8691,-1,-1,-1
834,255,173.91,160.15,52.67,176.49,0.8355,-1,-1,-1
834,256,224.55,158.21,43.21,133.51,0.7557,-1,-1,-1
834,257,371.63,104.11,93.03,271.83,0.8748,-1,-1,-1
834,259,272.76,167.49,36.89,103.78,0.8086,-1,-1,-1
835,197,314.70,126.29,64.27,201.37,0.7938,-1,-1,-1
835,242,578.68,35.87,77.45,442.14,0.3293,-1,-1,-1
835,249,-7.48,105.76,83.04,298.09,0.7039,-1,-1,-1
835,253,88.37,121.74,82.68,229.96,0.8828,-1,-1,-1
835,255,166.34,156.15,57.59,187.54,0.8136,-1,-1,-1
835,256,221.74,158.25,44.72,136.89,0.7634,-1,-1,-1
835,257,372.51,104.39,92.66,276.27,0.8716,-1,-1,-1
835,259,274.62,167.71,36.72,101.33,0.7934,-1,-1,-1
836,197,320.33,124.67,65.91,196.09,0.8521,-1,-1,-1
836,239,-0.37,107.40,53.04,216.29,0.7720,-1,-1,-1
836,253,79.58,115.53,88.26,242.71,0.8688,-1,-1,-1
836,255,164.59,150.61,58.56,196.72,0.8416,-1,-1,-1
836,256,222.62,154.01,48.54,140.99,0.8356,-1,-1,-1
836,257,375.49,105.41,93.37,278.39,0.8711,-1,-1,-1
836,259,274.02,167.68,37.66,99.36,0.7786,-1,-1,-1
837,197,328.69,128.48,65.90,188.26,0.8317,-1,-1,-1
837,239,-4.34,110.33,48.52,217.90,0.6788,-1,-1,-1
837,253,72.85,111.81,92.70,253.93,0.8547,-1,-1,-1
837,255,161.15,145.18,59.60,208.81,0.8648,-1,-1,-1
837,256,224.23,151.22,51.38,148.45,0.8130,-1,-1,-1
837,257,380.99,110.10,93.94,278.75,0.8626,-1,-1,-1
837,259,275.66,168.26,40.60,101.13,0.8119,-1,-1,-1
