2,1,-4.92,661.02,50.57,213.20,0.6570,-1,-1,-1
2,2,1371.85,513.57,34.10,101.17,0.6425,-1,-1,-1
2,3,1615.36,549.37,60.39,124.44,0.6602,-1,-1,-1
2,4,1531.98,558.69,47.96,115.57,0.5625,-1,-1,-1
2,5,108.17,699.89,52.20,95.53,0.5526,-1,-1,-1
2,6,500.86,536.47,38.03,94.84,0.3221,-1,-1,-1
2,8,1448.13,491.60,32.20,91.14,0.3898,-1,-1,-1
3,1,-8.04,692.22,50.80,211.46,0.6504,-1,-1,-1
3,2,1373.50,507.66,38.07,106.21,0.5891,-1,-1,-1
3,3,1620.62,548.20,61.70,120.34,0.6539,-1,-1,-1
3,4,1536.72,552.07,51.24,118.09,0.6498,-1,-1,-1
3,5,101.32,723.95,54.38,97.31,0.5264,-1,-1,-1
3,6,499.85,550.38,39.14,92.67,0.3648,-1,-1,-1
3,8,1449.83,486.25,34.60,92.51,0.3185,-1,-1,-1
3,10,170.90,584.09,50.32,157.22,0.4275,-1,-1,-1
4,1,-6.82,703.26,38.29,165.93,0.3936,-1,-1,-1
4,2,1378.94,505.70,38.00,109.00,0.7124,-1,-1,-1
4,3,1629.24,547.52,63.63,126.03,0.7595,-1,-1,-1
4,4,1545.55,552.37,50.18,120.94,0.6529,-1,-1,-1
4,5,88.00,722.12,53.93,100.93,0.5896,-1,-1,-1
4,6,498.37,546.82,38.98,93.58,0.4333,-1,-1,-1
4,8,1455.29,485.40,32.91,90.30,0.4457,-1,-1,-1
5,2,1383.73,515.63,36.10,110.31,0.7115,-1,-1,-1
5,3,1637.02,564.41,60.63,122.97,0.6361,-1,-1,-1
5,4,1551.20,561.52,49.12,121.98,0.3998,-1,-1,-1
5,5,73.73,715.30,52.49,103.48,0.5019,-1,-1,-1
5,6,494.42,540.04,38.18,96.46,0.4487,-1,-1,-1
5,8,1458.99,496.81,29.90,86.52,0.5460,-1,-1,-1
5,12,1500.35,514.42,23.06,76.35,0.3295,-1,-1,-1
6,2,1389.84,527.34,34.43,107.40,0.6359,-1,-1,-1
6,3,1644.11,573.77,63.28,124.42,0.7573,-1,-1,-1
6,5,62.16,731.27,51.97,105.15,0.4842,-1,-1,-1
6,6,497.18,551.84,39.13,98.73,0.4641,-1,-1,-1
6,8,1462.22,505.77,29.91,88.04,0.5390,-1,-1,-1
6,10,145.08,580.97,51.09,164.38,0.4572,-1,-1,-1
6,12,1507.94,532.71,21.39,69.57,0.3128,-1,-1,-1
7,2,1390.85,517.94,35.40,111.45,0.5820,-1,-1,-1
7,3,1650.58,570.40,65.61,129.03,0.7406,-1,-1,-1
7,4,1564.29,566.96,52.38,126.55,0.5744,-1,-1,-1
7,5,47.22,732.30,52.83,108.56,0.3332,-1,-1,-1
7,6,492.62,540.92,40.72,103.42,0.3786,-1,-1,-1
7,8,1464.37,498.63,30.23,89.92,0.4664,-1,-1,-1
7,10,135.93,581.18,52.24,163.70,0.3909,-1,-1,-1
8,2,1394.56,532.02,34.01,107.75,0.6718,-1,-1,-1
8,3,1658.29,576.62,65.89,130.16,0.6627,-1,-1,-1
8,4,1570.54,580.44,50.77,123.30,0.5488,-1,-1,-1
8,5,31.62,741.09,51.19,108.57,0.4952,-1,-1,-1
8,6,491.34,548.00,39.45,102.16,0.3599,-1,-1,-1
8,8,1467.97,509.03,29.80,87.89,0.5230,-1,-1,-1
8,15,533.83,541.19,34.32,110.92,0.3144,-1,-1,-1
9,2,1397.67,533.56,33.77,106.68,0.6747,-1,-1,-1
9,3,1663.65,583.16,66.32,132.46,0.6920,-1,-1,-1
9,4,1576.86,587.95,50.36,123.66,0.5052,-1,-1,-1
9,5,14.00,736.83,52.51,116.09,0.6126,-1,-1,-1
9,6,490.10,549.75,37.42,98.37,0.3189,-1,-1,-1
9,8,1470.14,512.27,29.86,88.15,0.4327,-1,-1,-1
9,16,218.67,613.86,44.17,136.03,0.4330,-1,-1,-1
9,17,678.29,524.96,27.59,79.86,0.3204,-1,-1,-1
9,18,1515.72,522.20,25.98,85.62,0.3444,-1,-1,-1
10,2,1399.99,541.87,32.95,106.67,0.6591,-1,-1,-1
10,3,1670.53,602.46,62.60,127.02,0.7865,-1,-1,-1
10,4,1583.19,603.81,48.30,122.41,0.6845,-1,-1,-1
10,5,-0.15,728.06,49.65,115.63,0.6397,-1,-1,-1
10,6,489.40,543.36,35.84,99.29,0.4576,-1,-1,-1
10,8,1473.25,523.59,28.16,87.51,0.3215,-1,-1,-1
10,15,530.68,551.68,26.50,91.71,0.3903,-1,-1,-1
10,16,211.17,612.32,40.70,132.47,0.5095,-1,-1,-1
11,2,1401.34,530.68,35.93,107.00,0.6749,-1,-1,-1
11,3,1677.86,576.87,68.58,135.58,0.7657,-1,-1,-1
11,4,1588.57,586.44,52.76,126.76,0.6553,-1,-1,-1
11,5,-7.55,749.22,52.69,119.66,0.4077,-1,-1,-1
11,8,1473.45,511.01,30.53,86.86,0.3871,-1,-1,-1
11,10,87.49,589.32,55.11,170.76,0.3530,-1,-1,-1
11,16,200.74,613.97,47.29,143.26,0.4303,-1,-1,-1
12,2,1403.35,532.22,37.02,110.71,0.6856,-1,-1,-1
12,3,1687.05,589.62,65.79,132.42,0.7709,-1,-1,-1
12,4,1596.63,591.91,53.24,128.71,0.7065,-1,-1,-1
12,8,1476.93,514.23,32.13,89.76,0.3874,-1,-1,-1
12,10,78.67,591.39,54.22,167.58,0.3983,-1,-1,-1
12,16,191.27,607.34,49.11,151.27,0.5128,-1,-1,-1
13,2,1408.61,529.99,34.21,104.78,0.7171,-1,-1,-1
13,3,1693.98,590.72,63.82,131.50,0.7226,-1,-1,-1
13,4,1601.75,594.58,52.35,126.55,0.6664,-1,-1,-1
13,8,1479.39,511.48,32.88,91.08,0.4241,-1,-1,-1
13,16,175.72,579.39,52.73,167.16,0.5474,-1,-1,-1
14,2,1408.79,529.03,35.17,102.44,0.6684,-1,-1,-1
14,3,1700.72,582.47,65.71,133.42,0.6837,-1,-1,-1
14,4,1611.04,585.51,55.38,129.64,0.6282,-1,-1,-1
14,6,478.88,550.47,36.54,96.46,0.3018,-1,-1,-1
14,10,53.85,584.66,56.96,175.62,0.3519,-1,-1,-1
14,15,519.33,545.88,31.97,101.20,0.3135,-1,-1,-1
14,16,167.23,597.13,54.30,165.57,0.3145,-1,-1,-1
15,2,1411.99,531.56,35.97,106.07,0.5294,-1,-1,-1
15,3,1709.44,584.65,65.63,138.49,0.7500,-1,-1,-1
15,4,1619.29,592.14,53.94,129.59,0.7189,-1,-1,-1
15,6,478.59,548.30,35.77,96.22,0.3125,-1,-1,-1
15,15,518.94,538.61,33.16,105.37,0.3996,-1,-1,-1
15,18,1535.42,517.37,28.60,91.93,0.3168,-1,-1,-1
16,2,1416.47,533.32,35.08,104.86,0.5458,-1,-1,-1
16,3,1715.53,592.08,62.82,135.74,0.7422,-1,-1,-1
16,4,1627.40,593.96,54.49,130.48,0.6976,-1,-1,-1
16,6,476.97,542.03,36.80,101.44,0.3862,-1,-1,-1
16,10,33.09,583.44,55.52,175.66,0.4577,-1,-1,-1
16,15,517.41,536.78,33.72,106.17,0.4636,-1,-1,-1
16,16,144.08,600.86,52.07,162.24,0.3296,-1,-1,-1
17,2,1418.39,532.93,37.12,108.30,0.6035,-1,-1,-1
17,3,1722.50,589.53,64.58,139.10,0.7096,-1,-1,-1
17,4,1634.17,588.50,56.28,134.63,0.6952,-1,-1,-1
17,6,475.21,543.96,37.45,102.58,0.5147,-1,-1,-1
17,10,18.60,588.39,57.52,180.91,0.3848,-1,-1,-1
17,15,515.06,539.87,35.49,106.94,0.4907,-1,-1,-1
17,16,130.16,603.04,54.32,169.85,0.4308,-1,-1,-1
18,2,1420.42,533.34,37.31,109.00,0.6993,-1,-1,-1
18,3,1732.45,594.10,63.09,137.47,0.7042,-1,-1,-1
18,4,1643.55,591.04,56.02,135.04,0.6255,-1,-1,-1
18,6,474.60,541.29,38.31,104.84,0.5551,-1,-1,-1
18,10,6.69,589.32,58.17,185.52,0.3945,-1,-1,-1
18,15,514.63,540.60,35.83,106.32,0.5021,-1,-1,-1
19,2,1423.08,534.30,37.41,107.82,0.7342,-1,-1,-1
19,3,1741.91,594.94,63.76,139.08,0.7481,-1,-1,-1
19,4,1650.93,592.17,56.15,135.33,0.4434,-1,-1,-1
19,6,472.92,540.20,38.69,106.19,0.5131,-1,-1,-1
19,10,-3.32,588.28,57.07,186.11,0.3763,-1,-1,-1
19,15,512.73,539.98,37.08,107.76,0.5126,-1,-1,-1
20,2,1424.79,534.62,37.74,106.14,0.7477,-1,-1,-1
20,3,1750.05,596.70,64.00,139.79,0.7429,-1,-1,-1
20,4,1658.03,593.78,55.51,135.06,0.6052,-1,-1,-1
20,6,470.44,544.25,39.07,106.79,0.4014,-1,-1,-1
20,10,-8.45,595.66,53.28,184.77,0.4794,-1,-1,-1
20,15,508.34,536.93,40.07,114.62,0.4847,-1,-1,-1
21,2,1426.26,532.55,39.87,112.05,0.6908,-1,-1,-1
21,3,1758.16,597.39,63.77,140.49,0.7462,-1,-1,-1
21,4,1666.54,596.85,56.01,137.39,0.6871,-1,-1,-1
21,6,467.73,549.26,36.67,101.39,0.4583,-1,-1,-1
21,10,-11.15,613.65,45.04,168.19,0.3771,-1,-1,-1
21,15,506.83,539.06,39.60,113.63,0.5237,-1,-1,-1
22,2,1431.02,538.04,37.71,102.91,0.6691,-1,-1,-1
22,3,1771.19,601.88,61.95,137.98,0.7483,-1,-1,-1
22,4,1673.56,597.83,57.03,140.92,0.6264,-1,-1,-1
22,6,465.06,550.93,37.47,103.53,0.5558,-1,-1,-1
22,15,503.98,543.98,38.79,111.57,0.5124,-1,-1,-1
23,2,1430.99,538.56,40.16,109.52,0.6631,-1,-1,-1
23,3,1778.30,599.90,64.73,145.85,0.7717,-1,-1,-1
23,4,1680.30,600.45,57.48,143.10,0.7254,-1,-1,-1
23,6,463.76,549.44,37.76,105.99,0.4278,-1,-1,-1
23,15,500.93,547.94,38.82,108.58,0.5497,-1,-1,-1
24,2,1434.32,530.29,42.05,115.99,0.6539,-1,-1,-1
24,3,1787.71,593.23,67.74,151.97,0.7111,-1,-1,-1
24,4,1686.91,601.33,58.66,142.99,0.7311,-1,-1,-1
24,6,461.45,549.91,39.95,108.56,0.4739,-1,-1,-1
24,15,496.48,552.75,38.56,106.08,0.4579,-1,-1,-1
24,20,665.48,532.18,26.07,77.08,0.3691,-1,-1,-1
25,2,1436.88,535.12,42.94,121.18,0.6621,-1,-1,-1
25,3,1798.17,604.18,66.07,147.63,0.7095,-1,-1,-1
25,4,1694.47,607.44,58.95,148.48,0.7278,-1,-1,-1
25,6,459.09,547.05,42.11,114.30,0.4381,-1,-1,-1
25,15,496.31,552.66,39.18,108.90,0.4673,-1,-1,-1
26,2,1440.54,538.52,42.79,118.83,0.7230,-1,-1,-1
26,3,1808.66,608.07,66.05,146.52,0.5900,-1,-1,-1
26,4,1704.05,611.73,59.33,149.73,0.7248,-1,-1,-1
26,6,457.14,549.52,41.58,113.16,0.5107,-1,-1,-1
26,8,1528.66,519.04,31.10,86.12,0.4781,-1,-1,-1
26,15,494.93,549.25,40.87,114.24,0.5505,-1,-1,-1
26,20,664.67,534.74,26.64,79.48,0.4047,-1,-1,-1
27,2,1443.86,542.26,41.09,113.50,0.7473,-1,-1,-1
27,3,1816.16,611.75,69.91,150.77,0.6523,-1,-1,-1
27,4,1711.10,615.86,59.47,148.84,0.6736,-1,-1,-1
27,6,453.93,556.83,41.01,109.94,0.3937,-1,-1,-1
27,8,1530.88,520.71,32.12,86.19,0.6918,-1,-1,-1
27,15,494.30,561.79,38.34,104.68,0.6101,-1,-1,-1
28,2,1448.77,545.95,41.99,110.49,0.7280,-1,-1,-1
28,3,1823.10,610.78,73.94,157.32,0.7715,-1,-1,-1
28,4,1717.93,616.99,60.92,152.20,0.6737,-1,-1,-1
28,6,450.84,558.89,41.07,109.22,0.3524,-1,-1,-1
28,8,1535.04,525.37,32.00,83.68,0.5366,-1,-1,-1
28,15,491.93,565.26,38.26,102.79,0.5865,-1,-1,-1
29,2,1451.63,551.07,40.52,109.90,0.7081,-1,-1,-1
29,3,1830.30,620.37,74.38,159.81,0.6925,-1,-1,-1
29,4,1724.87,623.07,62.23,160.34,0.7233,-1,-1,-1
29,6,449.44,563.25,39.18,104.76,0.4895,-1,-1,-1
29,8,1536.15,526.39,33.86,90.44,0.5617,-1,-1,-1
29,15,491.55,568.81,36.55,99.04,0.5287,-1,-1,-1
30,2,1454.22,550.31,42.03,111.77,0.6417,-1,-1,-1
30,3,1839.10,621.26,73.18,151.08,0.6343,-1,-1,-1
30,4,1737.65,624.37,61.61,159.57,0.7528,-1,-1,-1
30,6,444.13,566.16,42.58,111.11,0.6151,-1,-1,-1
30,8,1538.70,525.34,34.79,91.71,0.5648,-1,-1,-1
30,15,488.94,574.99,38.42,102.05,0.5004,-1,-1,-1
31,2,1455.30,551.64,45.69,120.93,0.6285,-1,-1,-1
31,3,1849.66,627.29,72.64,149.81,0.6390,-1,-1,-1
31,4,1748.65,628.56,60.88,154.64,0.5785,-1,-1,-1
31,6,441.93,579.60,42.46,109.87,0.5757,-1,-1,-1
31,8,1541.20,525.77,36.88,96.76,0.4866,-1,-1,-1
31,15,486.47,580.17,41.86,110.00,0.4165,-1,-1,-1
32,2,1459.63,557.06,43.10,119.59,0.6370,-1,-1,-1
32,3,1853.46,635.47,71.95,161.03,0.6872,-1,-1,-1
32,4,1757.95,632.37,60.05,155.06,0.6769,-1,-1,-1
32,6,441.22,573.19,40.90,107.67,0.5729,-1,-1,-1
32,8,1546.08,530.08,34.04,91.62,0.5976,-1,-1,-1
32,15,485.93,573.88,40.21,108.65,0.5267,-1,-1,-1
33,2,1463.74,542.01,44.43,125.65,0.7429,-1,-1,-1
33,3,1860.58,621.67,69.21,169.74,0.6662,-1,-1,-1
33,4,1768.02,620.47,59.58,152.52,0.6461,-1,-1,-1
33,6,438.78,563.70,41.16,108.90,0.5151,-1,-1,-1
33,8,1549.73,518.45,33.59,90.25,0.6533,-1,-1,-1
33,15,483.16,568.09,39.62,107.85,0.4873,-1,-1,-1
33,20,654.51,544.51,28.73,80.06,0.3181,-1,-1,-1
34,2,1468.01,545.08,43.49,124.67,0.7610,-1,-1,-1
34,3,1872.06,633.97,57.18,146.91,0.5550,-1,-1,-1
34,4,1775.46,620.59,63.31,157.14,0.7453,-1,-1,-1
34,6,436.49,572.96,40.02,104.57,0.4813,-1,-1,-1
34,8,1552.45,518.52,34.46,93.04,0.5972,-1,-1,-1
34,15,479.05,567.35,41.64,113.46,0.5207,-1,-1,-1
35,2,1471.59,539.40,44.07,125.91,0.7299,-1,-1,-1
35,4,1786.16,621.86,63.73,158.22,0.6379,-1,-1,-1
35,6,435.52,565.56,39.13,103.30,0.4298,-1,-1,-1
35,8,1559.21,515.86,33.31,92.61,0.5334,-1,-1,-1
35,15,477.55,559.64,40.24,111.67,0.3760,-1,-1,-1
36,2,1476.33,536.39,44.83,129.42,0.7514,-1,-1,-1
36,4,1794.04,617.97,68.77,167.81,0.7064,-1,-1,-1
36,6,432.52,562.06,40.34,105.04,0.3527,-1,-1,-1
36,8,1563.64,515.09,32.89,91.15,0.3399,-1,-1,-1
36,15,473.43,552.24,42.37,117.59,0.3022,-1,-1,-1
37,2,1480.50,538.18,42.77,126.49,0.7195,-1,-1,-1
37,4,1802.40,622.21,71.76,169.51,0.7729,-1,-1,-1
37,6,428.25,553.28,41.29,110.09,0.3535,-1,-1,-1
37,8,1570.18,514.73,32.74,91.94,0.4271,-1,-1,-1
37,15,468.93,539.90,44.34,125.63,0.4701,-1,-1,-1
38,2,1483.45,532.98,43.81,130.04,0.7105,-1,-1,-1
38,4,1809.62,616.76,77.26,177.99,0.7811,-1,-1,-1
38,6,424.23,550.52,43.21,115.23,0.4980,-1,-1,-1
38,8,1573.27,503.85,34.49,96.81,0.4790,-1,-1,-1
38,15,466.00,540.65,45.03,124.97,0.5374,-1,-1,-1
39,2,1488.57,538.69,42.12,127.45,0.7030,-1,-1,-1
39,4,1823.00,629.73,74.37,173.85,0.7505,-1,-1,-1
39,6,422.31,542.21,41.73,115.41,0.4522,-1,-1,-1
39,8,1580.97,507.59,33.69,97.00,0.5142,-1,-1,-1
39,15,464.89,529.84,44.57,127.76,0.4775,-1,-1,-1
40,2,1491.65,536.53,42.34,126.51,0.7111,-1,-1,-1
40,4,1833.70,626.70,76.33,177.88,0.7794,-1,-1,-1
40,6,418.01,541.56,43.65,120.37,0.3850,-1,-1,-1
40,8,1582.49,500.87,36.35,102.65,0.3280,-1,-1,-1
40,15,464.59,538.09,43.80,123.21,0.4696,-1,-1,-1
41,2,1497.01,547.10,40.77,119.47,0.6972,-1,-1,-1
41,4,1844.74,633.24,75.48,179.90,0.7577,-1,-1,-1
41,6,417.55,535.63,43.93,124.46,0.4087,-1,-1,-1
41,8,1590.12,502.56,37.40,105.82,0.4960,-1,-1,-1
41,15,464.14,537.86,43.04,121.43,0.4696,-1,-1,-1
42,2,1501.81,548.14,41.71,120.37,0.6868,-1,-1,-1
42,4,1852.72,638.21,72.42,180.05,0.6916,-1,-1,-1
42,6,417.73,536.38,44.84,127.40,0.5487,-1,-1,-1
42,8,1594.25,507.55,35.60,101.25,0.5748,-1,-1,-1
42,15,463.63,544.62,42.66,117.51,0.4622,-1,-1,-1
42,20,646.74,521.80,32.94,91.07,0.3100,-1,-1,-1
43,2,1506.12,549.22,42.43,122.67,0.6678,-1,-1,-1
43,4,1863.33,644.65,64.14,170.57,0.6621,-1,-1,-1
43,6,415.15,536.08,45.84,130.55,0.5425,-1,-1,-1
43,8,1597.02,511.62,34.35,98.10,0.5064,-1,-1,-1
43,15,457.31,533.21,47.63,131.94,0.4131,-1,-1,-1
43,23,502.52,528.82,34.22,89.46,0.3720,-1,-1,-1
44,2,1511.72,552.59,42.28,120.58,0.6220,-1,-1,-1
44,4,1872.15,650.89,57.74,166.60,0.6409,-1,-1,-1
44,6,414.36,535.56,46.82,133.04,0.3814,-1,-1,-1
44,8,1600.82,510.43,36.27,100.94,0.5301,-1,-1,-1
44,15,451.71,531.91,49.92,136.98,0.4002,-1,-1,-1
45,2,1515.46,556.03,44.44,129.76,0.7575,-1,-1,-1
45,4,1881.24,672.21,50.99,159.94,0.4757,-1,-1,-1
45,6,414.60,534.06,45.10,132.05,0.3758,-1,-1,-1
45,8,1605.68,514.29,37.03,101.88,0.5885,-1,-1,-1
45,15,451.09,531.00,48.51,135.83,0.3258,-1,-1,-1
46,2,1518.73,554.11,45.28,135.04,0.7570,-1,-1,-1
46,6,409.14,539.60,44.86,127.91,0.3123,-1,-1,-1
46,8,1609.67,515.41,37.61,100.75,0.5480,-1,-1,-1
46,15,447.85,533.80,49.23,136.97,0.3441,-1,-1,-1
47,2,1525.00,559.23,43.71,131.47,0.7205,-1,-1,-1
47,8,1618.73,526.90,34.49,93.21,0.5303,-1,-1,-1
47,15,447.78,537.40,46.97,132.81,0.3277,-1,-1,-1
47,20,640.92,530.69,31.48,87.59,0.3538,-1,-1,-1
47,23,491.02,515.52,39.49,104.41,0.3365,-1,-1,-1
48,2,1528.74,560.07,45.01,133.48,0.7090,-1,-1,-1
48,6,403.05,536.59,47.51,134.89,0.3399,-1,-1,-1
48,8,1621.21,528.31,33.63,91.78,0.6493,-1,-1,-1
48,15,447.00,543.87,46.90,131.69,0.3629,-1,-1,-1
48,23,489.79,527.76,36.54,95.60,0.3159,-1,-1,-1
49,2,1533.32,558.91,45.43,136.43,0.7107,-1,-1,-1
49,6,398.74,553.31,42.80,121.12,0.4164,-1,-1,-1
49,8,1625.46,533.08,32.47,90.83,0.7157,-1,-1,-1
49,15,445.78,550.32,44.61,126.53,0.5423,-1,-1,-1
50,2,1538.11,557.16,46.12,137.63,0.6966,-1,-1,-1
50,6,397.45,554.64,42.40,118.42,0.3637,-1,-1,-1
50,8,1630.04,530.59,32.00,90.27,0.4166,-1,-1,-1
50,15,445.03,559.02,42.21,117.77,0.5618,-1,-1,-1
50,26,570.63,533.05,29.12,93.54,0.3224,-1,-1,-1
51,2,1542.62,561.46,46.02,137.54,0.6992,-1,-1,-1
51,6,396.90,550.98,43.20,120.67,0.4895,-1,-1,-1
51,8,1636.63,533.85,31.16,89.72,0.6433,-1,-1,-1
51,15,443.56,566.80,40.07,109.78,0.5522,-1,-1,-1
52,2,1546.69,557.78,50.07,148.50,0.7092,-1,-1,-1
52,6,395.52,551.49,44.69,123.44,0.5372,-1,-1,-1
52,8,1639.60,532.41,31.52,91.14,0.5623,-1,-1,-1
52,15,442.05,568.90,40.20,109.27,0.5690,-1,-1,-1
52,20,635.77,538.02,32.07,88.40,0.4136,-1,-1,-1
52,28,335.06,561.63,38.29,112.69,0.5025,-1,-1,-1
53,2,1550.80,556.34,51.41,152.41,0.6876,-1,-1,-1
53,6,392.16,550.49,45.95,127.24,0.5311,-1,-1,-1
53,8,1643.96,533.59,30.85,89.61,0.5337,-1,-1,-1
53,15,439.88,565.94,42.41,114.19,0.5363,-1,-1,-1
53,20,635.49,536.58,32.10,90.38,0.4406,-1,-1,-1
53,28,330.17,557.86,40.39,118.91,0.4316,-1,-1,-1
54,2,1553.46,557.00,52.16,153.69,0.7243,-1,-1,-1
54,6,387.34,548.47,46.56,129.55,0.5157,-1,-1,-1
54,8,1648.45,534.23,30.74,89.44,0.5927,-1,-1,-1
54,15,437.04,567.26,42.67,113.31,0.5620,-1,-1,-1
54,20,635.05,535.04,32.12,90.79,0.3953,-1,-1,-1
54,26,555.99,533.39,30.23,95.41,0.3110,-1,-1,-1
54,28,329.19,561.79,38.66,112.33,0.5001,-1,-1,-1
55,2,1557.70,553.37,53.24,158.43,0.7489,-1,-1,-1
55,6,383.27,543.53,47.76,134.64,0.5710,-1,-1,-1
55,8,1653.87,533.03,31.85,92.08,0.6041,-1,-1,-1
55,15,434.59,562.91,44.46,118.34,0.4615,-1,-1,-1
55,20,635.01,535.48,31.71,90.61,0.3400,-1,-1,-1
55,28,327.42,559.11,39.70,113.87,0.4942,-1,-1,-1
56,2,1562.77,553.71,52.26,156.40,0.7373,-1,-1,-1
56,6,381.94,550.39,45.04,127.79,0.5221,-1,-1,-1
56,8,1657.18,524.68,35.61,101.58,0.7227,-1,-1,-1
56,15,430.36,562.96,44.46,118.89,0.3546,-1,-1,-1
56,20,630.73,535.88,31.31,92.37,0.3524,-1,-1,-1
56,26,551.50,533.07,30.77,97.53,0.3292,-1,-1,-1
56,28,322.80,557.50,41.46,116.09,0.5542,-1,-1,-1
57,2,1567.77,551.94,52.95,156.90,0.7168,-1,-1,-1
57,6,379.38,550.99,44.97,127.56,0.5247,-1,-1,-1
57,8,1658.60,519.97,37.00,104.56,0.7179,-1,-1,-1
57,15,425.70,561.12,44.90,119.74,0.4543,-1,-1,-1
57,20,629.22,536.04,31.05,92.64,0.3481,-1,-1,-1
57,26,549.75,532.23,31.35,98.62,0.3742,-1,-1,-1
57,28,316.63,556.53,42.94,118.18,0.4610,-1,-1,-1
58,2,1572.39,557.29,51.48,151.40,0.6330,-1,-1,-1
58,6,376.15,547.07,45.24,130.18,0.5754,-1,-1,-1
58,8,1660.70,513.77,37.99,108.43,0.6824,-1,-1,-1
58,15,421.33,558.83,45.21,120.70,0.4634,-1,-1,-1
58,20,629.49,536.01,30.09,91.12,0.3272,-1,-1,-1
58,26,546.59,532.46,30.93,96.70,0.3047,-1,-1,-1
58,28,311.80,554.19,43.26,116.97,0.4667,-1,-1,-1
59,2,1578.75,563.59,49.71,146.58,0.6308,-1,-1,-1
59,6,372.48,543.50,44.76,131.96,0.5620,-1,-1,-1
59,8,1664.70,509.87,39.61,112.01,0.6578,-1,-1,-1
59,15,418.97,560.14,44.26,117.85,0.4145,-1,-1,-1
59,20,626.92,535.42,29.61,90.40,0.3698,-1,-1,-1
59,28,307.74,550.75,44.84,120.82,0.4357,-1,-1,-1
60,2,1581.67,559.92,51.42,151.45,0.6268,-1,-1,-1
60,6,368.38,546.91,43.23,128.72,0.5510,-1,-1,-1
60,8,1666.09,510.75,40.20,110.68,0.7210,-1,-1,-1
60,15,418.11,563.55,43.87,114.84,0.3870,-1,-1,-1
60,28,305.08,554.67,44.01,116.88,0.3951,-1,-1,-1
61,2,1584.38,548.17,54.43,158.38,0.6205,-1,-1,-1
61,6,365.52,549.62,44.17,127.99,0.4771,-1,-1,-1
61,8,1667.59,509.22,41.33,106.97,0.7169,-1,-1,-1
61,15,415.54,561.62,46.23,118.04,0.4222,-1,-1,-1
61,28,301.75,558.91,44.88,114.49,0.4345,-1,-1,-1
62,2,1590.64,556.04,52.70,155.52,0.7001,-1,-1,-1
62,6,362.39,542.05,44.38,130.96,0.4603,-1,-1,-1
62,8,1673.62,519.46,39.64,103.18,0.5488,-1,-1,-1
62,15,411.41,551.54,47.10,125.49,0.3490,-1,-1,-1
62,20,621.50,530.94,29.94,94.01,0.3752,-1,-1,-1
62,28,298.77,551.60,44.78,115.25,0.4384,-1,-1,-1
63,2,1595.32,543.79,56.42,155.29,0.6411,-1,-1,-1
63,6,359.00,563.28,46.98,128.37,0.4003,-1,-1,-1
63,8,1679.99,513.32,38.87,94.15,0.5719,-1,-1,-1
63,15,410.59,571.17,48.41,120.07,0.3700,-1,-1,-1
63,28,294.19,571.87,48.24,115.82,0.4958,-1,-1,-1
64,2,1601.92,564.20,52.43,151.98,0.6265,-1,-1,-1
64,6,356.89,540.09,45.59,134.90,0.4848,-1,-1,-1
64,8,1687.61,530.77,35.53,93.99,0.6374,-1,-1,-1
64,15,403.08,548.07,47.82,128.43,0.3328,-1,-1,-1
64,20,619.42,530.81,29.82,95.53,0.3509,-1,-1,-1
64,28,291.56,550.65,45.71,117.89,0.4852,-1,-1,-1
65,2,1603.85,562.15,54.21,149.88,0.7297,-1,-1,-1
65,6,350.47,551.42,45.94,131.65,0.4789,-1,-1,-1
65,8,1690.27,529.08,34.10,89.14,0.6811,-1,-1,-1
65,15,400.63,560.22,46.53,122.48,0.3862,-1,-1,-1
65,26,527.68,532.77,32.50,99.51,0.3402,-1,-1,-1
65,28,286.75,560.89,45.69,116.73,0.5095,-1,-1,-1
66,2,1610.42,561.26,56.02,149.58,0.7218,-1,-1,-1
66,6,347.40,557.90,48.54,134.99,0.6009,-1,-1,-1
66,8,1696.88,520.04,35.74,92.35,0.6913,-1,-1,-1
66,15,397.42,566.96,48.78,123.55,0.5012,-1,-1,-1
66,20,616.73,542.49,30.06,92.44,0.3274,-1,-1,-1
66,28,285.64,567.64,45.48,114.59,0.5079,-1,-1,-1
66,30,467.85,559.52,31.14,73.29,0.4145,-1,-1,-1
67,2,1614.51,568.47,54.89,154.86,0.7347,-1,-1,-1
67,6,344.37,544.01,46.45,136.02,0.5524,-1,-1,-1
67,8,1699.69,536.70,33.47,90.99,0.6537,-1,-1,-1
67,15,394.89,558.21,45.08,120.73,0.5553,-1,-1,-1
67,28,280.40,547.19,44.90,121.89,0.3359,-1,-1,-1
67,30,461.78,551.67,28.37,70.60,0.3430,-1,-1,-1
68,2,1617.49,564.46,56.39,152.28,0.7318,-1,-1,-1
68,6,340.95,556.46,46.63,130.71,0.5780,-1,-1,-1
68,8,1701.52,528.40,34.24,89.96,0.5779,-1,-1,-1
68,15,389.29,563.04,48.47,123.38,0.5489,-1,-1,-1
68,28,275.93,561.39,44.97,119.04,0.4448,-1,-1,-1
68,30,455.20,558.71,30.44,72.91,0.4476,-1,-1,-1
69,2,1622.36,571.41,57.19,157.27,0.7563,-1,-1,-1
69,6,335.41,544.62,47.95,137.74,0.4394,-1,-1,-1
69,8,1704.77,538.59,34.00,91.43,0.6500,-1,-1,-1
69,15,386.14,557.08,46.72,123.19,0.4938,-1,-1,-1
69,28,270.20,550.79,45.09,126.11,0.4400,-1,-1,-1
69,30,450.42,554.05,29.59,73.66,0.4046,-1,-1,-1
70,2,1626.11,566.21,58.40,156.93,0.7757,-1,-1,-1
70,6,330.78,545.09,49.36,139.48,0.5193,-1,-1,-1
70,8,1705.38,534.84,35.03,93.02,0.5962,-1,-1,-1
70,15,380.02,555.80,48.92,128.27,0.5873,-1,-1,-1
70,28,265.18,549.53,46.69,130.19,0.3747,-1,-1,-1
70,30,443.74,555.29,30.41,74.74,0.4612,-1,-1,-1
71,2,1630.10,571.81,58.72,159.41,0.7564,-1,-1,-1
71,6,328.91,546.67,47.51,135.47,0.5147,-1,-1,-1
71,8,1706.58,536.93,35.02,93.78,0.6897,-1,-1,-1
71,15,374.78,553.14,48.75,129.00,0.5607,-1,-1,-1
71,20,598.40,539.53,29.29,96.86,0.3385,-1,-1,-1
71,26,505.60,531.75,35.57,108.15,0.4427,-1,-1,-1
71,30,437.74,553.08,30.97,75.78,0.3959,-1,-1,-1
72,2,1631.92,559.02,62.97,173.82,0.7885,-1,-1,-1
72,6,326.04,551.83,47.90,133.67,0.6164,-1,-1,-1
72,8,1707.43,536.20,35.07,91.41,0.6906,-1,-1,-1
72,15,369.99,554.80,49.23,130.56,0.6105,-1,-1,-1
72,26,503.19,534.83,35.78,107.19,0.3700,-1,-1,-1
72,30,430.67,555.68,31.75,75.57,0.4245,-1,-1,-1
73,2,1637.80,564.01,61.06,172.32,0.6738,-1,-1,-1
73,6,318.56,543.79,48.98,138.13,0.4709,-1,-1,-1
73,8,1709.83,539.04,36.24,94.62,0.5833,-1,-1,-1
73,15,365.93,548.54,48.98,133.32,0.5836,-1,-1,-1
73,26,500.37,534.27,34.74,106.04,0.3436,-1,-1,-1
73,28,250.15,552.30,44.29,128.02,0.3369,-1,-1,-1
73,30,424.96,552.02,30.73,74.51,0.4058,-1,-1,-1
74,2,1643.08,570.74,61.34,167.08,0.7210,-1,-1,-1
74,6,314.02,543.38,50.21,140.69,0.3724,-1,-1,-1
74,8,1711.56,536.15,36.37,93.49,0.5858,-1,-1,-1
74,15,362.52,548.48,49.86,134.81,0.4973,-1,-1,-1
74,20,582.70,538.26,29.84,100.45,0.3059,-1,-1,-1
74,28,245.93,543.95,48.23,139.08,0.3169,-1,-1,-1
74,30,419.15,553.39,31.59,74.30,0.4468,-1,-1,-1
75,2,1645.30,578.30,61.30,163.09,0.7429,-1,-1,-1
75,6,306.58,548.00,48.19,135.17,0.4164,-1,-1,-1
75,8,1712.64,539.24,36.49,93.60,0.5706,-1,-1,-1
75,15,355.77,555.90,47.17,128.27,0.6082,-1,-1,-1
75,20,578.92,536.80,30.13,103.58,0.3460,-1,-1,-1
75,30,412.54,554.17,32.18,75.98,0.3757,-1,-1,-1
76,2,1648.81,579.05,62.05,163.43,0.7341,-1,-1,-1
76,6,297.18,543.27,51.39,140.96,0.4755,-1,-1,-1
76,8,1714.06,539.40,35.99,91.20,0.5478,-1,-1,-1
76,15,351.09,552.04,48.02,130.88,0.4953,-1,-1,-1
76,20,575.99,535.77,30.17,103.35,0.3407,-1,-1,-1
76,30,403.29,552.80,32.02,74.29,0.3273,-1,-1,-1
77,2,1651.20,581.13,63.62,162.91,0.7195,-1,-1,-1
77,6,292.77,545.16,51.06,139.03,0.4480,-1,-1,-1
77,8,1714.61,540.87,36.29,90.88,0.5368,-1,-1,-1
77,15,343.49,549.64,48.67,132.84,0.6133,-1,-1,-1
77,20,573.02,534.12,30.47,104.78,0.3860,-1,-1,-1
77,26,478.68,534.69,37.58,111.01,0.3060,-1,-1,-1
77,30,396.17,553.58,33.31,77.43,0.3709,-1,-1,-1
78,2,1654.05,581.76,65.52,164.49,0.7336,-1,-1,-1
78,6,282.80,541.06,53.65,144.64,0.4271,-1,-1,-1
78,8,1714.29,540.77,36.89,91.22,0.5829,-1,-1,-1
78,15,339.74,552.21,48.55,132.85,0.5297,-1,-1,-1
78,20,570.10,535.79,29.14,101.08,0.3059,-1,-1,-1
78,28,221.00,543.41,46.98,139.19,0.3029,-1,-1,-1
78,30,390.67,553.05,33.66,77.68,0.3429,-1,-1,-1
79,2,1656.00,585.21,67.23,161.95,0.7503,-1,-1,-1
79,6,273.85,537.93,55.47,145.96,0.5009,-1,-1,-1
79,8,1714.01,540.20,36.98,90.54,0.5743,-1,-1,-1
79,15,333.68,548.44,49.68,136.28,0.5562,-1,-1,-1
79,20,554.14,534.77,32.82,108.64,0.3190,-1,-1,-1
79,26,464.29,530.10,38.72,114.51,0.3435,-1,-1,-1
79,30,383.08,552.25,33.23,76.99,0.3437,-1,-1,-1
80,2,1655.16,581.50,71.66,167.64,0.7249,-1,-1,-1
80,6,265.76,537.16,58.71,148.55,0.5575,-1,-1,-1
80,8,1712.83,536.20,38.32,92.02,0.6115,-1,-1,-1
80,15,327.40,553.07,49.52,134.16,0.6084,-1,-1,-1
80,20,550.82,534.82,34.64,111.67,0.3065,-1,-1,-1
80,26,456.84,529.77,41.70,118.67,0.4903,-1,-1,-1
80,30,374.50,554.16,33.71,76.70,0.3363,-1,-1,-1
81,2,1657.92,581.83,71.59,167.03,0.7504,-1,-1,-1
81,6,265.16,547.50,53.24,135.67,0.3501,-1,-1,-1
81,8,1712.17,536.12,38.27,91.51,0.5704,-1,-1,-1
81,15,319.45,553.33,49.65,133.53,0.5708,-1,-1,-1
81,20,548.89,539.34,33.58,106.00,0.3280,-1,-1,-1
81,26,452.49,530.59,42.68,120.16,0.3342,-1,-1,-1
81,30,368.46,554.18,32.93,74.67,0.4967,-1,-1,-1
81,33,148.67,556.81,44.23,131.72,0.3818,-1,-1,-1
82,2,1659.71,582.79,72.69,171.12,0.7395,-1,-1,-1
82,6,258.76,537.36,56.10,146.21,0.3820,-1,-1,-1
82,8,1711.50,537.23,37.53,91.15,0.6128,-1,-1,-1
82,15,312.12,555.19,48.89,131.75,0.4983,-1,-1,-1
82,30,360.14,554.74,33.72,76.43,0.3522,-1,-1,-1
82,33,141.14,556.05,45.70,135.45,0.4349,-1,-1,-1
83,2,1664.08,581.87,71.57,172.43,0.7061,-1,-1,-1
83,6,252.87,541.86,54.51,145.50,0.4586,-1,-1,-1
83,8,1711.33,536.71,37.19,91.08,0.5894,-1,-1,-1
83,15,305.40,558.79,49.70,130.57,0.6694,-1,-1,-1
83,26,440.59,537.57,41.07,114.77,0.3829,-1,-1,-1
83,30,355.16,558.43,32.59,74.02,0.3571,-1,-1,-1
83,33,132.76,559.08,46.08,132.90,0.5458,-1,-1,-1
84,2,1664.05,579.21,74.28,178.42,0.7242,-1,-1,-1
84,6,244.86,551.93,52.65,138.58,0.5413,-1,-1,-1
84,8,1711.26,535.37,37.20,92.67,0.5715,-1,-1,-1
84,15,298.59,562.76,49.98,127.70,0.5318,-1,-1,-1
84,26,433.49,537.18,41.12,113.94,0.3586,-1,-1,-1
84,30,346.34,557.88,32.69,74.34,0.4252,-1,-1,-1
84,33,124.13,561.33,47.70,134.48,0.5341,-1,-1,-1
84,34,465.31,545.71,37.80,110.55,0.3908,-1,-1,-1
85,2,1667.09,580.72,73.92,180.36,0.7671,-1,-1,-1
85,6,241.85,557.31,50.55,135.54,0.4785,-1,-1,-1
85,8,1710.58,536.42,36.81,92.78,0.4764,-1,-1,-1
85,15,291.13,562.23,50.31,129.21,0.5021,-1,-1,-1
85,33,115.24,564.83,48.21,132.99,0.5264,-1,-1,-1
85,35,398.39,557.87,29.63,89.40,0.3140,-1,-1,-1
86,2,1670.88,580.62,72.28,179.16,0.7646,-1,-1,-1
86,6,230.88,557.05,51.13,136.78,0.4305,-1,-1,-1
86,8,1710.39,535.58,32.15,78.90,0.3145,-1,-1,-1
86,15,283.66,561.12,50.95,132.14,0.5830,-1,-1,-1
86,26,420.06,534.26,43.06,122.33,0.3419,-1,-1,-1
86,33,105.41,562.17,51.86,141.54,0.4138,-1,-1,-1
86,34,451.80,538.79,41.17,120.16,0.3605,-1,-1,-1
86,35,391.70,553.95,31.51,94.20,0.4463,-1,-1,-1
87,2,1671.99,584.58,72.38,179.70,0.7968,-1,-1,-1
87,6,224.54,555.84,51.72,139.71,0.4919,-1,-1,-1
87,15,280.29,563.67,51.24,132.59,0.5734,-1,-1,-1
87,26,413.96,537.48,42.14,120.85,0.3092,-1,-1,-1
87,33,100.32,561.63,51.83,136.50,0.5342,-1,-1,-1
87,34,443.52,545.93,40.25,117.03,0.3910,-1,-1,-1
87,35,384.62,554.10,33.09,97.87,0.5402,-1,-1,-1
88,2,1674.08,581.75,73.48,185.19,0.7977,-1,-1,-1
88,6,219.60,561.60,51.35,138.90,0.5733,-1,-1,-1
88,15,270.91,569.24,51.27,131.85,0.5029,-1,-1,-1
88,20,512.13,540.10,38.44,121.31,0.3389,-1,-1,-1
88,33,92.55,567.19,49.91,130.05,0.5030,-1,-1,-1
88,34,435.97,548.07,42.19,119.51,0.4156,-1,-1,-1
88,35,378.52,555.93,33.50,98.21,0.3989,-1,-1,-1
89,2,1677.45,584.12,72.69,189.86,0.8037,-1,-1,-1
89,6,213.25,558.09,52.06,143.12,0.3128,-1,-1,-1
89,15,265.50,566.87,51.15,132.17,0.4706,-1,-1,-1
89,33,84.77,562.29,52.14,136.02,0.4656,-1,-1,-1
89,34,430.71,546.05,42.79,122.80,0.5836,-1,-1,-1
89,35,368.00,554.34,33.12,98.73,0.4574,-1,-1,-1
90,2,1680.90,585.66,72.92,193.15,0.7568,-1,-1,-1
90,6,204.21,556.46,53.94,148.15,0.3254,-1,-1,-1
90,15,260.41,570.92,52.58,134.56,0.5301,-1,-1,-1
90,26,391.15,539.29,45.18,131.70,0.3598,-1,-1,-1
90,33,77.01,565.17,54.31,138.84,0.4846,-1,-1,-1
90,34,421.97,547.54,44.25,125.76,0.3054,-1,-1,-1
90,35,361.93,567.68,31.39,90.92,0.4281,-1,-1,-1
91,2,1685.92,598.72,71.41,185.95,0.7887,-1,-1,-1
91,6,199.08,559.94,52.74,146.09,0.3825,-1,-1,-1
91,15,252.18,555.57,60.51,152.47,0.4393,-1,-1,-1
91,26,385.18,546.04,42.70,124.16,0.3130,-1,-1,-1
91,33,68.17,566.65,55.34,141.91,0.4517,-1,-1,-1
91,34,414.96,551.02,44.35,124.60,0.5728,-1,-1,-1
91,35,355.65,570.79,31.07,89.32,0.3764,-1,-1,-1
92,2,1688.73,602.30,72.22,185.25,0.7964,-1,-1,-1
92,6,190.20,561.47,54.45,150.43,0.3345,-1,-1,-1
92,15,246.82,555.21,61.98,156.40,0.5456,-1,-1,-1
92,26,379.15,557.44,40.22,118.86,0.3352,-1,-1,-1
92,33,62.02,570.98,56.95,142.43,0.3359,-1,-1,-1
92,34,407.62,554.02,44.46,125.65,0.5375,-1,-1,-1
93,2,1689.19,606.21,73.23,186.40,0.8092,-1,-1,-1
93,6,183.16,552.66,57.47,163.18,0.5642,-1,-1,-1
93,15,241.00,570.26,55.72,142.51,0.5533,-1,-1,-1
93,26,368.51,554.88,41.72,126.43,0.3042,-1,-1,-1
93,34,400.82,556.56,44.78,126.99,0.5216,-1,-1,-1
93,35,340.23,579.92,31.22,88.58,0.4046,-1,-1,-1
94,2,1689.95,607.68,73.82,187.37,0.8040,-1,-1,-1
94,6,180.42,563.20,54.02,154.29,0.5233,-1,-1,-1
94,8,1699.27,541.04,34.89,82.44,0.3709,-1,-1,-1
94,15,235.50,575.99,55.21,140.71,0.5421,-1,-1,-1
94,26,363.30,552.99,42.33,129.85,0.4128,-1,-1,-1
94,34,392.03,556.05,45.70,129.20,0.6202,-1,-1,-1
94,35,332.79,581.55,32.49,92.55,0.4827,-1,-1,-1
95,2,1692.20,611.04,74.64,189.60,0.7915,-1,-1,-1
95,6,173.80,564.05,54.10,154.66,0.6019,-1,-1,-1
95,8,1695.19,542.39,39.39,92.29,0.4892,-1,-1,-1
95,15,227.73,579.62,54.97,139.18,0.5212,-1,-1,-1
95,34,387.39,558.75,45.12,128.37,0.5344,-1,-1,-1
96,2,1695.95,611.07,75.17,190.88,0.7886,-1,-1,-1
96,6,166.19,575.51,52.64,148.44,0.4634,-1,-1,-1
96,8,1694.41,541.87,41.76,95.47,0.5265,-1,-1,-1
96,15,220.41,582.90,55.28,141.80,0.5758,-1,-1,-1
96,26,349.87,558.08,41.03,130.22,0.3449,-1,-1,-1
96,34,380.52,566.94,43.96,124.24,0.4838,-1,-1,-1
96,35,317.13,584.28,31.50,89.21,0.4530,-1,-1,-1
97,2,1700.79,612.76,75.96,192.99,0.7860,-1,-1,-1
97,6,159.99,579.32,50.11,140.36,0.5563,-1,-1,-1
97,8,1693.61,545.08,41.35,94.20,0.5334,-1,-1,-1
97,15,211.80,578.47,56.23,144.67,0.6522,-1,-1,-1
97,26,342.03,551.83,41.57,134.74,0.4801,-1,-1,-1
97,34,371.94,557.40,46.87,133.16,0.5171,-1,-1,-1
97,35,307.90,576.95,34.58,99.06,0.5859,-1,-1,-1
98,2,1704.71,612.53,77.24,196.44,0.7919,-1,-1,-1
98,6,151.96,582.77,51.85,143.64,0.5599,-1,-1,-1
98,8,1690.67,546.15,41.62,95.15,0.5095,-1,-1,-1
98,15,202.85,581.59,56.50,145.94,0.6216,-1,-1,-1
98,20,452.45,564.83,36.62,118.07,0.3323,-1,-1,-1
98,26,335.60,560.30,40.53,130.90,0.3058,-1,-1,-1
98,34,368.64,580.74,41.17,111.26,0.6109,-1,-1,-1
98,37,424.47,575.13,35.16,117.27,0.3184,-1,-1,-1
99,2,1707.27,614.45,77.62,197.64,0.7603,-1,-1,-1
99,6,143.79,581.29,51.71,143.01,0.4824,-1,-1,-1
99,8,1687.73,546.22,43.76,101.87,0.5021,-1,-1,-1
99,15,196.14,578.14,55.94,148.15,0.6654,-1,-1,-1
99,26,328.03,556.76,39.83,132.73,0.4519,-1,-1,-1
99,34,359.05,568.81,45.49,123.79,0.5577,-1,-1,-1
99,35,291.62,588.19,31.75,89.05,0.4879,-1,-1,-1
99,37,416.82,573.41,35.85,119.49,0.3764,-1,-1,-1
100,2,1709.82,612.79,79.72,200.24,0.7946,-1,-1,-1
100,6,132.99,584.03,52.35,140.42,0.5672,-1,-1,-1
100,8,1685.05,548.49,43.36,101.39,0.6411,-1,-1,-1
100,15,189.20,587.12,54.14,141.93,0.6085,-1,-1,-1
100,20,441.80,563.16,32.84,106.33,0.4478,-1,-1,-1
100,26,319.54,560.86,39.79,131.91,0.4082,-1,-1,-1
100,34,351.01,575.76,45.48,118.81,0.5459,-1,-1,-1
100,35,281.59,587.20,34.73,96.30,0.5926,-1,-1,-1
101,2,1711.51,615.95,80.40,202.61,0.7865,-1,-1,-1
101,6,125.68,578.69,54.65,144.73,0.6033,-1,-1,-1
101,8,1683.76,550.66,41.77,103.05,0.7197,-1,-1,-1
101,15,181.01,582.45,55.62,145.18,0.5850,-1,-1,-1
101,20,434.90,561.31,33.18,107.32,0.3740,-1,-1,-1
101,26,310.99,574.55,35.39,116.68,0.3813,-1,-1,-1
101,34,341.69,571.21,46.93,122.06,0.5708,-1,-1,-1
101,35,273.36,588.32,33.08,92.15,0.4470,-1,-1,-1
101,37,398.37,571.09,38.70,127.76,0.4529,-1,-1,-1
101,38,1553.81,523.53,25.72,80.34,0.3248,-1,-1,-1
102,2,1713.71,620.41,80.80,199.54,0.8136,-1,-1,-1
102,6,115.59,581.24,55.99,146.41,0.6262,-1,-1,-1
102,8,1682.99,550.47,40.01,103.07,0.7410,-1,-1,-1
102,15,172.52,583.34,56.07,145.16,0.5693,-1,-1,-1
102,20,430.42,561.47,33.35,110.06,0.3856,-1,-1,-1
102,26,302.79,579.68,34.62,113.40,0.3031,-1,-1,-1
102,34,333.28,575.36,47.10,120.44,0.6190,-1,-1,-1
102,35,263.88,593.22,32.86,88.52,0.5423,-1,-1,-1
102,37,391.30,573.56,39.03,126.52,0.3721,-1,-1,-1
102,38,1548.27,521.87,26.09,81.41,0.3885,-1,-1,-1
103,2,1714.51,618.77,84.69,205.93,0.8262,-1,-1,-1
103,6,105.44,578.24,57.32,150.23,0.5525,-1,-1,-1
103,8,1682.55,550.42,38.60,102.12,0.7189,-1,-1,-1
103,15,164.99,587.81,55.46,142.59,0.5183,-1,-1,-1
103,20,422.88,561.52,32.57,108.12,0.3369,-1,-1,-1
103,34,327.93,574.33,48.05,120.87,0.4853,-1,-1,-1
103,35,255.55,589.54,36.29,98.12,0.4423,-1,-1,-1
103,37,384.99,570.89,39.61,128.60,0.3381,-1,-1,-1
103,38,1545.61,519.17,25.31,79.08,0.4540,-1,-1,-1
104,2,1715.84,624.76,85.51,207.24,0.8178,-1,-1,-1
104,6,96.00,576.33,57.06,150.00,0.5657,-1,-1,-1
104,8,1681.57,551.82,37.43,102.30,0.7075,-1,-1,-1
104,15,154.11,589.86,52.88,138.02,0.4258,-1,-1,-1
104,20,416.19,557.95,32.46,107.22,0.4466,-1,-1,-1
104,28,37.12,577.90,49.07,140.50,0.3048,-1,-1,-1
104,34,318.12,577.15,46.56,116.90,0.3580,-1,-1,-1
104,35,248.71,589.07,34.47,93.36,0.3085,-1,-1,-1
104,37,375.14,574.61,38.63,124.92,0.4726,-1,-1,-1
104,38,1544.32,521.41,24.09,76.63,0.3727,-1,-1,-1
105,2,1717.67,624.19,86.97,210.20,0.8057,-1,-1,-1
105,6,87.63,579.53,57.14,149.22,0.6009,-1,-1,-1
105,8,1680.33,549.66,37.25,103.52,0.6655,-1,-1,-1
105,15,146.97,586.34,56.13,143.65,0.5509,-1,-1,-1
105,20,408.25,559.10,34.92,115.25,0.4024,-1,-1,-1
105,28,25.61,580.46,51.91,143.82,0.4171,-1,-1,-1
105,34,305.46,565.70,52.82,132.00,0.5166,-1,-1,-1
105,35,239.21,591.83,34.73,91.99,0.4489,-1,-1,-1
105,37,367.49,570.14,41.09,132.33,0.3747,-1,-1,-1
106,2,1722.95,625.57,86.42,212.40,0.7799,-1,-1,-1
106,6,76.54,574.22,57.88,153.98,0.5599,-1,-1,-1
106,8,1677.16,549.22,37.06,105.80,0.6087,-1,-1,-1
106,15,138.95,575.31,59.73,154.24,0.5310,-1,-1,-1
106,34,299.08,566.22,51.90,130.69,0.5016,-1,-1,-1
106,35,228.25,589.33,35.89,95.83,0.3598,-1,-1,-1
106,37,360.06,566.82,41.31,135.61,0.5134,-1,-1,-1
106,38,1536.46,522.02,23.42,73.44,0.3972,-1,-1,-1
107,2,1725.25,622.57,87.01,217.22,0.7890,-1,-1,-1
107,6,67.70,572.35,58.98,156.28,0.5917,-1,-1,-1
107,8,1675.54,547.46,36.38,105.65,0.5536,-1,-1,-1
107,15,129.99,583.99,56.93,146.66,0.4010,-1,-1,-1
107,20,394.53,561.16,32.76,106.14,0.5080,-1,-1,-1
107,26,258.37,589.26,34.91,113.71,0.3930,-1,-1,-1
107,28,8.21,576.22,51.78,144.97,0.3999,-1,-1,-1
107,34,286.96,558.59,55.17,139.31,0.4681,-1,-1,-1
107,35,219.49,591.33,37.37,97.92,0.5192,-1,-1,-1
107,37,351.27,562.20,43.20,141.44,0.5354,-1,-1,-1
107,38,1534.35,520.60,25.10,76.58,0.4412,-1,-1,-1
108,2,1728.24,628.51,85.69,217.77,0.8030,-1,-1,-1
108,6,55.51,567.55,61.10,161.34,0.5359,-1,-1,-1
108,8,1674.51,549.22,35.50,106.46,0.4694,-1,-1,-1
108,15,119.18,575.19,58.30,154.25,0.4990,-1,-1,-1
108,20,390.16,559.79,32.48,105.17,0.4565,-1,-1,-1
108,28,0.44,574.32,52.89,149.92,0.4789,-1,-1,-1
108,34,278.01,557.77,55.34,141.83,0.5478,-1,-1,-1
108,35,209.61,586.33,37.86,101.39,0.5889,-1,-1,-1
108,37,343.14,562.45,43.27,141.58,0.5371,-1,-1,-1
108,38,1532.79,523.94,24.43,75.06,0.3922,-1,-1,-1
109,2,1730.37,628.21,87.09,222.17,0.8076,-1,-1,-1
109,6,45.55,569.00,61.29,160.14,0.4893,-1,-1,-1
109,8,1673.26,549.61,34.72,106.46,0.5373,-1,-1,-1
109,15,112.62,573.76,59.63,157.53,0.4129,-1,-1,-1
109,20,381.63,558.14,34.80,112.01,0.4563,-1,-1,-1
109,28,-5.36,574.41,52.51,155.24,0.3691,-1,-1,-1
109,34,268.50,568.69,53.58,135.69,0.4146,-1,-1,-1
109,35,199.77,587.94,39.16,105.64,0.5079,-1,-1,-1
109,37,335.28,555.99,44.76,149.97,0.5920,-1,-1,-1
109,38,1528.42,522.62,24.73,74.59,0.3971,-1,-1,-1
110,2,1731.85,628.86,87.22,225.53,0.8127,-1,-1,-1
110,6,33.73,567.17,63.74,162.48,0.5921,-1,-1,-1
110,8,1671.82,550.94,34.06,107.21,0.3544,-1,-1,-1
110,15,101.76,571.84,58.68,158.81,0.5837,-1,-1,-1
110,20,374.59,557.06,33.81,108.71,0.4486,-1,-1,-1
110,28,-8.40,571.82,48.48,154.70,0.3812,-1,-1,-1
110,34,253.80,554.02,58.83,149.41,0.5140,-1,-1,-1
110,35,190.38,587.03,38.93,105.46,0.5302,-1,-1,-1
110,37,327.21,564.39,42.60,140.73,0.6133,-1,-1,-1
111,2,1733.15,629.47,88.03,227.66,0.8115,-1,-1,-1
111,6,22.40,562.47,67.65,168.22,0.6223,-1,-1,-1
111,15,92.64,567.02,61.04,166.40,0.5886,-1,-1,-1
111,20,367.16,558.89,34.34,109.03,0.4498,-1,-1,-1
111,34,247.71,560.04,57.01,144.50,0.4755,-1,-1,-1
111,35,179.92,589.56,39.32,107.34,0.4031,-1,-1,-1
111,37,319.10,574.32,40.36,132.30,0.5317,-1,-1,-1
112,2,1735.10,632.72,88.82,227.39,0.8080,-1,-1,-1
112,6,13.62,567.15,68.67,165.47,0.5341,-1,-1,-1
112,15,84.66,573.98,59.03,160.18,0.5701,-1,-1,-1
112,20,357.86,559.52,35.70,112.25,0.5559,-1,-1,-1
112,26,204.95,591.19,36.34,114.93,0.3070,-1,-1,-1
112,34,239.76,570.27,54.01,135.80,0.5937,-1,-1,-1
112,35,170.35,593.09,37.21,102.23,0.4825,-1,-1,-1
112,37,307.02,570.77,42.02,138.88,0.5582,-1,-1,-1
113,2,1735.37,634.78,90.07,229.75,0.8039,-1,-1,-1
113,6,1.78,558.88,72.28,174.99,0.5961,-1,-1,-1
113,15,74.39,578.22,58.12,159.28,0.5790,-1,-1,-1
113,20,349.83,562.46,35.63,111.68,0.4348,-1,-1,-1
113,34,232.00,578.10,52.63,131.96,0.6197,-1,-1,-1
113,35,161.55,595.80,37.51,103.01,0.5199,-1,-1,-1
113,37,297.30,572.42,41.35,139.77,0.6007,-1,-1,-1
114,2,1737.37,635.32,90.14,230.40,0.7984,-1,-1,-1
114,6,1.55,574.96,64.80,160.97,0.5476,-1,-1,-1
114,15,61.42,564.72,62.15,172.02,0.6499,-1,-1,-1
114,20,342.08,565.24,35.18,108.79,0.5104,-1,-1,-1
114,34,219.75,582.73,51.90,127.37,0.5789,-1,-1,-1
114,35,150.54,597.89,36.34,102.50,0.6192,-1,-1,-1
114,37,290.50,571.83,42.01,141.27,0.4919,-1,-1,-1
115,2,1739.59,636.30,90.52,231.19,0.7915,-1,-1,-1
115,6,-2.02,574.69,62.58,161.04,0.4662,-1,-1,-1
115,15,51.35,565.09,61.92,174.04,0.6516,-1,-1,-1
115,20,333.95,563.89,36.77,112.39,0.6417,-1,-1,-1
115,34,202.01,568.47,58.64,141.64,0.5423,-1,-1,-1
115,35,141.33,596.33,37.35,105.85,0.6164,-1,-1,-1
115,37,278.68,580.97,39.18,134.15,0.5716,-1,-1,-1
116,2,1740.73,636.07,92.14,235.51,0.7989,-1,-1,-1
116,6,-4.06,584.39,58.03,156.00,0.6271,-1,-1,-1
116,15,43.10,573.58,59.63,168.51,0.6052,-1,-1,-1
116,20,324.60,567.59,37.17,110.56,0.6120,-1,-1,-1
116,34,196.87,575.88,58.20,141.04,0.5416,-1,-1,-1
116,35,129.79,599.29,36.21,103.20,0.5737,-1,-1,-1
116,37,269.89,579.87,39.94,137.59,0.4738,-1,-1,-1
117,2,1741.22,639.13,93.71,238.91,0.8085,-1,-1,-1
117,6,-6.30,584.44,53.76,156.98,0.6280,-1,-1,-1
117,15,31.98,574.80,59.84,169.65,0.5951,-1,-1,-1
117,20,315.32,566.56,38.46,113.10,0.5427,-1,-1,-1
117,34,185.53,568.99,60.13,147.18,0.4908,-1,-1,-1
117,35,119.59,599.85,35.79,100.66,0.5760,-1,-1,-1
117,37,256.36,560.84,44.04,157.85,0.6098,-1,-1,-1
118,2,1742.65,636.98,96.54,245.75,0.8036,-1,-1,-1
118,6,-9.94,589.90,49.62,154.24,0.4959,-1,-1,-1
118,15,21.94,578.41,59.93,168.86,0.5140,-1,-1,-1
118,20,308.09,559.40,40.07,120.89,0.6467,-1,-1,-1
118,34,179.42,583.80,55.40,136.86,0.5471,-1,-1,-1
118,35,109.92,600.55,37.68,105.64,0.5085,-1,-1,-1
118,37,247.71,573.09,41.12,150.74,0.6612,-1,-1,-1
119,2,1746.88,640.51,98.30,245.77,0.8215,-1,-1,-1
119,15,10.10,570.86,63.41,179.89,0.5951,-1,-1,-1
119,20,299.63,563.47,39.46,118.42,0.5508,-1,-1,-1
119,26,126.91,596.04,40.58,124.38,0.4131,-1,-1,-1
119,34,167.45,579.17,57.98,145.08,0.4578,-1,-1,-1
119,35,98.84,601.50,37.13,105.75,0.4756,-1,-1,-1
119,37,238.23,563.44,43.42,161.69,0.6096,-1,-1,-1
119,39,1743.66,566.48,44.80,98.03,0.3530,-1,-1,-1
120,2,1750.38,645.51,100.67,244.12,0.8126,-1,-1,-1
120,15,2.15,562.52,65.10,191.35,0.5784,-1,-1,-1
120,20,290.10,560.95,41.20,124.45,0.5785,-1,-1,-1
120,34,156.83,583.54,56.40,143.40,0.6007,-1,-1,-1
120,35,87.28,601.25,38.69,112.26,0.4243,-1,-1,-1
120,37,226.28,573.70,42.38,155.53,0.6484,-1,-1,-1
120,39,1739.39,557.80,49.55,109.45,0.4102,-1,-1,-1
121,2,1752.87,645.43,102.94,248.59,0.8092,-1,-1,-1
121,15,-4.80,552.30,65.14,200.31,0.5797,-1,-1,-1
121,20,285.86,564.07,38.38,118.45,0.6308,-1,-1,-1
121,26,104.27,601.41,42.35,128.29,0.5229,-1,-1,-1
121,34,146.59,587.31,55.30,139.11,0.5885,-1,-1,-1
121,35,77.08,602.03,38.31,112.77,0.5915,-1,-1,-1
121,37,217.18,570.37,43.72,161.17,0.5591,-1,-1,-1
121,39,1737.57,555.01,50.88,114.37,0.4363,-1,-1,-1
122,2,1754.69,646.60,102.87,252.35,0.8083,-1,-1,-1
122,15,-7.81,555.99,60.53,199.88,0.6185,-1,-1,-1
122,20,275.68,564.49,39.64,120.24,0.6008,-1,-1,-1
122,34,138.54,594.29,55.39,140.43,0.5101,-1,-1,-1
122,35,66.71,605.53,37.53,110.38,0.4069,-1,-1,-1
122,37,206.25,574.70,44.79,158.48,0.6580,-1,-1,-1
122,39,1735.19,553.69,51.35,117.12,0.3941,-1,-1,-1
123,2,1759.13,650.58,100.87,254.72,0.8086,-1,-1,-1
123,15,-7.30,572.97,52.18,182.43,0.5678,-1,-1,-1
123,20,265.44,557.73,43.21,131.73,0.6607,-1,-1,-1
123,26,81.57,605.35,43.68,131.46,0.4365,-1,-1,-1
123,34,129.14,599.84,55.22,138.88,0.4503,-1,-1,-1
123,35,53.68,608.03,39.15,115.52,0.3156,-1,-1,-1
123,37,196.50,583.41,44.61,152.39,0.5960,-1,-1,-1
123,39,1735.12,555.32,51.04,119.14,0.4080,-1,-1,-1
124,2,1763.50,648.33,100.94,260.63,0.8160,-1,-1,-1
124,15,-9.08,593.60,44.25,164.77,0.4856,-1,-1,-1
124,20,260.77,569.88,39.34,120.78,0.5866,-1,-1,-1
124,34,98.48,586.27,58.33,149.22,0.4444,-1,-1,-1
124,35,41.83,608.87,39.40,116.83,0.3101,-1,-1,-1
124,37,186.69,589.93,44.25,147.62,0.6279,-1,-1,-1
124,39,1735.97,555.60,48.95,116.17,0.4155,-1,-1,-1
125,2,1770.36,647.57,102.41,262.11,0.8160,-1,-1,-1
125,15,-3.99,614.44,30.77,115.43,0.3789,-1,-1,-1
125,20,251.40,571.16,39.32,120.13,0.5345,-1,-1,-1
125,26,59.27,614.83,39.91,120.83,0.3094,-1,-1,-1
125,34,84.10,581.28,57.54,149.21,0.3180,-1,-1,-1
125,35,30.40,611.61,37.78,113.39,0.4599,-1,-1,-1
125,37,176.20,590.88,46.41,148.46,0.6423,-1,-1,-1
125,39,1733.61,554.74,49.01,118.12,0.3317,-1,-1,-1
125,40,563.72,525.80,34.63,68.75,0.4155,-1,-1,-1
126,2,1773.98,650.78,103.13,262.14,0.8114,-1,-1,-1
126,20,242.40,566.53,41.29,127.62,0.5828,-1,-1,-1
126,34,95.08,613.29,47.39,119.56,0.3173,-1,-1,-1
126,35,20.88,614.80,37.80,112.74,0.4120,-1,-1,-1
126,37,164.19,596.87,47.34,145.72,0.5843,-1,-1,-1
127,2,1778.01,650.79,104.87,266.40,0.8200,-1,-1,-1
127,20,235.50,570.10,40.32,126.01,0.5794,-1,-1,-1
127,26,35.25,621.54,39.73,120.47,0.3824,-1,-1,-1
127,34,87.15,623.61,48.50,116.77,0.4737,-1,-1,-1
127,35,6.05,622.18,35.80,105.14,0.3591,-1,-1,-1
127,37,155.19,601.66,47.68,144.43,0.5949,-1,-1,-1
127,39,1727.30,556.12,44.80,108.44,0.3420,-1,-1,-1
127,40,552.19,526.25,34.36,68.90,0.3477,-1,-1,-1
128,2,1781.39,653.85,105.83,266.97,0.8193,-1,-1,-1
128,20,223.77,560.66,42.76,135.61,0.6125,-1,-1,-1
128,34,75.23,623.21,51.16,119.21,0.4675,-1,-1,-1
128,35,-4.03,621.30,36.09,109.46,0.3408,-1,-1,-1
128,37,144.24,603.07,48.89,144.29,0.5498,-1,-1,-1
128,39,1726.03,557.59,43.72,107.09,0.4015,-1,-1,-1
128,40,545.97,527.85,34.04,68.66,0.4191,-1,-1,-1
129,2,1787.73,656.34,109.13,269.15,0.8236,-1,-1,-1
129,20,217.58,567.02,41.36,132.97,0.5914,-1,-1,-1
129,34,64.82,622.49,53.10,123.71,0.3575,-1,-1,-1
129,35,-8.59,623.37,34.06,109.34,0.3118,-1,-1,-1
129,37,130.62,599.15,51.39,152.56,0.5154,-1,-1,-1
129,39,1724.47,556.68,43.62,109.26,0.3780,-1,-1,-1
129,40,542.07,528.42,33.22,68.23,0.3434,-1,-1,-1
130,2,1789.22,657.95,112.95,271.96,0.8219,-1,-1,-1
130,20,209.21,565.45,41.99,135.64,0.5546,-1,-1,-1
130,26,-3.29,622.98,35.86,115.93,0.3868,-1,-1,-1
130,34,49.65,622.00,55.14,127.85,0.3906,-1,-1,-1
130,37,120.45,603.30,52.06,151.59,0.3295,-1,-1,-1
130,39,1720.56,556.64,44.39,115.48,0.3986,-1,-1,-1
130,41,27.14,586.65,54.67,158.94,0.4398,-1,-1,-1
131,2,1792.25,659.11,116.86,277.85,0.8319,-1,-1,-1
131,20,201.10,573.99,39.77,127.58,0.4724,-1,-1,-1
131,37,102.86,598.32,53.03,157.99,0.4307,-1,-1,-1
131,39,1715.31,557.31,45.59,119.75,0.4683,-1,-1,-1
131,40,531.03,526.30,33.97,71.66,0.4063,-1,-1,-1
131,41,14.56,588.01,52.40,151.77,0.4849,-1,-1,-1
132,2,1796.75,661.25,120.29,285.73,0.8652,-1,-1,-1
132,20,191.51,568.65,41.72,134.53,0.6432,-1,-1,-1
132,37,91.25,598.41,52.91,161.52,0.4306,-1,-1,-1
132,39,1713.51,555.32,45.69,120.61,0.4538,-1,-1,-1
132,41,0.79,584.37,54.84,160.66,0.5510,-1,-1,-1
133,2,1802.07,662.99,117.98,290.65,0.8824,-1,-1,-1
133,20,182.58,565.56,42.82,136.73,0.5320,-1,-1,-1
133,34,14.56,627.84,58.09,134.69,0.3583,-1,-1,-1
133,37,77.18,593.37,54.30,169.77,0.5457,-1,-1,-1
133,38,1418.86,520.85,23.46,68.91,0.3204,-1,-1,-1
133,39,1712.47,557.15,45.70,120.47,0.4478,-1,-1,-1
133,40,522.89,527.61,33.33,71.43,0.4531,-1,-1,-1
133,41,-6.54,587.77,54.53,163.18,0.3456,-1,-1,-1
134,2,1805.39,665.45,116.27,295.80,0.8508,-1,-1,-1
134,20,172.68,566.74,43.06,138.73,0.5591,-1,-1,-1
134,34,-0.03,628.02,58.84,138.74,0.4838,-1,-1,-1
134,37,49.33,575.87,64.23,193.71,0.4959,-1,-1,-1
134,39,1710.77,555.99,46.02,120.35,0.4811,-1,-1,-1
134,40,518.29,529.21,32.28,72.06,0.4260,-1,-1,-1
135,2,1807.80,666.06,114.98,302.77,0.8147,-1,-1,-1
135,20,165.19,570.66,42.33,137.79,0.5435,-1,-1,-1
135,34,-6.60,617.35,58.98,150.23,0.5673,-1,-1,-1
135,37,34.03,571.75,69.05,201.32,0.5413,-1,-1,-1
135,39,1707.38,554.73,47.08,120.03,0.5032,-1,-1,-1
135,40,513.39,528.09,32.19,73.79,0.5474,-1,-1,-1
136,2,1814.01,670.92,109.06,305.17,0.8375,-1,-1,-1
136,20,156.30,567.47,43.07,140.86,0.3930,-1,-1,-1
136,34,-8.48,622.03,51.52,146.49,0.6005,-1,-1,-1
136,37,25.90,573.95,70.00,200.70,0.5249,-1,-1,-1
136,39,1703.30,556.41,46.18,114.86,0.4715,-1,-1,-1
136,40,507.29,527.08,31.31,73.81,0.5365,-1,-1,-1
137,2,1819.29,680.11,105.16,306.37,0.7742,-1,-1,-1
137,8,1576.18,563.34,37.03,100.56,0.4781,-1,-1,-1
137,20,147.89,574.09,41.63,136.80,0.4034,-1,-1,-1
137,34,-9.76,637.52,44.21,135.12,0.4698,-1,-1,-1
137,37,18.11,573.65,69.88,204.21,0.6259,-1,-1,-1
137,39,1701.45,555.61,46.93,114.40,0.5034,-1,-1,-1
137,40,502.19,527.35,31.59,75.69,0.5479,-1,-1,-1
138,2,1825.17,679.13,99.93,310.59,0.7835,-1,-1,-1
138,8,1571.84,557.29,41.81,106.59,0.5702,-1,-1,-1
138,20,139.56,572.32,42.08,139.77,0.4940,-1,-1,-1
138,37,8.78,572.59,67.29,204.88,0.6375,-1,-1,-1
138,39,1699.84,556.20,47.09,113.28,0.4897,-1,-1,-1
138,40,499.60,530.71,30.24,72.49,0.5814,-1,-1,-1
139,2,1827.97,679.12,96.40,315.76,0.7701,-1,-1,-1
139,8,1567.35,553.91,41.01,109.34,0.5947,-1,-1,-1
139,37,1.37,578.04,63.28,200.03,0.6160,-1,-1,-1
139,39,1698.71,557.00,46.34,110.24,0.5073,-1,-1,-1
139,40,494.28,528.24,29.65,72.53,0.4401,-1,-1,-1
140,2,1835.05,682.70,89.73,309.73,0.7505,-1,-1,-1
140,8,1565.01,550.19,40.03,111.66,0.6625,-1,-1,-1
140,20,120.51,561.62,45.60,154.21,0.3746,-1,-1,-1
140,37,-7.15,575.53,62.31,212.03,0.6252,-1,-1,-1
140,39,1697.68,552.35,48.24,115.86,0.5277,-1,-1,-1
140,40,489.56,526.93,29.87,73.61,0.4968,-1,-1,-1
141,2,1840.43,678.61,86.16,310.47,0.6799,-1,-1,-1
141,8,1562.61,550.25,39.59,111.16,0.7275,-1,-1,-1
141,37,-9.86,580.79,56.03,206.74,0.5907,-1,-1,-1
141,39,1697.75,551.47,47.86,116.41,0.4524,-1,-1,-1
141,40,484.12,527.85,29.52,73.90,0.5268,-1,-1,-1
142,2,1847.74,697.52,78.52,294.44,0.6423,-1,-1,-1
142,8,1560.75,552.36,39.10,107.17,0.6806,-1,-1,-1
142,39,1698.98,555.77,46.12,114.49,0.4370,-1,-1,-1
142,40,479.91,527.13,29.93,75.48,0.4995,-1,-1,-1
142,44,400.68,530.95,24.75,64.36,0.3643,-1,-1,-1
143,2,1852.71,705.71,74.33,294.98,0.5927,-1,-1,-1
143,8,1557.15,553.91,39.65,109.17,0.5899,-1,-1,-1
143,39,1698.20,562.16,43.26,109.12,0.3686,-1,-1,-1
143,40,477.42,527.11,29.54,73.47,0.5369,-1,-1,-1
144,2,1861.64,716.56,62.79,255.05,0.4746,-1,-1,-1
144,8,1553.60,556.51,38.78,109.26,0.7093,-1,-1,-1
144,39,1696.21,567.20,42.39,107.07,0.4585,-1,-1,-1
144,40,473.10,527.50,29.35,75.16,0.5946,-1,-1,-1
145,8,1548.60,557.55,37.70,107.61,0.6957,-1,-1,-1
145,39,1694.54,570.33,42.25,107.02,0.6018,-1,-1,-1
145,40,467.79,527.00,28.63,73.91,0.5255,-1,-1,-1
145,44,384.28,529.15,24.83,64.87,0.4090,-1,-1,-1
146,8,1544.98,555.54,38.89,110.98,0.6497,-1,-1,-1
146,39,1694.31,573.88,40.69,100.98,0.6214,-1,-1,-1
146,40,462.88,525.87,28.62,74.73,0.5848,-1,-1,-1
146,44,380.36,529.41,24.80,64.33,0.4055,-1,-1,-1
147,8,1540.90,557.32,38.50,109.37,0.6766,-1,-1,-1
147,39,1691.21,574.14,41.38,103.58,0.5343,-1,-1,-1
147,40,457.11,526.63,29.07,75.93,0.5244,-1,-1,-1
147,44,373.82,530.92,25.35,65.24,0.3213,-1,-1,-1
148,8,1532.85,554.43,42.11,113.70,0.6901,-1,-1,-1
148,39,1685.57,570.25,43.26,106.25,0.4709,-1,-1,-1
148,40,453.32,529.42,28.74,73.70,0.5903,-1,-1,-1
148,44,364.65,529.47,26.29,66.79,0.3125,-1,-1,-1
149,8,1522.93,554.25,46.37,113.89,0.6863,-1,-1,-1
149,39,1681.02,570.14,43.16,105.73,0.6105,-1,-1,-1
149,40,448.10,529.25,29.17,74.99,0.5575,-1,-1,-1
149,44,359.75,529.71,27.36,67.91,0.3715,-1,-1,-1
150,8,1516.78,559.81,49.22,107.79,0.7187,-1,-1,-1
150,39,1679.01,565.88,43.38,107.81,0.6682,-1,-1,-1
150,40,442.65,528.42,29.85,76.89,0.5841,-1,-1,-1
150,44,356.29,530.31,27.32,68.05,0.4075,-1,-1,-1
151,8,1513.44,560.09,51.84,108.69,0.7009,-1,-1,-1
151,39,1675.62,566.91,43.49,107.90,0.5866,-1,-1,-1
151,40,435.26,527.21,30.57,78.41,0.5415,-1,-1,-1
151,44,349.91,533.35,27.60,68.09,0.3415,-1,-1,-1
152,8,1509.40,557.69,53.31,111.02,0.6990,-1,-1,-1
152,39,1673.02,566.87,42.69,105.40,0.5131,-1,-1,-1
152,40,429.25,530.04,30.20,76.61,0.5592,-1,-1,-1
153,8,1504.33,557.04,53.89,110.01,0.6614,-1,-1,-1
153,39,1673.51,566.54,38.44,95.29,0.4089,-1,-1,-1
153,40,424.10,530.87,29.18,74.77,0.5252,-1,-1,-1
153,44,337.94,536.27,27.26,66.00,0.3114,-1,-1,-1
154,8,1496.76,552.34,54.77,114.37,0.6688,-1,-1,-1
154,40,417.01,532.29,30.20,77.13,0.5157,-1,-1,-1
155,8,1490.19,552.16,52.97,113.04,0.6495,-1,-1,-1
155,40,410.19,529.74,30.99,80.08,0.5748,-1,-1,-1
156,8,1485.03,550.24,52.00,116.14,0.6682,-1,-1,-1
156,40,403.37,533.13,30.67,78.59,0.5339,-1,-1,-1
157,8,1478.92,551.60,49.17,113.05,0.6720,-1,-1,-1
157,40,397.76,535.25,30.22,77.32,0.5838,-1,-1,-1
157,44,306.97,538.58,28.34,68.84,0.3183,-1,-1,-1
157,49,1301.17,521.28,31.33,72.30,0.3436,-1,-1,-1
157,50,1438.90,533.54,25.36,88.61,0.5085,-1,-1,-1
158,8,1472.09,547.70,48.97,116.76,0.7304,-1,-1,-1
158,40,392.44,535.99,30.40,78.87,0.5319,-1,-1,-1
158,44,303.07,540.49,28.23,69.30,0.3131,-1,-1,-1
158,49,1296.54,520.79,32.01,73.95,0.3213,-1,-1,-1
158,50,1435.29,533.64,25.15,88.69,0.4271,-1,-1,-1
159,8,1467.97,546.19,48.20,118.54,0.7112,-1,-1,-1
159,40,386.84,537.53,29.91,78.08,0.5667,-1,-1,-1
160,8,1464.10,545.72,47.16,119.22,0.6753,-1,-1,-1
160,40,380.09,538.55,30.75,79.71,0.5007,-1,-1,-1
161,8,1460.35,547.22,45.85,117.31,0.6508,-1,-1,-1
161,40,376.10,538.51,30.48,79.21,0.4978,-1,-1,-1
161,49,1283.65,517.59,33.03,76.37,0.3037,-1,-1,-1
162,8,1457.72,550.13,43.78,111.50,0.6770,-1,-1,-1
162,40,371.85,539.84,30.29,78.00,0.5280,-1,-1,-1
163,8,1451.95,550.14,45.31,113.18,0.6457,-1,-1,-1
163,40,365.03,540.62,31.20,79.93,0.4652,-1,-1,-1
164,8,1447.45,548.51,46.10,114.46,0.6249,-1,-1,-1
164,40,361.07,540.39,31.47,80.08,0.5371,-1,-1,-1
165,8,1440.16,547.70,48.21,116.09,0.6663,-1,-1,-1
165,40,354.82,541.50,31.77,80.59,0.5057,-1,-1,-1
166,8,1434.66,548.51,48.66,115.45,0.6798,-1,-1,-1
166,40,349.98,543.56,30.74,79.07,0.5511,-1,-1,-1
167,8,1431.14,544.03,48.38,117.78,0.6658,-1,-1,-1
167,40,344.93,543.48,30.73,78.49,0.6244,-1,-1,-1
168,8,1427.06,542.73,46.76,117.10,0.6641,-1,-1,-1
168,40,339.53,543.18,31.65,79.52,0.5757,-1,-1,-1
169,8,1423.49,544.25,45.44,117.42,0.6759,-1,-1,-1
169,40,335.54,543.80,31.99,78.92,0.5617,-1,-1,-1
170,8,1419.07,539.72,45.43,121.20,0.6740,-1,-1,-1
170,40,330.39,543.11,31.76,78.86,0.5520,-1,-1,-1
171,8,1414.06,539.07,46.14,124.17,0.5670,-1,-1,-1
171,40,325.55,543.76,31.31,77.54,0.5632,-1,-1,-1
172,8,1409.21,534.25,46.01,126.53,0.6204,-1,-1,-1
172,40,320.51,541.46,31.42,78.16,0.5779,-1,-1,-1
173,8,1404.58,531.92,46.25,129.08,0.5631,-1,-1,-1
173,40,314.99,540.88,32.85,81.74,0.5737,-1,-1,-1
174,8,1401.90,531.21,46.89,131.58,0.6384,-1,-1,-1
174,40,311.98,543.29,32.45,78.89,0.6001,-1,-1,-1
175,8,1395.04,532.75,49.09,131.21,0.6645,-1,-1,-1
175,40,307.55,541.51,32.99,79.70,0.4848,-1,-1,-1
176,8,1390.20,536.14,50.45,128.23,0.6767,-1,-1,-1
176,40,301.81,541.67,33.53,80.87,0.5860,-1,-1,-1
177,8,1386.71,534.59,52.62,130.21,0.7054,-1,-1,-1
177,40,298.07,542.16,32.94,77.61,0.6517,-1,-1,-1
178,8,1386.61,535.04,52.53,130.28,0.6719,-1,-1,-1
178,40,293.11,541.85,34.47,81.66,0.6082,-1,-1,-1
179,8,1386.24,536.66,50.86,128.62,0.6810,-1,-1,-1
179,39,1604.30,542.92,45.47,128.22,0.4272,-1,-1,-1
179,40,289.18,540.23,35.12,83.73,0.6119,-1,-1,-1
180,8,1383.58,535.18,50.55,130.38,0.7040,-1,-1,-1
180,39,1605.34,543.18,43.42,128.79,0.4055,-1,-1,-1
180,40,285.12,543.79,34.66,81.54,0.5634,-1,-1,-1
181,8,1382.00,536.88,46.87,126.71,0.7124,-1,-1,-1
181,39,1602.26,544.47,45.53,128.53,0.3670,-1,-1,-1
181,40,281.00,542.97,35.47,83.51,0.5570,-1,-1,-1
182,8,1378.47,537.61,45.98,127.48,0.7275,-1,-1,-1
182,39,1604.05,545.53,45.30,127.75,0.4360,-1,-1,-1
182,40,274.87,543.62,35.40,83.41,0.5938,-1,-1,-1
183,8,1374.76,536.67,45.70,128.67,0.7399,-1,-1,-1
183,39,1606.96,549.41,43.78,124.67,0.4207,-1,-1,-1
183,40,271.44,544.24,35.37,85.16,0.6421,-1,-1,-1
184,8,1372.35,535.97,44.92,129.72,0.7634,-1,-1,-1
184,39,1607.42,544.78,44.52,129.35,0.4364,-1,-1,-1
184,40,266.80,546.69,34.89,84.05,0.6225,-1,-1,-1
185,8,1370.24,534.11,45.35,132.02,0.7475,-1,-1,-1
185,39,1606.73,542.97,44.72,131.98,0.4627,-1,-1,-1
185,40,262.73,547.91,34.68,83.12,0.5510,-1,-1,-1
186,8,1368.55,534.23,44.62,132.60,0.7192,-1,-1,-1
186,39,1606.65,544.88,43.80,128.65,0.3661,-1,-1,-1
186,40,259.26,547.12,35.44,84.84,0.5228,-1,-1,-1
187,8,1366.27,533.71,44.42,133.21,0.7051,-1,-1,-1
187,39,1600.95,542.56,46.44,132.21,0.3333,-1,-1,-1
187,40,254.38,548.44,35.75,85.90,0.5690,-1,-1,-1
188,8,1364.46,534.32,44.73,134.46,0.6752,-1,-1,-1
188,39,1599.26,546.91,48.11,130.48,0.4374,-1,-1,-1
188,40,249.65,549.86,35.73,86.34,0.5666,-1,-1,-1
189,8,1359.83,532.19,47.04,138.19,0.6417,-1,-1,-1
189,39,1598.87,544.90,50.96,133.05,0.4622,-1,-1,-1
189,40,245.66,549.99,36.81,89.90,0.5181,-1,-1,-1
190,8,1357.96,534.28,47.43,135.18,0.6758,-1,-1,-1
190,39,1597.82,540.63,54.05,136.53,0.5133,-1,-1,-1
190,40,241.54,549.50,37.17,90.72,0.5532,-1,-1,-1
191,8,1355.58,535.00,48.63,134.64,0.6663,-1,-1,-1
191,39,1599.19,539.37,56.15,137.31,0.5088,-1,-1,-1
191,40,238.48,553.73,36.08,87.52,0.5020,-1,-1,-1
192,8,1353.99,541.87,47.17,127.20,0.6262,-1,-1,-1
192,39,1603.83,540.36,54.21,134.31,0.4879,-1,-1,-1
192,40,234.97,552.93,36.66,87.70,0.5345,-1,-1,-1
193,8,1351.24,540.90,49.15,129.96,0.6603,-1,-1,-1
193,39,1603.99,539.08,55.24,135.86,0.5483,-1,-1,-1
193,40,229.26,556.37,36.66,85.99,0.6065,-1,-1,-1
194,8,1348.62,542.04,48.76,128.12,0.6725,-1,-1,-1
194,39,1608.50,549.49,52.15,125.68,0.5190,-1,-1,-1
194,40,225.75,559.76,36.02,85.00,0.5888,-1,-1,-1
195,8,1345.97,541.14,49.31,130.11,0.6875,-1,-1,-1
195,39,1606.45,547.90,54.47,127.63,0.5450,-1,-1,-1
195,40,221.80,559.89,35.48,84.23,0.5122,-1,-1,-1
196,8,1345.03,542.05,48.92,131.34,0.6782,-1,-1,-1
196,39,1608.93,548.25,54.92,127.22,0.5421,-1,-1,-1
196,40,218.29,561.08,36.41,86.69,0.4654,-1,-1,-1
197,8,1344.17,541.06,48.28,132.19,0.6293,-1,-1,-1
197,39,1611.36,549.23,53.87,125.37,0.4579,-1,-1,-1
197,40,213.75,561.77,36.31,86.46,0.4672,-1,-1,-1
198,8,1343.96,542.79,46.36,127.86,0.4941,-1,-1,-1
198,39,1616.57,551.85,51.60,122.31,0.5008,-1,-1,-1
198,40,211.10,562.53,35.62,85.63,0.5394,-1,-1,-1
199,8,1343.54,543.63,45.26,126.07,0.6218,-1,-1,-1
199,39,1619.34,553.93,49.39,120.67,0.5727,-1,-1,-1
199,40,206.54,562.53,35.93,86.85,0.5186,-1,-1,-1
200,8,1342.36,545.28,45.61,126.57,0.6267,-1,-1,-1
200,39,1619.57,555.49,48.67,119.81,0.5277,-1,-1,-1
200,40,202.79,563.67,37.14,88.88,0.4726,-1,-1,-1
201,8,1341.77,548.76,44.68,123.25,0.6503,-1,-1,-1
201,39,1619.18,553.35,50.37,122.68,0.6185,-1,-1,-1
201,40,199.36,563.76,36.89,89.35,0.4735,-1,-1,-1
202,8,1339.63,548.53,45.44,124.76,0.6763,-1,-1,-1
202,39,1621.27,553.28,50.98,123.77,0.6072,-1,-1,-1
202,40,193.74,563.09,38.03,92.36,0.6059,-1,-1,-1
203,8,1338.47,552.06,45.21,119.68,0.7051,-1,-1,-1
203,39,1623.86,553.62,51.04,124.79,0.5664,-1,-1,-1
203,40,190.34,563.86,38.79,92.36,0.5574,-1,-1,-1
204,8,1337.06,550.90,46.71,121.68,0.7168,-1,-1,-1
204,39,1630.05,552.57,49.55,123.20,0.6135,-1,-1,-1
204,40,187.83,565.79,38.73,91.51,0.5613,-1,-1,-1
204,55,125.46,489.19,45.50,124.16,0.3934,-1,-1,-1
205,8,1335.20,546.21,48.23,126.37,0.7263,-1,-1,-1
205,39,1631.15,554.94,48.19,120.06,0.6115,-1,-1,-1
205,40,182.16,566.95,38.33,90.78,0.5739,-1,-1,-1
206,8,1335.37,547.52,47.68,125.67,0.7371,-1,-1,-1
206,39,1628.89,555.13,50.19,122.79,0.5101,-1,-1,-1
206,40,178.32,567.82,38.56,90.38,0.5752,-1,-1,-1
206,55,112.57,488.08,58.90,160.16,0.3010,-1,-1,-1
207,8,1333.94,549.10,47.72,126.96,0.7599,-1,-1,-1
207,39,1629.43,557.21,51.29,122.81,0.4882,-1,-1,-1
207,40,172.90,570.39,39.35,92.41,0.5725,-1,-1,-1
208,8,1332.94,546.90,49.02,129.88,0.7474,-1,-1,-1
208,39,1640.88,557.06,49.51,122.13,0.4171,-1,-1,-1
208,40,168.55,570.53,39.23,92.38,0.5600,-1,-1,-1
209,8,1331.06,544.06,50.18,133.53,0.7468,-1,-1,-1
209,39,1644.49,558.51,48.11,123.48,0.6142,-1,-1,-1
209,40,165.34,569.32,39.49,93.08,0.5244,-1,-1,-1
210,8,1329.79,542.06,50.23,135.15,0.7449,-1,-1,-1
210,39,1646.52,560.03,47.93,123.70,0.5731,-1,-1,-1
210,40,162.00,570.78,39.33,93.35,0.4564,-1,-1,-1
211,8,1329.43,545.38,48.66,133.15,0.7634,-1,-1,-1
211,39,1653.24,567.15,45.46,118.68,0.5296,-1,-1,-1
211,40,159.37,570.69,40.64,95.28,0.5727,-1,-1,-1
212,8,1328.62,546.96,48.47,131.42,0.7383,-1,-1,-1
212,39,1657.20,558.78,48.76,128.16,0.5281,-1,-1,-1
212,40,156.01,570.49,40.71,95.39,0.6044,-1,-1,-1
213,8,1329.39,548.92,48.68,131.16,0.7345,-1,-1,-1
213,39,1654.07,560.93,51.59,129.36,0.4816,-1,-1,-1
213,40,153.73,571.89,40.61,95.03,0.5522,-1,-1,-1
214,8,1330.25,547.19,49.84,133.94,0.6757,-1,-1,-1
214,39,1657.34,559.80,53.26,128.34,0.5132,-1,-1,-1
214,40,151.24,574.24,40.59,94.15,0.5941,-1,-1,-1
214,59,14.20,576.88,24.62,87.59,0.3227,-1,-1,-1
215,8,1330.36,548.18,49.87,135.25,0.6778,-1,-1,-1
215,39,1668.60,559.16,52.00,129.87,0.5428,-1,-1,-1
215,40,149.17,571.43,40.43,95.00,0.5917,-1,-1,-1
216,8,1331.97,551.08,49.61,134.84,0.6689,-1,-1,-1
216,39,1675.14,563.65,49.04,125.02,0.6051,-1,-1,-1
216,40,146.31,574.30,39.25,92.54,0.4253,-1,-1,-1
217,8,1332.73,550.71,49.59,135.54,0.7014,-1,-1,-1
217,39,1680.10,561.60,48.23,124.23,0.4835,-1,-1,-1
217,40,141.59,573.01,39.75,95.17,0.4762,-1,-1,-1
217,59,-1.00,576.44,23.95,86.18,0.3518,-1,-1,-1
218,8,1335.06,549.12,48.77,135.34,0.7457,-1,-1,-1
218,39,1680.64,561.68,52.56,127.76,0.4890,-1,-1,-1
218,40,139.37,573.38,39.22,94.21,0.4896,-1,-1,-1
218,59,-1.97,578.14,22.97,84.01,0.4196,-1,-1,-1
219,8,1336.81,550.26,48.37,136.40,0.7612,-1,-1,-1
219,39,1692.32,561.38,50.98,126.00,0.5400,-1,-1,-1
219,40,139.75,572.77,39.43,94.96,0.4862,-1,-1,-1
219,59,-2.72,579.09,22.51,84.43,0.3336,-1,-1,-1
219,61,23.43,581.31,34.70,84.63,0.4326,-1,-1,-1
220,8,1338.95,548.64,49.36,139.07,0.7627,-1,-1,-1
220,39,1696.78,563.64,50.78,124.36,0.5392,-1,-1,-1
220,40,137.69,575.73,39.68,95.17,0.4596,-1,-1,-1
220,61,16.27,579.64,38.12,91.67,0.5612,-1,-1,-1
221,8,1341.86,547.64,49.39,142.03,0.7531,-1,-1,-1
221,39,1703.47,566.54,48.95,122.59,0.5218,-1,-1,-1
221,40,133.42,573.96,40.28,97.03,0.4649,-1,-1,-1
221,61,13.47,580.21,37.01,87.63,0.5348,-1,-1,-1
222,8,1345.17,545.41,47.40,139.34,0.7572,-1,-1,-1
222,39,1704.09,559.92,54.19,128.13,0.5033,-1,-1,-1
222,40,129.97,573.56,41.14,98.91,0.4811,-1,-1,-1
222,61,12.15,580.04,38.16,89.23,0.5541,-1,-1,-1
223,8,1347.01,546.78,47.34,139.61,0.7557,-1,-1,-1
223,39,1716.39,563.30,51.85,125.94,0.5336,-1,-1,-1
223,40,128.63,574.07,40.51,98.12,0.5022,-1,-1,-1
223,61,9.86,579.48,38.13,89.54,0.4608,-1,-1,-1
224,8,1348.53,543.70,48.24,141.48,0.7570,-1,-1,-1
224,39,1720.96,560.83,51.87,125.98,0.4782,-1,-1,-1
224,40,129.05,577.85,40.49,96.66,0.4719,-1,-1,-1
225,8,1351.40,545.83,47.50,138.01,0.7485,-1,-1,-1
225,39,1729.78,554.89,53.93,130.08,0.5429,-1,-1,-1
225,40,127.54,577.71,40.55,97.12,0.4994,-1,-1,-1
226,8,1352.65,547.33,47.76,136.81,0.7008,-1,-1,-1
226,39,1734.02,557.21,54.32,126.15,0.5111,-1,-1,-1
226,40,127.36,585.77,40.03,93.59,0.4238,-1,-1,-1
226,61,0.30,598.13,35.32,81.62,0.3552,-1,-1,-1
226,62,969.93,524.71,32.02,72.72,0.3451,-1,-1,-1
227,8,1354.50,547.23,48.99,139.84,0.7483,-1,-1,-1
227,39,1743.65,558.78,53.24,126.13,0.5236,-1,-1,-1
227,40,121.75,585.12,40.80,95.60,0.3098,-1,-1,-1
227,61,-1.51,595.70,35.67,83.86,0.3347,-1,-1,-1
228,8,1355.96,548.96,49.56,142.36,0.7463,-1,-1,-1
228,39,1751.09,553.73,54.78,129.34,0.5434,-1,-1,-1
228,40,117.33,586.59,40.83,96.13,0.3373,-1,-1,-1
228,61,-3.28,591.22,37.64,90.15,0.3095,-1,-1,-1
229,8,1358.17,548.02,48.84,140.96,0.7454,-1,-1,-1
229,39,1754.99,557.85,55.44,127.93,0.5028,-1,-1,-1
229,40,115.29,586.23,40.28,96.49,0.4066,-1,-1,-1
230,8,1362.20,549.69,48.80,140.28,0.7491,-1,-1,-1
230,39,1764.80,555.49,55.00,127.15,0.5397,-1,-1,-1
230,40,114.05,586.97,40.08,97.32,0.3009,-1,-1,-1
231,8,1364.06,552.57,48.38,137.69,0.7345,-1,-1,-1
231,39,1775.11,553.62,56.39,131.09,0.5590,-1,-1,-1
231,40,114.16,587.68,39.37,97.29,0.3338,-1,-1,-1
232,8,1366.41,552.91,48.73,138.35,0.7349,-1,-1,-1
232,39,1779.93,553.43,58.47,131.63,0.5180,-1,-1,-1
233,8,1367.94,551.08,49.54,141.78,0.7661,-1,-1,-1
233,39,1791.48,557.61,56.95,128.10,0.5370,-1,-1,-1
233,55,33.45,497.88,54.72,139.72,0.5094,-1,-1,-1
234,8,1370.69,553.42,48.43,137.80,0.7041,-1,-1,-1
234,39,1795.94,559.77,58.81,128.74,0.4532,-1,-1,-1
234,40,108.79,590.21,39.83,97.00,0.3436,-1,-1,-1
234,55,30.37,495.06,54.99,143.09,0.3347,-1,-1,-1
235,8,1375.21,554.08,48.04,136.20,0.6636,-1,-1,-1
235,39,1808.24,559.49,58.36,128.88,0.4599,-1,-1,-1
236,8,1378.99,552.49,49.63,136.69,0.7028,-1,-1,-1
236,39,1824.06,552.22,56.66,125.16,0.5267,-1,-1,-1
236,55,24.90,488.08,56.05,149.06,0.3498,-1,-1,-1
237,8,1381.65,551.42,51.30,137.40,0.6999,-1,-1,-1
237,39,1835.28,548.23,57.27,126.40,0.5034,-1,-1,-1
237,40,103.86,582.41,42.11,103.75,0.3074,-1,-1,-1
238,8,1384.18,553.18,50.77,136.58,0.7134,-1,-1,-1
238,39,1844.01,546.00,61.33,137.15,0.5070,-1,-1,-1
238,40,104.78,582.41,42.39,104.43,0.3777,-1,-1,-1
239,8,1386.20,553.45,51.12,137.37,0.6842,-1,-1,-1
239,39,1849.09,544.62,63.61,141.35,0.4651,-1,-1,-1
239,40,105.56,578.82,43.33,105.43,0.3826,-1,-1,-1
240,8,1389.40,549.31,52.30,143.07,0.7217,-1,-1,-1
240,39,1862.31,543.03,59.45,133.27,0.4512,-1,-1,-1
240,40,104.57,578.06,43.95,105.88,0.3988,-1,-1,-1
241,8,1394.67,547.26,51.49,146.02,0.7552,-1,-1,-1
241,39,1866.49,546.72,59.03,136.77,0.4767,-1,-1,-1
241,40,102.97,576.36,44.42,107.88,0.4285,-1,-1,-1
242,8,1399.82,548.05,51.07,146.25,0.6746,-1,-1,-1
242,40,104.17,578.30,43.97,106.53,0.4135,-1,-1,-1
243,8,1404.52,551.12,49.22,142.14,0.6901,-1,-1,-1
243,40,104.99,576.44,45.08,108.49,0.4093,-1,-1,-1
244,8,1410.47,555.38,48.06,138.16,0.7140,-1,-1,-1
244,40,103.77,576.53,44.81,108.10,0.3628,-1,-1,-1
245,8,1416.61,556.10,47.41,138.82,0.7655,-1,-1,-1
245,40,104.66,577.41,44.99,109.26,0.3807,-1,-1,-1
246,8,1422.28,554.13,47.85,141.56,0.7619,-1,-1,-1
246,40,103.68,577.21,44.71,109.89,0.3632,-1,-1,-1
247,8,1427.19,555.85,47.71,141.24,0.7415,-1,-1,-1
247,40,103.43,579.75,44.33,109.82,0.4197,-1,-1,-1
247,67,1316.56,581.53,49.01,135.02,0.4750,-1,-1,-1
248,8,1434.02,556.45,47.85,141.83,0.7561,-1,-1,-1
248,40,103.71,581.73,43.44,108.62,0.3854,-1,-1,-1
248,55,20.53,486.27,55.71,154.26,0.3225,-1,-1,-1
248,67,1327.35,583.07,48.11,132.05,0.3796,-1,-1,-1
249,8,1439.48,553.70,48.32,146.33,0.7948,-1,-1,-1
249,40,105.13,584.33,43.78,109.12,0.4063,-1,-1,-1
249,67,1334.54,581.80,48.67,132.72,0.3824,-1,-1,-1
250,8,1446.04,547.46,49.53,150.38,0.7218,-1,-1,-1
250,40,105.98,586.16,43.77,108.12,0.4542,-1,-1,-1
250,67,1339.68,581.03,48.37,131.08,0.3014,-1,-1,-1
251,8,1452.55,543.42,49.12,158.49,0.7527,-1,-1,-1
251,40,106.56,587.22,43.65,108.29,0.3931,-1,-1,-1
252,8,1460.41,548.86,46.44,150.24,0.7404,-1,-1,-1
252,40,108.65,588.73,41.64,104.53,0.3095,-1,-1,-1
253,8,1467.15,539.99,48.03,157.96,0.7455,-1,-1,-1
253,40,114.84,591.39,41.74,105.22,0.4483,-1,-1,-1
254,8,1472.33,538.73,47.97,158.53,0.7033,-1,-1,-1
254,40,117.78,591.27,41.50,105.91,0.4651,-1,-1,-1
255,8,1480.00,535.16,46.86,156.08,0.7114,-1,-1,-1
255,40,119.10,593.72,42.56,108.13,0.3868,-1,-1,-1
255,55,27.23,509.84,53.12,142.37,0.3140,-1,-1,-1
256,8,1488.95,539.28,47.06,155.53,0.7257,-1,-1,-1
256,40,122.49,593.53,43.65,111.49,0.4109,-1,-1,-1
257,8,1497.35,538.39,46.06,152.68,0.7083,-1,-1,-1
257,40,129.61,595.24,43.91,109.92,0.3283,-1,-1,-1
258,8,1506.27,545.99,45.76,149.79,0.6423,-1,-1,-1
258,40,132.29,596.51,44.23,109.62,0.3460,-1,-1,-1
258,55,33.49,505.27,57.22,153.97,0.3020,-1,-1,-1
258,69,0.13,609.78,23.84,95.65,0.4494,-1,-1,-1
259,8,1514.93,552.04,45.42,143.93,0.5939,-1,-1,-1
259,40,131.76,594.75,44.60,111.25,0.3772,-1,-1,-1
259,55,37.51,507.56,54.64,148.44,0.4241,-1,-1,-1
259,69,1.86,610.31,23.98,94.96,0.4729,-1,-1,-1
260,8,1516.97,551.37,52.02,147.37,0.6694,-1,-1,-1
260,40,132.19,599.22,43.70,109.09,0.3197,-1,-1,-1
260,69,3.40,612.04,24.53,94.28,0.4129,-1,-1,-1
261,8,1525.85,554.18,54.20,144.95,0.5765,-1,-1,-1
261,40,135.45,601.39,43.24,107.61,0.3941,-1,-1,-1
261,69,3.02,611.94,26.26,96.55,0.5006,-1,-1,-1
262,8,1532.21,563.93,53.70,134.05,0.4398,-1,-1,-1
262,40,138.02,600.99,41.94,107.91,0.4578,-1,-1,-1
262,69,1.57,610.60,26.84,97.24,0.4984,-1,-1,-1
262,70,975.89,510.34,32.69,85.45,0.3380,-1,-1,-1
263,40,141.29,602.24,41.37,106.61,0.3133,-1,-1,-1
263,69,3.03,612.52,27.33,94.95,0.4663,-1,-1,-1
263,70,981.02,517.18,30.92,80.79,0.3426,-1,-1,-1
264,55,49.47,514.99,52.12,142.56,0.3370,-1,-1,-1
264,69,2.52,612.01,28.86,96.55,0.5156,-1,-1,-1
264,70,983.95,520.17,29.58,77.59,0.3074,-1,-1,-1
265,40,148.68,600.05,43.30,109.69,0.3717,-1,-1,-1
265,69,2.85,614.89,28.84,93.01,0.4631,-1,-1,-1
265,70,988.69,513.94,31.87,83.99,0.4172,-1,-1,-1
266,8,1578.71,575.06,56.46,135.96,0.4049,-1,-1,-1
266,69,4.29,613.67,30.67,94.00,0.4623,-1,-1,-1
266,70,995.19,512.97,31.80,84.87,0.4399,-1,-1,-1
267,40,151.83,599.63,44.44,112.01,0.4010,-1,-1,-1
267,69,4.91,613.41,33.15,94.85,0.4943,-1,-1,-1
267,70,1001.68,517.27,29.90,80.35,0.3558,-1,-1,-1
268,69,6.39,612.03,35.82,99.17,0.4669,-1,-1,-1
268,70,1007.33,517.25,30.34,82.05,0.3297,-1,-1,-1
268,73,1050.93,511.10,34.20,99.17,0.4425,-1,-1,-1
269,40,154.50,598.57,44.62,113.38,0.3899,-1,-1,-1
269,69,8.23,610.15,37.65,100.20,0.4942,-1,-1,-1
269,70,1019.07,512.34,31.93,89.62,0.3662,-1,-1,-1
269,73,1061.16,507.01,35.03,99.83,0.4786,-1,-1,-1
270,40,156.86,594.74,44.62,114.09,0.3389,-1,-1,-1
270,69,11.05,608.73,38.75,98.85,0.4642,-1,-1,-1
270,70,1022.19,509.26,30.97,88.25,0.3831,-1,-1,-1
270,73,1066.97,504.62,34.20,96.11,0.4245,-1,-1,-1
271,40,161.58,595.07,43.53,111.91,0.4304,-1,-1,-1
271,69,14.48,609.77,38.73,96.31,0.5401,-1,-1,-1
271,70,1025.35,510.34,30.25,86.63,0.3106,-1,-1,-1
271,73,1070.58,505.79,34.82,96.71,0.4254,-1,-1,-1
271,75,1585.70,592.21,52.34,187.61,0.4663,-1,-1,-1
272,69,14.37,604.85,40.65,99.99,0.5138,-1,-1,-1
272,70,1031.89,515.21,27.83,80.10,0.3015,-1,-1,-1
272,73,1075.22,508.82,35.10,97.47,0.3737,-1,-1,-1
273,40,169.24,591.50,45.67,115.55,0.3818,-1,-1,-1
273,69,16.05,606.25,42.06,100.45,0.5929,-1,-1,-1
273,73,1082.42,507.69,37.14,99.63,0.3637,-1,-1,-1
274,69,15.42,600.77,42.99,102.72,0.4455,-1,-1,-1
274,70,1051.16,506.78,30.09,89.85,0.3397,-1,-1,-1
274,73,1090.96,506.62,36.24,94.91,0.4813,-1,-1,-1
274,75,1629.40,590.91,60.68,212.41,0.3254,-1,-1,-1
274,76,1061.99,506.25,27.48,91.20,0.3772,-1,-1,-1
275,69,17.06,597.57,45.95,107.37,0.6144,-1,-1,-1
275,70,1051.35,510.14,29.64,87.20,0.3625,-1,-1,-1
275,73,1094.70,507.20,36.82,96.13,0.3927,-1,-1,-1
275,75,1646.66,582.15,67.82,224.47,0.4295,-1,-1,-1
276,40,174.99,590.15,46.48,116.92,0.4254,-1,-1,-1
276,69,19.29,600.48,45.61,104.56,0.6279,-1,-1,-1
276,73,1099.52,506.75,36.91,96.79,0.3072,-1,-1,-1
276,75,1657.76,581.01,72.62,234.72,0.6511,-1,-1,-1
277,40,177.08,590.35,46.53,117.39,0.3450,-1,-1,-1
277,69,20.64,598.86,47.02,107.06,0.6056,-1,-1,-1
277,70,1058.68,504.26,32.30,92.63,0.3837,-1,-1,-1
277,73,1103.08,503.42,38.23,99.21,0.3152,-1,-1,-1
277,75,1673.16,590.80,72.83,228.71,0.5055,-1,-1,-1
278,40,176.77,591.23,47.47,118.65,0.3741,-1,-1,-1
278,69,21.29,598.31,48.27,109.17,0.5956,-1,-1,-1
278,70,1061.97,505.53,32.17,91.69,0.3818,-1,-1,-1
278,73,1111.32,505.99,38.29,96.48,0.3398,-1,-1,-1
278,75,1686.77,596.24,75.29,228.33,0.4514,-1,-1,-1
278,77,1170.83,515.54,39.27,96.59,0.3973,-1,-1,-1
279,40,178.99,591.78,47.56,118.60,0.4374,-1,-1,-1
279,69,24.24,598.62,48.69,109.71,0.6058,-1,-1,-1
279,70,1070.56,509.50,31.73,89.92,0.4359,-1,-1,-1
279,73,1118.44,518.75,33.54,83.31,0.3125,-1,-1,-1
279,75,1698.78,595.09,80.63,234.94,0.5978,-1,-1,-1
280,40,181.47,599.74,45.54,112.62,0.4650,-1,-1,-1
280,69,25.27,600.29,49.66,111.63,0.6286,-1,-1,-1
280,75,1712.14,566.84,66.39,186.82,0.4081,-1,-1,-1
280,79,1153.10,525.31,21.34,77.58,0.3167,-1,-1,-1
281,8,1717.35,551.00,78.24,185.42,0.3070,-1,-1,-1
281,40,184.53,599.94,46.76,114.87,0.4178,-1,-1,-1
281,69,25.75,602.11,50.78,112.57,0.6286,-1,-1,-1
281,73,1124.49,506.59,39.95,96.89,0.3443,-1,-1,-1
281,75,1730.69,604.65,87.31,228.85,0.5484,-1,-1,-1
281,77,1192.82,517.94,38.65,93.47,0.3336,-1,-1,-1
282,40,187.18,598.53,48.13,117.02,0.4728,-1,-1,-1
282,69,28.06,604.98,49.95,110.40,0.6182,-1,-1,-1
282,75,1742.48,610.41,98.90,236.32,0.6271,-1,-1,-1
282,77,1196.06,517.61,38.45,93.77,0.3289,-1,-1,-1
282,80,1236.76,547.11,40.06,115.57,0.3403,-1,-1,-1
282,81,1741.22,552.54,46.14,93.83,0.3115,-1,-1,-1
283,8,1741.71,549.44,68.00,179.73,0.4922,-1,-1,-1
283,40,189.98,599.90,49.71,118.03,0.4684,-1,-1,-1
283,69,30.47,610.13,49.12,107.96,0.6025,-1,-1,-1
283,75,1777.60,608.41,99.73,242.36,0.6215,-1,-1,-1
284,8,1750.10,549.68,64.99,183.67,0.6228,-1,-1,-1
284,40,191.83,601.56,49.99,117.94,0.3813,-1,-1,-1
284,69,32.07,610.41,49.77,109.64,0.6394,-1,-1,-1
284,75,1799.63,609.02,101.43,245.50,0.7479,-1,-1,-1
284,82,1296.14,534.33,37.53,122.12,0.3889,-1,-1,-1
285,8,1764.49,550.04,63.85,183.13,0.6448,-1,-1,-1
285,40,194.56,601.35,51.45,119.90,0.4395,-1,-1,-1
285,69,34.07,612.08,49.61,110.11,0.6388,-1,-1,-1
285,75,1823.28,612.47,97.04,246.37,0.8108,-1,-1,-1
285,80,1254.98,536.78,44.34,122.51,0.3722,-1,-1,-1
285,82,1305.67,536.82,37.87,117.88,0.4237,-1,-1,-1
286,8,1777.22,546.33,65.10,189.61,0.7142,-1,-1,-1
286,40,196.70,601.49,52.72,121.57,0.4208,-1,-1,-1
286,69,34.65,612.93,50.23,111.84,0.6464,-1,-1,-1
286,75,1835.86,610.43,93.05,252.39,0.7455,-1,-1,-1
286,82,1314.91,535.70,38.81,117.96,0.3429,-1,-1,-1
287,8,1794.45,548.17,65.00,191.30,0.7020,-1,-1,-1
287,40,199.03,606.21,52.67,120.23,0.4334,-1,-1,-1
287,69,36.55,613.71,50.85,112.49,0.6323,-1,-1,-1
287,75,1850.94,615.45,84.17,251.52,0.7013,-1,-1,-1
288,8,1805.62,547.45,68.18,194.66,0.6716,-1,-1,-1
288,40,197.76,605.45,52.71,122.29,0.4925,-1,-1,-1
288,69,38.36,614.81,51.50,112.04,0.6126,-1,-1,-1
289,8,1818.86,543.95,68.79,197.89,0.7279,-1,-1,-1
289,40,197.81,607.69,51.04,120.39,0.3893,-1,-1,-1
289,69,38.70,615.01,52.73,113.90,0.5697,-1,-1,-1
290,8,1834.34,543.66,71.54,199.05,0.7608,-1,-1,-1
290,40,201.35,605.81,52.06,122.96,0.4323,-1,-1,-1
290,69,40.78,612.56,54.21,116.35,0.6098,-1,-1,-1
291,8,1844.98,537.75,69.71,204.40,0.7573,-1,-1,-1
291,69,43.62,613.81,55.84,118.66,0.6152,-1,-1,-1
291,73,1212.72,522.57,38.20,78.45,0.3751,-1,-1,-1
292,8,1856.35,540.95,68.02,205.04,0.7129,-1,-1,-1
292,40,210.82,609.05,54.68,123.89,0.3703,-1,-1,-1
292,69,43.47,612.58,57.21,121.91,0.6634,-1,-1,-1
292,73,1212.98,519.76,41.62,80.02,0.3507,-1,-1,-1
292,85,1364.00,536.14,31.28,119.26,0.3813,-1,-1,-1
293,8,1866.48,540.30,65.18,207.88,0.6244,-1,-1,-1
293,40,214.59,612.00,54.50,123.61,0.4317,-1,-1,-1
293,69,45.49,615.50,57.29,122.86,0.6508,-1,-1,-1
294,40,214.51,611.99,54.55,124.04,0.4650,-1,-1,-1
294,69,46.53,619.59,56.51,120.18,0.6003,-1,-1,-1
295,40,210.28,614.39,52.70,122.78,0.4390,-1,-1,-1
295,69,47.10,620.97,56.59,118.81,0.6144,-1,-1,-1
295,85,1378.08,539.67,34.29,120.79,0.3107,-1,-1,-1
296,40,211.09,614.04,52.92,124.68,0.4413,-1,-1,-1
296,69,48.01,621.04,57.28,118.72,0.5635,-1,-1,-1
296,85,1381.17,548.68,34.44,115.95,0.4555,-1,-1,-1
297,40,217.36,615.17,52.38,124.38,0.3719,-1,-1,-1
297,69,48.12,621.61,58.55,120.20,0.6090,-1,-1,-1
297,85,1384.54,555.90,34.11,108.59,0.4537,-1,-1,-1
297,86,1341.23,541.45,48.32,130.10,0.3569,-1,-1,-1
298,40,220.84,612.01,52.87,127.00,0.4184,-1,-1,-1
298,69,48.04,621.35,58.58,120.13,0.6082,-1,-1,-1
298,85,1390.03,546.85,38.30,118.79,0.4214,-1,-1,-1
298,86,1347.91,533.39,51.23,138.24,0.4125,-1,-1,-1
299,40,223.55,615.27,50.91,124.22,0.4652,-1,-1,-1
299,69,48.57,622.59,58.11,119.11,0.6155,-1,-1,-1
299,79,1262.07,523.02,34.37,90.03,0.3036,-1,-1,-1
299,85,1398.35,561.66,36.44,109.50,0.3227,-1,-1,-1
299,86,1352.20,532.09,55.11,148.41,0.3324,-1,-1,-1
300,40,226.64,614.63,51.15,125.72,0.4987,-1,-1,-1
300,69,48.10,619.95,59.83,123.44,0.5867,-1,-1,-1
300,79,1267.63,526.17,31.71,86.32,0.3020,-1,-1,-1
300,85,1402.48,555.22,41.25,120.16,0.3037,-1,-1,-1
300,86,1356.47,532.47,42.17,111.26,0.3096,-1,-1,-1
301,40,227.07,616.30,51.63,126.42,0.4830,-1,-1,-1
301,69,46.77,623.66,59.28,122.80,0.5044,-1,-1,-1
301,86,1361.77,529.77,37.53,95.83,0.4175,-1,-1,-1
301,87,1321.28,528.23,32.13,92.79,0.3329,-1,-1,-1
302,40,226.34,614.21,52.44,129.33,0.4957,-1,-1,-1
302,69,47.03,622.76,59.70,124.05,0.4920,-1,-1,-1
303,40,226.16,621.42,52.17,127.48,0.4471,-1,-1,-1
303,69,43.98,627.91,59.74,123.97,0.4652,-1,-1,-1
303,90,1290.77,525.16,37.59,94.79,0.3426,-1,-1,-1
304,40,227.11,621.96,51.27,126.90,0.5148,-1,-1,-1
304,69,44.73,627.31,58.68,123.62,0.4480,-1,-1,-1
305,40,226.89,628.07,51.36,125.36,0.4841,-1,-1,-1
305,69,48.81,635.44,57.37,118.53,0.4621,-1,-1,-1
305,90,1306.09,532.66,38.01,95.26,0.3244,-1,-1,-1
306,40,228.58,627.35,51.21,126.42,0.4850,-1,-1,-1
306,69,47.82,635.74,56.69,117.39,0.4345,-1,-1,-1
307,40,227.68,627.17,51.85,128.38,0.4913,-1,-1,-1
307,69,45.68,635.09,58.94,121.33,0.4808,-1,-1,-1
307,92,1343.07,529.09,35.32,107.23,0.4425,-1,-1,-1
308,40,224.96,629.70,52.99,131.18,0.4620,-1,-1,-1
308,69,43.92,637.57,62.39,126.75,0.5546,-1,-1,-1
308,87,1386.85,553.09,29.05,81.43,0.3123,-1,-1,-1
308,92,1345.43,527.83,37.30,109.87,0.3948,-1,-1,-1
309,40,223.60,627.17,52.65,133.22,0.4384,-1,-1,-1
309,69,43.30,636.30,61.91,126.87,0.6164,-1,-1,-1
310,40,223.48,630.16,52.66,133.02,0.4357,-1,-1,-1
310,69,42.16,638.44,62.13,126.65,0.5955,-1,-1,-1
311,40,228.14,631.84,53.19,132.85,0.3678,-1,-1,-1
311,69,41.10,641.57,62.86,126.71,0.6292,-1,-1,-1
311,92,1362.31,528.32,40.66,117.03,0.3285,-1,-1,-1
312,40,225.76,630.27,53.49,133.59,0.3833,-1,-1,-1
312,69,39.40,640.93,62.70,126.43,0.5799,-1,-1,-1
313,40,228.81,635.65,54.06,133.06,0.3625,-1,-1,-1
313,69,38.49,643.29,64.35,129.29,0.6416,-1,-1,-1
314,40,226.21,638.11,54.42,134.46,0.3736,-1,-1,-1
314,69,36.16,645.14,63.91,128.75,0.5439,-1,-1,-1
315,40,225.64,636.75,54.54,136.53,0.4023,-1,-1,-1
315,69,35.03,644.47,63.29,129.05,0.5438,-1,-1,-1
316,40,224.19,637.22,54.34,137.07,0.3843,-1,-1,-1
316,69,31.93,645.07,63.27,130.02,0.4176,-1,-1,-1
316,94,1390.26,574.27,51.91,153.24,0.4471,-1,-1,-1
317,40,224.37,638.07,53.91,137.06,0.4154,-1,-1,-1
317,69,30.88,645.68,62.82,130.91,0.3997,-1,-1,-1
317,94,1391.55,549.16,63.34,188.19,0.4398,-1,-1,-1
318,40,223.47,639.82,52.90,135.93,0.3959,-1,-1,-1
318,69,30.67,647.03,62.27,131.44,0.4660,-1,-1,-1
318,94,1396.83,555.37,62.84,185.36,0.4633,-1,-1,-1
319,40,225.49,641.18,52.82,135.95,0.3736,-1,-1,-1
319,69,29.61,648.37,61.17,131.44,0.4419,-1,-1,-1
319,85,1518.20,587.68,51.63,139.18,0.3924,-1,-1,-1
319,94,1401.30,580.72,55.72,162.69,0.4030,-1,-1,-1
320,40,224.72,640.79,53.85,138.46,0.4202,-1,-1,-1
320,69,27.15,647.71,62.01,133.86,0.4502,-1,-1,-1
320,85,1524.54,590.62,49.42,133.58,0.4288,-1,-1,-1
321,40,223.82,639.48,54.66,140.63,0.4290,-1,-1,-1
321,69,25.07,648.25,62.62,135.73,0.5092,-1,-1,-1
321,85,1531.27,595.20,47.87,128.85,0.4018,-1,-1,-1
321,94,1407.18,598.18,52.09,147.06,0.3550,-1,-1,-1
322,40,222.85,637.95,55.31,142.63,0.4616,-1,-1,-1
322,69,22.79,648.47,62.70,136.37,0.4720,-1,-1,-1
322,85,1536.28,588.20,53.30,138.45,0.5018,-1,-1,-1
322,94,1410.00,606.07,51.79,140.97,0.3369,-1,-1,-1
323,40,221.64,635.85,56.41,145.59,0.3646,-1,-1,-1
323,69,19.62,647.91,63.27,137.97,0.5179,-1,-1,-1
323,85,1541.10,584.42,55.82,142.75,0.5776,-1,-1,-1
323,94,1409.46,593.11,58.98,155.73,0.4150,-1,-1,-1
324,40,211.19,634.02,54.91,144.92,0.3555,-1,-1,-1
324,69,16.01,646.07,63.00,138.25,0.5101,-1,-1,-1
324,85,1544.63,590.78,54.19,136.37,0.5380,-1,-1,-1
325,40,218.50,634.25,55.85,146.82,0.3881,-1,-1,-1
325,69,14.47,647.81,62.45,136.59,0.5181,-1,-1,-1
325,85,1549.82,607.23,49.96,123.77,0.4965,-1,-1,-1
325,94,1417.92,594.59,60.52,154.59,0.5530,-1,-1,-1
326,40,218.89,635.24,55.88,146.56,0.4113,-1,-1,-1
326,69,10.20,647.27,62.67,137.12,0.5601,-1,-1,-1
326,85,1549.49,594.34,54.94,138.10,0.4850,-1,-1,-1
326,94,1417.52,598.61,60.46,150.86,0.5391,-1,-1,-1
327,40,214.84,637.54,55.35,143.70,0.4917,-1,-1,-1
327,69,7.69,646.82,62.25,137.19,0.6158,-1,-1,-1
327,85,1555.51,601.34,52.70,132.31,0.4788,-1,-1,-1
327,94,1418.94,599.41,60.84,150.57,0.6185,-1,-1,-1
327,97,1777.87,538.97,44.95,113.09,0.4470,-1,-1,-1
328,40,210.05,638.30,58.17,147.19,0.4099,-1,-1,-1
328,69,5.87,653.34,61.13,133.33,0.6030,-1,-1,-1
328,85,1557.33,592.16,56.73,142.27,0.3883,-1,-1,-1
328,94,1419.43,594.96,64.08,156.01,0.6021,-1,-1,-1
328,97,1782.60,540.81,46.89,118.85,0.5422,-1,-1,-1
329,40,198.80,631.90,57.79,150.13,0.3333,-1,-1,-1
329,69,5.21,648.91,60.34,135.39,0.4845,-1,-1,-1
329,85,1560.17,585.97,58.90,151.36,0.4984,-1,-1,-1
329,94,1419.75,597.30,62.92,152.58,0.5802,-1,-1,-1
330,40,196.63,631.70,57.17,150.91,0.3513,-1,-1,-1
330,69,2.08,651.95,57.57,131.65,0.5153,-1,-1,-1
330,85,1561.84,586.44,61.01,157.33,0.4764,-1,-1,-1
330,94,1421.29,596.57,63.12,154.67,0.5070,-1,-1,-1
330,97,1796.04,541.26,47.77,122.00,0.4914,-1,-1,-1
331,40,193.28,631.69,57.22,152.81,0.3487,-1,-1,-1
331,69,0.62,651.52,57.16,132.74,0.5149,-1,-1,-1
331,85,1553.94,561.07,71.13,181.65,0.3547,-1,-1,-1
331,94,1426.55,596.56,61.45,154.58,0.6447,-1,-1,-1
331,97,1801.53,535.16,50.19,126.83,0.5363,-1,-1,-1
332,40,189.51,628.61,56.23,152.13,0.3297,-1,-1,-1
332,69,-2.85,646.01,55.28,133.16,0.5161,-1,-1,-1
332,85,1569.76,588.33,58.26,147.92,0.4262,-1,-1,-1
332,94,1429.93,601.05,58.92,149.95,0.6267,-1,-1,-1
332,97,1804.59,533.84,50.27,127.46,0.3528,-1,-1,-1
333,40,189.95,627.52,58.62,153.57,0.3902,-1,-1,-1
333,69,-4.93,645.60,53.23,133.62,0.5680,-1,-1,-1
333,85,1569.39,575.24,63.85,163.80,0.3443,-1,-1,-1
333,94,1429.73,596.31,61.96,156.08,0.5239,-1,-1,-1
333,97,1811.18,527.56,51.09,129.69,0.4402,-1,-1,-1
334,40,190.12,626.09,60.71,155.62,0.3376,-1,-1,-1
334,69,-5.90,646.26,49.86,132.29,0.5768,-1,-1,-1
334,85,1578.18,582.87,59.71,154.05,0.4692,-1,-1,-1
334,94,1424.83,594.11,64.88,158.84,0.5211,-1,-1,-1
334,97,1819.09,523.89,51.12,129.82,0.5161,-1,-1,-1
335,40,173.02,629.96,57.24,151.36,0.3750,-1,-1,-1
335,69,-7.54,645.90,47.57,133.33,0.4921,-1,-1,-1
335,85,1583.86,588.53,57.29,146.40,0.3752,-1,-1,-1
335,94,1422.87,593.77,67.81,159.85,0.3427,-1,-1,-1
335,97,1823.56,518.86,52.03,135.50,0.6376,-1,-1,-1
336,40,169.63,628.11,56.86,154.97,0.3996,-1,-1,-1
336,69,-8.09,648.05,44.66,134.23,0.5375,-1,-1,-1
336,85,1571.15,548.35,75.47,196.32,0.3026,-1,-1,-1
336,94,1425.98,587.96,74.08,164.99,0.5722,-1,-1,-1
336,97,1827.94,513.70,53.22,136.57,0.5639,-1,-1,-1
337,40,171.64,628.43,57.38,159.06,0.4052,-1,-1,-1
337,69,-9.57,646.55,42.46,136.38,0.4218,-1,-1,-1
337,85,1567.27,534.58,80.55,216.70,0.4365,-1,-1,-1
337,94,1429.93,592.41,76.69,167.89,0.6618,-1,-1,-1
337,97,1835.20,517.93,52.95,137.53,0.4645,-1,-1,-1
338,40,171.49,633.91,58.06,158.89,0.4139,-1,-1,-1
338,69,-9.40,665.47,37.23,124.13,0.3363,-1,-1,-1
338,85,1567.45,530.94,80.94,218.52,0.3700,-1,-1,-1
338,94,1433.74,593.08,79.17,166.92,0.5655,-1,-1,-1
338,97,1840.83,518.89,51.48,132.05,0.5996,-1,-1,-1
339,40,168.07,638.35,58.03,157.76,0.4986,-1,-1,-1
339,85,1576.26,536.08,80.97,225.98,0.5213,-1,-1,-1
339,94,1431.63,598.87,85.51,167.28,0.7191,-1,-1,-1
339,97,1845.56,519.25,51.29,132.75,0.5667,-1,-1,-1
340,40,167.69,640.45,57.32,156.43,0.4730,-1,-1,-1
340,85,1574.99,536.96,82.46,229.35,0.5742,-1,-1,-1
340,94,1433.58,596.69,89.00,169.90,0.7526,-1,-1,-1
340,97,1849.50,518.32,51.11,131.81,0.5756,-1,-1,-1
341,40,153.56,640.48,57.36,161.11,0.3651,-1,-1,-1
341,85,1584.73,547.32,77.43,224.13,0.3670,-1,-1,-1
341,94,1434.61,601.40,89.16,171.83,0.7355,-1,-1,-1
342,40,153.02,643.50,55.32,161.15,0.4898,-1,-1,-1
342,85,1584.80,554.40,75.62,219.23,0.3157,-1,-1,-1
342,94,1424.38,602.56,92.14,176.37,0.6930,-1,-1,-1
342,102,188.49,637.70,51.56,155.78,0.3150,-1,-1,-1
343,40,145.07,649.68,54.80,162.12,0.5285,-1,-1,-1
343,85,1575.36,548.66,80.95,229.60,0.4119,-1,-1,-1
343,94,1434.70,614.05,85.76,170.35,0.6041,-1,-1,-1
344,40,140.30,653.66,55.73,163.20,0.4860,-1,-1,-1
344,85,1577.51,562.32,80.52,222.37,0.3273,-1,-1,-1
344,94,1437.33,617.73,82.08,170.87,0.6753,-1,-1,-1
344,97,1873.08,534.41,49.72,131.72,0.4552,-1,-1,-1
345,40,135.76,659.63,56.04,164.18,0.3694,-1,-1,-1
345,85,1569.05,590.09,64.81,183.14,0.3963,-1,-1,-1
345,94,1437.56,619.43,83.73,181.16,0.6134,-1,-1,-1
345,97,1874.41,537.46,48.90,133.16,0.4705,-1,-1,-1
345,102,172.32,656.44,50.31,151.90,0.4039,-1,-1,-1
346,40,128.24,663.22,57.69,169.00,0.3676,-1,-1,-1
346,85,1568.36,593.86,63.81,184.83,0.4138,-1,-1,-1
346,94,1434.52,622.61,81.62,182.44,0.5912,-1,-1,-1
346,97,1875.07,535.23,49.62,140.56,0.4743,-1,-1,-1
346,103,1354.99,572.65,77.62,198.22,0.3423,-1,-1,-1
347,40,118.05,669.99,58.03,170.23,0.4566,-1,-1,-1
347,85,1570.03,595.40,64.80,192.88,0.5165,-1,-1,-1
347,94,1430.96,626.95,82.22,185.71,0.5993,-1,-1,-1
347,97,1878.96,540.26,47.21,138.12,0.3244,-1,-1,-1
347,103,1355.04,580.62,75.56,194.76,0.3553,-1,-1,-1
348,40,116.95,671.15,57.47,170.29,0.5843,-1,-1,-1
348,85,1575.26,599.45,63.84,189.65,0.5148,-1,-1,-1
348,94,1440.19,630.82,77.01,187.12,0.6564,-1,-1,-1
348,106,1396.57,594.37,63.06,186.86,0.4330,-1,-1,-1
349,40,108.72,674.00,58.72,169.92,0.4650,-1,-1,-1
349,85,1578.71,611.40,62.62,184.11,0.4367,-1,-1,-1
349,94,1441.39,634.96,76.12,191.41,0.6875,-1,-1,-1
349,103,1351.95,598.18,70.25,182.77,0.4163,-1,-1,-1
349,106,1395.04,595.42,64.83,190.69,0.5119,-1,-1,-1
350,40,102.55,671.16,59.73,173.49,0.4883,-1,-1,-1
350,85,1584.07,614.98,64.96,183.54,0.5738,-1,-1,-1
350,94,1443.96,639.03,76.48,190.57,0.6503,-1,-1,-1
350,102,148.69,667.51,52.50,158.23,0.3799,-1,-1,-1
350,103,1354.83,604.46,68.75,180.43,0.4028,-1,-1,-1
350,106,1393.22,597.84,64.11,190.38,0.4075,-1,-1,-1
351,40,94.67,672.81,60.58,175.90,0.5600,-1,-1,-1
351,85,1583.36,610.18,67.17,188.00,0.4102,-1,-1,-1
351,94,1442.91,645.75,78.55,187.72,0.7042,-1,-1,-1
351,102,143.70,667.96,52.13,157.08,0.3899,-1,-1,-1
351,103,1355.71,607.43,68.79,178.54,0.4139,-1,-1,-1
351,106,1392.58,600.44,64.64,191.16,0.3519,-1,-1,-1
352,40,87.03,673.85,61.22,176.50,0.5697,-1,-1,-1
352,85,1586.35,607.57,74.28,204.36,0.5264,-1,-1,-1
352,94,1434.53,649.90,83.75,189.88,0.6594,-1,-1,-1
352,103,1355.48,605.75,69.46,183.66,0.4532,-1,-1,-1
353,40,82.40,679.05,60.82,172.30,0.4339,-1,-1,-1
353,85,1583.68,610.14,73.84,203.61,0.5756,-1,-1,-1
353,94,1439.55,651.72,86.57,191.61,0.6676,-1,-1,-1
353,102,135.08,671.00,53.21,161.51,0.3596,-1,-1,-1
353,103,1354.30,603.48,69.80,187.91,0.4916,-1,-1,-1
353,106,1392.03,600.11,62.59,192.73,0.4510,-1,-1,-1
354,40,81.03,682.31,61.82,172.20,0.5197,-1,-1,-1
354,85,1582.86,619.02,72.46,199.93,0.5588,-1,-1,-1
354,94,1444.99,655.90,86.86,196.84,0.6894,-1,-1,-1
354,102,129.28,671.12,54.04,164.10,0.3777,-1,-1,-1
354,103,1348.06,604.83,70.41,189.26,0.4860,-1,-1,-1
354,106,1394.06,601.85,62.95,193.41,0.3477,-1,-1,-1
355,40,79.84,679.14,61.77,178.08,0.4127,-1,-1,-1
355,85,1583.82,627.30,70.83,193.56,0.5786,-1,-1,-1
355,94,1445.02,656.74,85.88,196.32,0.6566,-1,-1,-1
355,102,120.60,667.74,53.30,166.52,0.4648,-1,-1,-1
355,103,1346.31,606.93,69.48,190.62,0.4303,-1,-1,-1
355,106,1390.36,604.36,63.63,197.30,0.4293,-1,-1,-1
356,40,63.77,681.43,62.79,177.98,0.4241,-1,-1,-1
356,85,1583.41,632.44,73.43,196.22,0.5770,-1,-1,-1
356,94,1443.01,658.64,89.51,198.84,0.6952,-1,-1,-1
356,102,115.24,665.77,55.11,171.54,0.3936,-1,-1,-1
356,103,1344.18,603.95,70.60,196.12,0.3902,-1,-1,-1
356,106,1389.50,609.45,64.13,199.52,0.3672,-1,-1,-1
357,40,67.58,679.83,60.36,177.10,0.3899,-1,-1,-1
357,85,1581.52,643.49,75.52,192.59,0.6404,-1,-1,-1
357,94,1447.57,666.27,87.49,197.12,0.7572,-1,-1,-1
357,103,1340.11,587.57,73.52,212.68,0.3654,-1,-1,-1
357,106,1386.59,612.09,64.62,200.47,0.3771,-1,-1,-1
358,40,59.72,683.15,61.16,181.02,0.5443,-1,-1,-1
358,85,1581.48,647.85,79.26,190.78,0.6255,-1,-1,-1
358,94,1449.23,671.61,84.10,192.85,0.7842,-1,-1,-1
358,103,1342.65,596.66,67.19,202.90,0.4392,-1,-1,-1
358,106,1388.41,614.38,65.68,199.37,0.5231,-1,-1,-1
359,40,48.80,691.28,59.68,176.78,0.3690,-1,-1,-1
359,85,1582.89,650.14,84.58,195.03,0.6683,-1,-1,-1
359,94,1448.76,681.23,83.01,192.60,0.6677,-1,-1,-1
359,102,94.16,673.25,53.75,172.50,0.4345,-1,-1,-1
359,103,1342.29,594.19,61.32,187.79,0.4115,-1,-1,-1
359,106,1388.08,615.01,67.64,202.26,0.4642,-1,-1,-1
360,40,40.48,691.88,59.59,178.15,0.4084,-1,-1,-1
360,85,1583.36,656.08,86.52,197.18,0.6186,-1,-1,-1
360,94,1451.16,684.04,80.36,193.24,0.7213,-1,-1,-1
360,102,91.47,674.37,52.08,170.30,0.3972,-1,-1,-1
360,103,1337.47,593.74,66.38,213.34,0.5521,-1,-1,-1
360,106,1384.58,620.86,68.23,199.34,0.4151,-1,-1,-1
361,40,33.37,689.45,61.18,182.75,0.4913,-1,-1,-1
361,85,1582.89,661.41,88.12,195.45,0.6780,-1,-1,-1
361,94,1450.58,685.73,79.22,199.33,0.7348,-1,-1,-1
361,102,84.28,680.62,52.82,170.82,0.4341,-1,-1,-1
361,103,1337.32,593.16,63.84,209.80,0.4559,-1,-1,-1
361,106,1379.96,620.91,70.77,201.60,0.4502,-1,-1,-1
362,40,27.09,691.84,62.50,184.67,0.4408,-1,-1,-1
362,85,1582.33,661.59,90.14,201.85,0.6443,-1,-1,-1
362,94,1451.60,682.39,80.01,205.85,0.7320,-1,-1,-1
362,102,76.33,682.99,51.91,172.20,0.4968,-1,-1,-1
362,103,1336.81,598.70,64.10,220.40,0.5294,-1,-1,-1
362,106,1379.68,622.88,74.80,206.69,0.4946,-1,-1,-1
363,40,18.56,693.60,65.26,189.88,0.3859,-1,-1,-1
363,85,1581.08,661.20,91.14,205.30,0.5625,-1,-1,-1
363,94,1451.29,679.12,82.62,219.52,0.7406,-1,-1,-1
363,102,68.04,683.49,53.66,177.01,0.4350,-1,-1,-1
363,103,1336.11,599.81,63.35,221.73,0.5457,-1,-1,-1
363,106,1379.61,618.45,79.01,213.86,0.4929,-1,-1,-1
364,40,11.70,696.17,64.15,188.23,0.4325,-1,-1,-1
364,85,1576.69,662.40,90.72,214.47,0.6292,-1,-1,-1
364,94,1451.47,687.99,82.75,221.82,0.7584,-1,-1,-1
364,102,63.15,684.93,53.01,178.43,0.3715,-1,-1,-1
364,103,1336.91,608.96,57.69,205.15,0.3122,-1,-1,-1
364,106,1369.79,628.60,73.95,210.59,0.4714,-1,-1,-1
365,40,4.03,700.81,65.67,192.41,0.4497,-1,-1,-1
365,85,1576.69,665.43,88.38,214.78,0.5975,-1,-1,-1
365,94,1450.97,692.31,85.43,220.40,0.6988,-1,-1,-1
365,102,55.18,692.04,54.10,178.49,0.3847,-1,-1,-1
365,103,1339.07,625.69,49.01,170.72,0.3369,-1,-1,-1
365,106,1369.92,630.18,75.40,216.14,0.5356,-1,-1,-1
366,40,2.88,704.96,62.34,189.64,0.5091,-1,-1,-1
366,85,1574.92,664.10,85.83,218.65,0.6737,-1,-1,-1
366,94,1451.62,697.69,89.60,223.35,0.7253,-1,-1,-1
366,102,49.11,693.96,52.99,174.67,0.5618,-1,-1,-1
366,103,1336.07,633.32,57.43,204.56,0.3635,-1,-1,-1
366,106,1370.22,632.68,74.13,217.88,0.6042,-1,-1,-1
367,40,-0.83,713.81,60.09,186.58,0.5156,-1,-1,-1
367,85,1573.97,661.87,89.63,232.75,0.6498,-1,-1,-1
367,94,1454.69,706.12,90.11,221.22,0.7107,-1,-1,-1
367,102,43.18,702.28,52.37,172.74,0.5367,-1,-1,-1
367,103,1335.98,640.31,48.68,168.02,0.4946,-1,-1,-1
367,106,1371.69,638.35,72.55,214.72,0.5760,-1,-1,-1
368,40,-6.10,715.91,58.78,190.40,0.4644,-1,-1,-1
368,85,1574.10,663.75,90.19,236.46,0.6304,-1,-1,-1
368,94,1456.53,711.55,90.85,223.08,0.7127,-1,-1,-1
368,102,35.53,707.12,52.93,174.27,0.3835,-1,-1,-1
368,103,1334.23,644.84,48.88,167.98,0.4757,-1,-1,-1
368,106,1368.82,639.46,70.98,217.33,0.5891,-1,-1,-1
369,40,-8.20,715.77,57.97,196.60,0.4829,-1,-1,-1
369,85,1575.01,663.50,90.58,238.71,0.6316,-1,-1,-1
369,94,1459.39,710.73,93.12,228.46,0.5707,-1,-1,-1
369,102,25.32,708.42,55.54,180.00,0.6029,-1,-1,-1
369,103,1327.93,645.14,59.07,203.61,0.5574,-1,-1,-1
369,106,1370.09,641.82,69.77,217.56,0.5802,-1,-1,-1
370,40,-11.94,719.04,54.48,195.65,0.3763,-1,-1,-1
370,85,1568.50,662.81,94.49,240.72,0.6565,-1,-1,-1
370,94,1459.85,715.48,93.93,230.27,0.6383,-1,-1,-1
370,102,14.03,711.31,56.47,181.59,0.4460,-1,-1,-1
370,103,1324.80,644.81,62.71,216.62,0.3464,-1,-1,-1
370,106,1366.16,643.86,70.19,220.66,0.5170,-1,-1,-1
370,109,1505.86,576.45,41.49,67.67,0.3458,-1,-1,-1
371,40,-11.62,723.53,49.81,188.22,0.3568,-1,-1,-1
371,85,1564.68,666.91,99.61,237.03,0.6947,-1,-1,-1
371,94,1461.21,718.93,93.48,229.57,0.7186,-1,-1,-1
371,102,8.24,713.84,57.69,186.50,0.5524,-1,-1,-1
371,106,1364.85,644.98,70.87,222.70,0.4880,-1,-1,-1
371,109,1506.36,576.79,41.88,67.63,0.3103,-1,-1,-1
372,85,1560.83,668.85,105.34,240.96,0.6669,-1,-1,-1
372,94,1460.80,719.92,94.81,232.45,0.7244,-1,-1,-1
372,102,1.67,717.55,57.41,183.43,0.6471,-1,-1,-1
372,106,1362.22,646.40,71.61,224.30,0.5200,-1,-1,-1
373,85,1563.37,671.47,108.74,244.39,0.6847,-1,-1,-1
373,94,1459.28,719.80,96.88,235.25,0.7239,-1,-1,-1
373,102,-2.39,726.21,56.10,179.82,0.5496,-1,-1,-1
373,106,1359.93,648.92,72.74,224.26,0.4941,-1,-1,-1
374,85,1561.59,677.67,109.61,243.60,0.6547,-1,-1,-1
374,94,1454.70,722.34,97.65,237.41,0.7138,-1,-1,-1
374,102,-4.88,730.12,51.40,176.50,0.6577,-1,-1,-1
374,106,1359.47,653.38,73.10,222.74,0.5884,-1,-1,-1
374,111,1312.89,644.21,56.62,168.81,0.3208,-1,-1,-1
375,85,1560.30,674.44,110.14,245.47,0.6330,-1,-1,-1
375,94,1450.90,724.24,95.75,239.48,0.7044,-1,-1,-1
375,102,-7.57,733.27,49.42,179.58,0.5737,-1,-1,-1
375,106,1359.26,656.73,74.68,222.15,0.5840,-1,-1,-1
376,85,1557.23,678.52,108.55,243.22,0.6108,-1,-1,-1
376,94,1450.66,725.94,92.91,241.69,0.7020,-1,-1,-1
376,102,-10.41,734.36,44.11,173.81,0.5310,-1,-1,-1
376,106,1353.38,653.94,76.11,222.55,0.5088,-1,-1,-1
376,112,1705.12,609.70,47.65,139.52,0.3564,-1,-1,-1
377,85,1553.34,682.73,104.91,236.57,0.5969,-1,-1,-1
377,94,1450.90,725.43,92.36,247.54,0.6784,-1,-1,-1
377,106,1349.86,649.42,80.65,227.70,0.5839,-1,-1,-1
377,112,1715.20,603.37,51.61,148.24,0.3323,-1,-1,-1
378,85,1548.22,683.40,105.89,243.21,0.6499,-1,-1,-1
378,94,1451.98,726.02,91.47,254.01,0.6445,-1,-1,-1
378,106,1343.53,647.36,82.63,231.96,0.4302,-1,-1,-1
378,112,1726.98,604.98,50.89,142.66,0.5157,-1,-1,-1
379,85,1542.83,677.75,102.88,249.06,0.7072,-1,-1,-1
379,94,1451.47,725.72,90.30,261.84,0.6688,-1,-1,-1
379,106,1336.91,648.08,69.15,195.18,0.3057,-1,-1,-1
379,112,1724.52,600.38,52.44,144.65,0.3526,-1,-1,-1
380,85,1537.94,679.26,102.26,252.17,0.6643,-1,-1,-1
380,94,1450.15,724.96,88.96,267.61,0.6928,-1,-1,-1
380,106,1330.59,647.99,63.75,180.61,0.4129,-1,-1,-1
380,112,1727.02,600.21,52.07,144.83,0.3179,-1,-1,-1
381,85,1524.76,679.49,101.33,258.90,0.6150,-1,-1,-1
381,94,1453.35,727.28,89.93,268.13,0.7050,-1,-1,-1
381,106,1325.51,647.65,63.42,182.12,0.4176,-1,-1,-1
381,112,1716.73,600.70,52.27,144.27,0.3309,-1,-1,-1
382,85,1524.64,678.14,97.33,260.23,0.5855,-1,-1,-1
382,94,1450.06,732.05,90.20,268.45,0.6865,-1,-1,-1
382,106,1321.70,648.44,62.06,182.64,0.6209,-1,-1,-1
382,112,1717.03,591.45,56.41,152.78,0.4632,-1,-1,-1
382,114,1440.91,559.77,51.69,82.82,0.3740,-1,-1,-1
383,85,1524.34,685.98,91.90,251.43,0.5602,-1,-1,-1
383,94,1449.10,737.52,91.71,267.40,0.7161,-1,-1,-1
383,106,1318.12,648.95,60.38,187.07,0.6668,-1,-1,-1
383,109,1507.01,563.20,43.03,66.59,0.3026,-1,-1,-1
383,112,1712.30,593.65,54.47,148.22,0.3534,-1,-1,-1
384,85,1518.38,684.47,93.40,258.30,0.5851,-1,-1,-1
384,94,1446.31,740.79,95.45,270.44,0.7348,-1,-1,-1
384,106,1314.68,647.68,58.30,188.52,0.6727,-1,-1,-1
384,112,1711.25,595.82,54.06,147.33,0.3830,-1,-1,-1
384,114,1437.52,561.70,49.78,80.60,0.3172,-1,-1,-1
385,85,1518.77,688.50,91.25,251.93,0.6054,-1,-1,-1
385,94,1441.36,742.14,96.79,271.18,0.7481,-1,-1,-1
385,106,1280.87,644.15,68.97,212.15,0.3308,-1,-1,-1
385,112,1720.07,592.63,58.55,154.39,0.4331,-1,-1,-1
385,114,1436.72,566.10,47.06,76.01,0.3919,-1,-1,-1
386,85,1514.92,694.26,91.89,252.58,0.5701,-1,-1,-1
386,94,1433.24,745.59,96.40,273.97,0.7487,-1,-1,-1
386,106,1246.10,643.41,69.22,218.78,0.3640,-1,-1,-1
386,109,1494.39,558.55,48.06,74.62,0.3481,-1,-1,-1
386,112,1721.79,593.92,59.84,156.80,0.3018,-1,-1,-1
386,114,1431.50,561.05,49.75,81.85,0.3879,-1,-1,-1
387,85,1507.42,693.60,95.13,256.82,0.6553,-1,-1,-1
387,94,1429.53,746.05,95.94,275.16,0.7025,-1,-1,-1
387,106,1237.37,643.26,69.18,218.79,0.4951,-1,-1,-1
387,109,1493.49,554.93,50.30,76.47,0.4322,-1,-1,-1
387,112,1728.32,589.11,60.57,155.74,0.3177,-1,-1,-1
388,85,1496.90,682.16,101.33,273.31,0.5974,-1,-1,-1
388,94,1426.63,746.51,96.06,281.79,0.6605,-1,-1,-1
388,103,1233.77,648.74,60.84,213.78,0.4926,-1,-1,-1
388,109,1491.20,558.61,50.65,75.16,0.3930,-1,-1,-1
389,85,1490.38,682.96,104.38,275.30,0.6406,-1,-1,-1
389,94,1424.66,746.74,97.22,289.55,0.5931,-1,-1,-1
389,103,1220.07,645.57,64.09,218.86,0.4830,-1,-1,-1
389,112,1733.26,589.91,62.06,161.59,0.3028,-1,-1,-1
390,85,1488.73,690.48,102.96,267.44,0.5612,-1,-1,-1
390,94,1416.74,748.98,99.23,291.70,0.6095,-1,-1,-1
390,103,1221.55,647.26,63.87,224.42,0.4834,-1,-1,-1
390,109,1481.03,558.50,49.91,75.76,0.3224,-1,-1,-1
391,85,1488.76,711.84,95.10,242.93,0.5664,-1,-1,-1
391,94,1412.22,752.21,101.62,297.84,0.5774,-1,-1,-1
391,103,1214.49,650.32,61.22,222.63,0.3407,-1,-1,-1
391,109,1480.89,558.92,52.81,82.03,0.4340,-1,-1,-1
391,114,1410.43,554.25,51.31,89.93,0.5165,-1,-1,-1
391,120,1532.28,565.09,42.16,81.42,0.3900,-1,-1,-1
392,85,1476.61,708.73,101.27,250.98,0.5198,-1,-1,-1
392,94,1400.60,756.13,103.89,296.40,0.6735,-1,-1,-1
392,103,1198.89,647.31,65.07,228.48,0.4906,-1,-1,-1
392,112,1730.92,588.55,64.81,174.44,0.3318,-1,-1,-1
392,114,1404.55,551.97,51.66,91.55,0.3670,-1,-1,-1
392,120,1523.52,560.40,47.03,90.73,0.3366,-1,-1,-1
392,122,1339.88,552.45,50.60,113.05,0.3810,-1,-1,-1
393,85,1463.34,707.34,77.02,190.28,0.3620,-1,-1,-1
393,94,1397.64,762.05,105.02,296.51,0.6515,-1,-1,-1
393,103,1191.72,646.77,65.65,231.46,0.4799,-1,-1,-1
393,109,1469.04,563.03,50.83,79.81,0.5495,-1,-1,-1
393,112,1731.49,603.84,59.65,161.26,0.4079,-1,-1,-1
393,120,1518.15,562.98,46.38,90.74,0.4266,-1,-1,-1
393,122,1335.15,553.54,51.84,116.88,0.4282,-1,-1,-1
394,94,1388.17,764.71,105.96,299.14,0.5831,-1,-1,-1
394,103,1183.55,650.52,65.22,228.67,0.5015,-1,-1,-1
394,109,1464.38,562.13,50.54,77.93,0.3512,-1,-1,-1
394,112,1729.29,604.27,58.16,158.60,0.4590,-1,-1,-1
394,114,1386.13,549.45,54.98,96.78,0.4484,-1,-1,-1
394,120,1514.97,563.62,46.69,91.70,0.3002,-1,-1,-1
394,122,1328.59,554.01,51.50,116.31,0.4489,-1,-1,-1
395,94,1378.49,767.48,103.91,301.43,0.6790,-1,-1,-1
395,103,1171.53,648.87,68.17,237.89,0.6525,-1,-1,-1
395,109,1456.65,560.22,50.64,80.46,0.3552,-1,-1,-1
395,112,1726.48,599.21,59.41,166.08,0.4611,-1,-1,-1
395,114,1386.26,548.86,52.40,95.72,0.5514,-1,-1,-1
395,120,1508.75,563.22,44.16,87.40,0.3352,-1,-1,-1
395,122,1320.77,556.26,53.15,121.84,0.5622,-1,-1,-1
396,94,1372.42,771.76,104.86,302.21,0.7461,-1,-1,-1
396,103,1164.27,648.52,65.83,223.34,0.5778,-1,-1,-1
396,109,1445.64,558.37,51.59,82.37,0.3514,-1,-1,-1
396,112,1724.88,597.79,60.52,171.03,0.4980,-1,-1,-1
396,114,1379.94,548.44,52.44,98.28,0.4157,-1,-1,-1
396,122,1314.53,558.10,53.58,122.88,0.4676,-1,-1,-1
396,124,1434.37,703.88,83.25,252.26,0.4948,-1,-1,-1
397,94,1364.52,772.62,104.63,305.32,0.6440,-1,-1,-1
397,103,1151.42,648.78,68.84,230.75,0.6025,-1,-1,-1
397,109,1444.82,562.13,51.77,83.09,0.5600,-1,-1,-1
397,112,1722.39,601.43,58.62,168.30,0.5076,-1,-1,-1
397,114,1370.37,550.62,50.46,97.23,0.4724,-1,-1,-1
397,120,1495.86,562.85,45.59,90.20,0.4560,-1,-1,-1
397,122,1310.83,562.09,52.36,121.88,0.4727,-1,-1,-1
397,124,1420.26,715.68,85.76,260.92,0.4163,-1,-1,-1
398,85,1408.92,715.69,67.21,160.20,0.3366,-1,-1,-1
398,94,1359.45,770.27,105.96,306.05,0.5333,-1,-1,-1
398,103,1142.54,648.60,71.64,239.02,0.5449,-1,-1,-1
398,109,1436.04,559.47,53.62,86.67,0.3245,-1,-1,-1
398,112,1716.11,605.46,57.08,164.41,0.4393,-1,-1,-1
398,114,1365.72,551.60,49.05,95.07,0.4548,-1,-1,-1
398,122,1299.36,557.67,52.05,125.69,0.6488,-1,-1,-1
399,94,1350.30,768.96,107.99,311.02,0.3335,-1,-1,-1
399,103,1129.56,653.31,67.72,225.97,0.6109,-1,-1,-1
399,112,1714.17,605.25,57.14,162.70,0.4787,-1,-1,-1
399,114,1358.10,555.25,46.51,92.25,0.3336,-1,-1,-1
399,120,1478.16,557.85,46.99,93.98,0.3647,-1,-1,-1
399,122,1291.98,552.72,52.69,128.64,0.5964,-1,-1,-1
400,85,1384.95,717.81,66.76,153.52,0.4167,-1,-1,-1
400,94,1341.49,770.56,107.65,310.25,0.3856,-1,-1,-1
400,106,1114.18,652.73,87.32,268.99,0.5451,-1,-1,-1
400,109,1420.23,562.20,51.39,83.27,0.5254,-1,-1,-1
400,112,1715.34,609.50,58.13,162.16,0.3388,-1,-1,-1
400,114,1347.10,549.88,48.07,98.35,0.5130,-1,-1,-1
400,120,1470.73,559.25,46.38,93.79,0.4436,-1,-1,-1
400,122,1285.57,557.13,48.81,125.70,0.6083,-1,-1,-1
401,85,1376.30,724.14,64.94,148.98,0.3487,-1,-1,-1
401,94,1326.54,771.94,108.39,307.66,0.5653,-1,-1,-1
401,103,1096.09,657.15,77.05,246.76,0.7007,-1,-1,-1
401,109,1411.11,560.20,51.95,84.24,0.3437,-1,-1,-1
401,112,1708.21,610.37,57.60,161.24,0.3395,-1,-1,-1
401,114,1338.68,545.88,48.48,100.96,0.4687,-1,-1,-1
401,120,1464.14,558.74,45.27,91.89,0.3094,-1,-1,-1
401,122,1276.23,552.83,49.70,130.89,0.6619,-1,-1,-1
402,94,1317.60,776.46,109.15,303.05,0.6448,-1,-1,-1
402,106,1078.74,655.56,91.89,252.78,0.6523,-1,-1,-1
402,114,1323.90,540.42,51.88,108.58,0.4397,-1,-1,-1
402,120,1453.91,556.30,47.40,97.02,0.3016,-1,-1,-1
402,122,1267.12,551.67,48.97,129.61,0.4939,-1,-1,-1
403,94,1306.85,763.42,116.45,315.21,0.6407,-1,-1,-1
403,106,1060.52,656.09,105.61,280.75,0.6647,-1,-1,-1
403,109,1395.40,559.54,53.50,86.56,0.4315,-1,-1,-1
403,114,1315.24,542.55,50.73,105.63,0.5202,-1,-1,-1
403,120,1446.66,557.26,48.86,99.18,0.3681,-1,-1,-1
403,122,1258.61,553.22,47.43,128.62,0.4628,-1,-1,-1
404,94,1289.26,767.24,120.12,311.21,0.7311,-1,-1,-1
404,106,1062.13,659.86,101.39,282.52,0.6716,-1,-1,-1
404,109,1384.67,557.17,54.88,89.28,0.4260,-1,-1,-1
404,114,1308.74,543.03,49.56,105.74,0.5543,-1,-1,-1
404,120,1436.43,560.72,45.39,91.20,0.4463,-1,-1,-1
404,122,1249.27,548.03,47.49,130.89,0.4947,-1,-1,-1
405,94,1270.24,781.75,120.64,298.27,0.6210,-1,-1,-1
405,106,1042.17,660.09,101.68,281.16,0.6304,-1,-1,-1
405,109,1373.85,558.86,53.64,88.01,0.3299,-1,-1,-1
405,114,1296.30,541.75,50.52,108.50,0.4407,-1,-1,-1
405,120,1424.96,559.90,46.79,94.67,0.4478,-1,-1,-1
405,122,1237.92,546.35,46.95,134.53,0.4920,-1,-1,-1
406,94,1231.17,783.07,130.86,295.93,0.5779,-1,-1,-1
406,106,1015.88,661.62,108.51,283.00,0.7467,-1,-1,-1
406,114,1289.59,542.36,47.42,105.04,0.6222,-1,-1,-1
406,120,1415.00,556.52,47.17,95.77,0.3943,-1,-1,-1
406,122,1228.45,547.91,44.63,128.89,0.6197,-1,-1,-1
407,94,1205.83,781.10,143.61,298.20,0.6123,-1,-1,-1
407,106,999.56,664.32,111.01,285.83,0.5517,-1,-1,-1
407,109,1348.74,558.45,53.68,91.08,0.3668,-1,-1,-1
407,112,1675.31,601.24,67.54,187.99,0.3394,-1,-1,-1
407,114,1278.68,548.94,45.25,101.39,0.5676,-1,-1,-1
407,120,1402.81,553.33,50.08,103.46,0.4213,-1,-1,-1
407,122,1216.43,543.32,47.15,138.77,0.5248,-1,-1,-1
408,94,1204.84,792.71,141.40,285.69,0.5678,-1,-1,-1
408,106,993.71,667.50,109.47,288.14,0.6287,-1,-1,-1
408,109,1338.48,559.35,51.35,88.72,0.3600,-1,-1,-1
408,114,1266.10,543.19,45.79,105.13,0.6265,-1,-1,-1
408,120,1393.77,556.37,46.39,96.75,0.4107,-1,-1,-1
408,122,1205.04,546.14,45.38,132.93,0.5757,-1,-1,-1
409,94,1193.96,792.05,142.08,287.58,0.7033,-1,-1,-1
409,106,968.10,665.08,113.26,292.11,0.6842,-1,-1,-1
409,109,1325.54,558.28,51.70,91.66,0.3676,-1,-1,-1
409,112,1653.90,582.99,75.12,217.33,0.3448,-1,-1,-1
409,114,1252.96,546.77,45.88,104.43,0.4838,-1,-1,-1
409,120,1380.21,552.72,48.80,103.78,0.4233,-1,-1,-1
409,122,1193.21,543.18,46.71,138.15,0.5569,-1,-1,-1
410,94,1185.67,807.83,133.10,272.32,0.5441,-1,-1,-1
410,106,943.99,668.45,114.25,293.60,0.7119,-1,-1,-1
410,109,1323.59,559.45,50.86,90.64,0.3963,-1,-1,-1
410,112,1646.32,589.25,73.31,217.19,0.3474,-1,-1,-1
410,114,1240.17,542.00,47.24,107.40,0.5803,-1,-1,-1
410,120,1368.89,550.22,49.52,107.83,0.3417,-1,-1,-1
410,122,1180.51,543.10,46.12,136.22,0.5673,-1,-1,-1
411,94,1166.80,815.59,131.07,263.00,0.7390,-1,-1,-1
411,106,931.93,669.50,113.03,292.80,0.5428,-1,-1,-1
411,109,1305.07,558.03,51.30,93.03,0.4078,-1,-1,-1
411,114,1228.04,544.73,46.97,107.53,0.5131,-1,-1,-1
411,120,1356.39,550.35,48.78,107.23,0.4497,-1,-1,-1
411,122,1167.32,540.79,46.95,140.52,0.3982,-1,-1,-1
412,94,1151.88,825.17,127.01,252.11,0.6996,-1,-1,-1
412,106,907.70,666.41,122.16,301.54,0.6780,-1,-1,-1
412,109,1290.37,556.45,50.07,93.06,0.3485,-1,-1,-1
412,112,1629.97,602.37,64.89,199.44,0.4097,-1,-1,-1
412,114,1214.02,539.56,47.45,111.26,0.5604,-1,-1,-1
412,120,1344.82,553.35,45.57,101.57,0.5035,-1,-1,-1
412,122,1153.15,540.63,46.19,136.42,0.5157,-1,-1,-1
413,94,1121.90,815.56,134.39,264.06,0.5992,-1,-1,-1
413,106,895.69,669.94,122.02,298.82,0.6614,-1,-1,-1
413,109,1276.09,555.64,48.66,94.25,0.4545,-1,-1,-1
413,114,1196.97,537.54,49.04,116.98,0.5650,-1,-1,-1
413,120,1329.31,550.26,47.33,107.91,0.4293,-1,-1,-1
413,122,1137.83,541.90,46.00,137.99,0.4519,-1,-1,-1
414,94,1113.97,825.72,127.55,253.89,0.6701,-1,-1,-1
414,106,862.75,671.74,119.71,301.56,0.7009,-1,-1,-1
414,109,1263.31,552.73,49.55,98.46,0.4608,-1,-1,-1
414,114,1182.98,538.69,48.71,115.17,0.6610,-1,-1,-1
414,120,1318.53,552.38,45.76,104.21,0.4727,-1,-1,-1
414,124,1058.62,778.13,93.08,299.40,0.3563,-1,-1,-1
414,127,1865.76,591.18,48.12,179.88,0.3609,-1,-1,-1
415,94,1081.69,821.13,130.80,257.89,0.5636,-1,-1,-1
415,106,837.67,671.60,119.79,304.50,0.7166,-1,-1,-1
415,109,1253.78,556.91,47.72,93.24,0.4585,-1,-1,-1
415,114,1166.11,535.76,50.15,118.00,0.6299,-1,-1,-1
415,120,1303.54,550.12,46.57,108.78,0.5070,-1,-1,-1
415,122,1111.06,543.96,44.73,134.36,0.4881,-1,-1,-1
416,94,1068.51,827.81,126.12,248.94,0.6422,-1,-1,-1
416,106,809.15,672.39,116.64,307.59,0.7553,-1,-1,-1
416,109,1235.69,554.05,47.04,94.74,0.4522,-1,-1,-1
416,114,1148.73,535.54,50.30,117.97,0.5831,-1,-1,-1
416,120,1288.46,552.19,45.64,105.48,0.4722,-1,-1,-1
416,122,1095.99,537.35,47.50,141.85,0.5351,-1,-1,-1
417,94,1033.45,830.85,127.84,246.39,0.5397,-1,-1,-1
417,106,781.64,675.72,114.63,307.77,0.7304,-1,-1,-1
417,109,1222.48,555.07,46.27,93.12,0.4343,-1,-1,-1
417,114,1136.08,533.28,50.72,118.40,0.5393,-1,-1,-1
417,120,1273.76,551.77,45.63,107.16,0.3935,-1,-1,-1
417,122,1084.08,538.91,44.49,131.34,0.4162,-1,-1,-1
417,127,1821.99,584.37,50.70,188.78,0.3992,-1,-1,-1
418,94,1019.42,833.95,125.97,245.80,0.6615,-1,-1,-1
418,106,751.95,675.81,114.24,311.20,0.7946,-1,-1,-1
418,109,1206.23,557.49,44.31,91.09,0.5133,-1,-1,-1
418,114,1119.19,531.47,52.79,118.32,0.7112,-1,-1,-1
418,120,1256.60,552.08,45.05,106.39,0.4058,-1,-1,-1
418,122,1063.55,539.43,46.94,137.25,0.4719,-1,-1,-1
418,127,1810.27,583.05,59.14,199.99,0.4687,-1,-1,-1
418,129,1624.63,603.20,66.88,175.13,0.4241,-1,-1,-1
419,94,1003.77,836.62,120.21,243.30,0.6643,-1,-1,-1
419,106,718.23,677.21,118.73,315.79,0.7996,-1,-1,-1
419,109,1190.47,550.95,45.19,96.24,0.5641,-1,-1,-1
419,114,1102.16,531.41,52.11,118.00,0.5705,-1,-1,-1
419,120,1241.52,549.84,44.96,105.90,0.3749,-1,-1,-1
419,122,1049.42,539.39,46.30,133.37,0.4720,-1,-1,-1
419,124,927.84,776.24,103.67,303.86,0.5204,-1,-1,-1
419,127,1794.61,574.72,68.80,211.55,0.4980,-1,-1,-1
419,129,1614.52,612.31,65.66,167.99,0.5803,-1,-1,-1
420,94,973.38,836.85,118.66,243.14,0.7124,-1,-1,-1
420,106,689.65,680.41,120.70,314.76,0.7663,-1,-1,-1
420,109,1177.98,552.92,44.45,93.76,0.5381,-1,-1,-1
420,114,1090.38,531.68,50.76,115.60,0.6096,-1,-1,-1
420,120,1225.97,552.40,44.62,105.67,0.3605,-1,-1,-1
420,122,1034.52,532.16,47.36,135.85,0.4455,-1,-1,-1
420,124,906.78,783.73,102.98,296.34,0.5557,-1,-1,-1
420,127,1771.50,575.37,65.64,199.85,0.6185,-1,-1,-1
420,129,1596.82,613.32,65.73,166.03,0.4450,-1,-1,-1
421,94,944.69,833.79,119.15,246.27,0.6579,-1,-1,-1
421,106,659.50,680.52,123.89,317.48,0.7828,-1,-1,-1
421,109,1160.80,553.69,44.84,94.85,0.5058,-1,-1,-1
421,114,1072.74,532.17,51.94,116.94,0.6502,-1,-1,-1
421,120,1207.23,550.16,45.26,107.56,0.4579,-1,-1,-1
421,122,1012.64,536.34,48.80,138.99,0.5131,-1,-1,-1
421,124,875.38,773.97,107.48,306.80,0.3357,-1,-1,-1
421,127,1753.77,578.51,66.52,202.67,0.6453,-1,-1,-1
421,129,1586.13,610.93,67.38,168.65,0.4711,-1,-1,-1
422,94,915.57,845.47,116.61,234.41,0.7687,-1,-1,-1
422,106,628.32,678.67,133.49,327.95,0.8119,-1,-1,-1
422,109,1142.62,551.51,44.32,95.11,0.4906,-1,-1,-1
422,114,1053.00,529.53,51.51,116.78,0.5807,-1,-1,-1
422,120,1190.69,547.24,46.51,110.16,0.3941,-1,-1,-1
422,122,992.39,527.83,52.05,144.15,0.5408,-1,-1,-1
422,124,853.95,789.88,101.07,289.41,0.5142,-1,-1,-1
422,129,1564.32,608.67,70.62,172.08,0.5048,-1,-1,-1
423,94,883.35,849.64,116.97,230.36,0.7497,-1,-1,-1
423,106,600.95,683.30,131.87,323.91,0.7453,-1,-1,-1
423,109,1126.19,552.44,44.70,94.89,0.3632,-1,-1,-1
423,114,1034.46,528.20,53.38,119.40,0.5553,-1,-1,-1
423,122,972.33,527.98,51.21,140.62,0.5009,-1,-1,-1
423,124,819.91,801.38,99.50,277.08,0.5449,-1,-1,-1
423,127,1719.80,578.25,65.81,203.98,0.5409,-1,-1,-1
423,129,1552.96,607.65,68.78,171.41,0.6357,-1,-1,-1
424,94,857.73,857.60,113.28,222.40,0.7105,-1,-1,-1
424,106,566.51,688.67,135.93,323.52,0.7652,-1,-1,-1
424,109,1105.70,551.79,44.11,94.56,0.4101,-1,-1,-1
424,114,1016.00,529.04,53.45,116.87,0.5796,-1,-1,-1
424,122,955.60,527.22,50.71,139.57,0.5572,-1,-1,-1
424,124,792.14,814.17,97.19,265.82,0.4699,-1,-1,-1
424,127,1695.48,572.45,67.12,207.37,0.5573,-1,-1,-1
424,129,1537.79,610.16,67.20,169.84,0.6043,-1,-1,-1
425,94,823.15,862.87,113.27,217.14,0.7476,-1,-1,-1
425,106,523.58,686.71,141.58,330.40,0.7404,-1,-1,-1
425,114,995.28,528.03,55.17,121.40,0.5311,-1,-1,-1
425,122,935.10,526.25,51.74,142.17,0.4811,-1,-1,-1
425,124,755.43,803.67,101.39,275.36,0.5018,-1,-1,-1
425,127,1674.57,572.32,68.87,208.48,0.6589,-1,-1,-1
425,129,1520.55,609.22,66.40,169.57,0.6158,-1,-1,-1
426,94,791.99,868.09,112.00,211.87,0.7128,-1,-1,-1
426,106,478.33,692.57,137.80,328.83,0.6080,-1,-1,-1
426,109,1068.35,549.29,44.80,97.54,0.3570,-1,-1,-1
426,114,976.93,527.50,55.11,121.59,0.5633,-1,-1,-1
426,120,1110.53,545.12,45.60,112.05,0.3401,-1,-1,-1
426,122,916.69,522.67,52.97,145.99,0.5140,-1,-1,-1
426,124,721.96,814.95,96.84,264.95,0.3794,-1,-1,-1
426,127,1656.24,577.68,67.45,201.17,0.6671,-1,-1,-1
426,129,1505.80,609.88,63.98,166.84,0.5682,-1,-1,-1
427,94,759.14,873.81,109.69,206.45,0.4977,-1,-1,-1
427,106,451.06,697.36,150.59,334.24,0.6912,-1,-1,-1
427,112,1431.41,591.13,61.45,221.32,0.3033,-1,-1,-1
427,114,957.24,530.66,54.30,121.00,0.5067,-1,-1,-1
427,120,1090.41,546.53,46.17,113.18,0.3189,-1,-1,-1
427,122,897.51,527.21,51.08,139.46,0.4801,-1,-1,-1
427,127,1634.64,580.52,69.09,203.70,0.5688,-1,-1,-1
427,129,1488.62,608.35,65.34,171.26,0.5369,-1,-1,-1
427,133,1128.39,541.28,40.09,118.87,0.3212,-1,-1,-1
428,94,725.23,885.92,104.98,193.93,0.5370,-1,-1,-1
428,106,417.38,700.41,156.91,341.26,0.5711,-1,-1,-1
428,112,1419.86,628.64,63.41,203.39,0.3552,-1,-1,-1
428,114,937.39,530.57,55.53,124.30,0.5224,-1,-1,-1
428,122,870.84,528.97,54.24,142.33,0.5738,-1,-1,-1
428,124,643.64,834.13,87.65,224.34,0.3237,-1,-1,-1
428,127,1613.44,583.21,70.62,204.96,0.5802,-1,-1,-1
428,129,1470.26,608.43,65.59,173.16,0.4352,-1,-1,-1
429,94,689.56,894.08,103.82,185.26,0.6580,-1,-1,-1
429,106,382.81,703.86,143.20,318.93,0.4227,-1,-1,-1
429,112,1394.56,624.72,65.44,211.64,0.3097,-1,-1,-1
429,114,917.24,530.86,55.27,125.63,0.4321,-1,-1,-1
429,120,1054.54,552.22,48.40,119.63,0.3356,-1,-1,-1
429,122,853.85,531.51,51.56,136.70,0.4167,-1,-1,-1
429,124,600.39,848.28,88.88,208.58,0.4489,-1,-1,-1
429,127,1590.13,586.88,71.22,203.93,0.4164,-1,-1,-1
429,129,1453.89,610.03,67.90,179.91,0.4652,-1,-1,-1
429,134,655.52,780.25,74.75,146.67,0.4406,-1,-1,-1
430,94,643.92,905.01,106.30,174.63,0.6652,-1,-1,-1
430,106,328.62,708.69,157.27,334.42,0.7221,-1,-1,-1
430,112,1375.60,634.54,66.73,201.73,0.3547,-1,-1,-1
430,114,894.31,531.49,55.74,126.71,0.3252,-1,-1,-1
430,120,1029.49,555.65,49.12,121.14,0.4406,-1,-1,-1
430,122,832.41,531.91,52.80,136.31,0.3031,-1,-1,-1
430,124,550.11,859.31,96.86,210.81,0.5320,-1,-1,-1
430,127,1563.34,587.52,73.03,201.66,0.6544,-1,-1,-1
430,129,1437.82,612.00,70.03,186.13,0.6185,-1,-1,-1
430,134,613.52,789.92,82.68,163.36,0.4113,-1,-1,-1
431,94,615.35,915.84,99.35,163.43,0.5316,-1,-1,-1
431,106,296.65,713.50,149.98,328.41,0.5726,-1,-1,-1
431,109,973.80,560.66,44.82,107.88,0.4600,-1,-1,-1
431,120,1011.99,561.00,48.16,121.47,0.4653,-1,-1,-1
431,122,806.43,541.95,53.21,134.16,0.4177,-1,-1,-1
431,127,1544.29,592.49,74.76,205.72,0.4344,-1,-1,-1
431,129,1416.22,616.51,69.18,183.31,0.4846,-1,-1,-1
431,133,1055.74,562.77,37.54,113.34,0.3066,-1,-1,-1
431,134,563.94,798.76,88.37,176.03,0.3681,-1,-1,-1
432,94,576.29,926.41,95.17,153.20,0.6391,-1,-1,-1
432,106,250.90,716.37,157.55,346.33,0.3326,-1,-1,-1
432,109,957.28,563.80,41.58,105.52,0.4745,-1,-1,-1
432,112,1333.71,634.93,71.83,215.76,0.3290,-1,-1,-1
432,120,989.23,558.22,51.09,128.87,0.5241,-1,-1,-1
432,124,460.51,871.31,105.63,208.17,0.5054,-1,-1,-1
432,127,1519.39,591.87,76.74,206.14,0.6078,-1,-1,-1
432,129,1404.27,618.74,68.92,180.04,0.4413,-1,-1,-1
432,133,1030.56,557.81,38.27,115.39,0.3699,-1,-1,-1
432,134,523.29,806.62,86.10,169.96,0.4851,-1,-1,-1
433,94,533.95,937.80,93.14,142.23,0.6462,-1,-1,-1
433,106,214.39,726.19,148.44,325.95,0.5648,-1,-1,-1
433,109,936.45,566.50,39.67,104.64,0.4258,-1,-1,-1
433,112,1314.92,651.51,68.62,203.47,0.3046,-1,-1,-1
433,120,965.65,561.60,52.51,131.28,0.4860,-1,-1,-1
433,122,761.45,540.34,54.68,137.73,0.4255,-1,-1,-1
433,124,362.64,870.68,146.11,209.46,0.6784,-1,-1,-1
433,127,1501.81,595.76,80.47,211.41,0.5098,-1,-1,-1
433,129,1386.04,625.87,69.74,179.57,0.3765,-1,-1,-1
433,134,483.58,814.62,80.85,158.82,0.5408,-1,-1,-1
434,94,491.30,948.48,89.25,128.98,0.6239,-1,-1,-1
434,106,145.66,729.25,136.28,339.36,0.6667,-1,-1,-1
434,112,1290.05,631.26,80.24,227.42,0.4436,-1,-1,-1
434,120,941.41,562.13,53.65,130.75,0.5065,-1,-1,-1
434,122,741.12,539.02,54.27,135.35,0.3649,-1,-1,-1
434,124,312.22,880.06,162.79,199.99,0.7393,-1,-1,-1
434,127,1475.36,594.60,79.09,210.67,0.5550,-1,-1,-1
434,129,1366.30,625.85,74.77,183.10,0.5637,-1,-1,-1
434,134,436.64,818.19,88.35,172.49,0.5505,-1,-1,-1
435,94,442.47,961.02,88.05,118.10,0.6150,-1,-1,-1
435,106,101.37,735.06,124.93,342.09,0.6873,-1,-1,-1
435,109,886.01,565.47,41.82,110.21,0.3151,-1,-1,-1
435,112,1268.49,638.22,80.30,226.37,0.4014,-1,-1,-1
435,120,923.38,564.44,54.16,132.50,0.3001,-1,-1,-1
435,122,721.26,542.28,54.23,132.80,0.3425,-1,-1,-1
435,124,273.41,888.86,162.20,191.21,0.7124,-1,-1,-1
435,127,1453.78,599.33,77.22,208.95,0.5298,-1,-1,-1
435,129,1346.66,629.55,75.30,180.84,0.5609,-1,-1,-1
435,134,395.30,826.84,89.03,168.89,0.5314,-1,-1,-1
436,94,392.37,968.09,88.80,111.69,0.5863,-1,-1,-1
436,106,52.94,735.46,118.40,343.08,0.7330,-1,-1,-1
436,109,868.60,567.23,41.36,113.21,0.3414,-1,-1,-1
436,112,1241.49,638.76,81.87,231.01,0.5580,-1,-1,-1
436,120,900.27,565.42,53.94,130.63,0.4337,-1,-1,-1
436,122,695.88,542.24,54.72,134.11,0.4105,-1,-1,-1
436,124,236.61,893.84,156.26,186.15,0.7745,-1,-1,-1
436,127,1430.38,600.82,75.89,208.51,0.6335,-1,-1,-1
436,129,1327.88,631.38,78.26,181.43,0.6079,-1,-1,-1
436,133,944.73,555.14,41.31,128.88,0.4440,-1,-1,-1
436,134,342.76,832.02,93.83,177.25,0.5250,-1,-1,-1
437,94,338.74,977.52,82.99,101.17,0.5183,-1,-1,-1
437,106,10.14,739.26,122.54,340.97,0.7426,-1,-1,-1
437,109,844.51,568.09,42.36,118.54,0.3731,-1,-1,-1
437,112,1221.68,645.04,79.63,232.26,0.5706,-1,-1,-1
437,120,880.04,567.88,53.46,130.33,0.4127,-1,-1,-1
437,122,676.12,548.53,54.60,131.96,0.3874,-1,-1,-1
437,124,186.70,904.27,152.06,175.78,0.7789,-1,-1,-1
437,127,1406.73,600.48,73.71,208.71,0.5367,-1,-1,-1
437,129,1304.87,633.01,81.70,182.64,0.6758,-1,-1,-1
437,133,923.45,558.92,42.20,129.57,0.5288,-1,-1,-1
437,134,294.01,844.32,92.23,173.03,0.5842,-1,-1,-1
438,94,280.47,992.81,73.37,85.86,0.4964,-1,-1,-1
438,106,-19.08,738.66,102.02,295.45,0.4103,-1,-1,-1
438,112,1202.61,644.51,78.86,237.31,0.5704,-1,-1,-1
438,120,859.01,567.17,54.54,133.04,0.4911,-1,-1,-1
438,122,652.90,547.31,56.67,133.61,0.5398,-1,-1,-1
438,124,130.91,913.25,147.58,166.70,0.7473,-1,-1,-1
438,127,1383.38,596.62,71.23,208.25,0.6426,-1,-1,-1
438,129,1283.35,630.97,82.11,184.84,0.5936,-1,-1,-1
438,134,241.28,839.55,100.49,191.34,0.4770,-1,-1,-1
439,94,222.34,1002.23,72.00,76.89,0.5590,-1,-1,-1
439,112,1181.92,646.16,81.36,240.43,0.6064,-1,-1,-1
439,114,692.99,546.56,53.68,130.57,0.3095,-1,-1,-1
439,120,834.96,567.43,54.51,134.43,0.4638,-1,-1,-1
439,122,629.56,548.14,57.53,134.96,0.4494,-1,-1,-1
439,124,71.86,921.55,144.96,158.43,0.7723,-1,-1,-1
439,127,1359.29,598.94,70.13,210.41,0.6038,-1,-1,-1
439,129,1262.68,632.06,79.75,182.99,0.5901,-1,-1,-1
439,133,882.30,560.60,39.66,123.31,0.3217,-1,-1,-1
440,94,168.46,1014.40,65.49,65.32,0.3626,-1,-1,-1
440,112,1156.32,655.06,84.64,238.77,0.6821,-1,-1,-1
440,114,670.93,545.48,54.12,133.37,0.3846,-1,-1,-1
440,120,812.07,568.80,54.47,136.60,0.4419,-1,-1,-1
440,122,601.49,553.01,52.73,128.28,0.6285,-1,-1,-1
440,124,11.00,931.82,142.60,148.16,0.7368,-1,-1,-1
440,127,1335.50,600.44,69.05,208.99,0.6070,-1,-1,-1
440,129,1241.48,633.66,82.11,191.22,0.5396,-1,-1,-1
440,134,135.49,862.10,95.09,183.12,0.4745,-1,-1,-1
441,109,756.76,566.88,42.65,127.80,0.3928,-1,-1,-1
441,112,1131.85,657.06,90.07,239.34,0.7630,-1,-1,-1
441,114,646.20,539.73,55.62,137.93,0.3379,-1,-1,-1
441,120,790.65,568.44,53.56,137.12,0.3847,-1,-1,-1
441,122,579.11,548.27,54.03,133.26,0.5486,-1,-1,-1
441,124,-17.95,942.27,126.11,137.64,0.5770,-1,-1,-1
441,127,1307.87,598.18,72.05,219.63,0.5848,-1,-1,-1
441,129,1220.21,633.18,81.57,196.04,0.5350,-1,-1,-1
441,133,837.48,561.26,42.34,132.04,0.4579,-1,-1,-1
441,134,78.14,870.45,105.86,204.00,0.4315,-1,-1,-1
442,109,734.47,569.66,41.40,130.60,0.4355,-1,-1,-1
442,112,1106.10,670.23,91.49,228.89,0.7682,-1,-1,-1
442,114,622.18,536.67,57.94,143.66,0.3751,-1,-1,-1
442,120,767.77,568.00,53.08,138.97,0.4436,-1,-1,-1
442,122,554.83,549.85,52.22,130.39,0.5147,-1,-1,-1
442,127,1285.03,600.69,69.85,215.29,0.6018,-1,-1,-1
442,129,1203.50,636.75,78.56,194.19,0.5192,-1,-1,-1
442,133,815.58,564.42,42.08,129.66,0.3317,-1,-1,-1
442,134,11.34,880.28,109.42,198.68,0.6595,-1,-1,-1
443,109,711.14,571.08,40.73,133.10,0.4566,-1,-1,-1
443,112,1084.40,675.18,97.17,225.84,0.7825,-1,-1,-1
443,114,596.41,526.84,61.36,151.33,0.3990,-1,-1,-1
443,120,745.34,569.99,51.72,137.70,0.3591,-1,-1,-1
443,122,531.22,567.21,46.23,115.86,0.5186,-1,-1,-1
443,127,1256.93,602.73,71.54,221.02,0.5905,-1,-1,-1
443,129,1183.19,636.81,77.38,198.03,0.6803,-1,-1,-1
444,109,688.58,572.93,39.41,131.86,0.3760,-1,-1,-1
444,112,1054.19,676.80,100.71,231.25,0.7158,-1,-1,-1
444,120,720.60,568.20,52.09,140.82,0.3354,-1,-1,-1
444,122,504.32,567.08,46.15,116.83,0.5784,-1,-1,-1
444,127,1232.30,604.60,71.12,216.50,0.6595,-1,-1,-1
444,129,1162.07,638.81,75.48,196.72,0.7124,-1,-1,-1
444,133,772.78,566.48,42.26,130.24,0.3312,-1,-1,-1
445,109,663.69,573.29,39.74,136.38,0.4711,-1,-1,-1
445,112,1025.97,676.91,100.42,234.99,0.7714,-1,-1,-1
445,114,549.08,515.03,63.91,161.48,0.3545,-1,-1,-1
445,120,697.89,569.34,50.75,139.76,0.3693,-1,-1,-1
445,122,479.55,570.39,46.40,119.39,0.5718,-1,-1,-1
445,127,1202.53,601.97,71.75,223.59,0.6144,-1,-1,-1
445,129,1138.71,637.02,77.52,204.13,0.6517,-1,-1,-1
445,133,745.45,566.78,43.53,133.15,0.3651,-1,-1,-1
446,109,639.54,573.47,39.38,136.51,0.3513,-1,-1,-1
446,112,996.84,675.49,100.98,242.69,0.7730,-1,-1,-1
446,114,522.89,514.63,63.35,162.34,0.4142,-1,-1,-1
446,120,672.52,567.79,51.29,143.77,0.4169,-1,-1,-1
446,122,453.79,570.55,46.49,119.37,0.5701,-1,-1,-1
446,127,1181.08,603.54,71.93,221.87,0.6724,-1,-1,-1
446,129,1116.51,640.98,75.47,200.05,0.6798,-1,-1,-1
447,109,616.72,573.05,39.81,138.14,0.3543,-1,-1,-1
447,112,969.63,671.38,102.27,252.54,0.6439,-1,-1,-1
447,114,498.10,515.24,62.37,160.78,0.3601,-1,-1,-1
447,122,427.21,572.81,46.11,118.03,0.5538,-1,-1,-1
447,127,1154.19,601.07,72.22,224.03,0.6953,-1,-1,-1
447,129,1089.12,644.47,76.25,202.79,0.6834,-1,-1,-1
447,136,1018.28,615.86,82.23,201.39,0.4357,-1,-1,-1
448,112,938.73,670.31,100.59,255.15,0.6800,-1,-1,-1
448,114,475.81,516.47,61.26,161.27,0.3581,-1,-1,-1
448,122,400.40,574.35,45.71,116.31,0.4296,-1,-1,-1
448,127,1124.72,604.29,69.48,220.01,0.6608,-1,-1,-1
448,129,1066.63,640.16,75.78,204.45,0.6315,-1,-1,-1
448,136,998.97,615.69,67.52,166.25,0.3890,-1,-1,-1
449,112,912.79,669.99,106.61,268.74,0.6896,-1,-1,-1
449,114,449.45,506.12,65.35,172.12,0.3373,-1,-1,-1
449,122,371.73,568.68,49.63,121.60,0.6232,-1,-1,-1
449,127,1096.22,605.90,68.03,219.70,0.5668,-1,-1,-1
449,129,1041.75,639.11,77.89,209.05,0.6349,-1,-1,-1
449,133,652.97,561.76,43.93,136.19,0.3426,-1,-1,-1
450,112,880.13,676.01,99.87,257.32,0.6483,-1,-1,-1
450,120,571.07,562.14,51.54,153.64,0.3127,-1,-1,-1
450,122,341.91,567.52,50.41,122.24,0.5484,-1,-1,-1
450,127,1068.51,606.35,66.32,220.08,0.4625,-1,-1,-1
450,129,1019.55,642.36,73.80,201.97,0.5216,-1,-1,-1
450,137,1844.82,776.99,63.49,302.58,0.7835,-1,-1,-1
451,112,845.36,683.46,98.36,268.86,0.7650,-1,-1,-1
451,122,314.25,566.06,50.86,123.26,0.3530,-1,-1,-1
451,127,1036.15,606.85,68.09,228.76,0.3174,-1,-1,-1
451,129,992.09,635.57,80.01,215.41,0.5234,-1,-1,-1
451,137,1816.78,774.39,89.22,304.55,0.8401,-1,-1,-1
451,139,915.33,617.28,72.35,215.29,0.4352,-1,-1,-1
452,109,486.09,567.45,40.88,148.45,0.3986,-1,-1,-1
452,112,818.71,688.02,100.80,270.84,0.8028,-1,-1,-1
452,122,283.03,567.45,49.84,123.63,0.4945,-1,-1,-1
452,129,964.82,616.79,87.38,237.54,0.4451,-1,-1,-1
452,137,1786.20,774.24,118.67,303.31,0.8553,-1,-1,-1
452,139,891.58,620.43,71.03,214.98,0.3655,-1,-1,-1
453,109,458.53,566.98,42.06,153.62,0.3806,-1,-1,-1
453,112,788.18,693.34,101.31,267.42,0.7357,-1,-1,-1
453,122,252.63,569.69,50.27,124.12,0.3510,-1,-1,-1
453,129,941.36,617.33,88.20,238.03,0.5614,-1,-1,-1
453,137,1755.55,773.55,147.96,305.03,0.8488,-1,-1,-1
454,109,429.70,569.87,42.60,156.20,0.4400,-1,-1,-1
454,112,749.99,695.76,102.63,271.23,0.7773,-1,-1,-1
454,122,225.04,571.39,50.06,124.08,0.3433,-1,-1,-1
454,129,912.03,613.05,87.46,246.58,0.6743,-1,-1,-1
454,133,528.74,561.44,45.99,140.59,0.3214,-1,-1,-1
454,137,1719.27,771.25,166.80,308.37,0.8562,-1,-1,-1
454,139,838.78,618.01,70.04,216.01,0.4261,-1,-1,-1
455,109,402.36,571.59,43.41,158.75,0.4812,-1,-1,-1
455,112,714.45,699.20,101.80,273.74,0.7854,-1,-1,-1
455,129,885.60,617.83,84.95,247.25,0.7287,-1,-1,-1
455,133,500.61,564.07,46.62,143.35,0.3968,-1,-1,-1
455,137,1685.19,772.43,175.96,307.48,0.8523,-1,-1,-1
455,139,811.37,629.87,67.61,218.62,0.6826,-1,-1,-1
456,109,372.50,572.01,43.69,161.68,0.3424,-1,-1,-1
456,112,673.30,694.91,101.95,293.88,0.7836,-1,-1,-1
456,129,857.60,613.89,83.35,250.47,0.6912,-1,-1,-1
456,133,475.00,561.03,47.11,146.52,0.4926,-1,-1,-1
456,137,1648.10,766.54,184.53,312.42,0.8585,-1,-1,-1
456,139,781.57,629.15,68.68,224.74,0.5982,-1,-1,-1
457,109,342.26,569.92,42.53,158.09,0.3937,-1,-1,-1
457,112,636.83,695.45,100.67,309.03,0.7722,-1,-1,-1
457,122,125.05,557.03,56.01,141.85,0.3178,-1,-1,-1
457,129,826.24,622.16,83.87,250.23,0.5786,-1,-1,-1
457,133,445.61,562.44,48.10,145.88,0.4456,-1,-1,-1
457,137,1611.77,760.75,188.82,318.34,0.8524,-1,-1,-1
457,139,756.28,629.81,70.30,227.88,0.6255,-1,-1,-1
458,109,311.86,572.52,44.25,163.87,0.4708,-1,-1,-1
458,112,605.71,700.55,103.15,316.88,0.7407,-1,-1,-1
458,122,89.02,549.76,60.96,151.80,0.5286,-1,-1,-1
458,129,795.55,622.42,86.98,256.25,0.7007,-1,-1,-1
458,133,414.98,560.77,50.62,148.51,0.4301,-1,-1,-1
458,137,1577.25,760.35,190.49,318.25,0.8505,-1,-1,-1
458,139,721.07,636.78,69.69,225.06,0.6316,-1,-1,-1
459,109,280.37,575.42,45.11,164.65,0.4416,-1,-1,-1
459,112,562.84,704.19,104.86,324.07,0.7353,-1,-1,-1
459,122,53.75,555.59,59.94,150.27,0.4968,-1,-1,-1
459,129,772.68,667.54,75.19,214.70,0.4768,-1,-1,-1
459,137,1541.67,754.81,193.76,325.17,0.8502,-1,-1,-1
459,139,692.28,646.52,67.42,215.57,0.5329,-1,-1,-1
459,142,238.23,576.98,51.08,160.60,0.3200,-1,-1,-1
460,109,248.77,578.57,44.59,162.20,0.3299,-1,-1,-1
460,112,517.06,707.14,107.28,335.88,0.7355,-1,-1,-1
460,129,735.80,671.31,80.30,216.54,0.6046,-1,-1,-1
460,133,360.37,567.30,52.34,150.02,0.4218,-1,-1,-1
460,137,1507.78,757.95,191.77,321.90,0.8536,-1,-1,-1
460,139,659.20,649.12,69.98,222.52,0.6612,-1,-1,-1
461,109,218.65,580.71,44.53,161.43,0.3329,-1,-1,-1
461,112,472.04,725.24,106.46,329.47,0.7103,-1,-1,-1
461,122,-11.33,555.53,57.24,155.83,0.3966,-1,-1,-1
461,129,701.96,641.84,90.11,251.33,0.6979,-1,-1,-1
461,133,327.37,564.89,53.18,154.92,0.3654,-1,-1,-1
461,137,1473.24,761.04,188.99,318.97,0.8649,-1,-1,-1
461,139,623.60,651.84,71.95,227.85,0.6034,-1,-1,-1
461,142,175.54,584.65,53.00,162.03,0.3411,-1,-1,-1
462,109,184.63,580.03,46.87,168.64,0.4218,-1,-1,-1
462,112,429.51,734.19,111.09,324.48,0.7560,-1,-1,-1
462,114,14.01,552.92,61.94,159.52,0.3408,-1,-1,-1
462,129,668.72,634.15,93.83,263.99,0.5890,-1,-1,-1
462,133,298.88,567.13,52.68,153.35,0.3399,-1,-1,-1
462,137,1442.02,775.21,183.65,304.80,0.8505,-1,-1,-1
462,139,591.68,652.00,72.84,231.12,0.5048,-1,-1,-1
462,142,138.69,582.41,54.67,165.16,0.3652,-1,-1,-1
463,109,148.82,587.12,47.74,164.17,0.3593,-1,-1,-1
463,112,385.04,740.76,117.80,327.97,0.7758,-1,-1,-1
463,129,637.66,648.00,97.25,258.56,0.7212,-1,-1,-1
463,137,1407.87,790.74,179.17,289.29,0.8486,-1,-1,-1
463,139,555.78,652.93,74.69,235.33,0.5829,-1,-1,-1
463,142,103.14,616.24,46.16,133.08,0.3795,-1,-1,-1
464,109,111.08,589.05,50.06,167.81,0.3384,-1,-1,-1
464,112,340.67,750.12,122.16,327.14,0.6680,-1,-1,-1
464,129,601.19,644.59,102.05,266.16,0.6788,-1,-1,-1
464,137,1373.93,804.23,179.03,275.79,0.8722,-1,-1,-1
464,139,523.77,658.16,77.03,236.21,0.5353,-1,-1,-1
465,112,291.49,749.51,134.10,330.86,0.7200,-1,-1,-1
465,120,123.95,575.71,55.51,167.98,0.3645,-1,-1,-1
465,129,561.23,647.65,106.08,268.02,0.7090,-1,-1,-1
465,137,1339.22,819.38,177.07,260.62,0.8568,-1,-1,-1
465,139,487.32,656.01,80.97,240.82,0.6626,-1,-1,-1
466,109,35.51,593.27,52.81,169.21,0.3247,-1,-1,-1
466,112,233.12,758.39,150.05,321.88,0.8048,-1,-1,-1
466,129,531.88,682.89,98.77,243.58,0.6716,-1,-1,-1
466,133,172.75,555.19,62.91,182.28,0.3155,-1,-1,-1
466,137,1305.37,829.90,175.64,250.14,0.8279,-1,-1,-1
466,139,448.97,650.90,87.17,252.68,0.6196,-1,-1,-1
467,112,175.85,763.66,162.62,316.50,0.8410,-1,-1,-1
467,129,493.28,684.14,103.94,249.62,0.6665,-1,-1,-1
467,133,138.35,559.43,64.78,180.43,0.3775,-1,-1,-1
467,137,1273.51,839.99,172.15,239.06,0.7981,-1,-1,-1
467,139,412.17,662.84,89.39,249.37,0.5689,-1,-1,-1
468,112,116.06,764.23,173.23,314.17,0.8536,-1,-1,-1
468,129,456.14,697.77,101.43,240.84,0.6066,-1,-1,-1
468,133,110.15,574.90,61.52,171.11,0.3263,-1,-1,-1
468,137,1239.00,850.21,172.12,229.74,0.8419,-1,-1,-1
468,139,369.81,664.61,89.66,252.30,0.3703,-1,-1,-1
469,112,56.06,774.25,177.74,304.14,0.8414,-1,-1,-1
469,129,415.77,697.42,104.69,245.66,0.5592,-1,-1,-1
469,137,1206.22,855.72,169.44,223.70,0.8573,-1,-1,-1
469,139,327.56,667.50,82.62,239.85,0.5330,-1,-1,-1
470,112,1.80,775.36,179.66,304.66,0.8448,-1,-1,-1
470,129,374.64,699.18,108.41,251.77,0.6652,-1,-1,-1
470,137,1170.38,854.33,171.26,225.62,0.8428,-1,-1,-1
470,139,293.13,660.64,94.19,267.25,0.5168,-1,-1,-1
471,112,-16.34,784.16,159.69,292.32,0.7705,-1,-1,-1
471,129,337.90,698.56,109.82,256.01,0.6806,-1,-1,-1
471,137,1131.28,851.78,173.15,227.80,0.8499,-1,-1,-1
471,139,249.50,659.31,97.50,277.67,0.5281,-1,-1,-1
472,129,296.93,698.10,109.78,257.57,0.6604,-1,-1,-1
472,137,1092.15,850.29,174.54,229.64,0.8267,-1,-1,-1
472,139,215.63,652.58,102.05,284.14,0.5760,-1,-1,-1
473,129,257.83,698.20,110.19,262.27,0.6885,-1,-1,-1
473,137,1052.45,850.24,177.12,229.70,0.8491,-1,-1,-1
473,139,169.56,659.08,105.77,288.08,0.5628,-1,-1,-1
474,129,216.71,703.50,106.81,260.17,0.6903,-1,-1,-1
474,137,1012.06,849.96,180.75,229.97,0.8508,-1,-1,-1
474,139,125.82,656.47,109.71,292.51,0.6520,-1,-1,-1
475,129,173.03,701.03,108.24,270.97,0.7059,-1,-1,-1
475,137,970.01,850.33,179.75,229.10,0.8338,-1,-1,-1
475,139,73.08,664.45,106.73,289.24,0.5921,-1,-1,-1
476,129,127.40,704.83,109.90,272.74,0.7533,-1,-1,-1
476,137,928.17,859.31,172.69,220.56,0.7548,-1,-1,-1
476,139,28.33,684.28,101.38,272.13,0.6379,-1,-1,-1
477,129,77.51,704.20,113.63,281.88,0.7144,-1,-1,-1
477,137,894.59,863.95,173.84,215.94,0.6598,-1,-1,-1
477,139,-7.01,710.03,90.31,244.68,0.3805,-1,-1,-1
478,129,23.26,714.10,101.63,251.95,0.3684,-1,-1,-1
478,137,849.25,869.79,178.59,210.19,0.7546,-1,-1,-1
479,137,805.48,883.09,172.88,196.87,0.6746,-1,-1,-1
480,137,759.52,891.59,171.62,188.36,0.6640,-1,-1,-1
481,137,705.57,880.18,183.45,199.83,0.7855,-1,-1,-1
482,137,680.19,877.22,172.85,202.76,0.7741,-1,-1,-1
482,144,1830.01,656.23,84.15,234.26,0.6723,-1,-1,-1
483,137,614.30,876.97,173.55,202.61,0.8149,-1,-1,-1
483,144,1794.89,657.34,88.13,236.50,0.7170,-1,-1,-1
483,145,1719.23,648.75,82.18,140.30,0.4869,-1,-1,-1
484,137,561.00,875.91,175.59,203.39,0.8335,-1,-1,-1
484,144,1751.98,656.09,91.21,241.02,0.6562,-1,-1,-1
484,145,1644.26,646.07,151.30,270.65,0.4630,-1,-1,-1
485,137,509.62,877.99,173.31,201.41,0.8322,-1,-1,-1
485,144,1709.55,658.69,89.44,237.10,0.6314,-1,-1,-1
486,137,458.70,879.92,171.56,198.15,0.8497,-1,-1,-1
486,144,1672.60,657.28,79.54,208.95,0.6011,-1,-1,-1
486,146,1594.05,643.20,91.52,189.41,0.4136,-1,-1,-1
487,137,406.16,890.63,167.91,188.18,0.8557,-1,-1,-1
487,144,1631.87,659.46,78.40,205.67,0.3948,-1,-1,-1
487,146,1529.90,645.68,131.30,280.29,0.3261,-1,-1,-1
488,137,354.32,902.78,164.80,176.35,0.8582,-1,-1,-1
488,144,1596.95,660.23,64.20,163.02,0.3911,-1,-1,-1
488,146,1496.01,647.08,119.83,262.14,0.3613,-1,-1,-1
489,137,307.35,917.53,157.18,161.05,0.8445,-1,-1,-1
489,144,1557.92,661.21,58.79,145.56,0.3816,-1,-1,-1
489,146,1450.78,651.17,110.60,248.07,0.6564,-1,-1,-1
490,137,259.28,930.06,149.04,149.00,0.8214,-1,-1,-1
490,144,1514.85,667.06,58.94,140.05,0.4470,-1,-1,-1
490,146,1408.23,660.77,106.90,240.82,0.6961,-1,-1,-1
491,137,212.32,946.07,140.25,133.93,0.8063,-1,-1,-1
491,144,1467.30,672.10,61.18,138.43,0.3424,-1,-1,-1
491,146,1364.01,664.98,104.84,241.26,0.7025,-1,-1,-1
492,137,159.94,951.50,139.43,128.47,0.8022,-1,-1,-1
492,144,1424.15,677.48,64.38,139.94,0.3353,-1,-1,-1
492,146,1326.33,668.57,102.83,243.32,0.6259,-1,-1,-1
493,137,105.92,959.18,138.99,120.86,0.8062,-1,-1,-1
493,144,1380.59,678.88,65.29,136.66,0.3803,-1,-1,-1
493,146,1285.03,668.53,102.02,251.33,0.6423,-1,-1,-1
494,137,46.28,965.03,137.56,114.96,0.7975,-1,-1,-1
494,144,1334.13,682.55,69.19,140.82,0.4807,-1,-1,-1
494,146,1245.73,672.29,97.54,258.37,0.6540,-1,-1,-1
495,137,-1.96,965.78,133.24,114.11,0.8047,-1,-1,-1
495,144,1288.41,688.06,71.11,142.74,0.4730,-1,-1,-1
495,146,1204.90,677.94,91.17,259.17,0.5880,-1,-1,-1
496,137,-33.00,966.66,121.32,113.16,0.5919,-1,-1,-1
496,146,1164.34,682.18,86.88,267.58,0.6292,-1,-1,-1
497,146,1120.48,681.28,82.37,267.54,0.5991,-1,-1,-1
498,146,1075.50,679.56,79.84,271.60,0.6583,-1,-1,-1
498,147,1130.20,690.32,97.13,253.53,0.4747,-1,-1,-1
499,146,1028.05,680.91,78.18,271.24,0.6608,-1,-1,-1
499,147,1093.96,687.41,98.06,260.86,0.5535,-1,-1,-1
500,146,982.27,678.54,79.18,271.21,0.7314,-1,-1,-1
500,147,1050.05,686.86,93.41,256.93,0.6235,-1,-1,-1
501,146,936.15,680.48,83.55,273.57,0.7282,-1,-1,-1
501,147,1004.65,687.19,94.64,270.17,0.6590,-1,-1,-1
502,146,887.59,680.83,85.03,270.88,0.6859,-1,-1,-1
502,147,958.19,685.42,92.24,273.38,0.5906,-1,-1,-1
503,146,840.38,682.99,87.21,267.79,0.6909,-1,-1,-1
503,147,911.72,683.99,88.37,270.51,0.5857,-1,-1,-1
504,146,788.90,682.21,92.89,274.43,0.7613,-1,-1,-1
504,147,868.95,686.63,88.21,277.76,0.5891,-1,-1,-1
504,148,1840.68,646.61,60.52,170.59,0.7213,-1,-1,-1
505,146,737.67,682.86,98.06,289.08,0.7849,-1,-1,-1
505,147,822.58,691.65,90.85,297.35,0.5896,-1,-1,-1
505,148,1804.17,644.82,64.69,176.68,0.6050,-1,-1,-1
506,146,684.98,688.70,96.50,294.02,0.7063,-1,-1,-1
506,147,771.75,696.67,89.96,299.61,0.5742,-1,-1,-1
506,148,1771.39,654.99,63.96,167.26,0.6666,-1,-1,-1
506,149,1852.30,658.43,47.11,179.20,0.6141,-1,-1,-1
507,146,636.65,692.76,94.20,291.92,0.7606,-1,-1,-1
507,147,696.75,701.57,104.24,312.39,0.7068,-1,-1,-1
507,148,1739.95,655.96,65.03,165.53,0.6425,-1,-1,-1
507,149,1823.36,653.14,57.66,182.15,0.7320,-1,-1,-1
508,146,589.51,699.01,90.00,295.06,0.7602,-1,-1,-1
508,147,643.77,710.95,111.58,324.64,0.7299,-1,-1,-1
508,148,1705.27,656.64,66.64,167.56,0.5621,-1,-1,-1
508,149,1788.66,661.10,59.03,178.90,0.6041,-1,-1,-1
509,146,538.35,708.06,90.13,304.16,0.6886,-1,-1,-1
509,147,594.61,717.26,111.28,320.33,0.7480,-1,-1,-1
509,148,1670.52,665.30,70.49,169.33,0.6941,-1,-1,-1
509,149,1750.02,660.34,64.82,180.78,0.7211,-1,-1,-1
509,150,1729.82,562.70,42.80,103.30,0.5364,-1,-1,-1
510,146,487.14,711.96,88.85,305.00,0.6367,-1,-1,-1
510,147,546.42,724.20,111.30,328.76,0.6782,-1,-1,-1
510,148,1637.95,670.45,69.43,167.64,0.6838,-1,-1,-1
510,149,1713.88,667.44,67.20,181.39,0.6902,-1,-1,-1
511,146,435.02,720.02,86.92,296.69,0.6165,-1,-1,-1
511,147,495.53,734.09,109.26,327.15,0.7495,-1,-1,-1
511,148,1598.72,672.70,70.83,169.58,0.7165,-1,-1,-1
511,149,1677.07,668.41,68.22,182.77,0.7264,-1,-1,-1
512,146,379.13,727.40,89.75,312.16,0.5389,-1,-1,-1
512,147,429.02,744.40,114.31,318.91,0.7187,-1,-1,-1
512,148,1560.90,670.81,75.60,179.06,0.7047,-1,-1,-1
512,149,1643.04,672.86,70.00,184.78,0.6744,-1,-1,-1
513,146,295.19,733.51,100.94,315.67,0.6430,-1,-1,-1
513,147,376.27,748.78,119.75,330.67,0.7005,-1,-1,-1
513,148,1526.22,670.85,78.00,179.40,0.7514,-1,-1,-1
513,149,1606.62,672.20,70.63,189.71,0.6596,-1,-1,-1
513,151,1620.18,567.07,34.75,107.22,0.3501,-1,-1,-1
514,146,227.25,740.04,109.58,323.17,0.5430,-1,-1,-1
514,147,314.78,753.91,122.52,325.16,0.7654,-1,-1,-1
514,148,1492.87,675.56,76.70,179.05,0.6380,-1,-1,-1
514,149,1570.84,672.25,74.47,197.26,0.6805,-1,-1,-1
514,151,1590.53,569.05,36.17,113.04,0.5217,-1,-1,-1
515,146,172.13,748.47,114.41,326.76,0.3857,-1,-1,-1
515,147,264.55,759.61,120.55,319.70,0.6420,-1,-1,-1
515,148,1462.46,674.00,75.48,179.78,0.7028,-1,-1,-1
515,149,1535.97,673.41,73.35,198.96,0.6554,-1,-1,-1
515,151,1563.52,570.34,36.31,111.76,0.6315,-1,-1,-1
516,146,109.73,752.52,115.05,327.54,0.3563,-1,-1,-1
516,147,205.27,763.77,117.09,313.34,0.6316,-1,-1,-1
516,148,1429.92,674.02,73.48,179.30,0.7503,-1,-1,-1
516,149,1504.88,678.52,72.30,198.56,0.6131,-1,-1,-1
516,151,1536.78,571.29,36.82,112.76,0.6467,-1,-1,-1
517,146,74.10,757.11,93.92,272.82,0.3544,-1,-1,-1
517,147,123.23,769.48,131.07,309.82,0.7482,-1,-1,-1
517,148,1396.33,672.90,75.49,185.18,0.6918,-1,-1,-1
517,149,1473.79,673.50,73.06,201.17,0.6680,-1,-1,-1
517,151,1509.75,571.65,35.82,108.37,0.6152,-1,-1,-1
517,153,1857.64,731.35,53.78,277.01,0.6684,-1,-1,-1
518,146,6.54,759.49,102.86,306.31,0.4854,-1,-1,-1
518,147,69.10,777.28,129.35,302.84,0.6758,-1,-1,-1
518,148,1362.49,675.71,75.74,184.77,0.5467,-1,-1,-1
518,149,1438.70,681.64,65.52,191.79,0.6109,-1,-1,-1
518,151,1482.01,571.92,35.75,106.38,0.5770,-1,-1,-1
518,153,1837.39,731.67,59.59,274.57,0.6593,-1,-1,-1
519,147,7.57,784.69,136.23,295.03,0.8029,-1,-1,-1
519,148,1325.33,675.61,79.04,186.69,0.6924,-1,-1,-1
519,149,1409.60,677.50,64.33,194.60,0.6635,-1,-1,-1
519,151,1455.33,568.61,36.93,106.76,0.5473,-1,-1,-1
519,153,1795.22,732.38,73.68,271.74,0.7417,-1,-1,-1
520,147,-26.83,790.18,128.75,289.00,0.3791,-1,-1,-1
520,148,1290.49,675.70,82.06,188.43,0.7500,-1,-1,-1
520,149,1379.11,677.06,68.50,196.93,0.7171,-1,-1,-1
520,151,1430.26,570.42,36.30,102.43,0.5412,-1,-1,-1
520,153,1761.95,733.07,77.94,274.11,0.5995,-1,-1,-1
521,148,1257.27,681.71,81.81,183.41,0.7217,-1,-1,-1
521,149,1348.82,678.92,69.52,203.45,0.7112,-1,-1,-1
521,151,1404.57,570.61,36.99,101.61,0.5579,-1,-1,-1
521,153,1724.51,731.70,82.67,276.21,0.5822,-1,-1,-1
522,148,1226.34,680.28,81.48,185.07,0.7215,-1,-1,-1
522,149,1315.25,677.52,68.00,202.63,0.6762,-1,-1,-1
522,151,1379.77,569.63,38.49,101.32,0.5403,-1,-1,-1
522,153,1682.68,731.44,85.77,277.82,0.3797,-1,-1,-1
523,148,1194.60,684.87,78.17,180.68,0.7331,-1,-1,-1
523,149,1282.81,679.27,70.08,206.21,0.7021,-1,-1,-1
523,151,1355.87,569.18,40.73,101.90,0.5400,-1,-1,-1
523,153,1654.42,729.48,91.46,269.03,0.6685,-1,-1,-1
524,148,1165.13,686.95,78.03,185.07,0.7118,-1,-1,-1
524,149,1252.15,681.87,70.51,206.44,0.7239,-1,-1,-1
524,151,1329.75,570.47,42.74,100.71,0.5656,-1,-1,-1
524,153,1618.46,726.30,98.23,275.74,0.6905,-1,-1,-1
525,148,1130.55,680.95,78.44,194.59,0.6775,-1,-1,-1
525,149,1216.28,677.83,72.28,213.96,0.6373,-1,-1,-1
525,151,1304.33,569.96,44.92,101.66,0.5810,-1,-1,-1
525,153,1583.53,728.03,105.21,274.60,0.7927,-1,-1,-1
526,148,1098.62,685.58,75.53,195.42,0.7436,-1,-1,-1
526,149,1180.12,678.10,76.20,220.07,0.7257,-1,-1,-1
526,151,1278.79,572.88,44.51,99.25,0.5844,-1,-1,-1
526,153,1548.38,723.51,108.64,276.73,0.7742,-1,-1,-1
527,148,1070.26,684.50,73.25,195.71,0.6846,-1,-1,-1
527,149,1145.87,682.20,76.45,219.73,0.6787,-1,-1,-1
527,151,1255.34,573.19,44.43,99.28,0.5493,-1,-1,-1
527,153,1517.79,723.12,106.65,273.84,0.5372,-1,-1,-1
528,148,1036.24,685.99,73.61,202.43,0.6997,-1,-1,-1
528,149,1111.97,685.38,79.92,223.27,0.7574,-1,-1,-1
528,151,1231.96,572.76,45.47,100.28,0.6030,-1,-1,-1
528,153,1483.06,726.38,107.02,269.26,0.7009,-1,-1,-1
529,148,1003.23,687.76,74.68,209.08,0.7331,-1,-1,-1
529,149,1069.74,688.61,87.07,227.89,0.7584,-1,-1,-1
529,151,1208.47,572.38,45.84,101.13,0.5896,-1,-1,-1
529,153,1446.76,726.96,111.22,276.31,0.6292,-1,-1,-1
530,148,970.23,697.12,73.91,209.21,0.6681,-1,-1,-1
530,149,1036.23,691.35,89.52,229.95,0.6775,-1,-1,-1
530,151,1184.58,572.77,45.10,100.69,0.6145,-1,-1,-1
530,153,1413.78,729.30,117.98,286.97,0.7403,-1,-1,-1
531,148,938.46,699.86,72.73,205.70,0.6237,-1,-1,-1
531,149,1002.33,697.37,93.69,230.77,0.7042,-1,-1,-1
531,151,1162.45,570.56,45.36,102.90,0.6201,-1,-1,-1
531,153,1382.87,726.75,124.51,292.63,0.8185,-1,-1,-1
532,148,901.66,702.85,76.54,212.19,0.6622,-1,-1,-1
532,149,966.78,703.09,97.97,238.42,0.6895,-1,-1,-1
532,151,1142.20,570.93,45.35,105.80,0.6682,-1,-1,-1
532,153,1358.30,733.90,124.71,290.60,0.7072,-1,-1,-1
533,148,864.71,707.71,77.65,208.65,0.6865,-1,-1,-1
533,149,939.03,702.44,98.43,242.25,0.7112,-1,-1,-1
533,151,1119.13,569.66,45.76,107.67,0.6541,-1,-1,-1
533,153,1325.10,736.15,120.52,292.59,0.7369,-1,-1,-1
534,148,836.07,705.01,78.90,212.45,0.6525,-1,-1,-1
534,149,914.08,706.30,93.36,233.10,0.7622,-1,-1,-1
534,151,1097.48,570.72,45.24,109.14,0.6534,-1,-1,-1
534,153,1298.19,738.01,116.76,293.36,0.7131,-1,-1,-1
535,148,803.54,705.11,81.66,223.28,0.6751,-1,-1,-1
535,149,880.51,707.66,93.88,243.81,0.7502,-1,-1,-1
535,151,1075.27,569.78,44.37,110.51,0.6551,-1,-1,-1
535,153,1274.21,739.58,113.59,293.96,0.7396,-1,-1,-1
536,148,769.05,705.76,80.52,228.10,0.6747,-1,-1,-1
536,149,845.03,706.60,94.69,251.49,0.8327,-1,-1,-1
536,151,1057.74,574.75,42.88,108.02,0.5825,-1,-1,-1
536,153,1250.00,738.46,110.29,293.11,0.7715,-1,-1,-1
537,148,731.47,704.10,79.59,237.51,0.6369,-1,-1,-1
537,149,815.07,710.07,93.08,252.14,0.7013,-1,-1,-1
537,151,1036.53,575.99,42.92,106.71,0.6602,-1,-1,-1
537,153,1221.45,733.53,110.44,297.61,0.6899,-1,-1,-1
538,148,698.83,709.04,73.65,233.32,0.5697,-1,-1,-1
538,149,776.42,709.91,91.96,260.52,0.6952,-1,-1,-1
538,151,1017.02,578.76,42.92,109.32,0.6525,-1,-1,-1
538,153,1196.97,736.24,104.94,293.87,0.7852,-1,-1,-1
539,148,666.65,714.15,72.10,230.63,0.7134,-1,-1,-1
539,149,743.93,714.16,92.60,268.79,0.7926,-1,-1,-1
539,151,996.29,577.38,42.79,110.41,0.6729,-1,-1,-1
539,153,1172.46,735.06,104.90,296.62,0.7507,-1,-1,-1
540,148,626.26,717.75,77.50,240.27,0.6407,-1,-1,-1
540,149,711.57,718.02,87.97,268.18,0.6594,-1,-1,-1
540,151,977.79,578.52,42.91,112.20,0.6849,-1,-1,-1
540,153,1141.45,738.38,104.99,303.54,0.7527,-1,-1,-1
541,148,579.95,722.89,88.58,248.96,0.7052,-1,-1,-1
541,149,674.08,724.56,92.80,275.10,0.6790,-1,-1,-1
541,151,956.74,579.98,43.24,112.94,0.6275,-1,-1,-1
541,153,1112.49,741.75,103.97,302.26,0.7251,-1,-1,-1
542,148,536.44,725.12,95.66,249.74,0.6912,-1,-1,-1
542,149,637.82,731.29,93.14,273.08,0.7086,-1,-1,-1
542,151,938.90,583.62,43.19,111.49,0.7009,-1,-1,-1
542,153,1076.04,750.70,106.44,312.25,0.6380,-1,-1,-1
543,148,498.44,732.25,106.48,256.20,0.7032,-1,-1,-1
543,149,599.65,736.65,97.68,281.47,0.7804,-1,-1,-1
543,151,918.83,584.49,43.98,110.82,0.6851,-1,-1,-1
543,153,1054.27,752.99,105.67,306.33,0.7283,-1,-1,-1
544,148,458.88,746.84,116.41,259.84,0.7274,-1,-1,-1
544,149,559.81,747.85,104.51,299.40,0.7091,-1,-1,-1
544,151,896.44,585.91,45.20,111.93,0.7090,-1,-1,-1
544,153,1026.75,760.18,107.48,308.88,0.7081,-1,-1,-1
545,148,429.54,747.33,116.52,247.82,0.7176,-1,-1,-1
545,149,528.74,747.26,102.90,294.47,0.7578,-1,-1,-1
545,151,878.75,583.69,46.13,112.29,0.7021,-1,-1,-1
545,153,994.36,755.67,110.32,316.01,0.7430,-1,-1,-1
546,148,388.95,744.67,120.45,259.54,0.7419,-1,-1,-1
546,149,489.84,749.19,106.83,303.39,0.7639,-1,-1,-1
546,151,858.13,584.69,46.06,111.91,0.7116,-1,-1,-1
546,153,973.23,757.40,107.86,309.81,0.6960,-1,-1,-1
547,148,353.12,747.04,115.75,264.14,0.7223,-1,-1,-1
547,149,456.03,753.39,102.55,297.50,0.8201,-1,-1,-1
547,151,839.22,584.51,47.49,112.40,0.7228,-1,-1,-1
547,153,940.30,755.07,113.47,313.61,0.7429,-1,-1,-1
548,148,312.78,751.49,112.50,274.06,0.7353,-1,-1,-1
548,149,414.68,752.84,101.55,305.80,0.7997,-1,-1,-1
548,151,820.20,584.92,48.63,112.25,0.7541,-1,-1,-1
548,153,917.43,761.97,110.70,303.21,0.7660,-1,-1,-1
548,156,891.11,571.18,18.48,56.45,0.3120,-1,-1,-1
549,148,277.94,759.76,107.99,270.66,0.7634,-1,-1,-1
549,149,375.46,758.06,105.72,311.85,0.7927,-1,-1,-1
549,151,798.45,581.97,50.64,113.94,0.7152,-1,-1,-1
549,153,886.77,752.95,116.92,311.86,0.7788,-1,-1,-1
549,156,873.22,569.99,19.62,58.63,0.3527,-1,-1,-1
550,148,237.99,758.94,107.67,283.82,0.7293,-1,-1,-1
550,149,338.53,759.83,108.48,313.28,0.7553,-1,-1,-1
550,151,780.16,583.28,51.44,116.00,0.7180,-1,-1,-1
550,153,862.92,758.06,115.11,309.67,0.7359,-1,-1,-1
551,148,192.81,762.14,107.82,298.68,0.7373,-1,-1,-1
551,149,291.61,765.20,105.69,306.96,0.7213,-1,-1,-1
551,151,761.27,585.26,50.88,116.20,0.6974,-1,-1,-1
551,153,846.51,773.40,108.28,295.28,0.6297,-1,-1,-1
551,156,841.14,562.48,21.51,63.34,0.3846,-1,-1,-1
552,148,152.33,768.26,107.04,307.39,0.6995,-1,-1,-1
552,149,244.99,768.49,109.03,310.36,0.7925,-1,-1,-1
552,151,744.21,584.74,51.75,114.69,0.7550,-1,-1,-1
552,153,802.85,716.60,128.90,360.40,0.7284,-1,-1,-1
553,148,105.76,774.01,104.66,306.33,0.6905,-1,-1,-1
553,149,196.70,777.11,109.26,302.83,0.7402,-1,-1,-1
553,151,724.72,582.35,53.62,118.14,0.7020,-1,-1,-1
553,153,790.93,743.06,118.49,336.63,0.7112,-1,-1,-1
554,148,65.07,782.15,101.72,297.23,0.7074,-1,-1,-1
554,149,148.23,783.09,113.84,297.11,0.7760,-1,-1,-1
554,151,704.98,581.96,54.48,119.46,0.7027,-1,-1,-1
554,153,768.67,758.22,114.25,321.34,0.7557,-1,-1,-1
554,156,790.43,551.92,25.66,74.68,0.3583,-1,-1,-1
555,148,19.74,791.55,101.19,287.42,0.7458,-1,-1,-1
555,149,106.90,796.94,117.28,283.25,0.7606,-1,-1,-1
555,151,687.61,584.58,52.97,118.35,0.7199,-1,-1,-1
555,153,731.17,760.26,118.66,312.51,0.7076,-1,-1,-1
555,156,771.27,546.03,29.16,79.32,0.4226,-1,-1,-1
556,148,-9.69,797.92,92.19,282.20,0.6618,-1,-1,-1
556,149,55.50,805.63,117.70,273.76,0.7983,-1,-1,-1
556,151,669.09,580.64,53.75,120.79,0.7647,-1,-1,-1
556,153,705.75,763.07,118.19,298.12,0.7482,-1,-1,-1
557,149,4.35,816.33,118.95,262.72,0.8289,-1,-1,-1
557,151,650.91,578.87,53.15,121.17,0.7397,-1,-1,-1
557,153,683.37,765.72,122.75,312.81,0.7032,-1,-1,-1
557,156,740.57,545.04,30.06,78.57,0.4042,-1,-1,-1
558,149,-19.77,818.50,103.76,256.74,0.7041,-1,-1,-1
558,151,632.54,576.40,54.69,125.35,0.7541,-1,-1,-1
558,153,654.82,764.11,122.33,311.12,0.7617,-1,-1,-1
559,151,615.39,576.25,54.05,126.16,0.7400,-1,-1,-1
559,153,629.21,765.27,123.88,311.14,0.8016,-1,-1,-1
559,156,704.60,539.12,31.81,82.87,0.3745,-1,-1,-1
560,151,597.04,581.03,53.36,125.55,0.7687,-1,-1,-1
560,153,607.32,759.64,125.17,320.28,0.7896,-1,-1,-1
560,156,691.25,536.86,33.42,84.20,0.3472,-1,-1,-1
561,151,580.29,575.11,56.40,131.37,0.7432,-1,-1,-1
561,153,578.74,757.41,125.37,322.61,0.8302,-1,-1,-1
562,151,562.43,580.61,56.33,129.53,0.7125,-1,-1,-1
562,153,551.94,757.57,126.01,322.53,0.7907,-1,-1,-1
562,156,665.45,542.76,30.56,79.58,0.3070,-1,-1,-1
563,151,546.23,583.89,57.96,130.25,0.7620,-1,-1,-1
563,153,529.37,756.70,122.55,323.06,0.8607,-1,-1,-1
564,151,532.62,585.93,57.20,127.18,0.6849,-1,-1,-1
564,153,503.68,759.12,122.70,320.91,0.8215,-1,-1,-1
565,151,513.50,583.91,59.43,132.16,0.7126,-1,-1,-1
565,153,476.87,761.65,123.23,318.34,0.7227,-1,-1,-1
566,151,497.13,585.51,61.23,130.46,0.7681,-1,-1,-1
566,153,445.22,766.83,127.54,313.22,0.7203,-1,-1,-1
567,151,481.48,588.05,62.17,132.56,0.7734,-1,-1,-1
567,153,421.41,779.43,132.06,300.61,0.8360,-1,-1,-1
568,151,462.92,587.90,63.35,134.49,0.7325,-1,-1,-1
568,153,386.95,785.98,137.38,292.70,0.7891,-1,-1,-1
569,151,444.47,588.28,66.03,136.56,0.6931,-1,-1,-1
569,153,362.93,790.41,142.80,289.56,0.7919,-1,-1,-1
570,151,429.27,588.10,67.17,139.16,0.7264,-1,-1,-1
570,153,334.23,790.26,147.10,288.74,0.7938,-1,-1,-1
571,151,414.27,591.48,67.02,138.54,0.7138,-1,-1,-1
571,153,308.41,795.45,149.92,284.56,0.8197,-1,-1,-1
572,151,397.82,595.37,66.77,137.27,0.6665,-1,-1,-1
572,153,285.84,798.00,146.61,279.08,0.5795,-1,-1,-1
572,158,1856.54,588.37,60.91,163.66,0.4283,-1,-1,-1
573,151,380.70,594.26,68.42,142.24,0.7178,-1,-1,-1
573,153,273.89,798.10,126.77,235.63,0.5712,-1,-1,-1
573,158,1860.74,590.17,59.03,161.12,0.4557,-1,-1,-1
574,151,366.72,597.77,68.55,141.08,0.7035,-1,-1,-1
574,153,228.80,799.61,148.14,274.04,0.5440,-1,-1,-1
574,158,1854.42,588.72,57.99,161.00,0.4108,-1,-1,-1
575,151,347.16,598.25,69.27,140.27,0.7106,-1,-1,-1
575,153,213.66,799.74,131.54,235.42,0.6270,-1,-1,-1
576,151,329.42,598.74,72.19,145.09,0.7441,-1,-1,-1
576,153,169.69,806.49,152.61,269.07,0.6867,-1,-1,-1
576,158,1835.65,587.44,61.70,173.25,0.3959,-1,-1,-1
577,151,313.89,599.15,72.28,144.21,0.6863,-1,-1,-1
577,153,156.27,808.22,131.50,225.38,0.5247,-1,-1,-1
577,158,1827.96,582.93,63.32,180.49,0.4354,-1,-1,-1
578,151,294.53,597.25,75.35,150.26,0.7531,-1,-1,-1
578,153,157.12,813.10,120.02,209.73,0.3307,-1,-1,-1
579,151,277.19,597.63,74.44,152.39,0.7546,-1,-1,-1
579,153,102.16,818.70,128.93,210.81,0.5873,-1,-1,-1
579,158,1813.80,586.83,61.16,180.07,0.5370,-1,-1,-1
580,151,264.00,600.77,73.29,150.33,0.6790,-1,-1,-1
580,153,61.09,823.62,147.56,239.46,0.4697,-1,-1,-1
580,158,1808.72,591.53,59.75,178.05,0.6318,-1,-1,-1
581,151,245.08,596.31,76.01,158.93,0.7598,-1,-1,-1
581,153,12.62,829.46,164.42,249.95,0.7612,-1,-1,-1
581,158,1803.11,590.80,60.31,181.28,0.4666,-1,-1,-1
582,151,229.43,598.64,73.92,157.91,0.7674,-1,-1,-1
582,153,-0.85,833.94,159.16,246.20,0.8050,-1,-1,-1
582,158,1796.30,589.52,61.84,184.39,0.5943,-1,-1,-1
583,151,212.08,599.65,76.35,160.01,0.7496,-1,-1,-1
583,153,-9.77,836.31,148.38,235.60,0.6352,-1,-1,-1
583,158,1792.46,603.46,58.71,170.90,0.5116,-1,-1,-1
584,151,195.23,598.29,79.70,167.71,0.7856,-1,-1,-1
584,153,-17.29,835.50,134.11,239.44,0.7330,-1,-1,-1
584,158,1787.29,614.39,56.50,160.78,0.4755,-1,-1,-1
585,151,184.46,601.08,78.82,172.23,0.8117,-1,-1,-1
585,153,-21.87,844.48,114.31,234.33,0.7105,-1,-1,-1
585,158,1781.71,608.66,58.53,164.78,0.3031,-1,-1,-1
586,151,168.36,605.15,78.24,169.47,0.7213,-1,-1,-1
586,158,1775.03,589.95,64.33,181.29,0.3876,-1,-1,-1
587,151,156.66,607.89,80.01,169.82,0.7766,-1,-1,-1
587,158,1773.16,589.94,58.88,167.21,0.3607,-1,-1,-1
587,162,1236.30,525.18,26.55,77.51,0.3217,-1,-1,-1
588,151,141.68,609.71,82.00,173.63,0.7847,-1,-1,-1
588,158,1772.21,585.96,57.75,164.21,0.4643,-1,-1,-1
589,151,127.82,612.94,83.29,173.50,0.7694,-1,-1,-1
589,158,1767.39,583.29,56.95,163.06,0.5740,-1,-1,-1
590,151,114.30,613.91,84.97,177.62,0.7594,-1,-1,-1
590,158,1765.84,581.65,59.06,170.89,0.6646,-1,-1,-1
590,162,1225.94,517.70,29.51,85.67,0.3819,-1,-1,-1
591,151,98.59,614.01,84.40,179.53,0.7862,-1,-1,-1
591,158,1765.94,581.92,59.75,170.07,0.7534,-1,-1,-1
591,162,1226.37,525.66,27.23,77.82,0.4291,-1,-1,-1
592,151,86.10,618.36,84.51,175.76,0.7912,-1,-1,-1
592,158,1765.22,578.83,60.58,167.89,0.7301,-1,-1,-1
592,162,1226.54,527.80,26.70,75.09,0.3662,-1,-1,-1
593,151,71.39,617.16,86.67,182.81,0.7663,-1,-1,-1
593,158,1764.71,582.65,61.13,168.51,0.7708,-1,-1,-1
593,162,1225.00,528.56,26.69,75.19,0.4409,-1,-1,-1
593,164,336.13,534.73,34.92,98.51,0.5746,-1,-1,-1
594,151,57.33,620.78,89.32,184.72,0.7571,-1,-1,-1
594,158,1762.51,580.15,64.09,172.96,0.7166,-1,-1,-1
594,162,1224.61,528.68,26.83,74.21,0.4172,-1,-1,-1
594,164,332.44,536.50,34.81,97.18,0.4646,-1,-1,-1
595,151,43.41,620.70,89.23,188.68,0.7899,-1,-1,-1
595,158,1755.01,581.76,70.28,177.59,0.7262,-1,-1,-1
595,162,1223.95,528.11,27.60,76.47,0.4104,-1,-1,-1
595,164,328.69,536.43,34.78,95.67,0.5058,-1,-1,-1
596,151,29.61,625.83,90.26,189.29,0.7928,-1,-1,-1
596,158,1753.20,580.83,75.01,178.05,0.7310,-1,-1,-1
596,162,1225.50,526.94,27.99,76.44,0.4221,-1,-1,-1
596,164,323.04,536.28,36.79,97.42,0.5003,-1,-1,-1
597,151,15.23,626.51,91.34,192.44,0.7592,-1,-1,-1
597,158,1758.94,587.45,73.77,171.06,0.7489,-1,-1,-1
597,162,1227.01,527.69,27.78,76.44,0.3632,-1,-1,-1
597,164,315.76,531.76,40.05,104.80,0.6774,-1,-1,-1
598,151,3.34,637.46,94.28,191.79,0.7891,-1,-1,-1
598,158,1761.62,585.89,76.73,170.60,0.7621,-1,-1,-1
598,162,1227.84,527.93,27.95,76.23,0.3452,-1,-1,-1
598,164,310.95,536.36,40.89,105.06,0.5361,-1,-1,-1
599,151,-2.81,639.12,90.38,192.49,0.7887,-1,-1,-1
599,158,1766.00,583.17,79.40,173.47,0.7710,-1,-1,-1
599,162,1229.80,525.53,28.93,79.31,0.4843,-1,-1,-1
599,164,309.66,541.91,39.27,99.34,0.4999,-1,-1,-1
600,151,-5.15,647.83,83.70,190.91,0.7799,-1,-1,-1
600,158,1766.23,581.84,81.37,177.66,0.7862,-1,-1,-1
600,162,1231.14,520.67,30.44,84.63,0.5879,-1,-1,-1
600,164,306.17,544.75,39.62,98.22,0.4881,-1,-1,-1
601,151,-9.14,650.22,78.28,192.15,0.7086,-1,-1,-1
601,158,1774.17,580.06,78.41,179.30,0.7812,-1,-1,-1
601,162,1232.97,522.70,29.70,82.98,0.4027,-1,-1,-1
601,164,300.79,540.16,42.75,103.94,0.4740,-1,-1,-1
602,151,-11.93,661.18,71.62,183.06,0.5064,-1,-1,-1
602,158,1780.51,576.75,76.31,182.57,0.7091,-1,-1,-1
602,162,1233.92,521.49,29.80,83.92,0.3458,-1,-1,-1
602,164,296.07,537.03,45.50,109.31,0.4386,-1,-1,-1
603,151,-15.74,672.07,65.16,176.81,0.4416,-1,-1,-1
603,158,1784.68,579.29,73.45,182.39,0.6265,-1,-1,-1
603,162,1235.31,519.57,30.96,87.65,0.4021,-1,-1,-1
603,164,289.92,523.61,50.75,124.32,0.5466,-1,-1,-1
604,158,1791.54,575.29,72.51,186.99,0.4709,-1,-1,-1
604,162,1236.99,519.94,30.98,88.38,0.5448,-1,-1,-1
604,164,290.59,544.82,44.29,104.66,0.6024,-1,-1,-1
605,158,1801.64,581.46,67.13,182.80,0.5071,-1,-1,-1
605,162,1239.38,518.62,30.53,88.30,0.6185,-1,-1,-1
605,164,284.40,520.63,53.34,127.75,0.4644,-1,-1,-1
606,162,1241.96,514.86,30.40,91.08,0.6174,-1,-1,-1
606,164,282.86,530.56,49.67,118.60,0.5505,-1,-1,-1
607,162,1243.92,515.10,30.04,91.35,0.6151,-1,-1,-1
607,164,281.92,541.64,46.62,108.88,0.5706,-1,-1,-1
608,162,1247.10,516.58,29.36,90.83,0.3066,-1,-1,-1
608,164,279.37,542.10,45.91,106.27,0.6194,-1,-1,-1
609,162,1251.55,518.19,29.39,89.89,0.5396,-1,-1,-1
609,164,278.85,546.46,43.56,99.33,0.4792,-1,-1,-1
610,162,1253.93,517.88,30.09,91.74,0.4888,-1,-1,-1
610,164,273.51,525.49,50.66,118.23,0.5587,-1,-1,-1
611,158,1813.64,588.13,57.73,178.49,0.3929,-1,-1,-1
611,162,1255.24,516.37,30.94,96.38,0.4308,-1,-1,-1
611,164,269.31,511.05,54.95,132.31,0.5750,-1,-1,-1
612,158,1819.38,591.24,55.10,180.79,0.4173,-1,-1,-1
612,162,1259.33,519.94,29.77,93.97,0.4562,-1,-1,-1
612,164,265.48,503.89,55.55,140.19,0.6361,-1,-1,-1
613,158,1826.98,595.82,53.12,179.63,0.5438,-1,-1,-1
613,162,1263.56,522.71,29.00,92.16,0.5649,-1,-1,-1
613,164,262.56,497.70,56.22,145.61,0.6912,-1,-1,-1
614,158,1836.48,596.90,56.49,187.72,0.5610,-1,-1,-1
614,162,1266.58,524.19,28.45,90.61,0.6230,-1,-1,-1
614,164,260.34,498.38,55.15,145.89,0.7440,-1,-1,-1
615,158,1841.33,601.27,58.87,195.15,0.5262,-1,-1,-1
615,162,1268.28,524.70,28.66,90.86,0.6180,-1,-1,-1
615,164,257.59,497.55,53.95,147.16,0.7417,-1,-1,-1
616,158,1847.98,604.78,57.42,192.85,0.5736,-1,-1,-1
616,162,1269.93,527.49,29.66,94.26,0.6309,-1,-1,-1
616,164,254.33,499.88,51.80,145.17,0.6219,-1,-1,-1
617,158,1851.37,611.61,55.38,190.55,0.5695,-1,-1,-1
617,162,1272.94,528.29,30.09,96.46,0.5778,-1,-1,-1
617,164,253.69,501.13,50.37,142.74,0.6405,-1,-1,-1
618,158,1857.13,610.81,59.14,197.77,0.6581,-1,-1,-1
618,162,1276.12,531.23,30.23,96.38,0.5522,-1,-1,-1
618,164,250.27,503.57,49.47,141.73,0.6317,-1,-1,-1
619,158,1861.00,608.81,59.72,204.05,0.6305,-1,-1,-1
619,162,1277.93,532.25,30.93,95.95,0.6064,-1,-1,-1
619,164,248.57,506.39,49.13,141.42,0.6438,-1,-1,-1
620,158,1866.05,609.74,57.24,207.59,0.6591,-1,-1,-1
620,162,1278.46,532.66,33.02,99.00,0.6345,-1,-1,-1
620,164,246.63,506.54,49.13,142.20,0.5905,-1,-1,-1
621,158,1871.99,609.30,54.81,206.90,0.5314,-1,-1,-1
621,162,1283.44,529.93,34.41,103.08,0.6011,-1,-1,-1
621,164,243.90,501.99,50.91,148.03,0.6202,-1,-1,-1
622,158,1876.54,611.05,49.13,199.53,0.6150,-1,-1,-1
622,162,1286.94,530.41,34.20,106.04,0.5723,-1,-1,-1
622,164,241.12,501.94,50.18,148.03,0.6673,-1,-1,-1
623,158,1881.64,603.86,46.88,196.10,0.3994,-1,-1,-1
623,162,1293.28,528.06,33.84,103.85,0.6337,-1,-1,-1
623,164,237.32,500.00,51.97,155.06,0.6347,-1,-1,-1
624,162,1297.03,530.46,34.48,105.44,0.6203,-1,-1,-1
624,164,236.83,499.65,50.05,153.09,0.6679,-1,-1,-1
625,162,1301.99,536.17,34.36,102.57,0.6304,-1,-1,-1
625,164,236.57,512.52,48.34,146.00,0.6579,-1,-1,-1
626,162,1307.89,530.92,37.53,108.53,0.5578,-1,-1,-1
626,164,237.42,522.07,45.73,133.54,0.6768,-1,-1,-1
627,162,1313.01,529.63,38.59,109.82,0.6457,-1,-1,-1
627,164,236.70,537.71,44.75,125.14,0.6338,-1,-1,-1
628,162,1319.09,531.83,37.90,107.98,0.6342,-1,-1,-1
628,164,237.08,539.33,44.86,122.98,0.6426,-1,-1,-1
629,162,1324.69,530.29,38.52,105.97,0.7123,-1,-1,-1
629,164,236.26,553.98,44.48,115.76,0.7022,-1,-1,-1
630,162,1332.41,530.31,40.24,107.39,0.6755,-1,-1,-1
630,164,236.29,550.60,46.50,119.35,0.6715,-1,-1,-1
630,168,312.76,491.68,18.37,36.99,0.3589,-1,-1,-1
631,162,1339.84,528.63,40.19,109.70,0.6769,-1,-1,-1
631,164,238.44,551.85,47.21,117.77,0.6435,-1,-1,-1
632,162,1346.93,531.33,40.14,108.44,0.7132,-1,-1,-1
632,164,239.62,553.67,48.88,119.38,0.6209,-1,-1,-1
633,162,1355.40,536.03,40.88,108.57,0.6610,-1,-1,-1
633,164,240.15,550.47,51.42,124.00,0.6099,-1,-1,-1
634,162,1363.56,537.05,40.44,107.35,0.6405,-1,-1,-1
634,164,239.42,552.49,51.74,125.48,0.6022,-1,-1,-1
635,162,1369.29,531.51,44.34,118.94,0.7261,-1,-1,-1
635,164,241.93,548.42,52.43,128.55,0.5529,-1,-1,-1
636,162,1378.19,539.14,42.58,113.70,0.6076,-1,-1,-1
636,164,242.95,550.00,52.72,129.73,0.5862,-1,-1,-1
637,162,1388.37,538.94,42.41,115.38,0.4784,-1,-1,-1
637,164,244.29,540.42,56.07,140.67,0.5289,-1,-1,-1
638,162,1396.69,538.43,44.56,121.53,0.6066,-1,-1,-1
638,164,244.07,533.42,58.56,150.08,0.6135,-1,-1,-1
639,162,1410.53,550.19,40.39,113.08,0.4551,-1,-1,-1
639,164,247.60,536.56,56.66,149.19,0.6487,-1,-1,-1
640,162,1419.71,553.82,38.84,108.14,0.3656,-1,-1,-1
640,164,249.13,535.30,56.34,152.68,0.6525,-1,-1,-1
641,162,1431.01,553.71,37.59,105.33,0.5201,-1,-1,-1
641,164,253.40,538.39,54.60,151.40,0.6611,-1,-1,-1
642,162,1442.92,559.03,37.75,105.71,0.5630,-1,-1,-1
642,164,256.11,534.87,54.86,155.13,0.5651,-1,-1,-1
643,162,1455.93,562.53,34.81,97.80,0.3616,-1,-1,-1
643,164,257.45,530.60,55.56,161.88,0.5508,-1,-1,-1
644,164,259.48,529.45,54.94,163.25,0.4253,-1,-1,-1
645,164,268.27,563.08,44.73,131.51,0.3867,-1,-1,-1
646,164,273.49,571.56,43.23,125.41,0.4154,-1,-1,-1
646,169,1492.10,563.92,34.88,71.25,0.4665,-1,-1,-1
647,164,271.87,541.04,51.35,155.51,0.4641,-1,-1,-1
648,164,280.27,561.90,45.32,134.94,0.5229,-1,-1,-1
649,164,281.49,538.03,49.08,151.69,0.4939,-1,-1,-1
650,164,283.82,532.28,51.95,161.66,0.5935,-1,-1,-1
651,164,289.78,530.98,53.35,166.07,0.4293,-1,-1,-1
652,164,301.81,550.49,42.73,131.76,0.5725,-1,-1,-1
653,164,308.64,556.16,42.59,128.91,0.3337,-1,-1,-1
654,164,311.36,556.96,44.54,134.42,0.5726,-1,-1,-1
655,164,315.46,524.37,51.24,162.50,0.4945,-1,-1,-1
656,164,323.75,532.60,52.26,166.22,0.5395,-1,-1,-1
656,170,1635.13,563.74,47.47,54.79,0.3289,-1,-1,-1
657,164,332.32,532.33,52.08,171.36,0.5519,-1,-1,-1
657,170,1653.42,565.27,52.11,60.74,0.3427,-1,-1,-1
658,164,347.25,567.17,42.80,139.87,0.3959,-1,-1,-1
658,170,1671.50,570.64,52.31,62.09,0.3262,-1,-1,-1
659,164,352.65,588.62,42.64,133.92,0.3628,-1,-1,-1
659,168,456.08,523.71,18.18,37.93,0.3427,-1,-1,-1
660,164,360.62,589.67,41.56,130.41,0.4924,-1,-1,-1
661,164,362.92,591.95,43.90,131.94,0.5637,-1,-1,-1
661,170,1725.42,598.80,54.73,64.91,0.3983,-1,-1,-1
662,164,370.69,596.48,44.12,126.24,0.5369,-1,-1,-1
662,170,1749.14,607.24,51.96,61.29,0.3074,-1,-1,-1
663,164,381.35,599.17,42.72,120.66,0.5336,-1,-1,-1
664,164,386.54,592.51,46.02,125.39,0.6049,-1,-1,-1
665,164,394.26,597.15,45.96,119.06,0.4860,-1,-1,-1
665,168,487.70,508.84,19.79,43.29,0.3506,-1,-1,-1
666,164,400.23,593.11,51.15,120.23,0.6449,-1,-1,-1
667,164,404.43,587.20,57.91,127.08,0.5617,-1,-1,-1
668,164,406.71,582.24,68.27,136.85,0.6016,-1,-1,-1
669,164,416.73,575.35,73.36,141.05,0.4365,-1,-1,-1
669,173,393.79,517.77,28.05,77.32,0.3688,-1,-1,-1
670,164,424.34,571.51,80.51,143.19,0.6277,-1,-1,-1
670,173,400.81,512.99,28.80,80.61,0.6398,-1,-1,-1
671,164,433.46,568.51,84.46,144.97,0.5765,-1,-1,-1
671,173,405.29,511.61,27.76,77.72,0.4921,-1,-1,-1
672,173,411.89,509.08,27.01,76.05,0.4475,-1,-1,-1
675,164,482.80,558.36,84.39,145.99,0.3060,-1,-1,-1
675,168,557.22,476.40,21.55,50.47,0.3768,-1,-1,-1
675,173,429.73,492.50,28.92,83.17,0.3896,-1,-1,-1
676,168,560.64,479.78,21.49,49.06,0.3301,-1,-1,-1
676,173,431.99,498.69,29.50,81.70,0.5492,-1,-1,-1
677,168,571.57,481.37,19.32,44.59,0.3760,-1,-1,-1
677,173,439.30,493.44,30.71,85.05,0.4568,-1,-1,-1
678,164,535.96,566.39,81.74,141.29,0.3028,-1,-1,-1
678,173,443.43,495.86,31.87,86.71,0.3790,-1,-1,-1
679,164,540.25,574.53,90.60,144.64,0.5492,-1,-1,-1
679,173,450.45,510.61,32.54,83.27,0.3661,-1,-1,-1
680,164,565.45,569.12,83.64,140.70,0.3370,-1,-1,-1
680,168,594.74,487.33,18.80,43.89,0.3312,-1,-1,-1
681,164,582.00,596.08,84.77,140.77,0.4250,-1,-1,-1
682,164,596.81,619.17,88.53,138.26,0.3639,-1,-1,-1
683,164,609.51,593.51,78.83,137.07,0.3245,-1,-1,-1
683,173,461.70,521.26,34.70,89.03,0.3559,-1,-1,-1
685,173,470.22,517.59,32.62,81.76,0.4306,-1,-1,-1
686,173,474.26,509.36,31.89,82.28,0.4774,-1,-1,-1
687,173,482.91,507.36,31.36,80.21,0.4386,-1,-1,-1
688,164,667.47,573.60,87.35,143.06,0.3336,-1,-1,-1
688,168,632.51,480.29,21.62,49.35,0.3053,-1,-1,-1
688,173,485.69,506.26,30.87,80.75,0.3723,-1,-1,-1
689,164,672.45,568.42,95.85,149.06,0.4291,-1,-1,-1
690,164,684.93,564.74,99.02,151.57,0.4662,-1,-1,-1
690,168,647.56,476.88,21.23,49.82,0.3626,-1,-1,-1
690,173,494.09,502.63,30.04,82.32,0.4606,-1,-1,-1
691,164,700.96,565.71,102.55,152.38,0.5892,-1,-1,-1
691,168,652.25,474.98,21.02,49.84,0.3818,-1,-1,-1
691,173,499.64,504.24,29.01,80.11,0.3198,-1,-1,-1
692,164,719.02,569.93,97.75,147.76,0.4479,-1,-1,-1
692,168,657.93,475.41,19.27,48.20,0.3417,-1,-1,-1
692,173,507.18,500.99,28.35,82.02,0.5562,-1,-1,-1
693,164,755.30,573.78,89.31,145.35,0.5255,-1,-1,-1
693,168,666.86,475.67,19.34,47.71,0.3278,-1,-1,-1
693,173,512.04,497.20,30.76,87.56,0.3800,-1,-1,-1
694,164,771.75,581.43,85.83,141.72,0.4815,-1,-1,-1
694,168,671.46,476.61,20.44,51.40,0.3576,-1,-1,-1
694,173,513.54,499.01,31.97,88.31,0.4959,-1,-1,-1
695,164,787.38,585.40,86.63,146.18,0.3590,-1,-1,-1
695,168,676.79,476.88,20.72,53.21,0.4115,-1,-1,-1
695,173,517.69,500.97,31.57,87.46,0.5228,-1,-1,-1
696,173,527.70,501.51,29.63,82.53,0.4362,-1,-1,-1
697,173,530.74,504.24,29.92,82.17,0.4885,-1,-1,-1
698,168,694.76,477.68,19.84,52.55,0.3752,-1,-1,-1
698,173,532.91,501.01,31.85,88.24,0.4732,-1,-1,-1
699,164,844.03,582.96,92.15,158.25,0.5785,-1,-1,-1
699,168,699.79,476.82,19.91,53.53,0.4813,-1,-1,-1
699,173,535.98,500.19,31.84,90.05,0.3028,-1,-1,-1
700,164,857.27,584.09,96.95,159.58,0.5884,-1,-1,-1
700,168,702.90,479.59,19.93,52.83,0.4622,-1,-1,-1
700,173,538.02,501.65,33.71,92.75,0.5294,-1,-1,-1
701,164,880.79,590.15,93.94,157.62,0.4995,-1,-1,-1
701,173,543.85,504.65,32.49,90.71,0.4031,-1,-1,-1
702,164,917.36,598.76,84.26,153.85,0.5881,-1,-1,-1
702,168,717.85,478.65,19.71,54.30,0.4290,-1,-1,-1
702,173,550.92,506.94,31.19,87.26,0.3620,-1,-1,-1
703,164,941.89,604.25,78.12,153.97,0.5376,-1,-1,-1
703,168,722.06,474.00,21.22,59.64,0.4195,-1,-1,-1
703,173,554.82,504.95,31.53,90.05,0.5539,-1,-1,-1
704,164,954.17,611.63,76.85,154.78,0.6474,-1,-1,-1
704,168,725.46,476.59,21.40,60.64,0.3660,-1,-1,-1
704,173,556.31,508.95,32.54,91.41,0.5844,-1,-1,-1
705,164,973.48,612.64,74.82,155.74,0.6481,-1,-1,-1
705,168,727.86,476.42,21.25,60.02,0.4064,-1,-1,-1
705,173,557.14,508.28,35.09,94.24,0.5363,-1,-1,-1
706,164,986.20,615.72,77.55,159.48,0.7583,-1,-1,-1
706,168,738.41,483.86,19.66,54.68,0.3618,-1,-1,-1
706,173,562.09,510.64,33.81,93.14,0.6116,-1,-1,-1
707,164,996.09,613.81,86.04,168.83,0.7423,-1,-1,-1
707,168,741.03,488.46,19.61,52.43,0.3386,-1,-1,-1
707,173,563.73,513.00,34.70,95.46,0.6616,-1,-1,-1
708,164,1001.20,615.84,93.90,173.09,0.6746,-1,-1,-1
708,168,743.71,490.66,20.09,52.67,0.3710,-1,-1,-1
708,173,566.43,517.64,34.30,95.79,0.6891,-1,-1,-1
709,164,1007.71,609.31,109.89,179.54,0.7636,-1,-1,-1
709,168,745.97,492.68,21.31,53.73,0.3624,-1,-1,-1
709,173,567.82,520.28,35.89,98.36,0.6430,-1,-1,-1
710,164,1021.23,622.06,114.88,179.65,0.7748,-1,-1,-1
710,168,749.11,501.07,20.39,52.99,0.3888,-1,-1,-1
710,173,575.26,530.04,32.58,90.53,0.6403,-1,-1,-1
711,164,1047.21,619.88,116.36,176.79,0.7111,-1,-1,-1
711,168,749.73,503.32,20.69,52.15,0.4168,-1,-1,-1
711,173,576.02,533.84,33.52,88.77,0.5305,-1,-1,-1
712,164,1066.80,632.08,116.12,177.39,0.4789,-1,-1,-1
712,168,758.28,506.06,22.32,52.56,0.3848,-1,-1,-1
712,173,576.36,535.45,35.88,93.25,0.7177,-1,-1,-1
713,164,1108.30,631.01,104.95,169.91,0.5796,-1,-1,-1
713,168,761.83,505.00,21.99,50.75,0.3481,-1,-1,-1
713,173,575.96,534.63,37.01,94.95,0.7372,-1,-1,-1
714,164,1124.99,636.44,105.86,169.71,0.7374,-1,-1,-1
714,168,760.73,511.23,23.61,53.08,0.4318,-1,-1,-1
714,173,577.80,543.14,40.09,99.07,0.6552,-1,-1,-1
715,164,1137.83,635.19,104.47,173.92,0.7451,-1,-1,-1
715,168,761.95,504.66,25.20,60.17,0.4276,-1,-1,-1
715,173,578.63,539.44,40.38,102.74,0.5902,-1,-1,-1
716,164,1152.53,631.40,107.17,179.99,0.7684,-1,-1,-1
716,168,766.68,503.45,25.78,60.98,0.4151,-1,-1,-1
716,173,579.76,543.70,40.42,101.43,0.5082,-1,-1,-1
717,164,1171.01,629.06,107.40,184.99,0.7812,-1,-1,-1
717,168,770.70,508.73,23.06,55.08,0.3222,-1,-1,-1
717,173,579.56,544.86,40.23,101.82,0.5572,-1,-1,-1
718,164,1187.46,624.66,113.21,195.87,0.7914,-1,-1,-1
718,168,772.54,509.65,23.54,55.36,0.3734,-1,-1,-1
718,173,583.05,552.36,38.74,97.66,0.4841,-1,-1,-1
719,164,1210.80,632.50,108.75,193.96,0.6608,-1,-1,-1
719,173,584.83,547.17,38.03,100.15,0.5349,-1,-1,-1
720,164,1229.62,631.89,113.81,197.98,0.6718,-1,-1,-1
720,173,585.22,551.82,39.78,101.91,0.5675,-1,-1,-1
721,164,1258.92,636.14,100.57,176.09,0.4787,-1,-1,-1
721,168,783.59,513.08,23.51,55.55,0.3473,-1,-1,-1
721,173,588.25,551.66,40.22,103.08,0.4913,-1,-1,-1
722,164,1283.57,646.79,107.44,194.87,0.4726,-1,-1,-1
722,168,786.30,516.36,22.25,52.21,0.3642,-1,-1,-1
722,173,591.70,553.53,39.44,102.57,0.5360,-1,-1,-1
723,164,1308.57,655.55,105.98,194.50,0.4478,-1,-1,-1
723,168,791.45,514.27,23.55,54.75,0.3732,-1,-1,-1
723,173,593.78,551.10,39.95,105.19,0.3706,-1,-1,-1
724,164,1339.84,663.83,104.51,196.52,0.5486,-1,-1,-1
724,168,793.42,524.15,23.31,53.61,0.3642,-1,-1,-1
724,173,594.05,562.78,39.27,103.26,0.4859,-1,-1,-1
725,164,1365.94,663.43,103.17,205.09,0.7108,-1,-1,-1
725,168,796.76,525.06,23.18,53.09,0.4732,-1,-1,-1
725,173,594.24,565.94,39.29,103.76,0.5707,-1,-1,-1
726,164,1384.48,672.91,103.25,208.82,0.6203,-1,-1,-1
726,168,799.03,521.50,23.43,56.39,0.3632,-1,-1,-1
726,173,597.14,565.45,37.74,103.19,0.5734,-1,-1,-1
727,164,1422.72,672.27,89.92,179.86,0.4060,-1,-1,-1
727,173,597.84,570.31,41.13,106.77,0.7153,-1,-1,-1
728,164,1419.59,681.57,110.13,216.54,0.5803,-1,-1,-1
728,168,811.43,525.64,23.66,57.87,0.3867,-1,-1,-1
728,173,599.00,568.79,40.52,106.14,0.6729,-1,-1,-1
729,164,1437.17,679.71,122.90,222.26,0.7226,-1,-1,-1
729,168,813.28,524.05,22.89,57.24,0.3840,-1,-1,-1
729,173,598.91,565.89,42.42,110.05,0.6381,-1,-1,-1
730,164,1491.45,688.28,119.72,226.25,0.4556,-1,-1,-1
730,168,815.83,524.88,23.40,59.35,0.3511,-1,-1,-1
730,173,600.40,569.75,43.56,111.45,0.5670,-1,-1,-1
731,168,818.27,524.35,22.94,59.37,0.4067,-1,-1,-1
731,173,601.34,564.40,45.24,116.03,0.6680,-1,-1,-1
731,190,1527.99,553.22,28.94,77.24,0.3214,-1,-1,-1
732,164,1547.94,702.25,112.54,229.80,0.5054,-1,-1,-1
732,168,820.04,525.68,22.52,57.68,0.4915,-1,-1,-1
732,173,602.30,564.86,45.96,116.87,0.6757,-1,-1,-1
733,164,1582.90,705.53,103.08,227.75,0.7019,-1,-1,-1
733,168,821.15,522.47,23.80,60.45,0.5295,-1,-1,-1
733,173,602.98,567.80,45.72,115.32,0.6499,-1,-1,-1
734,164,1598.35,707.38,105.39,231.15,0.6281,-1,-1,-1
734,168,824.43,525.55,20.70,53.74,0.4011,-1,-1,-1
734,173,602.22,560.01,47.00,121.60,0.6868,-1,-1,-1
735,164,1615.35,703.37,115.00,233.91,0.7441,-1,-1,-1
735,173,602.37,562.76,47.75,121.91,0.6948,-1,-1,-1
735,191,838.66,527.49,21.02,51.88,0.3768,-1,-1,-1
736,164,1633.92,703.93,125.68,248.55,0.7151,-1,-1,-1
736,168,834.35,524.17,20.65,52.21,0.3822,-1,-1,-1
736,173,606.45,559.60,46.47,121.71,0.6750,-1,-1,-1
737,164,1658.74,692.68,133.31,263.36,0.7946,-1,-1,-1
737,168,836.45,523.31,21.53,52.94,0.3775,-1,-1,-1
737,173,607.19,561.59,46.49,121.80,0.6584,-1,-1,-1
738,164,1689.31,706.99,135.09,263.84,0.7550,-1,-1,-1
738,168,837.10,525.62,21.57,52.95,0.3541,-1,-1,-1
738,173,607.22,563.04,47.06,122.71,0.6593,-1,-1,-1
739,164,1721.92,721.13,139.39,259.23,0.7532,-1,-1,-1
739,168,839.77,524.72,22.20,54.80,0.3574,-1,-1,-1
739,173,608.28,565.01,47.77,123.54,0.6562,-1,-1,-1
740,164,1749.11,738.79,138.24,249.54,0.7464,-1,-1,-1
740,168,840.15,524.33,22.91,56.61,0.4218,-1,-1,-1
740,173,608.11,567.23,48.42,123.39,0.6847,-1,-1,-1
741,164,1778.78,731.38,143.95,264.45,0.5816,-1,-1,-1
741,168,842.26,527.13,22.44,55.52,0.4783,-1,-1,-1
741,173,608.41,569.09,48.52,123.93,0.6776,-1,-1,-1
741,192,875.97,531.14,18.42,49.61,0.3139,-1,-1,-1
742,164,1808.44,751.42,134.60,257.13,0.4326,-1,-1,-1
742,168,842.68,528.24,22.63,56.23,0.5105,-1,-1,-1
742,173,608.89,570.41,48.01,123.34,0.6455,-1,-1,-1
742,192,876.37,530.46,19.67,52.55,0.3729,-1,-1,-1
743,168,844.00,529.24,22.22,55.33,0.4494,-1,-1,-1
743,173,607.96,571.84,49.47,125.48,0.6303,-1,-1,-1
744,168,844.39,528.76,22.20,55.91,0.4811,-1,-1,-1
744,173,606.15,571.99,50.02,127.29,0.6293,-1,-1,-1
745,168,843.55,525.83,23.86,60.68,0.4982,-1,-1,-1
745,173,604.75,573.53,51.49,128.91,0.6668,-1,-1,-1
745,192,881.56,531.77,19.77,52.71,0.3231,-1,-1,-1
746,168,843.45,524.84,24.25,63.36,0.5172,-1,-1,-1
746,173,603.13,574.02,51.15,130.57,0.6264,-1,-1,-1
746,192,879.31,535.54,19.17,51.16,0.3046,-1,-1,-1
747,168,844.11,524.78,24.56,64.22,0.5047,-1,-1,-1
747,173,603.07,575.04,51.80,132.69,0.6538,-1,-1,-1
748,173,602.80,575.25,51.69,133.27,0.6733,-1,-1,-1
749,168,846.16,527.40,23.31,61.39,0.3386,-1,-1,-1
749,173,602.90,577.44,51.10,131.49,0.6753,-1,-1,-1
750,168,848.29,528.66,21.95,57.79,0.3369,-1,-1,-1
750,173,602.59,579.74,50.42,129.75,0.6232,-1,-1,-1
