2,1,1342.35,417.56,161.91,359.24,0.8313,-1,-1,-1
2,2,584.83,442.85,91.78,264.11,0.7656,-1,-1,-1
2,3,439.29,445.20,113.44,274.38,0.6901,-1,-1,-1
2,4,1454.37,437.44,141.99,331.59,0.6726,-1,-1,-1
2,5,731.85,457.35,35.63,110.15,0.5322,-1,-1,-1
2,6,916.60,432.24,59.58,154.61,0.3999,-1,-1,-1
3,1,1347.42,424.85,172.20,367.61,0.8358,-1,-1,-1
3,2,585.19,443.09,92.29,263.53,0.7561,-1,-1,-1
3,3,438.57,443.42,115.26,276.76,0.6979,-1,-1,-1
3,4,1468.79,442.50,138.70,325.97,0.7325,-1,-1,-1
3,5,732.35,460.70,34.68,106.19,0.5315,-1,-1,-1
3,6,916.68,432.72,59.45,153.82,0.4033,-1,-1,-1
4,1,1350.39,420.61,177.62,377.99,0.8240,-1,-1,-1
4,2,584.50,444.01,92.74,264.49,0.7670,-1,-1,-1
4,3,440.44,442.90,116.47,276.55,0.7436,-1,-1,-1
4,4,1473.59,432.29,137.03,335.22,0.7303,-1,-1,-1
4,5,732.57,458.84,35.98,109.85,0.5187,-1,-1,-1
4,6,917.07,431.92,59.75,154.23,0.4196,-1,-1,-1
5,1,1350.74,418.25,178.86,386.55,0.8483,-1,-1,-1
5,2,584.95,444.03,92.74,263.99,0.7658,-1,-1,-1
5,3,444.93,443.96,116.14,273.49,0.6899,-1,-1,-1
5,4,1477.81,428.07,131.40,339.96,0.7403,-1,-1,-1
5,5,732.73,458.85,35.79,109.40,0.5181,-1,-1,-1
5,6,916.69,431.14,60.07,154.59,0.4083,-1,-1,-1
6,1,1357.48,418.22,175.37,387.14,0.8471,-1,-1,-1
6,2,583.33,443.24,93.50,267.93,0.7617,-1,-1,-1
6,3,450.57,444.00,116.47,274.29,0.6951,-1,-1,-1
6,4,1486.51,426.05,125.23,342.60,0.7237,-1,-1,-1
6,5,732.69,457.14,35.80,110.48,0.5346,-1,-1,-1
6,6,916.35,430.39,60.91,156.24,0.4202,-1,-1,-1
7,1,1366.19,419.25,163.11,381.43,0.8559,-1,-1,-1
7,2,583.97,442.77,92.90,268.33,0.7671,-1,-1,-1
7,3,447.60,444.92,117.95,274.34,0.7308,-1,-1,-1
7,4,1493.59,432.63,115.82,337.40,0.7679,-1,-1,-1
7,5,732.78,457.89,35.27,109.82,0.5489,-1,-1,-1
7,6,915.37,430.67,60.90,155.86,0.3742,-1,-1,-1
8,1,1380.87,413.77,154.54,385.59,0.8056,-1,-1,-1
8,2,584.75,442.91,92.22,266.78,0.7823,-1,-1,-1
8,3,448.97,443.88,118.41,274.73,0.7468,-1,-1,-1
8,4,1498.38,420.27,113.02,350.68,0.7695,-1,-1,-1
8,5,733.15,456.99,35.10,109.60,0.5422,-1,-1,-1
8,6,914.55,428.16,61.72,158.27,0.3851,-1,-1,-1
9,1,1392.52,407.49,149.41,392.72,0.7453,-1,-1,-1
9,2,584.71,442.50,91.92,268.22,0.7793,-1,-1,-1
9,3,454.81,444.17,116.22,274.20,0.7434,-1,-1,-1
9,4,1506.19,422.47,106.66,347.01,0.7485,-1,-1,-1
9,5,732.86,456.96,35.63,111.33,0.5346,-1,-1,-1
9,7,699.01,451.42,36.53,134.39,0.3397,-1,-1,-1
10,1,1411.10,415.79,134.08,376.71,0.7915,-1,-1,-1
10,2,585.32,442.88,91.87,268.01,0.7823,-1,-1,-1
10,3,456.41,443.81,115.70,274.38,0.7179,-1,-1,-1
10,4,1505.84,417.39,111.34,357.14,0.6691,-1,-1,-1
10,5,733.05,457.64,35.31,109.44,0.5202,-1,-1,-1
10,7,698.87,452.49,37.46,138.09,0.3117,-1,-1,-1
11,1,1421.45,412.63,132.00,385.84,0.7691,-1,-1,-1
11,2,586.00,442.89,91.26,266.33,0.7705,-1,-1,-1
11,3,453.91,442.37,116.41,276.41,0.6894,-1,-1,-1
11,4,1528.08,420.15,101.56,347.09,0.7954,-1,-1,-1
11,5,733.11,458.88,36.15,110.77,0.5668,-1,-1,-1
12,1,1433.51,408.05,129.10,388.46,0.7273,-1,-1,-1
12,2,585.75,442.05,91.69,266.73,0.7667,-1,-1,-1
12,3,450.96,442.07,117.66,276.41,0.6674,-1,-1,-1
12,4,1535.96,419.75,100.07,353.11,0.7732,-1,-1,-1
12,5,731.75,456.17,37.46,113.74,0.6052,-1,-1,-1
13,1,1444.10,413.30,127.62,385.29,0.7015,-1,-1,-1
13,2,585.43,441.95,92.28,267.33,0.7539,-1,-1,-1
13,3,446.89,443.28,119.98,276.26,0.7038,-1,-1,-1
13,4,1540.93,421.55,104.40,358.69,0.7515,-1,-1,-1
13,5,730.41,456.10,38.97,118.35,0.5822,-1,-1,-1
14,1,1454.04,410.11,128.96,386.75,0.5769,-1,-1,-1
14,2,584.45,442.30,93.31,268.21,0.7504,-1,-1,-1
14,3,446.34,441.83,122.02,281.72,0.6394,-1,-1,-1
14,4,1548.76,415.94,114.78,373.63,0.6144,-1,-1,-1
14,5,730.15,456.55,39.26,118.86,0.5513,-1,-1,-1
15,1,1451.32,417.03,123.43,380.11,0.4908,-1,-1,-1
15,2,583.42,442.60,93.48,269.68,0.7700,-1,-1,-1
15,3,445.18,443.25,121.91,282.58,0.6578,-1,-1,-1
15,4,1560.14,424.19,125.99,373.81,0.5959,-1,-1,-1
15,5,729.85,452.24,40.99,125.17,0.6068,-1,-1,-1
15,6,914.64,426.65,62.01,159.69,0.3095,-1,-1,-1
16,1,1455.38,423.91,120.46,375.63,0.4018,-1,-1,-1
16,2,583.62,444.27,92.57,266.47,0.7683,-1,-1,-1
16,3,443.33,442.66,120.92,283.76,0.6511,-1,-1,-1
16,4,1569.42,421.30,143.95,383.36,0.6740,-1,-1,-1
16,5,729.94,453.91,39.85,122.95,0.4916,-1,-1,-1
16,10,1383.96,423.24,53.28,134.31,0.3843,-1,-1,-1
17,1,1461.83,420.92,124.72,381.74,0.3625,-1,-1,-1
17,2,583.43,446.08,92.96,267.13,0.7652,-1,-1,-1
17,3,444.10,442.72,119.90,284.66,0.6589,-1,-1,-1
17,4,1571.30,421.28,163.66,385.23,0.7724,-1,-1,-1
17,5,728.65,455.14,38.95,120.74,0.4490,-1,-1,-1
17,11,1254.80,435.06,36.31,109.09,0.3057,-1,-1,-1
18,1,1481.26,420.53,156.87,391.15,0.6832,-1,-1,-1
18,2,583.57,444.76,93.39,268.78,0.7898,-1,-1,-1
18,3,446.56,443.09,117.71,284.35,0.7161,-1,-1,-1
18,4,1580.47,428.88,165.70,380.65,0.7103,-1,-1,-1
18,5,727.81,457.38,38.12,118.12,0.4405,-1,-1,-1
18,11,1254.76,436.85,35.60,106.96,0.3850,-1,-1,-1
19,1,1465.83,413.20,157.99,391.19,0.4640,-1,-1,-1
19,2,584.75,445.07,94.09,269.58,0.7677,-1,-1,-1
19,3,449.01,445.30,116.12,284.20,0.7092,-1,-1,-1
19,4,1576.98,462.51,163.53,351.59,0.6827,-1,-1,-1
19,5,726.75,459.29,37.84,116.44,0.4066,-1,-1,-1
19,11,1254.24,435.98,35.91,107.98,0.4019,-1,-1,-1
20,1,1463.90,410.68,160.24,395.01,0.3684,-1,-1,-1
20,2,586.61,445.97,95.62,266.75,0.7783,-1,-1,-1
20,3,452.08,450.28,113.98,277.65,0.7097,-1,-1,-1
20,4,1602.19,459.42,164.30,343.86,0.6328,-1,-1,-1
20,5,725.73,454.63,39.07,119.62,0.4105,-1,-1,-1
20,11,1254.33,436.55,35.55,106.89,0.3275,-1,-1,-1
21,1,1483.20,413.11,202.00,406.98,0.7286,-1,-1,-1
21,2,586.67,443.81,99.10,269.67,0.7905,-1,-1,-1
21,3,451.86,447.78,113.95,278.77,0.6969,-1,-1,-1
21,4,1612.00,453.93,159.95,348.41,0.6553,-1,-1,-1
21,5,726.05,452.90,39.89,122.27,0.3840,-1,-1,-1
21,11,1253.44,439.54,34.07,101.70,0.3351,-1,-1,-1
22,1,1474.44,412.03,206.03,406.22,0.5296,-1,-1,-1
22,2,586.32,443.84,100.69,269.04,0.7777,-1,-1,-1
22,3,453.72,446.69,114.52,280.65,0.5988,-1,-1,-1
22,4,1622.78,427.98,163.80,371.01,0.7015,-1,-1,-1
22,5,725.28,459.47,38.15,113.34,0.3667,-1,-1,-1
22,11,1255.76,437.81,36.78,107.88,0.3680,-1,-1,-1
23,1,1465.63,411.71,196.03,391.67,0.4805,-1,-1,-1
23,2,585.08,443.72,102.53,268.87,0.7759,-1,-1,-1
23,3,461.75,445.88,113.26,281.89,0.6875,-1,-1,-1
23,4,1616.95,422.65,157.53,378.41,0.6267,-1,-1,-1
23,5,725.18,465.01,37.36,105.39,0.3625,-1,-1,-1
23,11,1252.92,440.36,35.41,102.95,0.3386,-1,-1,-1
24,1,1481.48,406.78,211.51,413.26,0.7030,-1,-1,-1
24,2,585.42,443.81,103.19,268.25,0.7548,-1,-1,-1
24,3,466.60,444.86,113.54,286.30,0.6836,-1,-1,-1
24,4,1629.67,418.99,149.73,379.32,0.6253,-1,-1,-1
24,5,725.88,461.50,40.05,108.00,0.4308,-1,-1,-1
25,1,1487.66,406.51,211.77,412.50,0.6348,-1,-1,-1
25,2,585.78,443.66,103.78,268.72,0.7430,-1,-1,-1
25,3,465.74,444.46,114.31,289.38,0.6333,-1,-1,-1
25,4,1645.67,416.12,144.63,386.34,0.6677,-1,-1,-1
25,5,724.63,462.88,40.37,104.26,0.4016,-1,-1,-1
25,11,1250.62,442.55,34.33,99.59,0.3039,-1,-1,-1
25,12,1418.27,457.98,67.53,100.08,0.3057,-1,-1,-1
26,1,1505.08,409.59,216.48,410.26,0.5970,-1,-1,-1
26,2,585.98,444.23,103.21,268.62,0.7238,-1,-1,-1
26,3,466.02,440.94,115.75,295.21,0.6586,-1,-1,-1
26,4,1651.16,421.21,134.81,379.84,0.6618,-1,-1,-1
26,5,724.05,463.29,42.07,104.29,0.4402,-1,-1,-1
26,11,1250.86,442.41,34.16,98.83,0.3015,-1,-1,-1
27,1,1513.12,411.33,216.57,411.06,0.5632,-1,-1,-1
27,2,586.90,443.37,102.55,270.37,0.7290,-1,-1,-1
27,3,468.48,444.03,113.24,289.04,0.6226,-1,-1,-1
27,4,1666.01,413.15,130.14,383.92,0.6655,-1,-1,-1
27,5,721.32,457.75,44.30,109.97,0.3559,-1,-1,-1
28,1,1515.71,403.41,213.35,425.99,0.5830,-1,-1,-1
28,2,590.96,443.34,100.98,270.86,0.7387,-1,-1,-1
28,3,470.26,441.60,113.87,292.89,0.6030,-1,-1,-1
28,4,1676.94,410.54,126.95,384.67,0.6566,-1,-1,-1
28,5,722.78,460.74,44.29,107.84,0.3628,-1,-1,-1
29,1,1532.84,393.28,198.45,435.85,0.7036,-1,-1,-1
29,2,592.92,443.60,99.61,270.53,0.7305,-1,-1,-1
29,3,473.05,442.11,112.68,291.53,0.5853,-1,-1,-1
29,4,1684.61,422.96,128.66,379.00,0.7144,-1,-1,-1
29,5,722.85,460.37,46.35,111.41,0.3503,-1,-1,-1
29,14,1425.51,435.90,58.06,122.15,0.5399,-1,-1,-1
30,1,1564.19,390.29,178.71,437.95,0.7467,-1,-1,-1
30,2,594.48,443.48,99.03,271.35,0.7479,-1,-1,-1
30,3,475.27,442.31,111.95,291.74,0.6444,-1,-1,-1
30,4,1688.80,429.95,135.06,371.09,0.6397,-1,-1,-1
30,5,721.44,458.31,47.22,114.68,0.3648,-1,-1,-1
30,14,1428.38,432.50,57.79,125.12,0.5942,-1,-1,-1
30,15,1082.40,448.08,55.41,146.70,0.3101,-1,-1,-1
31,1,1590.69,390.79,172.37,436.04,0.7353,-1,-1,-1
31,2,597.10,443.11,97.88,272.35,0.7511,-1,-1,-1
31,3,477.04,443.69,110.69,286.91,0.6511,-1,-1,-1
31,4,1718.10,416.25,156.46,391.47,0.6599,-1,-1,-1
31,5,719.92,457.24,48.03,118.86,0.4385,-1,-1,-1
31,14,1434.79,429.90,56.38,127.67,0.5751,-1,-1,-1
31,15,1080.35,451.12,54.28,143.81,0.3191,-1,-1,-1
32,1,1603.46,396.15,171.64,441.37,0.7909,-1,-1,-1
32,2,599.04,443.05,96.93,272.90,0.7619,-1,-1,-1
32,3,478.17,444.76,111.03,288.33,0.6380,-1,-1,-1
32,4,1732.52,417.55,165.39,390.01,0.7325,-1,-1,-1
32,5,718.81,458.93,47.31,119.68,0.4237,-1,-1,-1
32,14,1440.19,431.05,53.40,126.16,0.5304,-1,-1,-1
32,15,1080.77,451.66,54.15,143.62,0.3539,-1,-1,-1
33,1,1608.81,395.20,176.36,452.94,0.8077,-1,-1,-1
33,2,600.77,444.29,95.81,271.01,0.7666,-1,-1,-1
33,3,478.09,444.04,112.24,294.38,0.7036,-1,-1,-1
33,4,1740.34,413.36,172.11,398.81,0.6489,-1,-1,-1
33,5,717.96,458.92,46.42,118.90,0.3715,-1,-1,-1
33,14,1444.90,431.61,50.75,125.85,0.5779,-1,-1,-1
33,15,1079.32,451.81,54.35,144.07,0.3797,-1,-1,-1
34,1,1615.85,394.94,179.45,445.44,0.8033,-1,-1,-1
34,2,603.47,443.25,94.33,271.82,0.7622,-1,-1,-1
34,3,477.64,443.88,113.33,300.70,0.7295,-1,-1,-1
34,4,1753.86,450.56,159.96,366.21,0.3172,-1,-1,-1
34,5,715.83,456.82,46.50,120.80,0.3647,-1,-1,-1
34,14,1450.07,431.05,48.69,126.43,0.6021,-1,-1,-1
35,1,1622.79,393.23,192.69,455.52,0.8494,-1,-1,-1
35,2,604.70,444.10,93.17,270.83,0.7727,-1,-1,-1
35,3,477.17,443.82,112.85,300.45,0.7405,-1,-1,-1
35,4,1754.88,427.86,172.34,399.74,0.4109,-1,-1,-1
35,5,716.71,458.58,45.26,119.12,0.3464,-1,-1,-1
35,14,1452.40,432.27,46.33,124.32,0.5704,-1,-1,-1
36,1,1632.68,395.95,207.43,470.02,0.8186,-1,-1,-1
36,2,606.12,444.32,92.05,270.36,0.7727,-1,-1,-1
36,3,476.28,443.99,113.61,302.29,0.7073,-1,-1,-1
36,4,1756.92,415.63,170.88,406.14,0.5498,-1,-1,-1
36,5,715.22,456.91,45.37,119.95,0.3124,-1,-1,-1
36,14,1454.84,433.17,45.67,124.59,0.5763,-1,-1,-1
36,15,1077.33,450.39,54.67,145.61,0.3278,-1,-1,-1
37,1,1646.44,397.82,226.11,472.34,0.7919,-1,-1,-1
37,2,607.84,445.01,91.29,269.81,0.7701,-1,-1,-1
37,3,477.54,444.71,111.22,294.44,0.6661,-1,-1,-1
37,4,1765.27,419.70,162.67,400.55,0.6041,-1,-1,-1
37,5,715.03,454.19,46.15,123.31,0.3143,-1,-1,-1
37,14,1459.52,433.35,45.46,125.38,0.5473,-1,-1,-1
38,1,1635.94,402.99,241.68,472.28,0.8537,-1,-1,-1
38,2,608.09,443.94,91.56,271.43,0.7670,-1,-1,-1
38,3,479.08,444.78,110.65,288.68,0.6848,-1,-1,-1
38,5,711.96,452.88,48.06,129.38,0.3084,-1,-1,-1
38,11,1256.00,430.56,39.96,114.62,0.3234,-1,-1,-1
38,14,1461.77,432.07,45.47,126.20,0.6036,-1,-1,-1
39,1,1635.02,404.42,253.27,470.68,0.8708,-1,-1,-1
39,2,608.83,443.01,92.28,272.58,0.7798,-1,-1,-1
39,3,478.40,444.51,113.22,294.03,0.7065,-1,-1,-1
39,4,1793.25,429.83,143.44,376.07,0.5196,-1,-1,-1
39,11,1256.44,430.52,40.27,114.98,0.4197,-1,-1,-1
39,14,1463.65,431.83,45.44,125.62,0.5842,-1,-1,-1
40,1,1634.83,404.46,263.01,472.74,0.8623,-1,-1,-1
40,2,609.57,443.80,92.04,272.29,0.7745,-1,-1,-1
40,3,477.81,445.94,114.66,295.58,0.6819,-1,-1,-1
40,4,1801.61,423.06,135.97,388.76,0.5961,-1,-1,-1
40,11,1256.01,431.61,39.67,114.07,0.4412,-1,-1,-1
40,14,1466.47,433.16,45.27,123.51,0.5641,-1,-1,-1
41,1,1639.99,400.56,275.83,484.16,0.8655,-1,-1,-1
41,2,612.34,443.58,92.12,272.74,0.7916,-1,-1,-1
41,3,478.76,447.39,114.16,294.91,0.6836,-1,-1,-1
41,4,1812.50,397.49,126.33,419.35,0.6854,-1,-1,-1
41,5,705.70,451.89,48.32,127.91,0.3103,-1,-1,-1
41,11,1256.33,430.60,40.01,115.15,0.4799,-1,-1,-1
41,14,1468.03,434.41,45.65,120.97,0.5075,-1,-1,-1
42,1,1642.99,401.03,271.67,478.02,0.8417,-1,-1,-1
42,2,613.40,442.75,91.26,272.02,0.7989,-1,-1,-1
42,3,475.36,447.48,117.68,303.11,0.6607,-1,-1,-1
42,4,1823.28,391.22,115.29,427.24,0.6497,-1,-1,-1
42,11,1256.66,430.03,40.32,115.60,0.4901,-1,-1,-1
42,14,1469.46,434.70,46.67,120.87,0.5558,-1,-1,-1
42,15,1080.94,454.90,52.63,141.12,0.3295,-1,-1,-1
43,1,1652.02,403.75,267.05,479.23,0.8501,-1,-1,-1
43,2,615.03,443.50,90.66,271.52,0.7886,-1,-1,-1
43,3,469.04,445.52,120.65,308.32,0.6241,-1,-1,-1
43,4,1833.22,393.58,105.54,426.22,0.5920,-1,-1,-1
43,11,1257.14,426.68,41.62,118.73,0.4712,-1,-1,-1
43,14,1471.12,433.26,48.17,122.08,0.5799,-1,-1,-1
44,1,1660.35,392.80,259.04,485.82,0.8458,-1,-1,-1
44,2,615.29,443.72,90.82,271.19,0.7992,-1,-1,-1
44,3,468.98,446.05,123.29,314.08,0.6486,-1,-1,-1
44,4,1845.57,415.57,92.85,399.28,0.4901,-1,-1,-1
44,11,1256.96,426.81,41.70,118.84,0.4573,-1,-1,-1
44,14,1473.66,435.28,47.86,120.47,0.5326,-1,-1,-1
44,15,1080.54,450.74,53.87,147.40,0.3550,-1,-1,-1
45,1,1677.73,393.37,244.89,483.76,0.7946,-1,-1,-1
45,2,616.53,442.92,91.03,271.56,0.7777,-1,-1,-1
45,3,467.57,443.45,123.57,315.26,0.6357,-1,-1,-1
45,4,1852.16,423.52,86.90,391.56,0.3503,-1,-1,-1
45,11,1257.71,426.00,41.94,119.53,0.4573,-1,-1,-1
45,14,1476.36,433.82,47.12,121.52,0.4938,-1,-1,-1
45,15,1080.11,449.46,53.68,148.77,0.3824,-1,-1,-1
46,1,1695.50,391.80,239.83,487.04,0.6319,-1,-1,-1
46,2,617.87,442.10,92.35,272.77,0.7591,-1,-1,-1
46,3,466.55,444.96,125.29,318.58,0.6338,-1,-1,-1
46,4,1854.39,398.75,89.44,434.18,0.3963,-1,-1,-1
46,11,1258.17,424.09,42.53,121.49,0.4613,-1,-1,-1
46,14,1480.23,435.27,44.28,119.58,0.5208,-1,-1,-1
46,15,1080.22,448.99,53.02,148.13,0.3022,-1,-1,-1
47,1,1735.32,385.40,217.06,495.17,0.7059,-1,-1,-1
47,2,616.85,441.52,92.68,272.90,0.7759,-1,-1,-1
47,3,464.98,444.34,126.47,320.22,0.6297,-1,-1,-1
47,11,1258.94,424.21,42.55,121.01,0.4921,-1,-1,-1
47,14,1484.12,431.96,42.76,121.03,0.5143,-1,-1,-1
48,1,1755.49,386.15,183.96,489.84,0.7899,-1,-1,-1
48,2,618.84,441.17,92.90,272.49,0.7453,-1,-1,-1
48,3,468.21,443.76,124.50,318.34,0.6478,-1,-1,-1
48,11,1258.79,426.77,41.45,118.37,0.4474,-1,-1,-1
48,17,700.48,453.27,58.03,207.86,0.3822,-1,-1,-1
49,1,1778.98,385.34,158.29,491.93,0.8007,-1,-1,-1
49,2,619.40,441.35,93.19,271.78,0.7551,-1,-1,-1
49,3,469.82,444.40,122.80,317.32,0.6377,-1,-1,-1
49,11,1259.53,433.58,39.81,113.24,0.4593,-1,-1,-1
49,17,701.33,454.85,58.29,207.19,0.4384,-1,-1,-1
50,1,1797.58,385.75,134.36,497.20,0.8414,-1,-1,-1
50,2,619.67,441.77,95.37,272.29,0.7557,-1,-1,-1
50,3,465.26,443.67,123.08,315.91,0.6202,-1,-1,-1
50,11,1259.81,437.68,38.58,109.42,0.4423,-1,-1,-1
50,14,1497.23,436.73,41.70,119.36,0.3530,-1,-1,-1
50,17,704.83,451.60,59.66,210.67,0.3771,-1,-1,-1
50,18,578.32,436.33,52.91,149.28,0.3445,-1,-1,-1
50,19,805.83,466.79,30.34,82.67,0.3112,-1,-1,-1
51,1,1807.60,383.88,120.64,498.65,0.8291,-1,-1,-1
51,2,619.96,441.48,97.08,272.38,0.7625,-1,-1,-1
51,3,457.82,443.37,126.05,314.41,0.6074,-1,-1,-1
51,11,1259.75,435.38,39.39,111.70,0.4812,-1,-1,-1
51,14,1501.05,438.37,41.09,116.46,0.4200,-1,-1,-1
51,17,705.96,456.88,59.10,205.84,0.3362,-1,-1,-1
51,18,581.73,439.84,51.40,145.02,0.3439,-1,-1,-1
52,1,1817.30,386.33,109.50,493.15,0.8109,-1,-1,-1
52,2,620.56,442.75,97.41,271.35,0.7491,-1,-1,-1
52,3,466.44,444.88,125.33,314.69,0.6583,-1,-1,-1
52,11,1259.06,432.69,39.66,113.24,0.4705,-1,-1,-1
52,14,1502.96,437.14,42.51,118.27,0.4076,-1,-1,-1
52,15,1080.70,452.59,51.48,142.64,0.3608,-1,-1,-1
52,17,706.61,456.88,60.14,205.99,0.3014,-1,-1,-1
52,18,586.66,444.74,49.22,139.58,0.3522,-1,-1,-1
53,1,1820.12,384.06,105.56,500.76,0.7787,-1,-1,-1
53,2,620.87,443.58,96.80,270.00,0.7479,-1,-1,-1
53,3,465.55,446.31,125.18,311.90,0.6521,-1,-1,-1
53,5,731.32,451.14,44.28,116.88,0.3247,-1,-1,-1
53,11,1259.54,430.53,40.52,115.41,0.5284,-1,-1,-1
53,14,1504.13,434.06,44.84,120.99,0.3675,-1,-1,-1
53,17,698.88,454.84,62.14,207.00,0.4763,-1,-1,-1
53,18,589.36,449.05,47.51,135.33,0.3016,-1,-1,-1
53,20,1523.13,434.22,38.98,118.47,0.3648,-1,-1,-1
54,1,1819.33,391.09,103.23,496.01,0.7337,-1,-1,-1
54,2,622.80,442.57,97.19,272.47,0.7377,-1,-1,-1
54,3,467.40,445.94,125.45,314.11,0.6934,-1,-1,-1
54,11,1259.43,430.32,40.43,115.17,0.5063,-1,-1,-1
54,17,700.54,453.08,64.86,208.68,0.3682,-1,-1,-1
54,20,1526.63,442.57,36.41,110.88,0.4731,-1,-1,-1
55,1,1822.81,421.03,97.42,466.62,0.7186,-1,-1,-1
55,2,621.77,441.96,95.72,273.14,0.7448,-1,-1,-1
55,3,468.74,445.00,124.28,315.29,0.7045,-1,-1,-1
55,11,1259.51,429.57,40.74,116.34,0.5005,-1,-1,-1
55,14,1504.08,436.88,44.72,116.85,0.3274,-1,-1,-1
55,17,698.28,455.45,65.78,206.85,0.3818,-1,-1,-1
55,18,587.12,449.21,47.54,134.84,0.3505,-1,-1,-1
55,20,1529.42,437.68,37.66,114.99,0.4749,-1,-1,-1
56,1,1825.63,435.48,94.45,451.72,0.5919,-1,-1,-1
56,2,622.33,441.47,94.90,273.61,0.7329,-1,-1,-1
56,3,470.77,445.46,122.28,313.99,0.7116,-1,-1,-1
56,11,1259.57,426.58,41.45,118.93,0.5103,-1,-1,-1
56,15,1082.18,455.45,50.42,139.34,0.3269,-1,-1,-1
56,17,696.54,455.90,65.88,206.18,0.4708,-1,-1,-1
56,18,585.87,446.53,48.59,137.20,0.3661,-1,-1,-1
56,20,1531.07,441.77,36.07,110.72,0.4985,-1,-1,-1
57,2,622.21,442.65,93.44,272.78,0.7314,-1,-1,-1
57,3,470.39,447.17,121.73,312.44,0.6682,-1,-1,-1
57,4,1825.78,395.33,98.95,491.21,0.3788,-1,-1,-1
57,11,1260.40,431.68,39.66,113.46,0.5175,-1,-1,-1
57,17,695.65,455.53,67.44,209.52,0.5811,-1,-1,-1
57,18,582.73,442.08,50.18,142.85,0.4223,-1,-1,-1
57,20,1532.63,437.85,36.93,114.21,0.4886,-1,-1,-1
58,2,625.84,443.84,93.05,271.30,0.7337,-1,-1,-1
58,3,472.79,445.43,120.82,312.23,0.6648,-1,-1,-1
58,4,1828.83,430.20,91.96,457.12,0.3319,-1,-1,-1
58,11,1261.06,432.91,39.56,112.48,0.5224,-1,-1,-1
58,18,582.56,446.40,48.61,138.70,0.3945,-1,-1,-1
58,20,1532.44,435.76,37.12,116.48,0.4184,-1,-1,-1
59,2,626.09,442.91,93.08,272.00,0.7172,-1,-1,-1
59,3,473.91,443.16,121.62,316.87,0.7116,-1,-1,-1
59,11,1261.39,432.81,40.22,112.42,0.5377,-1,-1,-1
59,17,697.56,459.23,68.28,211.81,0.4736,-1,-1,-1
59,18,584.71,449.01,47.57,134.88,0.3648,-1,-1,-1
59,20,1534.54,434.36,37.21,118.80,0.3591,-1,-1,-1
60,2,625.02,443.18,93.82,274.95,0.7132,-1,-1,-1
60,3,474.56,441.40,124.33,319.37,0.7233,-1,-1,-1
60,11,1261.09,435.01,40.26,110.95,0.5482,-1,-1,-1
60,17,697.68,455.75,69.30,216.12,0.5750,-1,-1,-1
60,18,585.42,450.58,47.41,133.28,0.3243,-1,-1,-1
61,2,624.12,443.78,94.48,277.44,0.7075,-1,-1,-1
61,3,477.86,443.59,126.16,316.03,0.6856,-1,-1,-1
61,11,1259.74,428.71,42.46,117.15,0.5334,-1,-1,-1
61,15,1082.87,452.49,50.77,142.36,0.3025,-1,-1,-1
61,17,698.83,455.72,69.15,216.84,0.5448,-1,-1,-1
62,2,622.81,444.79,92.89,275.38,0.7224,-1,-1,-1
62,3,483.21,442.90,130.02,318.57,0.7249,-1,-1,-1
62,11,1259.33,430.23,41.58,115.16,0.5512,-1,-1,-1
62,17,698.23,454.02,69.08,218.77,0.6201,-1,-1,-1
63,2,620.02,443.71,94.30,280.20,0.7393,-1,-1,-1
63,3,482.47,440.43,133.38,320.10,0.7251,-1,-1,-1
63,11,1259.55,431.33,40.88,113.44,0.5324,-1,-1,-1
63,17,697.73,458.33,68.35,213.78,0.6620,-1,-1,-1
64,2,618.92,444.25,93.64,278.49,0.7432,-1,-1,-1
64,3,486.70,442.25,134.51,318.31,0.7205,-1,-1,-1
64,11,1259.59,433.87,39.84,110.29,0.5248,-1,-1,-1
64,17,696.62,452.23,70.41,221.30,0.6377,-1,-1,-1
65,2,619.04,447.40,92.75,276.13,0.7429,-1,-1,-1
65,3,495.50,445.74,132.74,315.81,0.7891,-1,-1,-1
65,11,1259.89,438.63,38.72,105.96,0.5287,-1,-1,-1
65,15,1082.90,436.69,54.04,157.67,0.3378,-1,-1,-1
65,17,695.03,449.78,71.13,226.38,0.6806,-1,-1,-1
66,2,619.90,448.14,91.98,275.62,0.7595,-1,-1,-1
66,3,497.77,447.48,135.11,316.92,0.7284,-1,-1,-1
66,11,1259.72,439.34,38.91,105.40,0.5299,-1,-1,-1
66,17,697.60,453.16,69.77,222.84,0.6783,-1,-1,-1
66,21,921.80,432.53,51.11,156.38,0.3083,-1,-1,-1
67,2,619.39,447.16,92.13,275.08,0.7469,-1,-1,-1
67,3,492.05,447.41,139.80,322.03,0.6449,-1,-1,-1
67,11,1260.40,441.34,38.10,102.97,0.5143,-1,-1,-1
67,14,1539.93,422.34,46.47,128.78,0.4049,-1,-1,-1
67,17,698.68,453.83,70.32,223.39,0.6747,-1,-1,-1
68,2,617.38,446.22,93.54,275.40,0.7347,-1,-1,-1
68,3,492.51,448.97,140.88,317.55,0.6441,-1,-1,-1
68,11,1259.72,436.49,39.82,108.08,0.4908,-1,-1,-1
68,14,1542.59,428.70,43.26,122.82,0.3741,-1,-1,-1
68,15,1083.76,435.95,53.00,159.27,0.3227,-1,-1,-1
68,17,700.45,455.63,69.75,219.98,0.6769,-1,-1,-1
69,2,615.51,446.85,94.99,275.14,0.7571,-1,-1,-1
69,3,492.93,446.25,144.72,320.93,0.6178,-1,-1,-1
69,11,1259.69,436.73,39.60,107.68,0.5127,-1,-1,-1
69,14,1541.53,421.43,45.32,130.38,0.4737,-1,-1,-1
69,17,698.69,456.56,70.66,220.54,0.6660,-1,-1,-1
70,2,612.81,445.80,97.02,275.12,0.7602,-1,-1,-1
70,3,493.31,443.09,146.35,322.65,0.7277,-1,-1,-1
70,11,1259.66,437.77,39.26,106.71,0.5124,-1,-1,-1
70,14,1542.59,420.01,46.25,132.64,0.5866,-1,-1,-1
70,17,698.73,457.80,70.76,219.91,0.6304,-1,-1,-1
71,2,611.78,445.51,98.39,276.46,0.7686,-1,-1,-1
71,3,496.85,442.93,146.30,324.04,0.7339,-1,-1,-1
71,11,1259.53,437.17,39.46,107.34,0.5172,-1,-1,-1
71,14,1542.84,420.48,46.55,132.41,0.5760,-1,-1,-1
71,17,697.76,458.94,70.19,219.62,0.5866,-1,-1,-1
72,2,612.04,444.33,98.27,277.61,0.7655,-1,-1,-1
72,3,498.09,444.04,145.36,323.09,0.7412,-1,-1,-1
72,11,1259.01,430.54,41.55,113.95,0.5145,-1,-1,-1
72,14,1542.74,420.66,46.30,131.91,0.5699,-1,-1,-1
72,17,698.87,458.46,70.69,221.18,0.5837,-1,-1,-1
73,2,614.60,443.50,97.35,278.34,0.7676,-1,-1,-1
73,3,501.35,444.80,143.24,323.24,0.7758,-1,-1,-1
73,11,1259.40,430.82,41.20,113.36,0.5074,-1,-1,-1
73,14,1544.64,419.31,45.98,132.75,0.5323,-1,-1,-1
73,17,700.69,458.36,70.57,220.21,0.5996,-1,-1,-1
73,21,920.67,429.65,52.12,157.66,0.3381,-1,-1,-1
74,2,617.13,442.45,95.66,280.94,0.7757,-1,-1,-1
74,3,504.85,444.12,143.13,327.24,0.7379,-1,-1,-1
74,11,1259.62,428.46,41.92,116.20,0.5172,-1,-1,-1
74,15,1077.97,441.34,51.88,153.54,0.3236,-1,-1,-1
74,17,703.81,454.91,72.38,222.49,0.5739,-1,-1,-1
75,2,617.83,440.25,93.47,283.33,0.7706,-1,-1,-1
75,3,505.30,442.05,141.37,326.08,0.7339,-1,-1,-1
75,11,1259.11,428.21,42.01,117.02,0.5276,-1,-1,-1
75,15,1078.75,439.39,53.05,156.87,0.3294,-1,-1,-1
75,17,704.05,454.56,73.13,221.51,0.6329,-1,-1,-1
76,2,620.40,441.67,90.66,281.65,0.7708,-1,-1,-1
76,3,510.90,446.61,135.05,319.44,0.7659,-1,-1,-1
76,11,1259.48,427.84,41.89,116.98,0.5213,-1,-1,-1
76,15,1077.30,440.69,52.56,154.30,0.3032,-1,-1,-1
76,17,704.40,450.97,76.19,225.45,0.6644,-1,-1,-1
77,2,620.42,441.12,89.23,284.36,0.7672,-1,-1,-1
77,3,515.29,447.08,131.60,319.49,0.7638,-1,-1,-1
77,11,1259.59,427.77,41.79,116.95,0.5267,-1,-1,-1
77,17,703.73,446.97,79.16,229.47,0.6311,-1,-1,-1
78,2,625.65,441.67,85.31,280.72,0.7763,-1,-1,-1
78,3,513.94,445.26,131.26,322.09,0.7205,-1,-1,-1
78,11,1262.15,441.70,37.29,102.53,0.4773,-1,-1,-1
78,17,705.95,452.80,80.19,224.53,0.6610,-1,-1,-1
79,2,627.38,440.39,83.23,282.30,0.7683,-1,-1,-1
79,3,513.21,446.09,131.14,322.79,0.5523,-1,-1,-1
79,11,1261.92,439.35,38.55,104.98,0.4630,-1,-1,-1
79,17,709.45,457.58,82.24,219.33,0.6625,-1,-1,-1
80,2,628.83,439.43,82.72,284.24,0.7412,-1,-1,-1
80,3,510.98,445.65,132.84,325.37,0.5070,-1,-1,-1
80,11,1261.55,436.78,39.78,107.62,0.4883,-1,-1,-1
80,17,711.83,458.44,87.26,219.23,0.7267,-1,-1,-1
81,2,630.56,436.43,83.50,289.19,0.7146,-1,-1,-1
81,3,509.20,445.46,135.01,328.51,0.4905,-1,-1,-1
81,11,1261.22,434.71,40.64,109.61,0.4970,-1,-1,-1
81,17,712.18,458.54,91.23,220.24,0.7116,-1,-1,-1
82,2,631.07,439.30,82.44,288.26,0.6814,-1,-1,-1
82,3,534.18,447.26,128.37,332.02,0.5208,-1,-1,-1
82,11,1261.64,439.20,39.43,105.52,0.5000,-1,-1,-1
82,17,712.76,458.61,95.87,220.63,0.7306,-1,-1,-1
82,22,488.29,447.74,51.48,131.98,0.3795,-1,-1,-1
83,2,632.80,441.32,82.10,287.94,0.6484,-1,-1,-1
83,3,542.95,444.83,123.49,336.15,0.4476,-1,-1,-1
83,11,1261.77,434.62,41.22,110.33,0.4573,-1,-1,-1
83,15,1081.01,443.31,52.74,153.43,0.3024,-1,-1,-1
83,17,713.79,458.04,99.02,222.81,0.7128,-1,-1,-1
83,22,489.67,448.19,49.77,127.55,0.3089,-1,-1,-1
83,23,501.10,451.03,101.80,302.81,0.5310,-1,-1,-1
84,2,634.57,442.56,83.18,288.05,0.5866,-1,-1,-1
84,3,549.21,442.31,116.69,339.56,0.5377,-1,-1,-1
84,11,1262.07,435.52,40.84,109.57,0.4270,-1,-1,-1
84,17,715.46,460.55,100.88,220.67,0.7028,-1,-1,-1
84,22,487.59,448.60,51.29,131.60,0.3263,-1,-1,-1
84,23,505.15,451.40,97.65,291.44,0.4673,-1,-1,-1
85,2,633.80,444.23,83.88,287.79,0.5711,-1,-1,-1
85,3,545.95,438.72,114.88,346.36,0.4759,-1,-1,-1
85,11,1263.25,439.76,39.25,105.07,0.3931,-1,-1,-1
85,15,1080.90,455.42,49.34,140.87,0.3130,-1,-1,-1
85,17,718.29,458.10,102.19,224.56,0.7238,-1,-1,-1
85,22,487.42,448.07,52.19,133.67,0.3928,-1,-1,-1
85,23,506.89,451.89,99.68,299.71,0.4013,-1,-1,-1
86,2,635.90,444.30,85.82,288.36,0.5456,-1,-1,-1
86,3,543.78,440.56,111.44,343.48,0.3968,-1,-1,-1
86,11,1263.64,440.36,38.98,104.15,0.4200,-1,-1,-1
86,17,719.27,456.48,101.93,225.94,0.7347,-1,-1,-1
86,22,488.31,449.05,52.69,135.01,0.4018,-1,-1,-1
86,23,510.99,452.37,100.31,304.96,0.4522,-1,-1,-1
87,2,636.41,443.68,86.47,288.42,0.5310,-1,-1,-1
87,3,544.23,441.13,109.39,342.75,0.4050,-1,-1,-1
87,11,1261.96,433.20,41.14,110.86,0.4075,-1,-1,-1
87,17,720.13,455.91,101.42,225.33,0.7198,-1,-1,-1
87,21,920.59,428.26,53.65,160.75,0.3110,-1,-1,-1
87,22,487.69,450.79,52.08,133.89,0.3494,-1,-1,-1
87,23,511.63,452.54,100.49,308.12,0.4478,-1,-1,-1
88,2,639.49,446.82,87.62,285.72,0.5827,-1,-1,-1
88,3,549.06,441.25,106.82,342.05,0.4498,-1,-1,-1
88,11,1261.83,430.56,41.85,113.53,0.4245,-1,-1,-1
88,17,722.00,453.50,101.49,228.39,0.6862,-1,-1,-1
88,23,511.64,451.20,99.75,307.97,0.4861,-1,-1,-1
88,26,590.46,449.83,72.56,279.71,0.3929,-1,-1,-1
89,2,641.64,449.58,88.53,283.63,0.5881,-1,-1,-1
89,11,1262.03,431.09,41.72,113.46,0.4326,-1,-1,-1
89,17,723.19,451.20,101.28,231.01,0.7351,-1,-1,-1
89,23,508.75,450.39,98.78,306.44,0.5514,-1,-1,-1
89,26,589.20,450.36,72.84,279.93,0.4552,-1,-1,-1
90,2,642.57,445.76,89.32,286.66,0.6022,-1,-1,-1
90,3,554.16,439.09,104.36,344.91,0.3946,-1,-1,-1
90,11,1262.44,435.49,40.24,108.72,0.4309,-1,-1,-1
90,15,1078.91,460.49,49.37,135.59,0.3299,-1,-1,-1
90,17,726.81,451.72,99.09,230.56,0.7265,-1,-1,-1
90,21,917.40,425.64,55.87,161.60,0.3176,-1,-1,-1
90,23,513.74,448.95,98.02,305.59,0.5634,-1,-1,-1
90,26,591.20,449.18,73.13,281.14,0.4331,-1,-1,-1
91,2,644.17,441.73,91.43,292.46,0.6814,-1,-1,-1
91,11,1260.98,437.71,39.71,107.96,0.3939,-1,-1,-1
91,15,1077.53,462.74,50.61,132.70,0.3910,-1,-1,-1
91,17,730.04,454.28,96.39,228.04,0.6912,-1,-1,-1
91,23,513.24,449.23,96.54,298.86,0.6319,-1,-1,-1
91,26,586.10,446.63,75.60,284.95,0.5621,-1,-1,-1
92,2,642.91,437.89,93.60,296.53,0.6772,-1,-1,-1
92,11,1260.26,436.63,40.09,109.05,0.4563,-1,-1,-1
92,15,1077.58,458.61,52.19,135.69,0.3438,-1,-1,-1
92,17,731.49,454.38,95.43,227.51,0.6874,-1,-1,-1
92,23,511.73,448.02,97.95,302.03,0.6139,-1,-1,-1
92,26,585.31,445.50,76.96,286.43,0.4986,-1,-1,-1
93,2,642.21,438.38,94.59,296.22,0.6733,-1,-1,-1
93,11,1260.06,435.94,40.26,109.69,0.4624,-1,-1,-1
93,15,1077.75,458.59,52.89,136.22,0.4071,-1,-1,-1
93,17,734.71,457.67,93.21,223.81,0.7076,-1,-1,-1
93,23,511.99,447.86,98.48,302.83,0.6227,-1,-1,-1
93,26,585.79,445.70,77.45,286.17,0.4922,-1,-1,-1
94,2,643.53,439.96,94.64,297.40,0.7237,-1,-1,-1
94,3,555.65,434.32,103.93,363.10,0.4398,-1,-1,-1
94,11,1260.31,437.11,39.95,108.66,0.4625,-1,-1,-1
94,15,1077.49,463.46,51.63,131.41,0.3343,-1,-1,-1
94,17,736.92,454.22,93.67,227.39,0.7048,-1,-1,-1
94,23,514.52,448.71,97.54,302.71,0.5699,-1,-1,-1
94,26,588.58,446.38,77.01,287.27,0.4786,-1,-1,-1
95,2,643.95,440.29,96.06,297.76,0.7413,-1,-1,-1
95,3,553.43,433.46,102.03,365.87,0.4046,-1,-1,-1
95,11,1258.91,435.60,41.05,110.55,0.5238,-1,-1,-1
95,17,738.31,452.18,93.79,230.78,0.6683,-1,-1,-1
95,23,512.46,448.26,97.47,302.13,0.5600,-1,-1,-1
95,26,588.15,446.52,76.13,282.61,0.4523,-1,-1,-1
96,2,642.81,441.48,96.78,296.70,0.7595,-1,-1,-1
96,3,551.11,439.54,102.52,360.71,0.3816,-1,-1,-1
96,11,1258.18,434.95,41.46,111.49,0.4772,-1,-1,-1
96,17,742.73,455.10,91.19,228.14,0.6825,-1,-1,-1
96,23,509.53,446.87,98.21,303.99,0.5007,-1,-1,-1
96,26,588.26,446.53,75.91,279.89,0.4054,-1,-1,-1
97,2,645.03,441.65,96.97,296.20,0.7520,-1,-1,-1
97,3,543.02,445.50,103.77,346.87,0.3685,-1,-1,-1
97,11,1257.72,433.05,41.87,112.99,0.4491,-1,-1,-1
97,17,746.16,456.38,90.56,229.19,0.6975,-1,-1,-1
97,23,509.18,446.53,98.35,303.59,0.5032,-1,-1,-1
97,26,587.08,446.40,76.54,280.87,0.3891,-1,-1,-1
98,2,647.02,442.77,97.57,295.47,0.7792,-1,-1,-1
98,3,553.29,441.37,108.44,357.00,0.5219,-1,-1,-1
98,11,1258.14,437.77,40.82,108.75,0.5486,-1,-1,-1
98,17,750.72,458.12,89.42,228.19,0.7152,-1,-1,-1
98,23,506.49,446.57,99.22,304.81,0.5049,-1,-1,-1
99,2,647.93,442.74,98.19,295.49,0.7606,-1,-1,-1
99,3,560.48,443.21,106.81,356.17,0.5669,-1,-1,-1
99,11,1258.26,440.30,40.02,106.21,0.5311,-1,-1,-1
99,17,750.55,456.25,90.12,230.02,0.7761,-1,-1,-1
99,23,503.55,444.30,100.83,305.15,0.5339,-1,-1,-1
100,2,649.19,441.92,99.35,297.08,0.6840,-1,-1,-1
100,3,567.25,444.33,103.55,353.49,0.5904,-1,-1,-1
100,11,1258.11,441.64,39.75,105.12,0.5535,-1,-1,-1
100,17,751.82,453.48,89.32,232.53,0.7635,-1,-1,-1
100,23,499.02,440.24,101.46,303.94,0.5654,-1,-1,-1
101,2,650.14,442.67,100.96,296.63,0.7108,-1,-1,-1
101,3,562.61,442.24,105.99,358.70,0.6094,-1,-1,-1
101,11,1257.71,441.82,39.58,104.86,0.5546,-1,-1,-1
101,17,753.26,456.08,87.68,232.11,0.7579,-1,-1,-1
101,23,498.93,442.72,103.48,305.43,0.5476,-1,-1,-1
102,2,651.47,441.62,100.60,293.21,0.7176,-1,-1,-1
102,3,564.92,444.11,105.13,357.78,0.6214,-1,-1,-1
102,11,1255.60,440.60,39.45,106.35,0.5570,-1,-1,-1
102,17,754.33,457.03,87.68,230.41,0.7433,-1,-1,-1
102,23,497.51,441.08,103.07,305.47,0.5780,-1,-1,-1
103,2,652.88,440.46,102.56,294.44,0.7067,-1,-1,-1
103,3,566.73,444.34,105.24,357.79,0.5751,-1,-1,-1
103,11,1257.61,443.02,38.29,103.68,0.4840,-1,-1,-1
103,17,754.02,457.24,86.95,227.54,0.7246,-1,-1,-1
103,23,498.25,444.14,101.39,301.55,0.5501,-1,-1,-1
104,2,655.14,440.39,103.71,296.04,0.7207,-1,-1,-1
104,3,553.84,439.25,112.82,362.82,0.6641,-1,-1,-1
104,11,1255.71,442.39,38.43,105.07,0.4853,-1,-1,-1
104,17,755.01,458.00,87.66,229.66,0.7326,-1,-1,-1
104,23,500.81,445.21,103.46,305.74,0.3812,-1,-1,-1
105,2,656.21,439.80,104.77,297.95,0.7537,-1,-1,-1
105,3,543.87,436.63,122.63,363.83,0.7286,-1,-1,-1
105,11,1256.08,442.80,38.07,104.67,0.4586,-1,-1,-1
105,17,758.21,459.93,87.42,232.70,0.7589,-1,-1,-1
106,2,657.79,441.85,104.24,294.41,0.7511,-1,-1,-1
106,3,540.91,438.33,127.41,363.04,0.6724,-1,-1,-1
106,11,1255.36,442.16,38.64,106.13,0.4402,-1,-1,-1
106,17,759.13,458.78,87.26,234.45,0.7376,-1,-1,-1
107,2,659.82,441.28,106.37,295.11,0.7627,-1,-1,-1
107,3,540.32,438.84,131.41,361.97,0.6664,-1,-1,-1
107,11,1254.45,445.03,36.35,101.31,0.3549,-1,-1,-1
107,17,760.88,459.66,86.91,235.76,0.7348,-1,-1,-1
108,2,659.88,438.46,106.56,296.70,0.7569,-1,-1,-1
108,3,542.23,437.00,135.39,366.83,0.6895,-1,-1,-1
108,17,759.59,454.18,89.74,244.67,0.7147,-1,-1,-1
109,2,661.02,438.26,107.80,298.96,0.7368,-1,-1,-1
109,3,543.85,437.14,137.94,367.58,0.6967,-1,-1,-1
109,17,761.11,454.92,89.14,243.83,0.6722,-1,-1,-1
110,2,660.55,437.74,107.15,302.16,0.7534,-1,-1,-1
110,3,543.87,438.27,139.62,367.03,0.6860,-1,-1,-1
110,17,760.66,457.42,88.77,241.61,0.7076,-1,-1,-1
111,2,662.03,438.00,108.20,306.79,0.7663,-1,-1,-1
111,3,544.37,441.16,141.63,366.25,0.6626,-1,-1,-1
111,11,1245.61,439.52,37.32,106.01,0.4356,-1,-1,-1
111,17,760.26,455.49,89.16,242.90,0.7134,-1,-1,-1
111,23,499.55,446.88,99.70,300.37,0.3627,-1,-1,-1
112,2,665.03,438.04,106.90,307.00,0.7777,-1,-1,-1
112,3,542.60,436.76,143.59,368.63,0.6822,-1,-1,-1
112,11,1244.13,439.40,37.58,106.71,0.4787,-1,-1,-1
112,17,760.19,451.61,90.08,247.91,0.7238,-1,-1,-1
113,2,665.90,437.97,108.11,313.90,0.7861,-1,-1,-1
113,3,547.41,435.58,142.14,370.48,0.6970,-1,-1,-1
113,11,1244.13,440.51,36.96,105.65,0.4759,-1,-1,-1
113,15,1074.52,441.54,59.79,155.53,0.3533,-1,-1,-1
113,17,762.51,451.29,89.05,247.75,0.7145,-1,-1,-1
114,2,666.87,439.52,106.19,315.38,0.7899,-1,-1,-1
114,3,540.95,434.18,145.04,371.72,0.6817,-1,-1,-1
114,11,1243.32,441.02,36.54,104.26,0.5743,-1,-1,-1
114,15,1076.31,440.76,58.60,155.57,0.3853,-1,-1,-1
114,17,764.60,454.04,87.88,244.29,0.7038,-1,-1,-1
115,2,668.26,439.02,103.66,313.46,0.7876,-1,-1,-1
115,3,557.04,436.16,139.12,370.12,0.6533,-1,-1,-1
115,11,1242.31,440.95,36.22,102.73,0.5540,-1,-1,-1
115,15,1079.43,439.76,57.57,155.45,0.3433,-1,-1,-1
115,17,767.24,455.08,88.01,243.54,0.6930,-1,-1,-1
116,2,670.94,438.93,100.57,310.81,0.7857,-1,-1,-1
116,3,556.10,435.43,137.57,372.38,0.6312,-1,-1,-1
116,11,1241.22,441.38,36.43,102.08,0.5973,-1,-1,-1
116,15,1081.39,441.93,55.87,153.42,0.4029,-1,-1,-1
116,17,767.19,451.11,89.45,248.11,0.6743,-1,-1,-1
117,2,671.74,440.43,100.02,311.20,0.7957,-1,-1,-1
117,3,547.67,434.36,139.47,372.99,0.6800,-1,-1,-1
117,11,1241.58,441.53,35.80,100.65,0.5698,-1,-1,-1
117,15,1081.68,443.07,54.61,151.19,0.4225,-1,-1,-1
117,17,769.81,452.34,88.15,246.15,0.6473,-1,-1,-1
118,2,672.72,440.25,98.02,314.12,0.7995,-1,-1,-1
118,3,542.45,435.60,143.47,378.13,0.6853,-1,-1,-1
118,11,1241.40,442.48,35.51,99.50,0.5427,-1,-1,-1
118,15,1081.50,440.60,55.51,154.82,0.4554,-1,-1,-1
118,17,767.61,455.32,86.03,243.83,0.6584,-1,-1,-1
119,2,673.52,440.76,97.56,319.46,0.8141,-1,-1,-1
119,3,530.11,441.34,152.90,379.58,0.7319,-1,-1,-1
119,11,1240.39,443.04,35.25,97.45,0.5295,-1,-1,-1
119,15,1082.57,443.68,54.02,150.94,0.4186,-1,-1,-1
119,17,769.81,451.73,88.25,245.57,0.7127,-1,-1,-1
120,2,676.61,441.63,96.43,319.66,0.8120,-1,-1,-1
120,3,527.79,443.98,158.92,377.94,0.7667,-1,-1,-1
120,11,1238.24,442.95,36.66,100.79,0.5371,-1,-1,-1
120,15,1082.16,444.66,53.66,150.15,0.3525,-1,-1,-1
120,17,771.78,451.77,90.39,247.27,0.7124,-1,-1,-1
121,2,677.75,441.16,95.60,320.63,0.8157,-1,-1,-1
121,3,525.59,445.34,164.87,378.17,0.7730,-1,-1,-1
121,11,1237.91,443.20,36.39,101.45,0.4970,-1,-1,-1
121,15,1082.51,445.73,53.36,149.50,0.3513,-1,-1,-1
121,17,772.11,454.12,92.72,245.19,0.6841,-1,-1,-1
122,2,680.96,439.97,95.84,320.20,0.8005,-1,-1,-1
122,3,525.96,446.27,169.60,380.63,0.8126,-1,-1,-1
122,11,1236.10,446.01,35.53,99.73,0.4612,-1,-1,-1
122,15,1083.80,449.86,51.77,145.11,0.3730,-1,-1,-1
122,17,779.31,452.61,95.90,248.67,0.5888,-1,-1,-1
123,2,682.45,439.11,95.28,323.15,0.8127,-1,-1,-1
123,3,527.08,442.45,172.89,388.12,0.8010,-1,-1,-1
123,11,1236.42,452.11,34.22,95.09,0.5373,-1,-1,-1
123,15,1083.83,448.65,51.86,146.20,0.3629,-1,-1,-1
123,17,778.72,458.48,99.36,243.37,0.7214,-1,-1,-1
124,2,683.74,438.15,94.75,325.68,0.8053,-1,-1,-1
124,3,527.66,441.98,174.70,393.09,0.6876,-1,-1,-1
124,11,1236.30,454.71,33.86,92.59,0.5575,-1,-1,-1
124,15,1084.96,449.14,51.04,144.75,0.3515,-1,-1,-1
124,17,777.94,457.13,103.37,245.41,0.7236,-1,-1,-1
125,2,684.04,437.46,94.02,327.30,0.8170,-1,-1,-1
125,3,528.23,441.91,174.87,391.20,0.7677,-1,-1,-1
125,11,1234.11,454.65,34.87,94.21,0.5475,-1,-1,-1
125,15,1083.42,454.67,49.38,139.24,0.3691,-1,-1,-1
125,17,781.65,460.54,104.13,243.37,0.7425,-1,-1,-1
126,2,685.52,437.81,94.57,326.86,0.8111,-1,-1,-1
126,3,541.63,442.03,168.92,390.58,0.6423,-1,-1,-1
126,11,1231.06,452.68,36.51,96.84,0.5450,-1,-1,-1
126,15,1082.32,457.17,48.64,137.01,0.3073,-1,-1,-1
126,17,779.98,456.86,105.01,247.24,0.7282,-1,-1,-1
127,2,684.87,438.21,96.25,327.95,0.8122,-1,-1,-1
127,3,543.38,440.25,165.18,392.26,0.6704,-1,-1,-1
127,11,1228.71,451.83,38.07,98.63,0.5223,-1,-1,-1
127,15,1081.65,458.53,48.59,135.96,0.3095,-1,-1,-1
127,17,780.98,456.43,104.33,248.88,0.7183,-1,-1,-1
128,2,686.22,437.68,99.39,328.80,0.8132,-1,-1,-1
128,3,552.22,440.58,160.12,391.49,0.6721,-1,-1,-1
128,11,1227.05,454.52,38.91,98.46,0.5056,-1,-1,-1
128,15,1081.31,459.23,49.26,135.58,0.3465,-1,-1,-1
128,17,782.74,463.26,100.83,241.16,0.6857,-1,-1,-1
129,2,683.69,437.82,101.70,328.13,0.8329,-1,-1,-1
129,3,554.42,441.78,157.33,390.19,0.6805,-1,-1,-1
129,11,1226.52,463.31,37.39,91.25,0.4230,-1,-1,-1
129,15,1083.96,458.24,50.01,137.32,0.3197,-1,-1,-1
129,17,785.48,459.31,102.13,244.41,0.6778,-1,-1,-1
129,31,492.24,463.03,37.86,106.13,0.3018,-1,-1,-1
130,2,682.44,437.50,103.60,328.50,0.8316,-1,-1,-1
130,3,550.28,442.21,158.41,389.40,0.6633,-1,-1,-1
130,11,1224.15,455.32,40.78,99.09,0.4340,-1,-1,-1
130,15,1082.53,460.85,49.60,134.35,0.3687,-1,-1,-1
130,17,786.49,458.97,101.84,245.30,0.7440,-1,-1,-1
130,31,491.10,463.70,38.31,107.32,0.3345,-1,-1,-1
131,2,681.65,436.93,104.35,330.58,0.8231,-1,-1,-1
131,3,562.97,440.32,155.76,391.01,0.5515,-1,-1,-1
131,11,1225.59,463.20,38.95,91.91,0.3967,-1,-1,-1
131,15,1084.93,458.33,50.60,137.05,0.3088,-1,-1,-1
131,17,789.61,458.71,101.81,247.49,0.7644,-1,-1,-1
131,31,491.81,460.03,38.06,105.74,0.3132,-1,-1,-1
132,2,683.10,435.87,103.44,331.48,0.8129,-1,-1,-1
132,3,567.33,440.22,153.38,389.77,0.5694,-1,-1,-1
132,17,791.70,456.30,101.83,249.80,0.7880,-1,-1,-1
133,2,683.72,435.60,102.88,331.52,0.8010,-1,-1,-1
133,3,578.72,438.28,147.76,391.52,0.6248,-1,-1,-1
133,17,792.73,458.22,100.52,248.31,0.7891,-1,-1,-1
133,23,543.61,445.94,88.38,236.27,0.3554,-1,-1,-1
133,31,491.94,460.78,39.48,109.00,0.3529,-1,-1,-1
134,2,685.39,434.08,103.36,333.10,0.7910,-1,-1,-1
134,3,579.07,439.82,144.99,390.15,0.6258,-1,-1,-1
134,11,1222.36,460.83,40.94,94.56,0.3002,-1,-1,-1
134,17,794.86,453.45,101.91,252.04,0.7736,-1,-1,-1
134,31,491.47,457.26,41.04,113.02,0.3044,-1,-1,-1
135,2,685.66,432.59,103.86,332.91,0.7845,-1,-1,-1
135,3,577.21,440.15,145.03,391.39,0.6394,-1,-1,-1
135,17,792.41,450.64,103.74,255.97,0.7166,-1,-1,-1
135,31,490.02,460.66,40.21,109.60,0.3709,-1,-1,-1
136,2,686.11,433.24,104.11,331.71,0.7736,-1,-1,-1
136,3,573.50,439.34,147.74,397.02,0.6531,-1,-1,-1
136,17,792.95,450.73,102.95,256.56,0.7076,-1,-1,-1
136,31,489.70,457.24,41.42,113.29,0.3798,-1,-1,-1
137,2,693.89,434.07,102.69,328.45,0.7812,-1,-1,-1
137,3,581.47,436.59,147.21,413.38,0.6708,-1,-1,-1
137,17,795.43,453.33,100.40,254.93,0.7601,-1,-1,-1
137,31,490.29,460.01,40.24,109.94,0.3790,-1,-1,-1
138,2,691.83,434.22,104.82,330.66,0.7634,-1,-1,-1
138,3,582.38,436.92,146.08,421.01,0.6509,-1,-1,-1
138,17,799.66,450.91,99.28,259.64,0.7548,-1,-1,-1
138,31,490.25,459.92,40.31,109.97,0.3530,-1,-1,-1
139,2,694.30,433.48,105.94,332.39,0.7558,-1,-1,-1
139,3,573.29,439.22,147.09,417.02,0.6134,-1,-1,-1
139,17,804.28,449.71,97.68,262.01,0.7271,-1,-1,-1
139,31,491.59,459.64,40.42,111.17,0.4722,-1,-1,-1
140,2,694.61,434.28,108.21,331.50,0.7594,-1,-1,-1
140,3,570.85,438.48,149.04,416.71,0.5618,-1,-1,-1
140,11,1212.98,450.10,42.31,102.97,0.3417,-1,-1,-1
140,17,806.05,452.48,93.02,263.04,0.6994,-1,-1,-1
140,31,491.43,460.23,40.26,111.61,0.4331,-1,-1,-1
141,2,694.16,432.85,111.59,334.84,0.7575,-1,-1,-1
141,3,565.96,438.46,152.31,418.55,0.5603,-1,-1,-1
141,11,1211.38,448.40,41.77,105.07,0.4119,-1,-1,-1
141,17,811.90,451.82,90.59,261.76,0.6511,-1,-1,-1
141,31,491.34,459.35,40.50,112.37,0.3644,-1,-1,-1
142,2,697.84,433.57,115.94,331.56,0.7614,-1,-1,-1
142,3,562.56,438.82,153.68,413.60,0.5183,-1,-1,-1
142,11,1209.45,447.93,40.81,104.78,0.4058,-1,-1,-1
142,17,813.94,447.16,92.21,269.36,0.6417,-1,-1,-1
142,31,490.67,460.65,40.00,111.09,0.3089,-1,-1,-1
143,2,699.40,436.31,120.37,329.73,0.7707,-1,-1,-1
143,3,571.20,434.59,156.33,430.08,0.5327,-1,-1,-1
143,11,1208.00,445.33,40.74,107.16,0.3844,-1,-1,-1
143,15,1079.92,453.82,52.04,141.22,0.3188,-1,-1,-1
143,17,815.68,447.40,90.50,267.72,0.6267,-1,-1,-1
144,2,699.28,436.69,126.69,331.72,0.7510,-1,-1,-1
144,3,553.10,437.38,162.76,434.90,0.5175,-1,-1,-1
144,11,1205.21,443.88,40.67,109.57,0.3247,-1,-1,-1
144,15,1080.53,461.07,49.72,134.13,0.3109,-1,-1,-1
144,17,818.76,448.76,88.74,264.38,0.5448,-1,-1,-1
144,31,480.15,462.71,41.54,111.50,0.3225,-1,-1,-1
145,2,699.31,438.57,131.72,330.22,0.7511,-1,-1,-1
145,3,547.01,437.26,169.78,440.84,0.6339,-1,-1,-1
145,11,1203.95,443.11,39.85,110.22,0.3647,-1,-1,-1
145,17,822.13,455.10,85.37,256.05,0.5678,-1,-1,-1
145,31,480.36,469.29,40.74,105.11,0.3476,-1,-1,-1
145,32,876.63,439.02,84.55,243.39,0.3471,-1,-1,-1
146,2,700.29,438.40,135.01,331.23,0.7430,-1,-1,-1
146,3,543.63,439.09,175.43,444.80,0.7284,-1,-1,-1
146,11,1204.59,443.63,37.82,107.29,0.4385,-1,-1,-1
146,15,1079.95,463.61,49.12,132.00,0.3145,-1,-1,-1
146,17,824.89,454.85,84.22,255.27,0.6558,-1,-1,-1
146,31,479.69,472.50,40.68,101.52,0.3686,-1,-1,-1
146,32,874.63,433.57,85.69,247.76,0.3552,-1,-1,-1
147,2,701.41,437.63,136.64,334.68,0.7977,-1,-1,-1
147,3,542.11,440.62,177.83,448.24,0.7202,-1,-1,-1
147,11,1203.39,447.43,35.93,101.57,0.4762,-1,-1,-1
147,15,1080.92,460.86,49.80,134.09,0.3542,-1,-1,-1
147,17,826.77,457.78,83.01,252.28,0.6119,-1,-1,-1
147,31,477.81,469.59,42.37,103.67,0.3377,-1,-1,-1
147,32,876.87,432.18,85.62,248.82,0.4328,-1,-1,-1
148,2,702.48,437.44,136.06,333.38,0.7744,-1,-1,-1
148,3,540.60,440.78,180.03,451.73,0.7250,-1,-1,-1
148,11,1202.45,446.71,36.61,104.28,0.4493,-1,-1,-1
148,15,1081.57,458.34,50.41,136.28,0.3643,-1,-1,-1
148,17,828.01,456.84,83.98,254.36,0.6526,-1,-1,-1
148,31,477.02,470.72,42.78,102.85,0.3711,-1,-1,-1
148,32,880.02,431.63,84.91,247.74,0.3675,-1,-1,-1
149,2,705.47,437.37,135.04,337.14,0.8076,-1,-1,-1
149,3,541.03,438.69,178.40,455.24,0.7301,-1,-1,-1
149,11,1201.15,448.09,36.24,101.32,0.4544,-1,-1,-1
149,15,1079.45,459.48,50.03,135.59,0.3016,-1,-1,-1
149,17,830.34,456.10,83.74,253.30,0.6589,-1,-1,-1
149,32,886.30,439.22,83.17,240.34,0.5616,-1,-1,-1
150,2,708.20,435.99,132.47,338.89,0.8110,-1,-1,-1
150,3,543.81,436.70,176.94,458.16,0.7688,-1,-1,-1
150,11,1199.44,450.20,36.38,98.56,0.4432,-1,-1,-1
150,15,1079.66,458.84,50.01,135.47,0.3430,-1,-1,-1
150,17,831.44,451.35,85.61,258.62,0.6492,-1,-1,-1
150,31,472.60,471.09,42.51,101.86,0.3354,-1,-1,-1
150,32,887.69,440.24,81.64,238.88,0.6119,-1,-1,-1
151,2,712.32,436.54,130.59,340.10,0.8001,-1,-1,-1
151,3,542.19,438.48,174.17,456.22,0.7591,-1,-1,-1
151,11,1198.70,451.16,36.94,98.17,0.4640,-1,-1,-1
151,15,1079.80,456.60,50.77,137.31,0.3181,-1,-1,-1
151,17,830.97,448.63,87.93,263.47,0.6711,-1,-1,-1
151,31,471.49,472.21,42.35,100.93,0.3664,-1,-1,-1
151,32,891.01,438.21,82.57,239.53,0.6622,-1,-1,-1
152,2,711.26,435.96,125.31,339.41,0.8059,-1,-1,-1
152,3,544.41,438.38,175.11,457.82,0.7525,-1,-1,-1
152,11,1197.18,451.14,37.73,98.22,0.4819,-1,-1,-1
152,17,829.42,444.79,90.76,273.60,0.7111,-1,-1,-1
152,32,890.27,437.90,82.88,240.94,0.4460,-1,-1,-1
153,2,714.41,435.04,124.95,341.67,0.8437,-1,-1,-1
153,3,535.23,437.47,171.44,456.59,0.7399,-1,-1,-1
153,11,1195.29,451.40,37.54,96.52,0.4862,-1,-1,-1
153,15,1078.55,452.19,52.35,141.66,0.3176,-1,-1,-1
153,17,830.60,445.33,89.86,271.50,0.7249,-1,-1,-1
154,2,716.90,435.57,123.49,340.57,0.8570,-1,-1,-1
154,3,533.82,431.95,170.24,462.30,0.7486,-1,-1,-1
154,11,1194.12,451.53,37.47,96.06,0.5308,-1,-1,-1
154,17,830.80,450.28,89.79,274.94,0.6949,-1,-1,-1
154,32,891.18,436.35,81.10,240.89,0.5447,-1,-1,-1
155,2,719.48,436.62,123.46,340.06,0.8591,-1,-1,-1
155,3,531.33,433.62,169.99,462.11,0.7408,-1,-1,-1
155,11,1192.71,452.09,37.63,96.27,0.5442,-1,-1,-1
155,17,831.76,448.39,90.07,279.03,0.6800,-1,-1,-1
155,32,894.15,436.36,80.04,244.48,0.6243,-1,-1,-1
156,2,721.40,433.53,122.85,342.22,0.8377,-1,-1,-1
156,3,530.01,434.58,167.97,461.11,0.7565,-1,-1,-1
156,11,1191.10,449.67,37.76,97.39,0.5351,-1,-1,-1
156,17,833.20,444.83,90.90,283.54,0.6884,-1,-1,-1
156,32,895.35,436.96,78.83,248.40,0.5882,-1,-1,-1
156,36,962.04,438.83,48.54,132.35,0.3095,-1,-1,-1
157,2,723.95,433.41,124.55,342.00,0.8118,-1,-1,-1
157,3,528.52,434.81,167.79,461.96,0.7262,-1,-1,-1
157,11,1189.90,452.92,36.23,94.61,0.4867,-1,-1,-1
157,17,836.90,444.60,89.72,282.09,0.6966,-1,-1,-1
157,32,898.97,437.32,78.44,250.42,0.4400,-1,-1,-1
157,36,959.54,437.99,51.67,141.22,0.4030,-1,-1,-1
157,37,659.73,439.15,87.00,341.31,0.4326,-1,-1,-1
158,2,728.15,433.14,125.90,341.01,0.7642,-1,-1,-1
158,3,530.61,431.84,168.89,464.83,0.7492,-1,-1,-1
158,11,1189.89,457.66,33.87,89.68,0.3838,-1,-1,-1
158,17,842.23,444.83,90.61,283.94,0.7171,-1,-1,-1
158,32,913.58,438.89,54.72,161.31,0.4436,-1,-1,-1
158,37,662.20,438.18,86.90,343.78,0.5344,-1,-1,-1
159,2,733.47,435.42,126.21,338.46,0.7617,-1,-1,-1
159,3,525.26,431.46,172.14,464.10,0.7795,-1,-1,-1
159,15,1078.70,457.89,50.12,135.70,0.3050,-1,-1,-1
159,17,842.72,445.14,89.38,285.23,0.7386,-1,-1,-1
159,32,904.65,441.73,79.82,232.29,0.4174,-1,-1,-1
159,37,665.36,437.32,86.69,345.33,0.5173,-1,-1,-1
160,2,735.30,430.68,125.10,344.39,0.7588,-1,-1,-1
160,3,527.08,432.67,170.59,461.12,0.7844,-1,-1,-1
160,17,844.66,447.70,87.18,280.89,0.7413,-1,-1,-1
160,32,917.86,439.83,59.72,164.92,0.3848,-1,-1,-1
160,37,666.69,437.69,86.03,345.74,0.5323,-1,-1,-1
161,2,738.79,429.85,122.58,345.53,0.7790,-1,-1,-1
161,3,528.23,434.83,169.56,457.20,0.7808,-1,-1,-1
161,15,1078.12,459.18,49.60,133.93,0.3061,-1,-1,-1
161,17,847.30,448.04,87.16,280.72,0.7504,-1,-1,-1
161,32,924.39,440.05,55.62,146.61,0.4000,-1,-1,-1
161,37,667.26,440.08,85.77,347.25,0.6252,-1,-1,-1
162,2,741.71,429.61,121.02,348.71,0.7779,-1,-1,-1
162,3,528.40,432.96,173.63,459.83,0.7730,-1,-1,-1
162,17,849.25,449.27,88.12,281.66,0.7437,-1,-1,-1
162,32,928.49,441.34,56.87,141.76,0.3191,-1,-1,-1
162,37,668.08,440.74,85.63,350.40,0.6213,-1,-1,-1
163,2,744.37,431.84,118.81,347.31,0.7899,-1,-1,-1
163,3,529.53,432.62,176.66,462.20,0.8000,-1,-1,-1
163,11,1185.89,444.30,36.55,101.60,0.4379,-1,-1,-1
163,17,852.84,449.86,89.65,281.74,0.7396,-1,-1,-1
163,32,914.82,439.70,93.71,247.40,0.5735,-1,-1,-1
163,37,668.06,440.60,86.58,360.07,0.5952,-1,-1,-1
163,38,1139.58,438.10,42.81,105.81,0.3611,-1,-1,-1
164,2,747.42,431.85,118.70,351.13,0.7863,-1,-1,-1
164,3,529.47,431.35,180.94,466.88,0.7893,-1,-1,-1
164,11,1185.23,443.24,35.39,101.84,0.5076,-1,-1,-1
164,17,856.25,449.97,93.25,283.18,0.7081,-1,-1,-1
164,32,916.73,439.81,94.21,256.78,0.5582,-1,-1,-1
164,37,670.10,438.97,86.69,362.79,0.5993,-1,-1,-1
164,38,1138.89,437.95,44.05,108.44,0.3954,-1,-1,-1
165,2,748.03,430.61,118.25,352.79,0.7890,-1,-1,-1
165,3,530.78,431.25,184.63,469.04,0.8058,-1,-1,-1
165,11,1186.05,452.91,32.07,92.38,0.3335,-1,-1,-1
165,17,862.08,450.88,97.32,282.15,0.6614,-1,-1,-1
165,32,917.19,438.77,94.59,262.29,0.5198,-1,-1,-1
165,37,674.38,441.32,85.48,347.73,0.6939,-1,-1,-1
166,2,749.56,430.80,118.33,356.61,0.7908,-1,-1,-1
166,3,530.50,431.66,187.53,470.99,0.7935,-1,-1,-1
166,17,860.69,453.76,100.21,284.06,0.6399,-1,-1,-1
166,32,921.53,435.81,91.38,259.39,0.5078,-1,-1,-1
166,37,674.96,441.99,88.15,350.37,0.7229,-1,-1,-1
167,2,750.01,431.35,117.60,356.25,0.7970,-1,-1,-1
167,3,533.02,432.73,190.89,471.09,0.8015,-1,-1,-1
167,17,868.46,450.24,107.98,283.16,0.7054,-1,-1,-1
167,32,927.08,436.10,85.90,252.15,0.5910,-1,-1,-1
167,37,675.04,441.89,89.24,351.45,0.7096,-1,-1,-1
168,2,751.84,432.76,117.26,356.57,0.7932,-1,-1,-1
168,3,537.74,434.46,198.27,467.57,0.8078,-1,-1,-1
168,17,868.08,446.81,116.42,286.66,0.7508,-1,-1,-1
168,32,933.19,434.59,81.57,246.76,0.5948,-1,-1,-1
168,37,674.54,442.47,90.17,353.97,0.7276,-1,-1,-1
168,38,1146.81,440.91,42.91,104.21,0.3479,-1,-1,-1
169,2,752.53,434.72,116.20,355.26,0.8001,-1,-1,-1
169,3,539.16,428.75,209.76,471.64,0.8084,-1,-1,-1
169,17,865.65,446.51,118.81,288.98,0.7801,-1,-1,-1
169,32,938.16,434.22,77.41,240.98,0.5910,-1,-1,-1
169,37,675.75,442.55,90.39,354.99,0.7356,-1,-1,-1
169,38,1147.78,440.87,43.13,104.15,0.3555,-1,-1,-1
170,2,755.25,435.24,115.66,355.52,0.7810,-1,-1,-1
170,3,538.70,429.48,220.93,470.92,0.8299,-1,-1,-1
170,17,868.61,446.28,118.69,290.30,0.7985,-1,-1,-1
170,32,941.49,434.13,74.64,236.39,0.6173,-1,-1,-1
170,37,676.80,442.26,89.85,356.25,0.7284,-1,-1,-1
170,38,1148.22,442.33,43.00,102.90,0.4363,-1,-1,-1
171,2,757.33,435.57,113.06,348.01,0.7896,-1,-1,-1
171,3,539.26,430.36,231.03,470.52,0.8574,-1,-1,-1
171,17,869.98,446.73,118.11,291.37,0.7918,-1,-1,-1
171,32,943.89,435.87,76.29,247.31,0.6678,-1,-1,-1
171,37,677.54,442.21,90.68,360.71,0.7301,-1,-1,-1
171,38,1148.16,444.54,42.96,100.80,0.4404,-1,-1,-1
172,2,761.42,436.48,114.53,345.93,0.8126,-1,-1,-1
172,3,539.10,433.65,234.88,469.85,0.8476,-1,-1,-1
172,17,870.29,447.44,117.83,290.96,0.7947,-1,-1,-1
172,31,467.09,466.38,43.48,110.73,0.3009,-1,-1,-1
172,32,949.31,435.46,76.87,251.87,0.6841,-1,-1,-1
172,37,678.37,444.96,88.49,357.08,0.7007,-1,-1,-1
172,38,1147.46,445.63,42.87,100.41,0.4060,-1,-1,-1
173,2,762.83,437.51,115.84,344.50,0.8189,-1,-1,-1
173,3,537.86,432.51,233.32,469.71,0.8566,-1,-1,-1
173,15,1083.40,455.11,49.80,140.20,0.3410,-1,-1,-1
173,17,872.03,445.01,118.19,293.76,0.7873,-1,-1,-1
173,32,950.69,434.57,78.40,258.68,0.6615,-1,-1,-1
173,37,682.05,446.70,87.43,350.20,0.6240,-1,-1,-1
173,38,1146.89,446.43,42.53,100.13,0.3464,-1,-1,-1
174,2,763.04,439.35,119.03,348.88,0.8228,-1,-1,-1
174,3,542.08,432.72,232.07,472.07,0.8522,-1,-1,-1
174,15,1083.63,455.42,48.86,140.25,0.4153,-1,-1,-1
174,17,874.61,444.84,118.23,293.78,0.7876,-1,-1,-1
174,32,952.40,435.59,77.87,259.55,0.6312,-1,-1,-1
174,37,685.43,450.41,86.74,348.41,0.4749,-1,-1,-1
175,2,766.59,439.85,118.35,350.67,0.8434,-1,-1,-1
175,3,549.12,433.89,228.16,471.26,0.8354,-1,-1,-1
175,11,1158.57,453.20,40.28,94.40,0.4228,-1,-1,-1
175,15,1083.70,456.07,48.13,139.75,0.3226,-1,-1,-1
175,17,875.55,444.11,117.69,294.34,0.7924,-1,-1,-1
175,31,465.09,463.14,41.59,110.78,0.3294,-1,-1,-1
175,32,956.20,435.25,78.00,261.13,0.6014,-1,-1,-1
176,2,766.50,441.59,118.15,356.36,0.8305,-1,-1,-1
176,3,554.80,432.88,224.57,475.04,0.7968,-1,-1,-1
176,11,1158.29,455.58,42.68,90.74,0.4384,-1,-1,-1
176,15,1082.14,455.53,48.38,139.87,0.3475,-1,-1,-1
176,17,876.80,443.80,116.45,294.27,0.7983,-1,-1,-1
176,31,467.27,465.54,40.73,110.79,0.3225,-1,-1,-1
176,32,961.54,434.59,78.53,259.61,0.5874,-1,-1,-1
177,2,767.79,441.02,118.15,355.48,0.8228,-1,-1,-1
177,3,556.00,436.78,219.99,472.24,0.7982,-1,-1,-1
177,11,1157.11,450.92,46.52,97.18,0.3973,-1,-1,-1
177,17,880.15,446.34,115.23,291.87,0.7898,-1,-1,-1
177,31,466.58,468.06,39.61,109.28,0.3347,-1,-1,-1
177,32,964.42,434.34,80.18,261.67,0.5190,-1,-1,-1
178,2,771.54,440.37,115.75,356.15,0.8096,-1,-1,-1
178,3,559.89,433.37,217.26,474.91,0.8392,-1,-1,-1
178,11,1154.18,447.09,47.16,99.66,0.4758,-1,-1,-1
178,17,885.57,447.63,112.51,289.55,0.7653,-1,-1,-1
178,31,464.88,464.21,40.75,112.16,0.3350,-1,-1,-1
178,32,967.47,433.06,83.22,265.79,0.4584,-1,-1,-1
179,2,773.99,439.14,114.96,355.15,0.7901,-1,-1,-1
179,3,568.26,432.52,210.70,477.87,0.8621,-1,-1,-1
179,11,1156.35,450.83,45.68,96.80,0.4627,-1,-1,-1
179,17,888.71,445.69,110.64,292.22,0.7734,-1,-1,-1
179,31,463.72,461.03,41.75,115.57,0.3514,-1,-1,-1
179,32,969.04,434.70,85.19,264.52,0.5232,-1,-1,-1
180,2,778.20,437.90,116.87,357.74,0.7649,-1,-1,-1
180,3,574.07,430.06,205.58,479.57,0.8399,-1,-1,-1
180,11,1155.20,449.95,45.13,98.05,0.4494,-1,-1,-1
180,15,1079.35,452.99,49.46,141.52,0.3249,-1,-1,-1
180,17,892.85,445.06,106.78,293.08,0.7770,-1,-1,-1
180,31,464.67,464.35,39.90,111.40,0.4746,-1,-1,-1
180,32,976.87,434.29,88.10,262.44,0.4865,-1,-1,-1
181,2,778.35,436.27,116.79,358.47,0.7561,-1,-1,-1
181,3,579.68,423.98,201.80,486.95,0.8645,-1,-1,-1
181,11,1153.81,445.43,45.41,101.18,0.4800,-1,-1,-1
181,15,1078.35,446.56,52.21,149.93,0.3509,-1,-1,-1
181,17,898.42,443.53,104.61,295.89,0.7278,-1,-1,-1
181,31,465.93,467.02,38.39,107.65,0.3696,-1,-1,-1
181,32,972.57,436.86,88.86,263.59,0.6196,-1,-1,-1
181,40,572.88,450.25,55.89,110.23,0.4076,-1,-1,-1
182,2,780.11,435.26,118.03,364.19,0.7532,-1,-1,-1
182,3,582.57,423.98,200.13,486.40,0.8653,-1,-1,-1
182,11,1154.41,446.32,43.41,100.36,0.5447,-1,-1,-1
182,15,1079.83,444.90,52.45,152.41,0.3727,-1,-1,-1
182,17,906.58,445.82,100.78,296.70,0.7130,-1,-1,-1
182,31,467.05,470.77,37.17,103.74,0.4221,-1,-1,-1
182,32,976.23,435.08,90.07,268.65,0.6124,-1,-1,-1
182,40,569.99,444.83,61.12,120.92,0.4496,-1,-1,-1
183,2,782.75,434.41,118.85,367.40,0.7695,-1,-1,-1
183,3,585.84,424.77,197.59,485.90,0.8583,-1,-1,-1
183,11,1155.45,448.84,40.99,97.89,0.5412,-1,-1,-1
183,15,1080.82,444.71,51.95,152.52,0.3258,-1,-1,-1
183,17,913.01,443.05,97.69,298.20,0.7463,-1,-1,-1
183,31,467.22,472.04,37.33,103.19,0.3812,-1,-1,-1
183,32,979.88,436.87,87.50,261.43,0.6249,-1,-1,-1
183,40,567.86,447.55,65.47,130.83,0.4806,-1,-1,-1
184,2,783.76,433.79,118.99,367.97,0.7829,-1,-1,-1
184,3,589.93,425.94,194.52,484.13,0.8523,-1,-1,-1
184,11,1154.68,450.82,40.93,97.97,0.6062,-1,-1,-1
184,15,1081.42,442.40,52.31,154.53,0.3371,-1,-1,-1
184,17,920.28,441.27,93.98,299.63,0.7691,-1,-1,-1
184,31,466.80,472.28,37.47,102.77,0.4025,-1,-1,-1
184,32,984.09,440.31,83.36,246.15,0.6323,-1,-1,-1
184,40,565.18,444.21,71.98,147.22,0.4361,-1,-1,-1
185,2,785.58,434.50,118.99,369.02,0.7814,-1,-1,-1
185,3,597.08,427.95,190.09,482.05,0.8411,-1,-1,-1
185,11,1155.49,451.70,39.89,95.33,0.5556,-1,-1,-1
185,15,1080.87,438.67,53.24,158.49,0.3222,-1,-1,-1
185,17,922.93,441.50,92.17,303.05,0.7595,-1,-1,-1
185,31,467.71,474.53,37.64,101.19,0.4629,-1,-1,-1
185,32,985.87,441.00,85.30,252.54,0.6331,-1,-1,-1
185,40,564.23,444.57,75.02,157.58,0.4478,-1,-1,-1
186,2,785.62,435.06,117.20,367.45,0.8028,-1,-1,-1
186,3,601.63,426.15,187.79,483.87,0.8440,-1,-1,-1
186,11,1155.03,448.12,42.23,98.47,0.5952,-1,-1,-1
186,17,925.90,445.14,90.77,305.61,0.7452,-1,-1,-1
186,31,468.91,477.33,37.55,98.42,0.4710,-1,-1,-1
186,32,989.48,442.50,82.94,244.07,0.5728,-1,-1,-1
186,40,560.86,438.19,78.89,174.63,0.4861,-1,-1,-1
187,2,789.10,435.30,115.99,367.75,0.8032,-1,-1,-1
187,3,606.54,428.41,183.35,483.68,0.8413,-1,-1,-1
187,11,1156.33,450.17,41.92,96.01,0.5453,-1,-1,-1
187,17,928.41,445.29,91.31,307.64,0.7313,-1,-1,-1
187,31,468.59,477.33,38.22,98.35,0.4649,-1,-1,-1
187,32,993.88,442.53,84.56,251.18,0.6250,-1,-1,-1
187,40,562.48,434.28,76.19,176.68,0.4801,-1,-1,-1
188,2,792.12,434.59,114.74,364.36,0.8122,-1,-1,-1
188,3,607.45,426.57,184.76,495.39,0.8356,-1,-1,-1
188,11,1156.44,451.84,42.06,95.94,0.5013,-1,-1,-1
188,17,932.11,442.03,92.52,310.30,0.6870,-1,-1,-1
188,31,467.71,477.92,37.82,97.24,0.3660,-1,-1,-1
188,32,995.91,444.09,83.61,250.38,0.5058,-1,-1,-1
188,40,563.28,434.11,75.69,181.12,0.4445,-1,-1,-1
189,2,793.52,433.12,114.36,367.81,0.8100,-1,-1,-1
189,3,608.49,426.05,185.23,505.07,0.7960,-1,-1,-1
189,11,1155.75,447.21,43.79,100.45,0.4804,-1,-1,-1
189,17,936.74,441.82,98.78,311.75,0.7793,-1,-1,-1
189,31,466.95,476.89,38.79,99.14,0.4110,-1,-1,-1
189,32,1002.12,438.61,87.41,265.04,0.5323,-1,-1,-1
189,40,563.37,433.44,72.25,180.24,0.5280,-1,-1,-1
190,2,797.55,432.40,116.96,372.59,0.8022,-1,-1,-1
190,3,613.97,426.28,186.72,511.69,0.7025,-1,-1,-1
190,11,1153.91,448.74,43.81,99.52,0.4187,-1,-1,-1
190,17,940.29,442.85,102.29,309.72,0.7576,-1,-1,-1
190,31,467.32,476.85,38.51,98.81,0.3897,-1,-1,-1
190,32,1005.92,440.15,87.06,267.72,0.4651,-1,-1,-1
190,40,566.61,438.65,68.17,172.98,0.5402,-1,-1,-1
191,2,798.74,432.55,116.43,371.35,0.7813,-1,-1,-1
191,3,617.05,425.94,185.80,516.87,0.7482,-1,-1,-1
191,11,1153.84,446.06,45.72,102.10,0.4997,-1,-1,-1
191,17,945.18,443.53,107.14,310.47,0.7603,-1,-1,-1
191,31,465.20,477.15,38.05,98.22,0.3553,-1,-1,-1
191,32,1007.20,436.70,87.81,273.18,0.3265,-1,-1,-1
191,40,566.53,446.50,65.27,168.68,0.5801,-1,-1,-1
192,2,799.52,429.23,117.85,380.12,0.7872,-1,-1,-1
192,3,620.53,426.42,185.77,526.06,0.7261,-1,-1,-1
192,11,1152.30,447.10,46.45,101.80,0.4782,-1,-1,-1
192,17,946.34,449.15,108.23,304.16,0.7593,-1,-1,-1
192,31,464.31,476.99,37.64,97.45,0.3430,-1,-1,-1
192,40,567.32,443.38,66.10,171.71,0.5892,-1,-1,-1
193,2,801.21,426.11,116.08,380.87,0.7858,-1,-1,-1
193,3,625.37,427.08,179.80,527.55,0.7649,-1,-1,-1
193,11,1150.00,442.97,48.57,105.91,0.4476,-1,-1,-1
193,17,946.04,442.86,112.25,311.14,0.7560,-1,-1,-1
193,31,464.06,477.62,37.97,97.73,0.3081,-1,-1,-1
193,32,1017.44,437.69,86.95,263.80,0.5388,-1,-1,-1
193,40,568.68,442.79,65.40,172.31,0.6286,-1,-1,-1
194,2,804.97,424.82,117.85,383.73,0.7888,-1,-1,-1
194,3,631.17,425.47,182.89,538.85,0.7598,-1,-1,-1
194,11,1147.91,447.30,46.41,101.22,0.3701,-1,-1,-1
194,17,945.29,443.48,110.91,310.63,0.7482,-1,-1,-1
194,31,460.63,476.00,38.57,99.93,0.3317,-1,-1,-1
194,32,1017.55,434.13,92.77,276.40,0.6466,-1,-1,-1
194,40,569.20,442.50,65.09,174.01,0.6697,-1,-1,-1
195,2,807.83,424.15,121.11,382.61,0.7892,-1,-1,-1
195,3,634.76,422.44,181.78,540.82,0.7844,-1,-1,-1
195,11,1145.05,444.78,46.57,103.51,0.4054,-1,-1,-1
195,17,947.18,448.19,112.46,308.62,0.7594,-1,-1,-1
195,32,1021.42,433.22,94.33,278.45,0.6926,-1,-1,-1
195,40,569.15,441.59,65.11,174.82,0.6821,-1,-1,-1
196,2,811.30,426.47,127.82,379.78,0.8252,-1,-1,-1
196,3,641.13,424.37,177.02,536.42,0.8010,-1,-1,-1
196,11,1144.00,441.18,47.28,106.78,0.4139,-1,-1,-1
196,17,947.67,449.20,113.25,308.10,0.7276,-1,-1,-1
196,31,458.72,473.45,40.46,102.00,0.3466,-1,-1,-1
196,32,1026.05,432.28,95.46,280.29,0.6812,-1,-1,-1
196,40,569.92,442.81,65.01,173.84,0.6701,-1,-1,-1
196,41,512.77,439.73,38.57,121.77,0.4384,-1,-1,-1
197,2,815.97,427.99,136.49,378.72,0.8145,-1,-1,-1
197,3,641.36,421.91,174.00,551.23,0.8226,-1,-1,-1
197,11,1144.36,443.47,45.87,104.34,0.3621,-1,-1,-1
197,17,950.27,447.13,113.00,310.13,0.7515,-1,-1,-1
197,31,456.93,471.30,41.69,104.01,0.3352,-1,-1,-1
197,32,1030.07,431.61,96.01,281.56,0.4672,-1,-1,-1
197,40,570.00,441.12,65.81,174.58,0.6701,-1,-1,-1
197,41,512.93,439.83,38.50,121.23,0.4483,-1,-1,-1
198,2,818.39,433.15,142.73,374.21,0.8300,-1,-1,-1
198,3,647.40,423.13,167.97,540.56,0.8328,-1,-1,-1
198,11,1144.51,441.26,46.27,106.57,0.3869,-1,-1,-1
198,17,955.73,447.34,110.27,311.39,0.7685,-1,-1,-1
198,31,456.98,471.44,40.90,103.42,0.3185,-1,-1,-1
198,32,1035.27,433.49,94.60,280.23,0.6462,-1,-1,-1
198,40,570.71,441.97,65.99,174.18,0.6822,-1,-1,-1
198,41,515.03,443.91,37.58,118.39,0.3382,-1,-1,-1
199,2,820.37,433.63,150.78,374.95,0.8462,-1,-1,-1
199,3,649.10,423.69,170.26,538.41,0.8391,-1,-1,-1
199,11,1142.78,443.49,44.92,105.10,0.3757,-1,-1,-1
199,17,963.26,447.93,108.49,313.01,0.7579,-1,-1,-1
199,32,1039.77,437.24,93.92,279.14,0.6358,-1,-1,-1
199,40,571.70,444.06,64.75,171.39,0.6885,-1,-1,-1
199,41,515.03,447.50,36.71,115.27,0.3016,-1,-1,-1
200,2,819.50,435.98,154.50,374.05,0.8426,-1,-1,-1
200,3,651.79,422.49,172.07,539.69,0.8591,-1,-1,-1
200,11,1141.47,442.38,44.38,106.56,0.3230,-1,-1,-1
200,17,968.68,448.73,106.72,311.59,0.7219,-1,-1,-1
200,32,1041.45,434.13,95.44,284.74,0.6057,-1,-1,-1
200,40,572.17,446.59,64.41,169.98,0.6769,-1,-1,-1
200,41,512.79,444.85,37.46,117.06,0.3385,-1,-1,-1
201,2,821.44,437.62,155.87,373.34,0.8389,-1,-1,-1
201,3,658.42,423.18,172.86,537.56,0.8445,-1,-1,-1
201,11,1139.18,440.57,44.20,108.66,0.3228,-1,-1,-1
201,17,974.18,451.62,102.04,309.20,0.7077,-1,-1,-1
201,32,1045.87,435.85,95.66,287.99,0.6135,-1,-1,-1
201,40,573.55,444.53,64.15,169.61,0.6632,-1,-1,-1
202,2,821.59,437.69,155.42,375.03,0.8450,-1,-1,-1
202,3,659.03,421.37,177.21,542.17,0.8548,-1,-1,-1
202,11,1137.94,438.59,43.35,109.65,0.3481,-1,-1,-1
202,17,982.28,449.33,97.85,313.18,0.7740,-1,-1,-1
202,32,1050.50,436.31,94.43,282.04,0.6830,-1,-1,-1
202,40,574.31,447.03,64.28,167.35,0.6782,-1,-1,-1
203,2,822.47,437.72,153.55,375.96,0.8434,-1,-1,-1
203,3,666.28,426.27,177.75,548.85,0.8228,-1,-1,-1
203,17,986.63,449.42,96.51,314.24,0.7718,-1,-1,-1
203,32,1053.92,434.47,94.94,282.89,0.6935,-1,-1,-1
203,40,574.53,443.72,66.54,171.06,0.7086,-1,-1,-1
203,41,509.59,440.18,39.63,122.25,0.3393,-1,-1,-1
204,2,823.53,437.15,152.26,376.10,0.8423,-1,-1,-1
204,3,662.97,423.95,181.37,558.46,0.8435,-1,-1,-1
204,17,990.14,449.24,95.66,316.47,0.7722,-1,-1,-1
204,32,1058.30,434.70,93.08,283.02,0.6989,-1,-1,-1
204,40,576.98,449.68,64.74,165.61,0.7258,-1,-1,-1
205,2,824.40,433.66,152.38,379.32,0.8316,-1,-1,-1
205,3,666.75,424.04,180.26,568.22,0.8479,-1,-1,-1
205,17,993.85,447.44,95.30,317.23,0.7864,-1,-1,-1
205,31,451.80,474.38,40.98,101.03,0.3193,-1,-1,-1
205,32,1062.37,439.46,89.99,276.68,0.7152,-1,-1,-1
205,40,575.30,446.43,66.37,169.97,0.7469,-1,-1,-1
206,2,829.37,435.51,150.08,377.08,0.8325,-1,-1,-1
206,3,671.83,422.86,177.21,570.27,0.8388,-1,-1,-1
206,17,999.02,447.59,94.50,317.37,0.7752,-1,-1,-1
206,32,1063.88,436.46,90.38,281.86,0.6802,-1,-1,-1
206,40,575.85,446.93,66.73,170.51,0.7255,-1,-1,-1
207,2,830.62,435.52,149.58,376.70,0.8277,-1,-1,-1
207,3,674.43,419.52,176.06,573.83,0.8416,-1,-1,-1
207,17,1006.44,448.86,94.04,313.83,0.7192,-1,-1,-1
207,32,1069.18,435.09,88.52,285.16,0.6520,-1,-1,-1
207,40,580.25,455.47,63.39,161.50,0.7391,-1,-1,-1
207,42,1186.81,450.32,41.67,100.10,0.3588,-1,-1,-1
208,2,832.24,434.55,149.58,379.81,0.8236,-1,-1,-1
208,3,678.04,420.29,174.23,572.29,0.8346,-1,-1,-1
208,17,1008.76,450.80,92.98,310.27,0.6928,-1,-1,-1
208,32,1069.63,433.52,90.55,302.38,0.5922,-1,-1,-1
208,40,581.18,454.74,63.67,162.69,0.7305,-1,-1,-1
208,41,511.16,444.45,38.74,117.08,0.3968,-1,-1,-1
208,42,1186.17,447.45,42.73,103.06,0.4098,-1,-1,-1
209,2,834.69,434.43,148.29,380.61,0.8075,-1,-1,-1
209,3,682.03,415.63,174.03,577.73,0.8193,-1,-1,-1
209,17,1026.69,445.56,102.55,317.12,0.5993,-1,-1,-1
209,32,1079.93,433.58,83.74,284.14,0.6136,-1,-1,-1
209,40,583.63,457.46,63.92,159.98,0.7433,-1,-1,-1
209,41,511.47,444.04,39.37,117.74,0.4144,-1,-1,-1
209,42,1187.67,448.35,42.56,103.27,0.4842,-1,-1,-1
210,2,839.72,427.70,149.58,386.26,0.8139,-1,-1,-1
210,3,685.08,415.58,173.43,577.50,0.7953,-1,-1,-1
210,17,1027.80,443.69,128.41,319.53,0.8152,-1,-1,-1
210,40,585.74,457.11,64.87,159.74,0.7272,-1,-1,-1
210,41,511.24,442.57,39.77,118.40,0.4126,-1,-1,-1
210,42,1188.32,445.51,43.44,106.66,0.4825,-1,-1,-1
211,2,847.06,430.46,149.53,386.08,0.7886,-1,-1,-1
211,3,685.65,420.26,173.84,573.72,0.8112,-1,-1,-1
211,17,1027.31,443.45,140.66,319.97,0.8007,-1,-1,-1
211,32,1092.30,433.30,78.13,261.19,0.3126,-1,-1,-1
211,40,586.08,451.58,68.42,165.14,0.7423,-1,-1,-1
211,41,510.72,441.39,40.22,119.70,0.4344,-1,-1,-1
211,42,1189.73,444.97,43.18,107.67,0.4640,-1,-1,-1
212,2,852.20,430.85,148.53,385.69,0.7878,-1,-1,-1
212,3,687.01,415.65,174.54,577.98,0.8253,-1,-1,-1
212,17,1026.69,445.38,148.95,319.25,0.7905,-1,-1,-1
212,32,1098.49,430.24,76.33,252.37,0.3555,-1,-1,-1
212,40,587.56,450.91,68.24,164.96,0.7129,-1,-1,-1
212,41,511.06,440.34,40.54,120.23,0.4645,-1,-1,-1
212,42,1191.65,446.85,41.74,105.38,0.5083,-1,-1,-1
213,2,860.21,430.80,144.53,386.56,0.8084,-1,-1,-1
213,3,688.29,413.94,176.29,579.10,0.8220,-1,-1,-1
213,17,1023.99,448.20,154.96,318.44,0.8067,-1,-1,-1
213,32,1099.08,433.56,81.11,269.73,0.5038,-1,-1,-1
213,40,588.04,452.27,68.10,164.58,0.7383,-1,-1,-1
213,41,511.01,439.21,41.08,121.33,0.4532,-1,-1,-1
213,42,1193.06,446.93,40.80,103.69,0.3673,-1,-1,-1
214,2,869.15,429.35,140.78,385.13,0.8162,-1,-1,-1
214,3,689.30,413.60,176.15,578.95,0.8243,-1,-1,-1
214,17,1022.18,448.48,158.37,319.13,0.7728,-1,-1,-1
214,32,1103.16,431.26,82.47,277.89,0.5416,-1,-1,-1
214,40,588.57,450.90,68.58,167.12,0.7260,-1,-1,-1
214,41,511.05,439.10,41.34,120.94,0.4716,-1,-1,-1
214,42,1194.82,445.34,40.98,104.03,0.3776,-1,-1,-1
215,2,875.01,429.08,135.91,387.30,0.8101,-1,-1,-1
215,3,692.67,411.70,176.83,581.98,0.8178,-1,-1,-1
215,17,1019.89,446.68,159.96,321.65,0.8160,-1,-1,-1
215,32,1108.77,426.52,84.18,290.61,0.5558,-1,-1,-1
215,40,591.19,454.90,66.72,162.43,0.6824,-1,-1,-1
215,41,510.86,438.41,41.82,121.44,0.4793,-1,-1,-1
215,42,1196.36,441.34,42.84,109.34,0.3530,-1,-1,-1
216,2,879.04,427.30,131.85,388.96,0.8191,-1,-1,-1
216,3,695.29,415.31,176.08,578.00,0.7933,-1,-1,-1
216,17,1021.85,445.98,163.65,324.22,0.8255,-1,-1,-1
216,32,1115.23,429.84,81.54,289.46,0.4628,-1,-1,-1
216,40,593.29,456.11,67.40,166.22,0.6857,-1,-1,-1
216,41,510.66,438.09,42.04,121.14,0.4926,-1,-1,-1
216,42,1197.74,439.87,43.49,111.94,0.4075,-1,-1,-1
217,2,881.32,428.92,129.81,391.54,0.8152,-1,-1,-1
217,3,695.77,413.53,178.45,579.25,0.7479,-1,-1,-1
217,17,1023.65,446.55,163.44,322.85,0.7896,-1,-1,-1
217,32,1127.37,431.02,62.04,216.68,0.3340,-1,-1,-1
217,40,594.69,457.58,66.76,165.56,0.7145,-1,-1,-1
217,41,510.31,438.19,42.23,120.80,0.4861,-1,-1,-1
217,42,1198.58,437.41,44.04,114.22,0.4761,-1,-1,-1
218,2,885.26,427.25,129.00,396.94,0.8202,-1,-1,-1
218,3,700.15,410.65,181.87,583.15,0.7671,-1,-1,-1
218,17,1026.00,441.01,164.34,329.03,0.7870,-1,-1,-1
218,40,597.23,457.82,66.02,165.10,0.6982,-1,-1,-1
218,41,509.42,439.33,42.06,119.99,0.5038,-1,-1,-1
218,42,1201.39,440.71,43.04,111.21,0.4354,-1,-1,-1
219,2,888.79,425.55,129.51,401.92,0.8411,-1,-1,-1
219,3,703.70,411.32,183.55,582.07,0.7602,-1,-1,-1
219,17,1033.02,437.13,159.75,332.31,0.7945,-1,-1,-1
219,40,595.35,461.04,66.10,165.34,0.6769,-1,-1,-1
219,41,509.35,439.23,42.17,119.79,0.5114,-1,-1,-1
219,42,1202.00,439.57,43.43,112.06,0.4275,-1,-1,-1
220,2,890.89,426.08,129.59,406.86,0.8422,-1,-1,-1
220,3,713.85,409.81,188.00,582.76,0.8118,-1,-1,-1
220,17,1042.21,439.03,152.07,330.16,0.8068,-1,-1,-1
220,40,596.41,461.51,65.79,164.85,0.7001,-1,-1,-1
220,41,509.00,438.63,42.53,120.24,0.5422,-1,-1,-1
220,42,1206.22,444.98,41.05,106.04,0.3048,-1,-1,-1
221,2,895.09,424.80,129.75,408.35,0.8386,-1,-1,-1
221,3,721.11,410.82,202.26,583.34,0.8604,-1,-1,-1
221,17,1050.04,438.73,145.62,330.60,0.8092,-1,-1,-1
221,40,597.26,460.42,64.20,163.42,0.7230,-1,-1,-1
221,41,509.01,439.40,42.59,120.34,0.5023,-1,-1,-1
221,43,1035.97,437.19,58.94,151.12,0.3133,-1,-1,-1
222,2,896.36,425.06,130.69,408.94,0.8379,-1,-1,-1
222,3,721.92,410.87,214.66,583.49,0.8614,-1,-1,-1
222,17,1061.77,440.10,135.72,329.42,0.8168,-1,-1,-1
222,40,599.04,461.02,62.39,163.19,0.7403,-1,-1,-1
222,41,508.74,439.16,42.77,120.99,0.4928,-1,-1,-1
222,44,1159.67,433.36,69.99,295.20,0.5986,-1,-1,-1
223,2,899.17,427.40,130.93,410.81,0.8240,-1,-1,-1
223,3,724.60,406.39,231.88,588.40,0.8502,-1,-1,-1
223,17,1072.84,439.52,126.74,330.92,0.7982,-1,-1,-1
223,40,599.13,458.04,62.85,168.34,0.6914,-1,-1,-1
223,41,508.26,439.62,43.33,121.02,0.4910,-1,-1,-1
224,2,899.75,427.91,130.14,412.68,0.8212,-1,-1,-1
224,3,729.77,406.75,246.50,586.27,0.8502,-1,-1,-1
224,17,1089.13,441.42,121.23,333.54,0.7632,-1,-1,-1
224,40,601.72,459.36,60.36,165.06,0.6905,-1,-1,-1
224,41,508.24,440.15,43.87,120.67,0.5185,-1,-1,-1
224,43,1041.67,439.47,56.96,146.39,0.3281,-1,-1,-1
225,2,902.29,428.42,130.09,414.13,0.8180,-1,-1,-1
225,3,731.91,409.93,256.61,585.99,0.8309,-1,-1,-1
225,17,1093.95,439.98,115.36,336.48,0.7244,-1,-1,-1
225,40,602.67,460.91,60.54,166.73,0.6750,-1,-1,-1
225,41,508.75,440.19,44.07,120.59,0.4953,-1,-1,-1
225,44,1164.10,426.57,72.65,309.10,0.3152,-1,-1,-1
226,2,905.37,428.81,132.09,415.05,0.8178,-1,-1,-1
226,3,733.44,403.91,271.81,592.28,0.8566,-1,-1,-1
226,17,1100.28,437.18,111.95,341.87,0.6919,-1,-1,-1
226,40,603.27,462.28,59.99,167.39,0.6738,-1,-1,-1
226,41,508.10,439.76,44.53,121.00,0.5070,-1,-1,-1
226,44,1170.69,431.21,70.19,304.52,0.5215,-1,-1,-1
227,2,907.18,428.39,134.58,416.31,0.8113,-1,-1,-1
227,3,734.36,405.10,282.66,589.64,0.8732,-1,-1,-1
227,17,1109.52,438.36,108.05,342.63,0.7436,-1,-1,-1
227,40,605.02,459.10,59.10,168.34,0.6644,-1,-1,-1
227,41,507.24,438.61,45.17,122.15,0.4668,-1,-1,-1
227,44,1177.05,428.21,71.05,309.91,0.5511,-1,-1,-1
228,2,907.83,425.25,136.97,418.60,0.7917,-1,-1,-1
228,3,737.20,408.13,286.78,586.83,0.8740,-1,-1,-1
228,17,1113.52,438.90,107.61,350.26,0.7538,-1,-1,-1
228,40,605.91,460.61,57.45,166.60,0.6634,-1,-1,-1
228,41,506.37,439.01,45.44,122.26,0.4947,-1,-1,-1
228,44,1183.90,428.83,70.44,307.15,0.4416,-1,-1,-1
229,2,907.29,426.67,138.04,417.67,0.7790,-1,-1,-1
229,3,741.56,408.61,291.75,586.97,0.8633,-1,-1,-1
229,17,1115.49,441.62,105.64,347.69,0.7591,-1,-1,-1
229,31,426.22,477.39,43.08,101.06,0.3821,-1,-1,-1
229,32,1194.84,419.14,65.23,189.82,0.5812,-1,-1,-1
229,40,606.60,456.12,59.36,175.31,0.6667,-1,-1,-1
229,41,506.68,438.70,45.79,122.86,0.4472,-1,-1,-1
230,2,909.60,425.82,140.46,416.83,0.7787,-1,-1,-1
230,3,745.82,412.15,289.97,582.60,0.8321,-1,-1,-1
230,17,1120.26,442.72,107.50,348.50,0.7168,-1,-1,-1
230,31,426.70,478.27,44.08,99.55,0.4626,-1,-1,-1
230,32,1197.07,417.82,68.36,190.75,0.5678,-1,-1,-1
230,40,610.02,457.56,58.75,175.15,0.6641,-1,-1,-1
230,41,506.67,440.31,45.13,120.86,0.4376,-1,-1,-1
231,2,909.47,425.42,138.87,416.81,0.7764,-1,-1,-1
231,3,750.06,411.40,287.86,585.41,0.8498,-1,-1,-1
231,17,1130.97,440.05,116.76,350.50,0.7973,-1,-1,-1
231,31,425.84,477.35,44.77,100.69,0.4684,-1,-1,-1
231,32,1201.13,418.34,68.88,188.21,0.5553,-1,-1,-1
231,40,611.65,462.98,57.78,168.56,0.6846,-1,-1,-1
231,41,507.43,439.93,45.08,121.26,0.4875,-1,-1,-1
232,2,910.98,425.00,136.44,419.13,0.7990,-1,-1,-1
232,3,758.04,409.65,283.74,586.53,0.8219,-1,-1,-1
232,17,1136.82,440.22,122.89,351.09,0.7951,-1,-1,-1
232,31,426.14,477.71,44.98,100.10,0.4858,-1,-1,-1
232,32,1205.13,418.43,68.08,184.79,0.4756,-1,-1,-1
232,40,611.18,455.30,60.39,175.74,0.6764,-1,-1,-1
232,41,507.51,440.72,44.65,120.75,0.5419,-1,-1,-1
233,2,916.50,424.86,134.29,422.74,0.7580,-1,-1,-1
233,3,764.72,412.25,278.22,584.40,0.8234,-1,-1,-1
233,17,1135.27,442.90,128.34,350.81,0.8316,-1,-1,-1
233,31,425.22,477.76,44.23,99.28,0.4406,-1,-1,-1
233,32,1209.80,425.50,66.35,178.82,0.3829,-1,-1,-1
233,40,612.08,453.71,61.71,177.19,0.6711,-1,-1,-1
233,41,507.54,440.52,43.97,120.55,0.5223,-1,-1,-1
234,2,919.94,424.55,132.43,425.73,0.7377,-1,-1,-1
234,3,773.38,417.40,272.73,580.35,0.7897,-1,-1,-1
234,17,1134.09,445.10,131.55,352.94,0.8436,-1,-1,-1
234,31,423.91,476.77,43.90,99.93,0.4593,-1,-1,-1
234,32,1213.08,423.95,67.60,181.73,0.3032,-1,-1,-1
234,40,614.21,456.66,61.19,172.07,0.6641,-1,-1,-1
234,41,507.68,440.22,43.73,120.84,0.5272,-1,-1,-1
234,46,1062.94,436.61,62.03,154.84,0.3789,-1,-1,-1
235,2,920.99,423.73,132.43,432.40,0.6978,-1,-1,-1
235,3,783.86,418.75,263.79,578.31,0.8166,-1,-1,-1
235,17,1134.17,445.00,134.89,356.25,0.8149,-1,-1,-1
235,31,423.62,476.56,42.91,99.06,0.4737,-1,-1,-1
235,32,1216.99,428.83,66.47,177.34,0.4326,-1,-1,-1
235,40,615.50,454.40,61.82,175.85,0.6713,-1,-1,-1
235,41,507.52,440.57,43.07,120.41,0.5102,-1,-1,-1
235,47,736.11,427.41,157.50,435.51,0.5507,-1,-1,-1
236,2,928.34,423.27,127.38,429.22,0.6907,-1,-1,-1
236,3,785.11,410.66,261.64,586.66,0.8125,-1,-1,-1
236,17,1134.30,444.14,136.98,358.39,0.8209,-1,-1,-1
236,31,423.07,474.72,42.58,100.30,0.4677,-1,-1,-1
236,32,1221.29,430.45,66.70,178.06,0.4839,-1,-1,-1
236,40,618.95,457.26,59.48,173.13,0.6884,-1,-1,-1
236,41,507.24,440.25,42.61,120.30,0.4780,-1,-1,-1
236,47,737.57,431.28,155.06,433.70,0.5302,-1,-1,-1
237,2,935.90,423.09,123.62,419.49,0.5452,-1,-1,-1
237,3,788.38,416.65,255.34,580.98,0.8147,-1,-1,-1
237,17,1136.49,441.78,138.52,361.27,0.8085,-1,-1,-1
237,32,1228.94,429.75,67.34,181.47,0.4660,-1,-1,-1
237,40,619.78,454.84,59.09,175.34,0.6499,-1,-1,-1
237,41,508.16,440.02,42.03,119.44,0.4445,-1,-1,-1
237,47,745.17,433.19,150.00,430.62,0.5870,-1,-1,-1
238,2,941.87,421.78,119.76,407.29,0.5794,-1,-1,-1
238,3,786.83,409.92,256.08,587.42,0.8136,-1,-1,-1
238,17,1138.96,437.15,139.30,366.17,0.7699,-1,-1,-1
238,32,1235.13,429.29,69.02,182.76,0.4721,-1,-1,-1
238,40,621.29,459.25,56.80,175.04,0.6747,-1,-1,-1
238,41,508.90,441.52,40.96,116.67,0.3341,-1,-1,-1
238,47,748.00,436.66,146.95,428.63,0.4338,-1,-1,-1
239,2,951.46,423.27,109.00,366.65,0.4359,-1,-1,-1
239,3,789.25,407.65,253.02,590.56,0.8386,-1,-1,-1
239,17,1144.45,437.51,136.44,366.76,0.7496,-1,-1,-1
239,32,1239.33,429.45,69.92,185.60,0.3096,-1,-1,-1
239,40,624.59,461.05,55.60,173.64,0.6684,-1,-1,-1
239,41,508.89,441.64,40.81,116.56,0.3981,-1,-1,-1
239,44,1239.18,433.64,75.83,319.24,0.4480,-1,-1,-1
239,47,723.08,438.68,149.36,427.64,0.5458,-1,-1,-1
240,2,952.12,424.94,120.79,412.46,0.6240,-1,-1,-1
240,3,794.06,411.94,248.09,586.74,0.8480,-1,-1,-1
240,17,1153.74,437.43,132.70,371.22,0.7143,-1,-1,-1
240,40,626.10,460.72,54.62,172.39,0.5954,-1,-1,-1
240,41,508.55,441.28,41.02,117.48,0.4040,-1,-1,-1
240,44,1242.67,432.01,74.78,323.25,0.5407,-1,-1,-1
240,47,721.61,438.08,153.96,430.42,0.6310,-1,-1,-1
241,2,955.86,425.53,118.38,416.97,0.6740,-1,-1,-1
241,3,805.90,416.26,240.95,583.69,0.8196,-1,-1,-1
241,17,1164.43,438.10,125.45,370.65,0.7354,-1,-1,-1
241,40,629.08,457.31,55.75,174.72,0.5834,-1,-1,-1
241,41,508.45,441.89,40.75,116.94,0.4083,-1,-1,-1
241,44,1247.96,430.10,72.39,325.70,0.5438,-1,-1,-1
241,47,724.58,437.27,155.67,429.43,0.6225,-1,-1,-1
242,2,956.92,425.85,117.05,412.61,0.5606,-1,-1,-1
242,3,817.12,423.54,229.86,579.79,0.8240,-1,-1,-1
242,17,1175.40,437.46,121.06,366.82,0.6818,-1,-1,-1
242,40,629.81,459.26,55.38,170.85,0.5867,-1,-1,-1
242,41,508.33,444.23,40.08,114.90,0.3896,-1,-1,-1
242,47,744.57,437.29,149.95,434.46,0.6463,-1,-1,-1
243,2,967.10,427.46,113.61,408.96,0.4631,-1,-1,-1
243,3,821.16,403.36,229.23,601.71,0.8007,-1,-1,-1
243,17,1183.18,435.49,118.81,368.14,0.6389,-1,-1,-1
243,40,632.48,461.35,55.84,168.08,0.5670,-1,-1,-1
243,41,508.79,449.12,38.72,109.93,0.3382,-1,-1,-1
243,47,737.21,437.04,150.63,432.74,0.6695,-1,-1,-1
244,2,972.36,423.24,112.81,416.42,0.4868,-1,-1,-1
244,3,831.07,395.29,222.99,613.37,0.7915,-1,-1,-1
244,17,1197.24,433.39,117.44,369.93,0.7684,-1,-1,-1
244,40,634.70,462.24,58.33,168.84,0.5952,-1,-1,-1
244,41,508.23,447.88,39.51,111.42,0.3742,-1,-1,-1
244,47,735.48,436.10,151.90,432.91,0.6903,-1,-1,-1
245,3,840.07,400.64,218.07,615.19,0.7382,-1,-1,-1
245,17,1204.30,431.76,117.94,372.26,0.7983,-1,-1,-1
245,40,634.26,463.00,59.99,168.69,0.5915,-1,-1,-1
245,41,507.74,446.74,40.08,112.12,0.3848,-1,-1,-1
245,47,737.25,437.57,153.99,434.59,0.6435,-1,-1,-1
246,3,849.87,412.15,210.69,615.38,0.7832,-1,-1,-1
246,17,1206.60,431.43,116.01,370.76,0.7652,-1,-1,-1
246,32,1270.27,421.32,76.48,215.57,0.4107,-1,-1,-1
246,40,634.03,461.24,61.21,169.54,0.5923,-1,-1,-1
246,41,507.36,442.31,41.69,116.74,0.3772,-1,-1,-1
246,46,1069.82,448.74,58.58,145.41,0.3268,-1,-1,-1
246,47,739.56,439.22,155.91,433.82,0.5698,-1,-1,-1
247,3,859.84,420.94,203.03,614.02,0.7729,-1,-1,-1
247,17,1212.69,430.67,117.31,369.59,0.7320,-1,-1,-1
247,40,634.66,458.41,63.70,173.16,0.5075,-1,-1,-1
247,41,505.63,441.39,42.59,117.84,0.4357,-1,-1,-1
247,47,759.84,436.64,154.35,439.84,0.5569,-1,-1,-1
248,3,870.68,420.18,199.77,619.28,0.7379,-1,-1,-1
248,17,1219.99,431.47,126.11,371.12,0.8024,-1,-1,-1
248,40,636.49,460.97,62.21,171.21,0.5894,-1,-1,-1
248,41,504.79,440.45,43.34,118.79,0.3943,-1,-1,-1
248,46,1071.95,439.21,62.79,153.14,0.3615,-1,-1,-1
248,47,764.03,434.40,152.02,443.00,0.5747,-1,-1,-1
249,3,878.15,422.86,195.93,620.69,0.7133,-1,-1,-1
249,17,1227.67,431.35,132.95,371.56,0.6993,-1,-1,-1
249,40,635.66,453.35,64.55,179.70,0.5774,-1,-1,-1
249,41,505.68,442.93,42.94,116.65,0.4016,-1,-1,-1
249,47,776.19,431.08,148.69,446.49,0.7505,-1,-1,-1
250,3,899.18,423.14,202.90,615.55,0.7204,-1,-1,-1
250,17,1232.47,432.34,146.65,372.30,0.7418,-1,-1,-1
250,40,642.56,450.11,65.98,183.62,0.6447,-1,-1,-1
250,41,507.28,444.12,42.48,115.43,0.3396,-1,-1,-1
250,46,1087.23,436.21,62.50,156.40,0.3144,-1,-1,-1
250,47,778.95,427.64,149.26,450.19,0.7529,-1,-1,-1
251,3,904.19,409.84,212.58,634.04,0.7894,-1,-1,-1
251,17,1225.83,430.03,173.39,374.85,0.8487,-1,-1,-1
251,40,648.40,449.75,66.15,182.08,0.6700,-1,-1,-1
251,41,507.82,445.60,42.26,114.40,0.3449,-1,-1,-1
251,47,781.75,428.74,146.18,449.50,0.7635,-1,-1,-1
252,3,910.06,403.33,216.02,636.25,0.8474,-1,-1,-1
252,17,1223.69,427.13,188.20,378.92,0.8414,-1,-1,-1
252,31,410.81,472.27,43.87,99.99,0.3845,-1,-1,-1
252,40,650.01,447.86,67.10,183.89,0.7185,-1,-1,-1
252,41,507.61,443.49,43.33,116.86,0.3642,-1,-1,-1
252,47,783.39,429.64,145.68,450.04,0.7428,-1,-1,-1
252,49,1854.36,528.73,58.41,251.77,0.4945,-1,-1,-1
253,3,916.08,404.33,213.79,636.26,0.8429,-1,-1,-1
253,17,1221.55,427.34,196.82,380.15,0.8539,-1,-1,-1
253,31,410.57,471.17,44.36,100.68,0.3768,-1,-1,-1
253,40,651.32,446.87,67.19,185.48,0.6938,-1,-1,-1
253,41,508.21,444.02,43.38,116.80,0.3318,-1,-1,-1
253,47,786.46,432.25,141.78,444.77,0.7412,-1,-1,-1
253,49,1848.97,481.73,69.32,296.82,0.5930,-1,-1,-1
254,3,919.03,409.28,208.65,631.23,0.8355,-1,-1,-1
254,17,1217.82,424.15,200.79,385.39,0.8595,-1,-1,-1
254,31,409.62,468.36,44.66,103.69,0.3536,-1,-1,-1
254,40,653.95,448.28,65.35,183.72,0.7196,-1,-1,-1
254,41,508.65,446.16,42.79,114.96,0.3833,-1,-1,-1
254,47,785.92,433.18,141.08,444.25,0.7462,-1,-1,-1
254,49,1836.23,400.15,87.58,379.86,0.5196,-1,-1,-1
254,50,729.62,485.27,48.53,112.44,0.3836,-1,-1,-1
255,3,919.77,405.15,202.43,637.61,0.8328,-1,-1,-1
255,17,1219.93,427.59,204.96,384.23,0.8621,-1,-1,-1
255,31,408.97,470.51,43.59,102.85,0.3801,-1,-1,-1
255,40,656.39,449.34,65.01,183.33,0.6826,-1,-1,-1
255,41,510.40,446.17,42.34,114.66,0.3656,-1,-1,-1
255,46,1102.59,437.43,48.25,119.55,0.3306,-1,-1,-1
255,47,796.22,430.82,139.85,446.07,0.7032,-1,-1,-1
255,49,1818.71,387.48,96.68,392.23,0.7462,-1,-1,-1
255,50,729.61,483.85,48.98,113.77,0.3561,-1,-1,-1
256,3,926.95,408.31,198.48,631.05,0.8421,-1,-1,-1
256,17,1223.53,428.28,206.81,385.61,0.8679,-1,-1,-1
256,31,408.10,474.15,42.42,100.12,0.3763,-1,-1,-1
256,40,659.02,450.36,66.32,183.49,0.7103,-1,-1,-1
256,41,509.66,441.33,43.99,119.98,0.4503,-1,-1,-1
256,46,1101.34,436.22,49.00,120.11,0.3241,-1,-1,-1
256,47,802.67,432.30,137.13,449.40,0.7444,-1,-1,-1
256,49,1811.14,392.66,102.90,387.35,0.7645,-1,-1,-1
256,50,728.42,483.52,49.26,115.05,0.3395,-1,-1,-1
257,3,927.10,407.76,195.17,633.54,0.8272,-1,-1,-1
257,17,1228.05,428.93,206.62,385.40,0.8663,-1,-1,-1
257,31,407.32,474.52,42.66,100.72,0.3681,-1,-1,-1
257,40,659.71,452.43,67.65,182.42,0.7086,-1,-1,-1
257,41,509.31,440.34,44.01,120.70,0.4334,-1,-1,-1
257,46,1101.87,435.50,49.31,120.56,0.3593,-1,-1,-1
257,47,805.59,433.64,137.27,460.20,0.7060,-1,-1,-1
257,49,1812.78,393.41,105.18,387.40,0.7880,-1,-1,-1
257,50,728.59,484.07,48.48,113.92,0.3060,-1,-1,-1
258,3,930.96,398.14,193.50,642.59,0.8026,-1,-1,-1
258,17,1237.78,427.56,200.75,385.44,0.8651,-1,-1,-1
258,40,659.63,448.20,71.45,191.45,0.7454,-1,-1,-1
258,46,1102.29,434.19,50.34,121.69,0.3991,-1,-1,-1
258,47,796.29,433.23,141.96,472.30,0.6284,-1,-1,-1
258,49,1809.03,395.67,106.92,383.73,0.7381,-1,-1,-1
259,3,930.28,394.90,191.44,647.27,0.7606,-1,-1,-1
259,17,1245.62,427.36,195.57,385.38,0.8004,-1,-1,-1
259,40,660.66,450.29,71.26,188.01,0.7307,-1,-1,-1
259,46,1102.58,432.63,51.28,123.06,0.4000,-1,-1,-1
259,47,804.00,432.15,139.11,474.02,0.6528,-1,-1,-1
259,49,1791.06,399.89,118.73,376.46,0.7976,-1,-1,-1
260,3,932.84,395.98,186.12,644.18,0.7713,-1,-1,-1
260,17,1255.20,426.08,189.36,386.82,0.7872,-1,-1,-1
260,31,404.93,472.77,43.85,102.74,0.3154,-1,-1,-1
260,40,662.80,452.19,70.27,185.06,0.7028,-1,-1,-1
260,47,807.70,432.53,138.16,477.66,0.5791,-1,-1,-1
260,49,1765.75,401.56,137.09,375.23,0.7756,-1,-1,-1
261,3,936.62,399.98,182.19,641.01,0.7815,-1,-1,-1
261,17,1267.02,426.32,181.28,386.86,0.7394,-1,-1,-1
261,40,663.07,450.95,71.26,188.73,0.7249,-1,-1,-1
261,41,507.04,443.16,43.56,117.50,0.3154,-1,-1,-1
261,47,789.41,441.55,140.61,473.76,0.5593,-1,-1,-1
261,49,1731.69,398.13,166.19,380.48,0.7868,-1,-1,-1
262,3,937.20,396.24,180.37,645.36,0.7996,-1,-1,-1
262,17,1290.67,424.34,165.85,391.42,0.7774,-1,-1,-1
262,31,403.57,470.94,43.31,98.32,0.3281,-1,-1,-1
262,40,663.52,450.59,71.25,189.58,0.6880,-1,-1,-1
262,41,505.85,439.57,45.10,120.90,0.4139,-1,-1,-1
262,46,1106.29,435.01,51.56,120.87,0.3308,-1,-1,-1
262,47,812.10,434.38,138.61,480.45,0.6393,-1,-1,-1
262,49,1703.09,413.06,193.46,366.36,0.8118,-1,-1,-1
263,3,941.51,396.22,178.54,645.22,0.8203,-1,-1,-1
263,17,1306.22,424.50,154.56,391.59,0.7907,-1,-1,-1
263,31,403.43,470.71,43.76,96.79,0.3306,-1,-1,-1
263,40,665.05,452.73,70.64,186.30,0.6493,-1,-1,-1
263,41,504.28,438.88,45.90,121.78,0.4045,-1,-1,-1
263,46,1107.92,437.20,51.04,118.25,0.3363,-1,-1,-1
263,47,816.19,433.81,135.38,481.86,0.6634,-1,-1,-1
263,49,1684.99,424.00,217.23,354.33,0.8338,-1,-1,-1
264,3,945.88,399.46,179.27,641.36,0.8215,-1,-1,-1
264,17,1322.84,420.53,143.85,397.52,0.8137,-1,-1,-1
264,31,402.48,468.75,44.70,99.10,0.3457,-1,-1,-1
264,40,667.02,452.63,71.36,186.64,0.6317,-1,-1,-1
264,41,505.03,439.46,45.95,121.05,0.4164,-1,-1,-1
264,47,817.97,433.45,131.67,481.66,0.6325,-1,-1,-1
264,49,1672.12,425.80,234.85,352.69,0.8500,-1,-1,-1
264,53,1296.26,432.37,44.84,118.10,0.3474,-1,-1,-1
265,3,947.34,402.08,181.02,639.86,0.8286,-1,-1,-1
265,17,1333.53,421.94,134.76,398.47,0.8056,-1,-1,-1
265,31,401.89,467.94,46.43,102.02,0.3569,-1,-1,-1
265,40,669.84,452.15,71.88,187.02,0.6308,-1,-1,-1
265,41,505.23,438.84,46.39,121.58,0.4094,-1,-1,-1
265,46,1110.21,437.71,51.30,119.14,0.3257,-1,-1,-1
265,47,820.26,433.05,129.85,483.36,0.5963,-1,-1,-1
265,49,1663.86,427.35,238.67,350.05,0.8360,-1,-1,-1
265,53,1299.74,434.58,43.47,113.91,0.3183,-1,-1,-1
266,3,947.44,402.99,179.13,638.77,0.8176,-1,-1,-1
266,17,1342.47,422.23,130.97,404.82,0.8193,-1,-1,-1
266,31,401.43,467.26,47.95,105.66,0.3041,-1,-1,-1
266,40,674.05,453.89,70.92,184.83,0.5930,-1,-1,-1
266,41,505.48,438.63,46.64,121.83,0.4104,-1,-1,-1
266,46,1110.73,437.75,51.87,120.47,0.4104,-1,-1,-1
266,47,821.54,431.81,128.00,485.27,0.6313,-1,-1,-1
266,49,1655.35,413.72,239.92,360.88,0.8503,-1,-1,-1
267,3,949.05,402.52,177.68,639.02,0.8105,-1,-1,-1
267,17,1348.32,418.83,129.10,414.50,0.8201,-1,-1,-1
267,31,400.48,464.69,49.50,109.02,0.3753,-1,-1,-1
267,40,675.37,454.08,70.43,183.33,0.6218,-1,-1,-1
267,41,505.53,438.90,46.64,121.41,0.4299,-1,-1,-1
267,46,1113.43,438.50,50.65,119.05,0.3499,-1,-1,-1
267,47,821.88,428.34,126.32,490.78,0.7041,-1,-1,-1
267,49,1653.19,418.46,225.74,347.85,0.8300,-1,-1,-1
268,3,949.07,403.86,175.04,638.28,0.8181,-1,-1,-1
268,17,1357.47,423.92,133.55,408.38,0.8309,-1,-1,-1
268,31,398.21,463.45,50.64,110.92,0.3047,-1,-1,-1
268,40,676.70,454.12,69.70,182.88,0.6810,-1,-1,-1
268,41,505.71,437.86,47.19,123.32,0.4164,-1,-1,-1
268,47,824.18,429.70,125.81,488.57,0.5945,-1,-1,-1
268,49,1648.96,415.94,207.46,340.49,0.8203,-1,-1,-1
269,3,951.61,403.58,176.45,639.01,0.8197,-1,-1,-1
269,17,1364.89,424.22,150.03,413.09,0.8576,-1,-1,-1
269,40,677.99,453.35,69.01,183.00,0.6683,-1,-1,-1
269,41,505.07,436.26,47.65,124.85,0.4431,-1,-1,-1
269,46,1118.42,443.25,46.65,112.86,0.3672,-1,-1,-1
269,47,822.56,428.77,126.57,491.61,0.5654,-1,-1,-1
269,49,1645.49,417.59,191.14,338.48,0.8101,-1,-1,-1
269,54,1051.15,437.99,104.22,212.01,0.3068,-1,-1,-1
270,3,951.50,404.56,174.95,638.53,0.8080,-1,-1,-1
270,17,1368.35,424.24,164.03,414.57,0.8497,-1,-1,-1
270,40,680.13,452.23,68.93,186.51,0.6998,-1,-1,-1
270,41,505.33,436.07,47.61,125.08,0.4103,-1,-1,-1
270,47,828.48,426.85,128.95,494.03,0.5995,-1,-1,-1
270,49,1640.04,410.53,172.25,343.38,0.8015,-1,-1,-1
270,54,1050.27,430.52,106.77,217.36,0.3154,-1,-1,-1
271,3,952.56,405.21,172.10,638.32,0.7717,-1,-1,-1
271,17,1369.60,423.58,177.85,414.40,0.8316,-1,-1,-1
271,40,682.91,448.19,69.94,192.71,0.6160,-1,-1,-1
271,41,506.94,437.41,47.06,123.61,0.3776,-1,-1,-1
271,47,829.29,426.28,131.10,495.14,0.6076,-1,-1,-1
271,49,1636.42,415.39,150.94,338.43,0.7669,-1,-1,-1
271,54,1055.42,428.08,106.02,216.81,0.3347,-1,-1,-1
272,3,956.03,403.96,166.71,639.11,0.8078,-1,-1,-1
272,17,1365.33,425.99,190.15,415.09,0.8649,-1,-1,-1
272,31,395.79,461.99,52.41,112.95,0.3113,-1,-1,-1
272,40,685.75,445.78,70.63,197.76,0.6513,-1,-1,-1
272,41,507.98,440.40,46.30,120.63,0.3849,-1,-1,-1
272,47,830.30,426.72,131.63,494.05,0.6614,-1,-1,-1
272,49,1623.06,416.23,137.38,335.75,0.7026,-1,-1,-1
273,3,960.85,403.11,163.46,640.02,0.8123,-1,-1,-1
273,17,1363.73,427.69,197.46,419.56,0.8805,-1,-1,-1
273,31,394.48,463.70,51.57,110.00,0.3625,-1,-1,-1
273,40,686.59,443.56,70.90,201.46,0.6531,-1,-1,-1
273,47,831.06,424.30,132.30,495.70,0.6601,-1,-1,-1
273,49,1620.25,429.71,119.85,323.56,0.7103,-1,-1,-1
274,3,962.13,403.21,160.16,640.19,0.8158,-1,-1,-1
274,17,1365.01,425.49,203.16,428.06,0.8754,-1,-1,-1
274,31,394.91,466.81,50.29,106.33,0.3265,-1,-1,-1
274,40,688.51,449.34,67.69,191.93,0.5838,-1,-1,-1
274,47,832.60,424.66,132.62,494.71,0.6800,-1,-1,-1
274,49,1617.46,438.69,107.50,311.92,0.7957,-1,-1,-1
274,54,1065.02,425.08,109.06,224.83,0.3287,-1,-1,-1
275,3,963.84,404.72,157.68,639.12,0.7983,-1,-1,-1
275,17,1368.78,424.12,203.31,430.25,0.8780,-1,-1,-1
275,31,394.49,465.32,51.78,107.97,0.3167,-1,-1,-1
275,40,693.85,449.28,69.31,193.46,0.5685,-1,-1,-1
275,47,832.61,422.62,133.48,495.95,0.7002,-1,-1,-1
275,49,1595.77,438.85,116.98,313.03,0.7846,-1,-1,-1
275,54,1065.90,425.07,108.59,225.40,0.4189,-1,-1,-1
276,3,966.50,401.24,157.28,642.21,0.8142,-1,-1,-1
276,17,1372.97,425.27,199.74,429.15,0.8333,-1,-1,-1
276,40,697.35,449.30,68.52,192.34,0.5449,-1,-1,-1
276,47,829.60,423.63,132.71,495.03,0.7021,-1,-1,-1
276,49,1576.65,437.79,131.48,316.36,0.8035,-1,-1,-1
276,54,1067.93,422.81,109.05,229.18,0.4046,-1,-1,-1
277,3,970.89,403.66,156.81,640.50,0.8281,-1,-1,-1
277,17,1376.68,425.52,197.10,429.30,0.8147,-1,-1,-1
277,40,694.48,452.55,67.95,191.82,0.4532,-1,-1,-1
277,47,826.71,423.65,132.46,495.49,0.6845,-1,-1,-1
277,49,1557.32,418.05,153.48,335.77,0.8513,-1,-1,-1
277,50,791.95,452.52,33.72,80.84,0.3154,-1,-1,-1
277,54,1072.40,425.62,106.51,226.97,0.3676,-1,-1,-1
278,3,970.93,401.50,158.87,643.33,0.8239,-1,-1,-1
278,17,1391.83,425.83,200.57,425.87,0.8073,-1,-1,-1
278,40,704.45,451.78,68.67,193.36,0.4961,-1,-1,-1
278,47,829.37,423.22,131.84,495.60,0.7099,-1,-1,-1
278,49,1548.28,459.14,156.58,291.17,0.8507,-1,-1,-1
279,3,973.97,401.01,159.29,644.73,0.8244,-1,-1,-1
279,17,1417.64,430.59,191.66,419.35,0.5474,-1,-1,-1
279,31,390.47,460.77,55.30,112.89,0.3212,-1,-1,-1
279,40,711.04,452.27,69.68,192.70,0.4307,-1,-1,-1
279,41,505.71,456.92,40.47,102.16,0.3372,-1,-1,-1
279,47,828.31,420.78,132.82,498.52,0.7356,-1,-1,-1
279,49,1535.89,421.52,177.08,327.79,0.8376,-1,-1,-1
280,3,976.92,401.18,161.36,643.23,0.8128,-1,-1,-1
280,17,1435.35,428.54,170.84,422.04,0.7809,-1,-1,-1
280,31,388.09,461.10,56.00,113.90,0.3620,-1,-1,-1
280,40,715.00,452.14,71.13,193.29,0.5381,-1,-1,-1
280,41,505.17,457.64,41.12,101.25,0.3202,-1,-1,-1
280,47,826.49,419.49,134.36,499.70,0.7231,-1,-1,-1
280,49,1552.97,449.94,156.24,294.67,0.7798,-1,-1,-1
281,3,978.92,398.32,164.11,645.51,0.8157,-1,-1,-1
281,17,1444.13,428.32,151.86,421.16,0.7883,-1,-1,-1
281,31,388.67,460.84,56.50,113.03,0.3627,-1,-1,-1
281,40,717.24,455.94,71.98,190.78,0.6095,-1,-1,-1
281,41,504.90,456.36,42.08,102.00,0.3043,-1,-1,-1
281,47,830.06,420.13,137.48,498.97,0.7255,-1,-1,-1
281,49,1539.05,417.72,169.67,331.26,0.6383,-1,-1,-1
281,50,793.33,449.79,35.83,86.09,0.3179,-1,-1,-1
282,3,980.69,400.34,165.97,643.40,0.7954,-1,-1,-1
282,17,1456.27,434.70,142.26,416.50,0.7364,-1,-1,-1
282,31,385.05,463.18,55.12,111.44,0.3588,-1,-1,-1
282,40,718.40,459.23,72.18,185.70,0.5087,-1,-1,-1
282,41,504.84,455.16,42.95,103.76,0.3270,-1,-1,-1
282,47,831.36,419.47,142.80,497.32,0.7456,-1,-1,-1
282,49,1530.90,418.41,161.05,323.76,0.5455,-1,-1,-1
283,3,983.98,399.47,167.20,644.29,0.7813,-1,-1,-1
283,17,1469.79,431.59,144.05,421.86,0.7704,-1,-1,-1
283,31,384.32,463.43,54.67,111.90,0.4533,-1,-1,-1
283,40,719.10,458.74,74.04,185.35,0.6083,-1,-1,-1
283,41,504.38,455.61,42.99,103.60,0.3480,-1,-1,-1
283,47,833.45,420.94,152.05,496.87,0.7567,-1,-1,-1
284,3,988.21,401.34,163.42,641.30,0.7639,-1,-1,-1
284,17,1478.94,428.02,145.98,423.30,0.7981,-1,-1,-1
284,31,385.07,466.10,54.18,109.18,0.4321,-1,-1,-1
284,40,719.00,457.35,76.67,187.41,0.6897,-1,-1,-1
284,41,504.72,456.54,42.73,103.37,0.3518,-1,-1,-1
284,47,833.52,421.01,162.48,498.48,0.7645,-1,-1,-1
285,3,990.54,404.55,159.76,638.41,0.7923,-1,-1,-1
285,17,1486.56,435.71,143.19,416.38,0.7758,-1,-1,-1
285,31,383.07,467.20,54.09,107.84,0.4211,-1,-1,-1
285,40,717.51,455.38,79.75,189.19,0.7342,-1,-1,-1
285,41,504.39,456.52,42.76,103.60,0.3971,-1,-1,-1
285,47,833.30,428.10,170.70,495.70,0.7774,-1,-1,-1
285,56,1347.18,444.35,34.56,102.15,0.4819,-1,-1,-1
286,3,993.39,406.60,157.53,636.81,0.7906,-1,-1,-1
286,17,1498.60,434.48,150.11,417.26,0.8168,-1,-1,-1
286,31,381.25,468.51,53.56,106.33,0.3749,-1,-1,-1
286,40,717.68,453.86,83.34,190.76,0.7743,-1,-1,-1
286,41,504.37,457.17,42.50,102.93,0.3725,-1,-1,-1
286,47,831.50,425.27,179.09,498.91,0.7843,-1,-1,-1
286,56,1349.71,442.84,35.02,103.15,0.4343,-1,-1,-1
287,3,994.09,406.67,157.36,636.91,0.7841,-1,-1,-1
287,17,1505.55,429.79,168.33,422.56,0.8299,-1,-1,-1
287,31,379.82,469.74,52.37,104.41,0.3052,-1,-1,-1
287,40,719.04,454.90,83.35,188.91,0.7627,-1,-1,-1
287,41,504.22,457.27,42.55,103.22,0.3371,-1,-1,-1
287,47,832.91,420.96,184.74,500.50,0.8053,-1,-1,-1
287,56,1350.75,443.89,35.44,104.46,0.4865,-1,-1,-1
287,58,1478.93,442.01,57.28,193.67,0.5657,-1,-1,-1
288,3,995.61,406.53,156.53,637.77,0.7845,-1,-1,-1
288,17,1510.18,429.15,193.44,428.24,0.8567,-1,-1,-1
288,31,379.41,470.74,51.48,103.82,0.3560,-1,-1,-1
288,40,720.14,447.04,84.83,195.61,0.7396,-1,-1,-1
288,41,504.10,456.39,42.83,104.46,0.3750,-1,-1,-1
288,47,832.70,421.05,187.83,500.49,0.8140,-1,-1,-1
289,3,997.78,408.19,154.96,635.34,0.7846,-1,-1,-1
289,17,1509.55,438.02,213.39,421.44,0.8817,-1,-1,-1
289,40,723.94,446.37,84.53,197.48,0.6597,-1,-1,-1
289,41,505.01,456.16,42.50,104.58,0.3565,-1,-1,-1
289,47,836.13,423.73,186.46,496.38,0.8089,-1,-1,-1
289,56,1356.07,442.24,36.58,105.68,0.3069,-1,-1,-1
290,3,1001.04,404.82,153.92,639.00,0.8122,-1,-1,-1
290,17,1506.43,436.32,230.88,429.81,0.8746,-1,-1,-1
290,40,728.90,448.72,82.77,195.13,0.6345,-1,-1,-1
290,41,505.22,456.43,41.32,102.54,0.3480,-1,-1,-1
290,47,838.56,417.46,185.89,503.45,0.8087,-1,-1,-1
290,49,1427.77,414.95,151.88,309.92,0.4380,-1,-1,-1
291,3,1003.26,403.03,154.44,639.76,0.7856,-1,-1,-1
291,17,1504.68,433.80,242.36,435.46,0.8359,-1,-1,-1
291,40,732.55,454.50,80.52,191.13,0.6253,-1,-1,-1
291,47,834.21,421.35,187.48,500.45,0.8189,-1,-1,-1
291,49,1417.23,424.31,148.34,293.81,0.6329,-1,-1,-1
291,56,1361.52,442.25,37.70,105.45,0.3009,-1,-1,-1
291,60,674.08,480.76,60.48,123.61,0.3435,-1,-1,-1
292,3,1002.81,403.58,155.01,638.69,0.7559,-1,-1,-1
292,17,1500.49,435.53,249.73,438.00,0.8560,-1,-1,-1
292,40,737.93,452.59,78.56,193.21,0.6021,-1,-1,-1
292,47,835.47,422.89,187.55,496.96,0.8121,-1,-1,-1
292,49,1402.37,428.12,156.17,309.15,0.3366,-1,-1,-1
293,3,1006.75,404.65,155.23,637.62,0.8020,-1,-1,-1
293,17,1500.34,436.99,256.93,442.39,0.8686,-1,-1,-1
293,40,740.65,449.43,77.15,197.54,0.6662,-1,-1,-1
293,41,504.15,454.46,42.06,104.87,0.3594,-1,-1,-1
293,46,1154.35,434.22,46.62,116.64,0.3102,-1,-1,-1
293,47,838.56,417.18,186.79,503.99,0.8220,-1,-1,-1
293,49,1398.29,429.88,137.15,280.28,0.7028,-1,-1,-1
294,3,1007.29,402.49,155.75,641.41,0.8147,-1,-1,-1
294,17,1500.98,435.25,262.28,445.78,0.8660,-1,-1,-1
294,40,742.62,452.04,72.83,194.44,0.6552,-1,-1,-1
294,41,504.61,457.29,40.75,101.42,0.3396,-1,-1,-1
294,46,1155.86,435.50,45.14,115.41,0.3384,-1,-1,-1
294,47,841.11,414.27,184.76,506.95,0.8318,-1,-1,-1
294,49,1398.84,429.64,137.63,280.56,0.7576,-1,-1,-1
294,58,1531.72,437.57,66.53,218.77,0.4481,-1,-1,-1
294,60,676.98,483.53,59.16,122.46,0.3562,-1,-1,-1
295,3,1007.93,402.95,153.87,640.55,0.8107,-1,-1,-1
295,17,1499.75,430.13,264.82,448.32,0.8549,-1,-1,-1
295,40,745.79,451.85,73.15,196.42,0.6376,-1,-1,-1
295,46,1157.16,436.81,44.93,114.24,0.3221,-1,-1,-1
295,47,843.99,412.74,182.35,507.72,0.8263,-1,-1,-1
295,49,1397.70,428.97,143.54,281.43,0.7587,-1,-1,-1
295,58,1539.08,432.50,67.60,220.32,0.4276,-1,-1,-1
296,3,1008.91,403.96,154.76,638.69,0.8181,-1,-1,-1
296,17,1508.54,429.11,259.10,450.24,0.8341,-1,-1,-1
296,40,751.44,449.35,74.27,196.82,0.6583,-1,-1,-1
296,46,1157.28,436.59,45.49,114.60,0.3720,-1,-1,-1
296,47,847.57,412.82,179.38,508.45,0.8370,-1,-1,-1
296,49,1396.85,427.39,143.42,282.89,0.7694,-1,-1,-1
296,58,1548.16,431.02,69.69,221.45,0.3584,-1,-1,-1
297,3,1011.12,405.11,154.76,636.86,0.8149,-1,-1,-1
297,17,1522.34,429.98,248.48,448.76,0.7895,-1,-1,-1
297,40,757.22,447.86,73.60,200.06,0.7291,-1,-1,-1
297,46,1157.89,436.81,46.12,115.67,0.3653,-1,-1,-1
297,47,851.18,408.93,176.40,512.42,0.8351,-1,-1,-1
297,49,1399.43,434.01,137.72,276.82,0.7833,-1,-1,-1
297,58,1557.84,439.40,69.58,214.93,0.4018,-1,-1,-1
297,60,677.90,491.40,55.18,115.05,0.3195,-1,-1,-1
298,3,1010.80,406.05,156.26,635.59,0.8085,-1,-1,-1
298,17,1534.27,431.28,239.15,445.31,0.7482,-1,-1,-1
298,40,756.09,447.34,73.23,200.06,0.7156,-1,-1,-1
298,41,505.37,455.26,41.66,104.44,0.3013,-1,-1,-1
298,46,1158.16,436.51,47.00,116.86,0.4044,-1,-1,-1
298,47,853.27,410.64,174.08,512.52,0.8060,-1,-1,-1
298,49,1395.51,440.89,128.78,267.33,0.7831,-1,-1,-1
298,58,1566.68,431.56,71.31,216.75,0.3779,-1,-1,-1
299,3,1011.46,404.98,158.67,635.10,0.8110,-1,-1,-1
299,17,1548.16,423.69,235.08,456.42,0.7704,-1,-1,-1
299,40,761.82,451.86,72.14,198.43,0.7053,-1,-1,-1
299,47,863.06,415.54,168.34,512.22,0.7731,-1,-1,-1
299,49,1390.82,450.39,119.05,257.20,0.7392,-1,-1,-1
299,58,1577.67,423.10,76.44,225.80,0.3315,-1,-1,-1
299,60,678.25,488.08,54.43,116.56,0.3248,-1,-1,-1
300,3,1013.15,405.32,159.95,630.90,0.8217,-1,-1,-1
300,17,1560.57,422.39,223.92,457.56,0.6959,-1,-1,-1
300,31,376.21,469.88,50.03,103.78,0.3174,-1,-1,-1
300,40,764.48,451.14,71.80,198.66,0.7139,-1,-1,-1
300,41,504.93,456.52,40.88,103.04,0.3015,-1,-1,-1
300,47,870.46,419.60,160.61,513.33,0.7726,-1,-1,-1
300,49,1375.58,422.38,118.94,284.78,0.7877,-1,-1,-1
300,58,1583.00,425.19,76.89,223.88,0.4268,-1,-1,-1
300,60,680.80,494.61,50.93,110.55,0.3332,-1,-1,-1
301,3,1010.14,404.79,160.14,628.75,0.8169,-1,-1,-1
301,17,1595.89,421.84,209.37,456.61,0.7294,-1,-1,-1
301,31,376.62,468.27,49.17,105.55,0.3902,-1,-1,-1
301,40,768.26,449.61,70.53,199.93,0.7476,-1,-1,-1
301,41,505.06,458.01,39.80,101.47,0.3099,-1,-1,-1
301,47,876.88,419.40,154.58,523.10,0.7650,-1,-1,-1
301,49,1375.35,448.37,97.75,258.35,0.8124,-1,-1,-1
301,58,1588.36,425.77,78.39,222.64,0.3789,-1,-1,-1
301,61,-38.34,618.71,187.70,242.03,0.3010,-1,-1,-1
302,3,1008.76,406.29,161.86,623.80,0.8146,-1,-1,-1
302,17,1615.44,415.23,193.55,465.08,0.7632,-1,-1,-1
302,31,377.73,468.69,47.63,104.55,0.4012,-1,-1,-1
302,40,771.29,456.12,70.60,195.06,0.7885,-1,-1,-1
302,41,505.67,459.87,38.33,99.06,0.3998,-1,-1,-1
302,47,881.60,419.31,149.45,529.58,0.7534,-1,-1,-1
302,49,1368.59,454.23,91.46,253.61,0.8322,-1,-1,-1
302,58,1594.84,422.09,82.68,228.14,0.3662,-1,-1,-1
302,61,-13.93,670.86,143.07,188.30,0.5671,-1,-1,-1
303,3,1012.17,404.70,161.82,621.42,0.8100,-1,-1,-1
303,17,1632.54,408.90,181.53,480.31,0.7716,-1,-1,-1
303,31,377.21,466.23,47.93,107.22,0.4224,-1,-1,-1
303,40,771.24,454.11,71.95,198.02,0.7770,-1,-1,-1
303,41,505.32,459.51,38.36,100.18,0.4127,-1,-1,-1
303,47,873.98,421.08,149.90,528.25,0.7567,-1,-1,-1
303,49,1354.13,421.11,98.64,284.92,0.7919,-1,-1,-1
303,58,1599.07,419.01,84.94,229.99,0.3900,-1,-1,-1
303,61,-15.15,649.69,147.62,208.62,0.6844,-1,-1,-1
304,3,1015.11,403.86,166.01,623.24,0.8100,-1,-1,-1
304,17,1650.99,410.33,174.68,489.73,0.7762,-1,-1,-1
304,31,377.20,466.47,47.32,106.97,0.3868,-1,-1,-1
304,40,774.61,453.79,73.64,199.04,0.7692,-1,-1,-1
304,41,505.04,459.01,38.82,101.69,0.4884,-1,-1,-1
304,46,1176.20,438.89,44.15,111.50,0.3284,-1,-1,-1
304,47,868.80,420.01,154.27,530.91,0.7953,-1,-1,-1
304,49,1343.73,420.37,99.37,285.72,0.7747,-1,-1,-1
304,50,736.47,476.97,46.81,119.38,0.3331,-1,-1,-1
304,58,1606.44,419.21,86.11,230.51,0.3350,-1,-1,-1
304,61,-31.80,557.13,182.93,300.98,0.7201,-1,-1,-1
305,3,1018.18,404.26,172.73,620.24,0.7974,-1,-1,-1
305,17,1659.95,414.68,168.72,492.45,0.7422,-1,-1,-1
305,31,376.88,466.33,47.22,107.30,0.3849,-1,-1,-1
305,40,774.49,450.16,76.13,204.92,0.7745,-1,-1,-1
305,41,504.84,457.61,38.97,103.01,0.4554,-1,-1,-1
305,46,1181.11,439.47,42.20,109.84,0.3835,-1,-1,-1
305,47,872.68,420.88,153.14,530.18,0.7790,-1,-1,-1
305,49,1338.18,425.09,99.85,280.78,0.7662,-1,-1,-1
305,50,736.59,478.91,44.96,119.21,0.3207,-1,-1,-1
305,58,1613.34,410.67,90.14,240.26,0.3236,-1,-1,-1
305,61,-40.45,496.51,199.62,361.84,0.6235,-1,-1,-1
306,3,1021.79,405.05,183.00,615.81,0.8195,-1,-1,-1
306,17,1671.12,417.85,174.08,494.71,0.8635,-1,-1,-1
306,31,376.79,466.04,47.38,107.96,0.3833,-1,-1,-1
306,40,775.76,447.12,76.95,208.11,0.7658,-1,-1,-1
306,41,504.36,457.44,39.37,103.51,0.4757,-1,-1,-1
306,46,1183.34,441.63,41.35,107.58,0.5475,-1,-1,-1
306,47,874.14,420.05,152.68,531.48,0.7988,-1,-1,-1
306,49,1326.89,439.64,105.32,263.23,0.8031,-1,-1,-1
306,50,736.58,480.81,44.18,117.76,0.3089,-1,-1,-1
306,58,1605.63,411.72,123.28,338.77,0.3464,-1,-1,-1
306,61,-29.84,470.37,182.67,390.08,0.7374,-1,-1,-1
307,3,1022.18,401.95,193.20,617.83,0.8297,-1,-1,-1
307,17,1684.93,413.66,197.00,502.28,0.8523,-1,-1,-1
307,31,377.73,466.63,46.80,107.25,0.3605,-1,-1,-1
307,40,778.89,451.86,74.31,202.05,0.7219,-1,-1,-1
307,41,504.18,460.79,38.25,100.22,0.4179,-1,-1,-1
307,46,1184.98,442.61,40.82,105.87,0.5622,-1,-1,-1
307,47,872.57,419.63,153.55,531.64,0.8147,-1,-1,-1
307,49,1319.06,450.43,112.35,250.20,0.8039,-1,-1,-1
307,50,733.53,481.81,43.45,114.36,0.3359,-1,-1,-1
307,58,1604.64,409.07,136.33,393.79,0.5688,-1,-1,-1
307,61,-27.32,415.55,178.27,445.85,0.7493,-1,-1,-1
308,3,1021.79,401.34,203.52,616.21,0.8433,-1,-1,-1
308,17,1686.54,418.53,214.01,497.75,0.8351,-1,-1,-1
308,31,377.88,466.91,46.80,107.03,0.3478,-1,-1,-1
308,40,781.04,449.49,73.77,203.66,0.7512,-1,-1,-1
308,41,503.59,462.24,38.28,98.94,0.4128,-1,-1,-1
308,46,1187.41,442.49,41.41,105.79,0.4958,-1,-1,-1
308,47,873.97,420.39,153.21,531.11,0.8196,-1,-1,-1
308,49,1305.92,432.53,126.94,267.70,0.8114,-1,-1,-1
308,50,732.15,479.51,44.89,116.86,0.3389,-1,-1,-1
308,58,1603.50,402.66,137.89,404.42,0.6368,-1,-1,-1
308,61,-16.80,405.14,157.93,455.71,0.7872,-1,-1,-1
309,3,1021.60,399.24,213.47,616.79,0.8482,-1,-1,-1
309,17,1679.45,418.08,228.60,502.49,0.8586,-1,-1,-1
309,31,377.66,465.55,47.07,108.05,0.3292,-1,-1,-1
309,40,787.44,446.81,72.90,207.90,0.7213,-1,-1,-1
309,41,502.41,461.42,39.14,99.58,0.4336,-1,-1,-1
309,46,1189.19,443.52,40.65,104.14,0.4223,-1,-1,-1
309,47,872.79,421.37,153.35,529.24,0.8313,-1,-1,-1
309,49,1298.62,431.37,132.42,269.85,0.8018,-1,-1,-1
309,50,732.74,478.23,46.50,118.90,0.3718,-1,-1,-1
309,58,1609.38,405.57,137.77,403.82,0.5926,-1,-1,-1
309,61,-9.71,398.76,143.99,462.31,0.8111,-1,-1,-1
310,3,1021.41,400.03,221.66,615.18,0.8572,-1,-1,-1
310,17,1673.87,418.21,241.79,510.74,0.8810,-1,-1,-1
310,40,791.56,444.72,70.96,210.30,0.7222,-1,-1,-1
310,41,500.78,460.21,40.36,100.91,0.4624,-1,-1,-1
310,46,1190.96,445.22,40.51,102.92,0.4922,-1,-1,-1
310,47,873.83,421.82,152.78,529.16,0.8078,-1,-1,-1
310,49,1292.29,429.05,134.78,270.93,0.7629,-1,-1,-1
310,50,733.32,480.19,46.92,118.08,0.3745,-1,-1,-1
310,58,1617.42,408.37,138.24,402.97,0.5079,-1,-1,-1
310,61,-5.71,397.07,136.30,463.67,0.8050,-1,-1,-1
311,3,1018.76,402.61,226.43,612.66,0.8585,-1,-1,-1
311,17,1670.38,419.67,247.64,514.70,0.8750,-1,-1,-1
311,40,796.11,444.55,69.05,211.25,0.7320,-1,-1,-1
311,41,500.38,456.40,42.39,104.35,0.4798,-1,-1,-1
311,46,1191.09,446.54,40.18,101.01,0.5117,-1,-1,-1
311,47,873.19,420.63,153.31,530.34,0.8185,-1,-1,-1
311,49,1287.88,432.09,129.60,263.21,0.7591,-1,-1,-1
311,50,733.60,479.71,48.26,119.21,0.4493,-1,-1,-1
311,58,1635.02,408.71,136.40,408.36,0.4775,-1,-1,-1
311,61,-4.34,393.94,129.41,463.33,0.8183,-1,-1,-1
312,3,1020.45,403.91,226.59,611.30,0.8613,-1,-1,-1
312,17,1671.42,420.25,248.12,514.68,0.8619,-1,-1,-1
312,40,799.13,448.00,67.91,208.30,0.7321,-1,-1,-1
312,41,499.70,455.29,43.36,105.86,0.4224,-1,-1,-1
312,46,1191.01,443.17,41.88,106.06,0.4683,-1,-1,-1
312,47,871.64,420.20,154.87,531.46,0.8328,-1,-1,-1
312,49,1276.57,430.12,124.40,260.13,0.7647,-1,-1,-1
312,50,733.63,480.03,49.08,118.87,0.4648,-1,-1,-1
312,58,1628.29,411.03,139.15,407.38,0.5090,-1,-1,-1
312,61,-0.88,391.74,129.24,468.11,0.8304,-1,-1,-1
313,3,1020.23,402.68,227.80,612.60,0.8614,-1,-1,-1
313,17,1676.14,422.23,244.57,514.51,0.8693,-1,-1,-1
313,40,802.25,445.44,71.41,211.56,0.7278,-1,-1,-1
313,41,499.43,457.57,43.04,104.04,0.3888,-1,-1,-1
313,46,1191.35,440.70,43.52,110.02,0.4890,-1,-1,-1
313,47,870.53,419.54,156.27,532.42,0.8133,-1,-1,-1
313,49,1270.20,432.52,117.21,256.54,0.7861,-1,-1,-1
313,50,733.42,478.95,49.77,119.01,0.4908,-1,-1,-1
313,58,1631.06,412.71,142.63,402.10,0.4769,-1,-1,-1
313,61,3.97,392.56,135.81,468.00,0.8574,-1,-1,-1
314,3,1021.61,402.37,226.28,611.93,0.8651,-1,-1,-1
314,17,1684.68,419.08,237.92,518.10,0.8702,-1,-1,-1
314,40,803.41,445.57,72.99,211.54,0.7230,-1,-1,-1
314,41,498.12,456.13,44.21,105.77,0.4152,-1,-1,-1
314,46,1192.05,438.98,44.61,112.46,0.5536,-1,-1,-1
314,47,869.73,419.00,157.94,533.24,0.8200,-1,-1,-1
314,49,1269.00,427.19,107.22,261.48,0.8066,-1,-1,-1
314,50,733.68,481.94,48.79,116.05,0.4094,-1,-1,-1
314,58,1636.09,414.67,144.82,398.55,0.3581,-1,-1,-1
314,61,12.79,394.15,144.73,463.44,0.8540,-1,-1,-1
315,3,1026.66,399.47,223.31,616.15,0.8600,-1,-1,-1
315,17,1735.42,422.01,219.78,516.23,0.7127,-1,-1,-1
315,31,375.83,462.98,47.97,111.00,0.3025,-1,-1,-1
315,40,806.26,443.43,75.18,214.31,0.7223,-1,-1,-1
315,41,497.62,454.32,44.70,106.74,0.4378,-1,-1,-1
315,46,1192.33,434.84,45.45,116.14,0.5376,-1,-1,-1
315,47,868.78,417.10,160.20,534.89,0.8149,-1,-1,-1
315,49,1266.37,426.84,98.42,260.58,0.7805,-1,-1,-1
315,50,732.30,481.04,49.45,117.01,0.3637,-1,-1,-1
315,58,1647.64,418.43,173.53,456.98,0.4210,-1,-1,-1
315,61,25.97,398.00,166.78,463.42,0.8670,-1,-1,-1
316,3,1031.83,401.63,216.58,612.04,0.8604,-1,-1,-1
316,17,1760.20,416.71,187.61,518.66,0.7920,-1,-1,-1
316,40,806.66,444.29,76.61,214.93,0.6920,-1,-1,-1
316,41,497.44,453.21,45.06,108.05,0.4586,-1,-1,-1
316,46,1194.98,435.97,45.17,115.00,0.6062,-1,-1,-1
316,47,866.90,415.71,161.01,536.26,0.8044,-1,-1,-1
316,49,1263.95,428.23,91.11,261.80,0.7537,-1,-1,-1
316,50,731.64,481.30,49.48,116.24,0.3195,-1,-1,-1
316,58,1651.87,414.35,190.91,475.04,0.6290,-1,-1,-1
316,61,30.53,405.82,197.75,456.80,0.8803,-1,-1,-1
317,3,1034.57,399.88,213.76,614.67,0.8568,-1,-1,-1
317,17,1774.25,415.80,171.73,517.68,0.7080,-1,-1,-1
317,31,376.88,463.72,47.45,111.30,0.3883,-1,-1,-1
317,40,804.06,443.76,75.06,216.86,0.6833,-1,-1,-1
317,41,496.85,451.54,45.34,109.93,0.4665,-1,-1,-1
317,46,1196.00,437.39,44.52,113.65,0.5818,-1,-1,-1
317,47,866.97,417.64,163.05,533.67,0.8188,-1,-1,-1
317,49,1260.03,421.96,86.39,264.73,0.7733,-1,-1,-1
317,50,731.92,481.91,49.50,115.72,0.3408,-1,-1,-1
317,58,1652.80,409.35,192.79,473.94,0.5928,-1,-1,-1
317,61,28.93,402.99,228.18,459.30,0.8819,-1,-1,-1
318,3,1038.04,400.04,210.86,613.37,0.8527,-1,-1,-1
318,17,1769.19,421.21,167.29,525.27,0.6348,-1,-1,-1
318,31,376.69,463.20,47.13,110.97,0.3310,-1,-1,-1
318,40,805.82,443.79,73.64,216.46,0.6695,-1,-1,-1
318,41,496.39,453.07,44.24,108.13,0.4918,-1,-1,-1
318,46,1199.26,437.58,44.17,112.00,0.5601,-1,-1,-1
318,47,868.37,417.12,164.17,534.71,0.8160,-1,-1,-1
318,49,1256.33,429.32,82.75,257.35,0.7974,-1,-1,-1
318,50,731.25,481.66,49.80,115.76,0.3319,-1,-1,-1
318,58,1673.47,408.76,177.73,441.56,0.3689,-1,-1,-1
318,61,24.82,402.61,258.38,460.86,0.9010,-1,-1,-1
319,3,1040.27,400.53,208.39,611.80,0.8538,-1,-1,-1
319,17,1789.68,415.87,152.34,525.27,0.6739,-1,-1,-1
319,31,376.77,462.83,47.18,111.40,0.3382,-1,-1,-1
319,40,813.19,444.76,72.38,214.11,0.6716,-1,-1,-1
319,41,495.65,453.94,43.54,107.44,0.4819,-1,-1,-1
319,46,1201.62,439.34,43.55,109.37,0.5848,-1,-1,-1
319,47,866.97,416.20,165.57,535.60,0.8182,-1,-1,-1
319,49,1247.25,427.88,87.02,259.47,0.7733,-1,-1,-1
319,58,1695.84,402.46,172.45,445.13,0.4389,-1,-1,-1
319,61,22.03,401.01,273.65,462.73,0.8975,-1,-1,-1
320,3,1043.80,401.66,204.72,610.65,0.8578,-1,-1,-1
320,17,1809.59,417.89,130.76,522.22,0.7309,-1,-1,-1
320,40,816.34,445.34,72.55,213.91,0.6271,-1,-1,-1
320,41,494.90,450.75,44.13,110.38,0.4495,-1,-1,-1
320,46,1203.60,440.86,43.09,107.69,0.4242,-1,-1,-1
320,47,866.74,416.59,167.25,534.40,0.8259,-1,-1,-1
320,49,1238.84,436.35,91.52,252.39,0.7425,-1,-1,-1
320,56,1437.30,434.60,41.87,114.63,0.4442,-1,-1,-1
320,58,1696.15,398.00,172.52,457.99,0.5097,-1,-1,-1
320,61,23.81,403.84,281.05,458.03,0.8933,-1,-1,-1
321,3,1046.23,400.67,202.09,611.72,0.8622,-1,-1,-1
321,17,1826.83,428.79,110.79,512.17,0.7349,-1,-1,-1
321,40,817.83,448.20,70.87,210.62,0.6440,-1,-1,-1
321,41,493.44,448.43,44.33,112.59,0.4154,-1,-1,-1
321,46,1207.59,442.83,39.54,97.88,0.3217,-1,-1,-1
321,47,867.53,417.39,166.22,533.91,0.8209,-1,-1,-1
321,49,1238.44,435.40,95.94,251.79,0.7710,-1,-1,-1
321,56,1438.55,435.32,42.68,114.31,0.5423,-1,-1,-1
321,58,1708.27,400.65,163.12,443.88,0.5447,-1,-1,-1
321,61,23.96,403.56,285.90,457.54,0.8874,-1,-1,-1
322,3,1047.78,404.28,199.56,609.06,0.8587,-1,-1,-1
322,17,1838.66,428.21,98.40,511.88,0.6971,-1,-1,-1
322,31,376.28,462.50,47.34,111.72,0.3777,-1,-1,-1
322,40,819.91,448.95,71.07,210.41,0.6701,-1,-1,-1
322,41,492.03,446.34,44.84,115.00,0.4478,-1,-1,-1
322,47,867.59,416.70,165.15,534.67,0.8248,-1,-1,-1
322,49,1236.24,443.15,97.21,242.65,0.7587,-1,-1,-1
322,56,1438.25,434.70,44.01,114.70,0.5468,-1,-1,-1
322,58,1721.72,394.75,160.57,449.97,0.5505,-1,-1,-1
322,61,28.24,405.04,288.88,447.52,0.8864,-1,-1,-1
323,3,1049.83,402.19,197.35,610.04,0.8646,-1,-1,-1
323,17,1847.10,463.27,86.24,478.88,0.6176,-1,-1,-1
323,31,376.23,462.93,47.20,111.52,0.4024,-1,-1,-1
323,40,822.16,452.89,70.90,206.16,0.6409,-1,-1,-1
323,41,491.91,446.10,44.59,114.93,0.4654,-1,-1,-1
323,47,870.43,415.52,165.61,535.84,0.8173,-1,-1,-1
323,49,1232.79,441.08,98.91,243.55,0.7668,-1,-1,-1
323,56,1440.16,437.97,44.77,110.83,0.4974,-1,-1,-1
323,58,1732.48,392.85,154.59,450.07,0.6868,-1,-1,-1
323,61,28.26,407.48,294.12,443.89,0.8896,-1,-1,-1
324,3,1053.06,399.46,195.00,613.10,0.8562,-1,-1,-1
324,17,1846.81,436.27,86.02,506.36,0.5789,-1,-1,-1
324,31,376.30,463.98,46.74,110.59,0.4084,-1,-1,-1
324,40,822.89,456.96,70.62,201.55,0.6238,-1,-1,-1
324,41,491.34,446.61,44.25,114.48,0.4749,-1,-1,-1
324,47,872.04,416.07,165.19,535.44,0.8081,-1,-1,-1
324,49,1223.96,437.79,101.60,247.46,0.7489,-1,-1,-1
324,56,1443.07,440.71,45.87,108.09,0.5523,-1,-1,-1
324,58,1743.79,392.72,152.79,453.48,0.6027,-1,-1,-1
324,61,33.16,408.00,292.45,439.02,0.8971,-1,-1,-1
325,3,1055.18,398.05,193.35,614.48,0.8535,-1,-1,-1
325,17,1849.01,403.53,85.89,537.76,0.5327,-1,-1,-1
325,31,376.33,464.27,46.93,110.51,0.4271,-1,-1,-1
325,40,826.13,445.58,75.74,215.97,0.4446,-1,-1,-1
325,41,490.87,446.86,44.21,115.42,0.4747,-1,-1,-1
325,47,873.56,415.40,164.36,535.98,0.8057,-1,-1,-1
325,49,1219.64,443.94,99.62,240.60,0.6803,-1,-1,-1
325,56,1446.65,439.64,47.25,108.48,0.5733,-1,-1,-1
325,58,1757.61,391.87,158.31,469.85,0.5504,-1,-1,-1
325,61,41.19,406.35,287.67,441.11,0.9014,-1,-1,-1
326,3,1056.58,398.47,192.35,614.50,0.8586,-1,-1,-1
326,17,1850.08,405.89,83.74,537.13,0.3076,-1,-1,-1
326,31,376.80,465.67,46.66,109.61,0.4041,-1,-1,-1
326,40,829.61,441.01,78.41,222.32,0.3749,-1,-1,-1
326,41,490.15,445.70,44.54,116.27,0.4507,-1,-1,-1
326,47,874.93,415.80,163.55,535.89,0.7933,-1,-1,-1
326,49,1214.22,454.32,94.38,226.53,0.5428,-1,-1,-1
326,56,1448.38,441.46,47.49,107.14,0.5908,-1,-1,-1
326,58,1759.52,394.29,165.75,502.02,0.6152,-1,-1,-1
326,61,56.27,406.50,274.64,437.07,0.8902,-1,-1,-1
327,3,1056.89,395.69,192.17,617.98,0.8637,-1,-1,-1
327,31,376.99,466.63,46.53,108.39,0.4017,-1,-1,-1
327,41,489.32,445.40,44.35,116.14,0.5024,-1,-1,-1
327,47,877.98,417.17,161.17,534.33,0.7847,-1,-1,-1
327,49,1201.67,437.19,80.77,197.77,0.4026,-1,-1,-1
327,56,1450.35,441.54,48.81,106.81,0.5938,-1,-1,-1
327,58,1760.75,392.30,167.67,537.35,0.7191,-1,-1,-1
327,61,78.16,403.69,256.51,435.66,0.8740,-1,-1,-1
327,63,844.95,443.62,65.02,136.00,0.3476,-1,-1,-1
328,3,1057.37,395.99,192.56,617.93,0.8601,-1,-1,-1
328,31,377.60,467.13,46.79,108.55,0.4554,-1,-1,-1
328,41,489.27,449.77,42.64,111.92,0.3987,-1,-1,-1
328,47,878.30,415.72,160.58,536.18,0.7551,-1,-1,-1
328,49,1196.86,442.81,89.18,220.73,0.3381,-1,-1,-1
328,50,733.58,484.90,49.00,112.47,0.3384,-1,-1,-1
328,56,1452.68,442.45,47.48,105.36,0.6210,-1,-1,-1
328,58,1763.20,388.03,162.29,551.13,0.7892,-1,-1,-1
328,61,97.65,392.47,237.59,438.35,0.8826,-1,-1,-1
328,63,851.85,445.14,61.89,130.12,0.3225,-1,-1,-1
329,3,1057.60,399.45,192.18,615.07,0.8602,-1,-1,-1
329,31,377.70,467.15,46.69,107.87,0.4088,-1,-1,-1
329,41,489.95,453.06,41.64,108.81,0.3901,-1,-1,-1
329,47,875.04,418.18,162.04,535.77,0.7763,-1,-1,-1
329,50,733.41,484.51,49.42,113.49,0.3478,-1,-1,-1
329,56,1455.28,441.54,45.78,104.20,0.5395,-1,-1,-1
329,58,1764.34,396.06,157.03,542.09,0.8197,-1,-1,-1
329,61,116.43,393.36,220.54,431.96,0.8312,-1,-1,-1
330,3,1057.23,396.39,192.72,618.24,0.8641,-1,-1,-1
330,31,377.78,466.64,46.63,107.54,0.4273,-1,-1,-1
330,41,489.29,452.76,41.98,109.14,0.4431,-1,-1,-1
330,47,871.07,419.76,166.15,533.27,0.8044,-1,-1,-1
330,50,734.39,484.94,48.65,112.50,0.3622,-1,-1,-1
330,56,1457.77,441.16,44.55,103.53,0.4592,-1,-1,-1
330,58,1766.08,397.31,154.48,533.45,0.7416,-1,-1,-1
330,61,137.58,401.27,200.60,422.80,0.8069,-1,-1,-1
331,3,1058.05,395.44,193.72,618.95,0.8650,-1,-1,-1
331,31,377.32,465.54,47.19,108.57,0.4202,-1,-1,-1
331,41,488.42,453.13,42.14,108.92,0.3922,-1,-1,-1
331,47,870.63,420.35,168.72,532.31,0.8023,-1,-1,-1
331,50,733.86,483.78,49.00,114.12,0.3463,-1,-1,-1
331,56,1461.30,440.48,43.50,105.18,0.5808,-1,-1,-1
331,58,1773.42,391.54,140.25,463.11,0.7398,-1,-1,-1
331,61,160.48,394.67,183.64,429.24,0.7993,-1,-1,-1
332,3,1058.82,396.86,194.05,618.75,0.8638,-1,-1,-1
332,31,376.92,462.96,48.70,112.79,0.4429,-1,-1,-1
332,41,488.21,451.06,42.76,111.18,0.4044,-1,-1,-1
332,47,873.19,420.25,171.57,532.32,0.8234,-1,-1,-1
332,50,735.26,484.28,48.48,113.64,0.3066,-1,-1,-1
332,56,1465.45,439.86,43.39,106.81,0.5811,-1,-1,-1
332,58,1772.17,394.48,144.00,458.47,0.7844,-1,-1,-1
332,61,187.01,393.53,167.99,430.82,0.7744,-1,-1,-1
332,64,17.84,597.43,50.37,195.19,0.4903,-1,-1,-1
333,3,1059.91,397.46,194.76,617.63,0.8717,-1,-1,-1
333,41,489.77,452.73,41.70,109.10,0.3879,-1,-1,-1
333,47,873.08,419.42,173.90,533.28,0.8293,-1,-1,-1
333,50,736.54,482.10,48.94,116.31,0.3101,-1,-1,-1
333,56,1469.84,440.24,41.65,104.33,0.5665,-1,-1,-1
333,58,1770.42,394.25,147.39,460.82,0.7827,-1,-1,-1
333,61,206.12,391.14,158.91,433.11,0.7502,-1,-1,-1
333,64,28.88,591.99,55.42,197.49,0.3759,-1,-1,-1
334,3,1060.41,396.64,194.09,618.61,0.8760,-1,-1,-1
334,41,490.13,453.26,41.19,108.47,0.3500,-1,-1,-1
334,47,873.47,420.19,175.13,532.42,0.8306,-1,-1,-1
334,50,737.63,482.32,48.50,116.35,0.3443,-1,-1,-1
334,56,1470.61,440.27,41.58,106.10,0.4882,-1,-1,-1
334,58,1774.38,392.18,147.14,462.28,0.6609,-1,-1,-1
334,61,220.57,403.87,152.62,419.37,0.7156,-1,-1,-1
335,3,1060.73,396.90,192.47,617.06,0.8785,-1,-1,-1
335,41,489.16,449.13,42.59,113.40,0.4439,-1,-1,-1
335,47,873.37,419.20,176.42,533.23,0.8365,-1,-1,-1
335,50,737.37,481.40,48.64,118.11,0.3814,-1,-1,-1
335,56,1472.60,438.54,41.37,107.01,0.5401,-1,-1,-1
335,58,1779.51,406.86,142.70,450.53,0.6193,-1,-1,-1
335,61,210.59,422.37,161.18,400.22,0.7263,-1,-1,-1
335,65,6.57,459.53,130.04,324.21,0.6938,-1,-1,-1
336,3,1060.06,396.74,192.84,617.43,0.8792,-1,-1,-1
336,41,487.96,447.30,42.37,113.72,0.4382,-1,-1,-1
336,47,873.09,420.83,175.17,531.73,0.8423,-1,-1,-1
336,50,736.64,482.89,47.80,116.02,0.3294,-1,-1,-1
336,56,1473.77,437.90,40.59,106.82,0.5231,-1,-1,-1
336,58,1788.70,436.83,133.48,422.43,0.5101,-1,-1,-1
336,61,218.68,415.77,168.86,403.59,0.6272,-1,-1,-1
336,65,2.66,443.43,141.74,344.99,0.8054,-1,-1,-1
337,3,1061.06,397.38,194.37,617.52,0.8804,-1,-1,-1
337,47,873.82,419.27,174.89,533.34,0.8339,-1,-1,-1
337,50,735.04,483.13,48.15,117.03,0.3868,-1,-1,-1
337,56,1474.94,436.26,41.43,109.77,0.5354,-1,-1,-1
337,58,1797.38,438.77,130.77,419.90,0.3927,-1,-1,-1
337,61,235.21,428.57,175.44,395.95,0.7155,-1,-1,-1
337,65,2.66,442.56,145.30,343.85,0.8231,-1,-1,-1
338,3,1061.44,397.37,195.53,617.01,0.8736,-1,-1,-1
338,47,875.29,418.19,175.89,535.02,0.8205,-1,-1,-1
338,50,734.77,483.55,48.05,116.70,0.3662,-1,-1,-1
338,56,1479.01,436.06,41.48,109.71,0.5945,-1,-1,-1
338,61,240.72,440.04,191.48,383.72,0.7957,-1,-1,-1
338,65,2.19,449.29,145.31,336.21,0.8322,-1,-1,-1
339,3,1061.78,396.47,194.05,617.63,0.8826,-1,-1,-1
339,47,874.55,418.27,174.53,535.08,0.8224,-1,-1,-1
339,50,736.14,485.11,46.86,114.38,0.4451,-1,-1,-1
339,56,1482.08,437.23,41.34,108.63,0.5214,-1,-1,-1
339,61,238.34,405.71,211.83,417.23,0.8189,-1,-1,-1
339,65,1.36,445.93,148.29,339.14,0.8344,-1,-1,-1
340,3,1062.88,398.94,194.28,614.81,0.8842,-1,-1,-1
340,47,875.85,418.18,172.47,534.89,0.8207,-1,-1,-1
340,50,736.20,485.09,46.46,114.02,0.4510,-1,-1,-1
340,56,1484.02,436.91,41.58,109.38,0.4274,-1,-1,-1
340,61,236.26,405.67,220.34,417.94,0.8486,-1,-1,-1
340,65,-0.13,442.53,149.57,343.94,0.8388,-1,-1,-1
340,69,679.61,491.66,49.70,112.58,0.3510,-1,-1,-1
341,3,1064.07,403.13,193.79,610.81,0.8853,-1,-1,-1
341,47,877.24,417.93,170.88,534.64,0.8211,-1,-1,-1
341,50,735.58,483.68,46.71,115.43,0.4481,-1,-1,-1
341,61,243.39,430.41,212.22,391.91,0.8178,-1,-1,-1
341,65,-0.24,436.36,151.14,348.61,0.8458,-1,-1,-1
341,69,679.22,492.01,49.35,111.65,0.3512,-1,-1,-1
342,3,1066.08,400.24,195.97,613.19,0.8777,-1,-1,-1
342,47,883.40,423.26,170.67,529.24,0.8177,-1,-1,-1
342,50,736.87,483.53,46.01,115.06,0.4751,-1,-1,-1
342,61,243.90,433.66,215.25,387.38,0.8159,-1,-1,-1
342,65,1.40,441.48,150.05,343.19,0.8342,-1,-1,-1
342,69,679.02,489.76,50.54,114.29,0.3736,-1,-1,-1
343,3,1064.79,400.90,194.70,612.67,0.8819,-1,-1,-1
343,47,884.36,423.36,169.94,529.24,0.8164,-1,-1,-1
343,50,737.92,484.95,45.48,113.67,0.4102,-1,-1,-1
343,61,243.44,431.48,217.18,388.56,0.8163,-1,-1,-1
343,65,-1.11,433.75,154.19,356.08,0.7921,-1,-1,-1
343,69,678.57,489.06,50.67,113.73,0.3016,-1,-1,-1
344,3,1065.97,399.58,195.25,614.29,0.8784,-1,-1,-1
344,47,886.39,424.41,168.87,527.97,0.8186,-1,-1,-1
344,50,737.20,485.07,46.00,114.45,0.4690,-1,-1,-1
344,61,242.30,413.11,221.88,404.88,0.8107,-1,-1,-1
344,65,6.10,436.22,148.44,350.32,0.7776,-1,-1,-1
344,69,677.95,488.14,51.95,115.62,0.3688,-1,-1,-1
345,3,1067.07,401.14,197.11,611.87,0.8807,-1,-1,-1
345,47,888.06,424.19,167.22,527.68,0.8060,-1,-1,-1
345,50,735.96,484.00,46.69,114.79,0.3778,-1,-1,-1
345,61,245.83,407.33,217.21,409.90,0.8543,-1,-1,-1
345,65,10.23,433.93,145.90,354.17,0.8136,-1,-1,-1
345,69,679.05,489.48,51.76,114.67,0.3220,-1,-1,-1
346,3,1066.45,400.32,197.17,613.57,0.8778,-1,-1,-1
346,47,890.32,424.10,167.79,527.33,0.8131,-1,-1,-1
346,50,735.12,483.09,47.69,115.77,0.4084,-1,-1,-1
346,61,255.82,401.98,209.64,413.58,0.8381,-1,-1,-1
346,65,31.48,437.36,135.04,348.10,0.8019,-1,-1,-1
346,69,678.07,492.06,51.51,113.03,0.3181,-1,-1,-1
347,3,1068.07,403.00,197.79,611.16,0.8741,-1,-1,-1
347,47,891.88,424.21,168.33,526.99,0.8082,-1,-1,-1
347,50,734.81,484.06,47.80,114.98,0.3356,-1,-1,-1
347,61,266.50,402.63,201.70,414.68,0.8133,-1,-1,-1
347,65,49.71,439.74,128.06,342.35,0.8050,-1,-1,-1
347,69,674.35,489.04,54.53,118.43,0.3347,-1,-1,-1
348,3,1067.51,399.31,199.96,614.40,0.8733,-1,-1,-1
348,41,482.55,447.13,44.83,114.68,0.3001,-1,-1,-1
348,47,893.34,423.15,164.97,527.69,0.8009,-1,-1,-1
348,50,733.41,481.88,49.20,116.28,0.3806,-1,-1,-1
348,61,283.36,407.84,189.16,406.89,0.7898,-1,-1,-1
348,65,54.28,435.22,130.36,347.71,0.6841,-1,-1,-1
349,3,1067.77,402.33,200.50,611.81,0.8727,-1,-1,-1
349,47,896.98,422.02,162.88,529.28,0.8063,-1,-1,-1
349,61,290.80,400.74,175.79,403.52,0.8059,-1,-1,-1
349,65,52.01,433.93,133.49,349.37,0.5192,-1,-1,-1
350,3,1066.59,399.67,201.33,613.97,0.8741,-1,-1,-1
350,41,477.24,444.22,48.89,117.75,0.4960,-1,-1,-1
350,47,898.95,421.42,163.41,529.87,0.8087,-1,-1,-1
350,61,306.18,397.63,163.68,406.47,0.8006,-1,-1,-1
350,64,-13.62,537.08,78.17,316.40,0.3545,-1,-1,-1
350,65,76.78,436.88,135.53,346.77,0.7810,-1,-1,-1
351,3,1066.08,399.68,200.09,614.22,0.8754,-1,-1,-1
351,41,477.58,446.37,48.74,115.41,0.4336,-1,-1,-1
351,47,899.13,421.72,163.60,528.87,0.8005,-1,-1,-1
351,61,328.00,390.17,148.58,408.42,0.7794,-1,-1,-1
351,64,-10.32,500.81,73.75,354.16,0.5297,-1,-1,-1
351,65,80.39,438.30,154.74,345.08,0.8100,-1,-1,-1
352,3,1066.38,400.72,201.06,613.44,0.8788,-1,-1,-1
352,41,477.51,445.65,49.28,115.77,0.4016,-1,-1,-1
352,47,900.10,422.59,163.46,527.39,0.7984,-1,-1,-1
352,61,345.84,396.27,137.12,401.69,0.7256,-1,-1,-1
352,64,-4.34,505.22,69.43,350.85,0.5708,-1,-1,-1
352,65,80.96,436.19,174.79,345.62,0.8394,-1,-1,-1
353,3,1065.21,400.16,201.21,614.22,0.8772,-1,-1,-1
353,47,899.81,421.25,162.92,527.67,0.8015,-1,-1,-1
353,50,735.59,485.93,47.29,113.07,0.3161,-1,-1,-1
353,61,360.48,413.81,129.02,385.84,0.5818,-1,-1,-1
353,64,0.71,506.62,71.01,350.03,0.6886,-1,-1,-1
353,65,85.87,434.93,190.18,347.85,0.8505,-1,-1,-1
354,3,1065.37,399.05,201.69,615.37,0.8736,-1,-1,-1
354,47,901.73,421.92,163.89,527.70,0.7946,-1,-1,-1
354,50,735.12,485.61,47.32,112.59,0.3231,-1,-1,-1
354,61,362.43,400.63,132.61,400.27,0.5872,-1,-1,-1
354,64,3.16,499.07,75.46,354.79,0.6864,-1,-1,-1
354,65,89.31,435.92,197.22,346.56,0.8236,-1,-1,-1
355,3,1065.62,400.60,199.91,613.38,0.8756,-1,-1,-1
355,47,902.08,421.90,164.24,526.16,0.7722,-1,-1,-1
355,50,735.34,485.01,47.06,112.99,0.3868,-1,-1,-1
355,61,357.08,392.95,138.57,404.04,0.5678,-1,-1,-1
355,64,8.95,468.66,92.08,384.42,0.7159,-1,-1,-1
355,65,90.10,439.55,201.06,337.14,0.8582,-1,-1,-1
356,3,1065.62,401.58,199.36,613.48,0.8681,-1,-1,-1
356,47,902.39,421.96,162.68,524.14,0.7563,-1,-1,-1
356,49,1053.78,435.62,71.27,212.51,0.5826,-1,-1,-1
356,50,737.00,486.51,45.85,112.20,0.4018,-1,-1,-1
356,61,362.92,401.61,143.27,396.60,0.6160,-1,-1,-1
356,64,13.94,450.82,124.29,402.07,0.8013,-1,-1,-1
356,65,99.69,439.07,197.43,332.54,0.8341,-1,-1,-1
357,3,1067.24,399.43,202.32,615.51,0.8534,-1,-1,-1
357,47,902.92,421.69,160.83,522.69,0.7651,-1,-1,-1
357,61,374.67,405.14,156.82,395.30,0.6806,-1,-1,-1
357,64,12.45,451.04,156.26,407.17,0.8446,-1,-1,-1
357,65,110.07,437.34,191.38,330.30,0.8121,-1,-1,-1
357,69,679.27,479.27,56.54,121.94,0.3066,-1,-1,-1
358,3,1067.38,400.39,203.19,614.41,0.8522,-1,-1,-1
358,47,903.06,419.00,160.42,524.76,0.7857,-1,-1,-1
358,49,1050.94,435.88,67.08,208.84,0.5519,-1,-1,-1
358,50,735.45,484.30,46.96,115.36,0.3777,-1,-1,-1
358,61,397.55,401.00,161.42,395.95,0.6522,-1,-1,-1
358,64,11.93,452.80,181.88,403.20,0.8562,-1,-1,-1
358,65,121.33,437.53,182.37,329.92,0.8110,-1,-1,-1
359,3,1067.58,399.16,204.52,615.36,0.8521,-1,-1,-1
359,47,905.81,419.51,158.34,524.01,0.7900,-1,-1,-1
359,49,1043.50,429.63,68.14,213.56,0.4369,-1,-1,-1
359,50,735.31,483.39,47.29,116.47,0.3854,-1,-1,-1
359,61,400.81,407.16,173.60,392.43,0.8124,-1,-1,-1
359,64,6.38,445.83,195.65,408.67,0.8451,-1,-1,-1
359,65,128.79,435.18,174.76,332.55,0.8211,-1,-1,-1
360,3,1067.76,401.05,206.02,613.84,0.8503,-1,-1,-1
360,47,908.87,420.13,158.57,522.78,0.7899,-1,-1,-1
360,50,736.69,486.63,45.89,113.36,0.3583,-1,-1,-1
360,61,403.90,411.12,180.19,387.35,0.8068,-1,-1,-1
360,64,4.50,446.80,207.10,407.17,0.8747,-1,-1,-1
360,65,139.42,436.30,166.18,327.01,0.7774,-1,-1,-1
361,3,1067.78,402.36,207.66,612.29,0.8538,-1,-1,-1
361,47,909.18,419.19,158.36,519.65,0.7993,-1,-1,-1
361,61,400.44,405.32,193.50,393.06,0.8433,-1,-1,-1
361,64,2.89,443.91,215.47,408.95,0.8764,-1,-1,-1
361,65,157.33,435.44,155.88,328.32,0.7516,-1,-1,-1
362,3,1068.53,402.30,208.68,612.63,0.8602,-1,-1,-1
362,47,909.92,416.68,159.86,519.92,0.8060,-1,-1,-1
362,61,397.54,406.51,198.95,392.74,0.8476,-1,-1,-1
362,64,4.27,445.49,223.77,409.60,0.8542,-1,-1,-1
362,65,162.55,439.89,148.13,325.08,0.6718,-1,-1,-1
363,3,1068.07,401.59,209.19,613.00,0.8536,-1,-1,-1
363,47,914.19,419.67,160.30,516.78,0.8019,-1,-1,-1
363,50,732.97,482.58,47.46,115.98,0.3875,-1,-1,-1
363,56,1539.26,426.09,44.37,118.54,0.3506,-1,-1,-1
363,61,394.28,411.39,202.40,386.99,0.8394,-1,-1,-1
363,64,2.24,446.77,226.00,406.32,0.8442,-1,-1,-1
363,65,171.57,438.15,137.49,327.89,0.7533,-1,-1,-1
364,3,1068.49,401.39,210.37,613.34,0.8541,-1,-1,-1
364,47,914.47,412.70,161.35,521.75,0.8269,-1,-1,-1
364,50,733.01,482.83,47.71,116.10,0.4328,-1,-1,-1
364,56,1541.90,426.19,43.31,118.46,0.3538,-1,-1,-1
364,61,395.15,415.62,202.73,383.13,0.8503,-1,-1,-1
364,64,0.45,440.21,228.78,409.36,0.8533,-1,-1,-1
364,65,185.16,442.54,125.03,322.06,0.7325,-1,-1,-1
365,3,1068.07,402.88,210.03,611.20,0.8522,-1,-1,-1
365,47,916.28,412.68,161.05,521.86,0.8190,-1,-1,-1
365,50,733.30,481.59,48.38,117.91,0.4254,-1,-1,-1
365,61,393.55,412.43,204.81,385.55,0.8574,-1,-1,-1
365,64,2.81,441.90,231.58,410.40,0.8605,-1,-1,-1
365,65,194.20,437.64,119.62,327.49,0.7411,-1,-1,-1
366,3,1067.46,399.56,210.61,615.40,0.8472,-1,-1,-1
366,47,918.88,412.01,161.05,523.49,0.8291,-1,-1,-1
366,50,732.68,482.06,47.74,116.81,0.4094,-1,-1,-1
366,61,396.39,411.02,202.95,381.95,0.8220,-1,-1,-1
366,64,4.47,442.74,230.89,406.28,0.8590,-1,-1,-1
366,65,202.72,435.33,114.42,329.19,0.7747,-1,-1,-1
367,3,1069.09,401.18,211.32,613.86,0.8218,-1,-1,-1
367,47,921.34,410.42,159.89,525.42,0.8253,-1,-1,-1
367,50,731.54,481.57,47.69,117.14,0.4554,-1,-1,-1
367,61,396.39,404.39,200.77,386.90,0.8418,-1,-1,-1
367,64,23.43,441.80,218.58,394.65,0.7861,-1,-1,-1
367,65,216.37,436.51,112.23,327.69,0.7566,-1,-1,-1
368,3,1070.61,398.80,215.23,616.23,0.7877,-1,-1,-1
368,47,923.54,409.62,158.44,525.67,0.8198,-1,-1,-1
368,50,731.13,481.78,47.63,116.74,0.4662,-1,-1,-1
368,61,398.04,394.79,197.85,393.55,0.8463,-1,-1,-1
368,64,41.70,436.11,203.01,391.04,0.7830,-1,-1,-1
368,65,230.82,438.32,115.42,326.68,0.7359,-1,-1,-1
369,3,1072.08,400.44,217.46,614.66,0.7462,-1,-1,-1
369,47,925.74,415.64,155.97,517.34,0.8220,-1,-1,-1
369,50,731.40,482.41,47.49,116.09,0.4196,-1,-1,-1
369,61,404.65,395.87,190.30,393.09,0.8536,-1,-1,-1
369,64,67.77,432.93,184.76,392.15,0.7696,-1,-1,-1
369,65,239.75,434.20,127.60,330.33,0.8104,-1,-1,-1
370,3,1069.30,397.18,219.39,617.70,0.7952,-1,-1,-1
370,47,929.49,416.71,157.24,519.83,0.8016,-1,-1,-1
370,50,730.65,480.96,48.05,117.53,0.4005,-1,-1,-1
370,61,412.84,408.52,181.06,382.19,0.8351,-1,-1,-1
370,64,97.28,435.95,155.95,386.18,0.8105,-1,-1,-1
370,65,246.63,431.76,141.20,331.62,0.8301,-1,-1,-1
371,3,1066.98,397.96,217.42,616.53,0.7178,-1,-1,-1
371,47,932.48,415.72,157.06,521.10,0.7965,-1,-1,-1
371,50,730.11,481.33,48.36,117.96,0.3850,-1,-1,-1
371,61,424.55,401.41,175.26,387.67,0.8320,-1,-1,-1
371,64,121.46,441.34,140.53,379.26,0.7981,-1,-1,-1
371,65,247.61,432.20,153.07,330.62,0.8392,-1,-1,-1
372,3,1070.02,397.35,217.01,616.62,0.8190,-1,-1,-1
372,47,934.89,415.64,156.38,520.85,0.7960,-1,-1,-1
372,50,730.34,482.14,47.66,116.52,0.3729,-1,-1,-1
372,61,439.06,425.65,156.90,353.56,0.7975,-1,-1,-1
372,64,129.40,438.17,135.99,382.55,0.7601,-1,-1,-1
372,65,246.75,435.57,159.24,325.95,0.8179,-1,-1,-1
373,3,1071.07,397.23,218.48,617.31,0.8387,-1,-1,-1
373,47,937.31,416.52,156.00,521.27,0.7950,-1,-1,-1
373,50,731.69,482.67,47.08,114.83,0.3945,-1,-1,-1
373,61,454.24,400.55,157.19,374.51,0.8000,-1,-1,-1
373,64,148.67,434.62,141.60,384.45,0.8089,-1,-1,-1
373,65,254.60,435.99,157.77,318.90,0.8034,-1,-1,-1
373,71,-0.31,490.22,47.07,318.01,0.6281,-1,-1,-1
374,3,1071.43,398.20,218.25,616.10,0.8098,-1,-1,-1
374,47,942.21,417.02,154.00,519.44,0.7884,-1,-1,-1
374,50,732.37,480.34,48.21,117.79,0.3961,-1,-1,-1
374,61,467.40,400.45,150.45,371.17,0.7724,-1,-1,-1
374,64,157.11,431.19,144.04,386.55,0.7264,-1,-1,-1
374,65,267.72,442.81,150.45,301.23,0.7789,-1,-1,-1
374,71,1.72,491.35,48.04,317.27,0.7026,-1,-1,-1
375,3,1071.72,400.14,218.31,613.45,0.7954,-1,-1,-1
375,47,941.08,413.00,154.49,521.90,0.7756,-1,-1,-1
375,50,732.79,480.01,48.50,118.72,0.3846,-1,-1,-1
375,61,480.51,408.58,146.22,362.66,0.7128,-1,-1,-1
375,64,166.68,434.36,159.48,382.74,0.8168,-1,-1,-1
375,65,277.00,452.88,145.36,294.46,0.7425,-1,-1,-1
375,71,4.24,486.44,51.77,326.02,0.6592,-1,-1,-1
376,3,1072.17,399.84,219.95,613.15,0.8087,-1,-1,-1
376,47,942.52,417.95,152.71,521.26,0.7739,-1,-1,-1
376,50,731.04,479.18,49.10,119.96,0.3214,-1,-1,-1
376,61,485.98,403.80,146.18,364.64,0.6939,-1,-1,-1
376,64,166.79,438.19,170.32,378.54,0.7681,-1,-1,-1
376,65,272.89,435.56,152.15,312.68,0.7423,-1,-1,-1
376,71,6.01,480.24,61.44,331.86,0.7803,-1,-1,-1
377,3,1072.39,400.87,222.85,613.94,0.8123,-1,-1,-1
377,47,946.09,417.61,153.21,521.18,0.7970,-1,-1,-1
377,50,730.88,481.12,48.49,118.48,0.3284,-1,-1,-1
377,61,487.09,399.14,147.83,369.62,0.7358,-1,-1,-1
377,64,165.10,441.00,186.55,376.32,0.7974,-1,-1,-1
377,65,280.65,441.86,147.89,306.53,0.7057,-1,-1,-1
377,71,11.56,442.12,82.63,366.87,0.7789,-1,-1,-1
378,3,1071.14,398.75,223.58,616.32,0.7752,-1,-1,-1
378,47,946.58,411.46,155.48,523.52,0.7802,-1,-1,-1
378,50,731.19,482.36,47.20,115.43,0.3457,-1,-1,-1
378,61,492.95,394.77,150.49,376.45,0.7880,-1,-1,-1
378,64,162.01,440.87,198.55,376.33,0.8198,-1,-1,-1
378,65,286.44,440.37,145.96,311.01,0.6757,-1,-1,-1
378,71,14.04,433.79,112.76,375.75,0.8289,-1,-1,-1
379,3,1070.06,396.31,222.92,617.75,0.8307,-1,-1,-1
379,47,945.63,410.45,156.62,524.25,0.8144,-1,-1,-1
379,50,730.83,482.08,47.10,115.98,0.3895,-1,-1,-1
379,61,503.74,397.29,155.54,374.35,0.7933,-1,-1,-1
379,64,159.54,442.18,205.72,374.64,0.8247,-1,-1,-1
379,65,301.07,438.97,136.77,310.05,0.6841,-1,-1,-1
379,69,688.56,479.53,47.72,106.78,0.3110,-1,-1,-1
379,71,7.94,433.16,124.29,374.29,0.8210,-1,-1,-1
380,3,1070.69,394.92,222.32,619.11,0.8255,-1,-1,-1
380,47,946.86,406.17,158.97,527.57,0.8113,-1,-1,-1
380,50,729.60,480.39,46.97,116.93,0.3587,-1,-1,-1
380,61,509.61,399.77,156.79,371.57,0.6394,-1,-1,-1
380,64,162.07,444.01,211.99,370.65,0.8376,-1,-1,-1
380,65,309.00,446.31,127.21,305.86,0.6351,-1,-1,-1
380,71,13.04,431.85,137.01,374.80,0.7753,-1,-1,-1
381,3,1069.76,393.35,220.52,621.12,0.7992,-1,-1,-1
381,47,953.11,413.20,157.08,525.93,0.7699,-1,-1,-1
381,50,730.09,479.53,47.87,118.99,0.3083,-1,-1,-1
381,61,513.81,408.31,151.92,363.37,0.5864,-1,-1,-1
381,64,157.50,444.76,218.48,365.74,0.8610,-1,-1,-1
381,65,312.13,441.32,120.19,311.44,0.7057,-1,-1,-1
381,71,14.05,440.88,145.65,365.65,0.7523,-1,-1,-1
382,3,1074.13,398.41,220.12,616.40,0.8144,-1,-1,-1
382,47,953.09,416.15,156.64,518.79,0.7518,-1,-1,-1
382,50,730.89,479.14,48.85,120.85,0.3573,-1,-1,-1
382,61,529.85,405.91,149.25,364.05,0.6057,-1,-1,-1
382,64,162.23,442.28,217.81,368.12,0.8295,-1,-1,-1
382,65,326.49,441.94,112.53,306.94,0.6878,-1,-1,-1
382,71,9.42,440.23,159.36,365.34,0.8045,-1,-1,-1
383,3,1073.29,397.64,220.69,617.33,0.8288,-1,-1,-1
383,47,953.49,417.26,157.53,521.83,0.6962,-1,-1,-1
383,50,731.22,477.64,49.92,122.29,0.3670,-1,-1,-1
383,61,528.83,413.72,149.40,356.64,0.6916,-1,-1,-1
383,64,178.94,442.08,208.89,367.63,0.7935,-1,-1,-1
383,65,340.49,444.31,108.69,300.36,0.5557,-1,-1,-1
383,71,6.73,439.30,177.36,365.68,0.8582,-1,-1,-1
383,72,689.40,464.10,47.38,125.39,0.3417,-1,-1,-1
384,3,1073.48,397.08,220.83,617.91,0.8328,-1,-1,-1
384,47,953.50,416.58,156.65,523.26,0.7106,-1,-1,-1
384,50,729.81,475.37,51.17,125.58,0.4519,-1,-1,-1
384,61,530.19,407.19,154.11,363.02,0.7506,-1,-1,-1
384,64,187.94,435.04,201.61,374.58,0.7938,-1,-1,-1
384,65,358.96,456.24,101.75,287.52,0.6045,-1,-1,-1
384,71,4.17,434.28,191.22,372.36,0.8756,-1,-1,-1
384,72,687.43,466.01,47.59,125.56,0.3557,-1,-1,-1
385,3,1073.26,397.18,220.43,617.82,0.7877,-1,-1,-1
385,47,955.37,416.45,154.94,524.15,0.7201,-1,-1,-1
385,50,729.44,472.37,51.77,128.65,0.5479,-1,-1,-1
385,61,534.51,407.86,154.28,362.59,0.7874,-1,-1,-1
385,64,204.73,432.92,185.71,369.29,0.8060,-1,-1,-1
385,65,360.36,439.50,104.81,304.01,0.7056,-1,-1,-1
385,71,5.39,437.59,200.03,368.94,0.8629,-1,-1,-1
385,72,686.55,468.16,48.04,126.59,0.3845,-1,-1,-1
386,3,1073.68,397.51,220.67,617.05,0.7060,-1,-1,-1
386,47,958.31,414.27,153.98,527.56,0.7416,-1,-1,-1
386,50,729.53,470.45,51.64,130.10,0.5290,-1,-1,-1
386,61,539.26,405.43,154.66,364.21,0.8329,-1,-1,-1
386,64,222.29,435.89,168.95,364.62,0.7921,-1,-1,-1
386,65,370.48,437.88,110.12,307.62,0.7071,-1,-1,-1
386,71,1.79,434.42,205.38,373.80,0.8359,-1,-1,-1
386,72,687.98,468.69,47.51,126.24,0.3452,-1,-1,-1
387,3,1073.22,397.72,220.80,616.50,0.7757,-1,-1,-1
387,47,957.89,416.86,151.80,523.57,0.7225,-1,-1,-1
387,49,930.85,433.52,58.36,152.90,0.3176,-1,-1,-1
387,50,730.04,470.96,50.89,129.53,0.5301,-1,-1,-1
387,61,540.75,407.37,151.74,359.98,0.8455,-1,-1,-1
387,64,236.33,430.74,164.39,367.94,0.5758,-1,-1,-1
387,65,375.07,438.22,129.28,309.14,0.8056,-1,-1,-1
387,71,2.73,434.56,204.51,370.97,0.8367,-1,-1,-1
387,72,690.11,473.52,44.52,118.34,0.3117,-1,-1,-1
388,3,1067.35,397.03,231.73,618.30,0.7372,-1,-1,-1
388,47,957.83,417.88,149.62,522.44,0.7216,-1,-1,-1
388,50,729.03,468.97,51.79,133.40,0.4964,-1,-1,-1
388,61,544.12,405.26,149.37,358.25,0.8252,-1,-1,-1
388,64,255.07,434.09,147.72,362.69,0.6753,-1,-1,-1
388,65,376.02,440.52,141.04,308.26,0.7892,-1,-1,-1
388,71,10.69,433.26,199.86,370.13,0.8071,-1,-1,-1
388,72,690.48,473.64,44.86,119.93,0.3500,-1,-1,-1
389,3,1081.50,397.50,255.01,617.41,0.7262,-1,-1,-1
389,47,958.88,418.19,146.70,522.00,0.7017,-1,-1,-1
389,50,729.60,471.90,50.33,130.15,0.5033,-1,-1,-1
389,61,547.26,408.83,146.98,354.52,0.8064,-1,-1,-1
389,64,266.62,428.46,138.78,370.80,0.6786,-1,-1,-1
389,65,372.29,441.92,152.57,302.81,0.8016,-1,-1,-1
389,71,19.01,423.60,195.73,374.72,0.7874,-1,-1,-1
389,72,690.87,475.46,43.41,116.70,0.3357,-1,-1,-1
390,3,1074.69,397.14,276.10,618.70,0.7742,-1,-1,-1
390,47,961.12,417.99,144.35,523.64,0.6751,-1,-1,-1
390,49,922.34,435.92,62.47,153.12,0.4018,-1,-1,-1
390,50,729.63,473.78,50.40,130.06,0.4865,-1,-1,-1
390,61,553.03,410.04,143.40,351.52,0.8007,-1,-1,-1
390,64,271.92,434.78,133.58,363.94,0.5260,-1,-1,-1
390,65,373.66,441.01,161.13,302.77,0.8139,-1,-1,-1
390,71,31.75,429.12,185.88,368.19,0.7948,-1,-1,-1
391,3,1065.37,397.05,291.05,618.43,0.7778,-1,-1,-1
391,47,966.24,416.32,141.36,529.33,0.6590,-1,-1,-1
391,49,919.00,435.18,64.22,153.93,0.3720,-1,-1,-1
391,50,728.57,471.53,51.23,131.94,0.4435,-1,-1,-1
391,61,557.84,412.35,139.81,352.18,0.8018,-1,-1,-1
391,64,287.97,438.39,128.11,361.13,0.5330,-1,-1,-1
391,65,379.18,441.25,160.94,299.01,0.7847,-1,-1,-1
391,71,37.56,429.96,180.85,368.01,0.7605,-1,-1,-1
391,72,690.04,477.84,41.53,111.26,0.3291,-1,-1,-1
392,3,1058.49,398.19,298.65,618.01,0.7845,-1,-1,-1
392,47,972.77,411.31,136.92,528.12,0.6500,-1,-1,-1
392,49,922.65,434.87,61.52,156.06,0.5648,-1,-1,-1
392,50,727.77,468.11,52.29,134.60,0.4473,-1,-1,-1
392,61,564.26,407.66,136.84,358.89,0.7869,-1,-1,-1
392,64,305.52,437.84,127.75,362.18,0.6567,-1,-1,-1
392,65,388.01,439.15,158.21,298.88,0.7245,-1,-1,-1
392,71,49.63,434.47,171.46,361.00,0.7637,-1,-1,-1
393,3,1053.22,398.44,305.64,618.23,0.8134,-1,-1,-1
393,47,966.54,418.35,135.94,524.29,0.6501,-1,-1,-1
393,49,921.74,437.59,60.60,163.55,0.6499,-1,-1,-1
393,50,727.74,467.25,52.50,134.98,0.5302,-1,-1,-1
393,61,573.95,414.94,125.70,339.07,0.7914,-1,-1,-1
393,64,314.99,441.40,138.79,358.82,0.7908,-1,-1,-1
393,65,395.44,439.72,152.64,296.38,0.7274,-1,-1,-1
393,71,69.35,429.70,166.62,365.56,0.6330,-1,-1,-1
393,72,684.49,471.90,44.47,119.26,0.3081,-1,-1,-1
394,3,1041.93,398.16,297.93,617.16,0.6771,-1,-1,-1
394,47,975.16,412.63,132.05,525.63,0.6298,-1,-1,-1
394,49,919.90,438.52,59.70,165.11,0.6389,-1,-1,-1
394,50,727.35,475.82,50.62,127.62,0.5980,-1,-1,-1
394,61,578.62,412.01,122.25,340.27,0.7606,-1,-1,-1
394,64,315.69,444.37,142.82,356.78,0.7241,-1,-1,-1
394,65,406.71,444.06,144.84,291.36,0.7292,-1,-1,-1
394,71,65.36,429.28,166.80,366.94,0.7570,-1,-1,-1
395,3,1043.29,396.72,289.96,618.69,0.7000,-1,-1,-1
395,47,979.27,412.90,126.78,524.12,0.6579,-1,-1,-1
395,49,917.87,439.70,58.04,163.07,0.5962,-1,-1,-1
395,50,724.68,470.60,53.70,135.44,0.6130,-1,-1,-1
395,61,584.66,413.76,117.57,335.34,0.7668,-1,-1,-1
395,64,315.42,444.11,148.93,357.43,0.7475,-1,-1,-1
395,65,414.62,440.62,138.63,294.88,0.7396,-1,-1,-1
395,71,70.09,431.64,165.72,365.07,0.7789,-1,-1,-1
396,3,1061.23,399.02,294.29,617.83,0.7612,-1,-1,-1
396,47,979.16,413.78,124.25,523.36,0.6218,-1,-1,-1
396,49,915.78,442.44,58.16,168.02,0.6768,-1,-1,-1
396,50,721.65,464.46,57.60,145.44,0.5792,-1,-1,-1
396,61,592.01,426.97,112.40,317.12,0.7561,-1,-1,-1
396,64,316.74,442.23,158.68,356.64,0.7601,-1,-1,-1
396,65,425.70,444.03,129.89,287.86,0.6563,-1,-1,-1
396,71,96.68,445.56,154.63,349.64,0.5854,-1,-1,-1
397,3,1048.42,398.58,273.60,618.92,0.7906,-1,-1,-1
397,47,980.69,413.80,121.67,524.36,0.6774,-1,-1,-1
397,49,914.19,442.77,57.43,166.88,0.6400,-1,-1,-1
397,50,720.13,463.75,57.92,145.67,0.5765,-1,-1,-1
397,61,594.85,417.68,115.57,327.29,0.7488,-1,-1,-1
397,64,312.31,430.52,167.66,367.96,0.7633,-1,-1,-1
397,65,440.43,473.17,112.54,256.63,0.5730,-1,-1,-1
397,71,116.94,435.13,151.57,361.74,0.6219,-1,-1,-1
398,3,1057.00,399.26,256.37,619.23,0.8380,-1,-1,-1
398,47,973.10,415.95,123.87,524.75,0.6354,-1,-1,-1
398,49,915.50,444.25,55.97,162.29,0.4854,-1,-1,-1
398,50,719.42,461.14,58.52,147.91,0.5430,-1,-1,-1
398,61,601.07,424.24,115.31,318.68,0.7559,-1,-1,-1
398,64,315.17,437.65,171.61,358.46,0.8204,-1,-1,-1
398,65,435.84,434.69,119.59,297.19,0.7328,-1,-1,-1
398,71,129.33,436.34,142.13,360.13,0.7496,-1,-1,-1
399,3,1061.87,400.80,248.08,617.31,0.8375,-1,-1,-1
399,47,971.01,415.54,126.51,525.24,0.6614,-1,-1,-1
399,49,912.74,437.15,59.33,173.43,0.5827,-1,-1,-1
399,50,718.96,464.01,56.97,144.96,0.5361,-1,-1,-1
399,61,608.96,429.04,118.31,311.03,0.7882,-1,-1,-1
399,64,315.61,438.49,172.51,358.56,0.8309,-1,-1,-1
399,65,451.82,440.45,110.16,291.71,0.6275,-1,-1,-1
399,71,139.58,432.52,151.18,362.20,0.7641,-1,-1,-1
400,3,1065.38,400.30,242.54,618.62,0.8528,-1,-1,-1
400,47,969.51,413.73,128.34,527.18,0.6565,-1,-1,-1
400,49,909.94,438.16,57.99,170.36,0.5659,-1,-1,-1
400,50,716.74,469.66,53.86,138.18,0.4776,-1,-1,-1
400,61,610.58,421.57,127.00,319.30,0.7794,-1,-1,-1
400,64,314.09,434.87,175.03,360.88,0.8428,-1,-1,-1
400,65,461.84,438.80,100.49,290.85,0.7307,-1,-1,-1
400,71,145.93,433.16,161.98,360.54,0.7803,-1,-1,-1
401,3,1067.39,399.44,239.49,619.69,0.8464,-1,-1,-1
401,47,977.99,410.51,124.74,527.25,0.6369,-1,-1,-1
401,49,909.77,438.01,57.64,166.31,0.5768,-1,-1,-1
401,50,713.71,465.88,56.45,146.09,0.4253,-1,-1,-1
401,61,616.16,423.45,134.93,316.89,0.7721,-1,-1,-1
401,64,321.55,437.14,170.59,355.31,0.8149,-1,-1,-1
401,65,474.13,445.31,93.87,286.74,0.7209,-1,-1,-1
401,71,141.89,433.51,168.21,360.89,0.8140,-1,-1,-1
401,75,1244.27,445.64,44.74,88.66,0.3022,-1,-1,-1
402,3,1069.36,399.18,235.78,620.19,0.8370,-1,-1,-1
402,47,980.34,410.56,121.83,527.21,0.6261,-1,-1,-1
402,49,907.57,438.31,60.99,170.36,0.5297,-1,-1,-1
402,50,714.26,462.95,56.54,147.47,0.4926,-1,-1,-1
402,61,620.43,413.60,145.68,327.03,0.8021,-1,-1,-1
402,64,334.78,445.36,159.73,345.19,0.8264,-1,-1,-1
402,65,482.25,451.78,90.83,277.02,0.7226,-1,-1,-1
402,71,143.63,436.78,168.84,355.93,0.8097,-1,-1,-1
403,3,1073.06,399.70,231.53,619.31,0.8374,-1,-1,-1
403,47,970.80,416.87,124.51,523.91,0.6182,-1,-1,-1
403,49,907.53,441.50,62.27,168.90,0.3596,-1,-1,-1
403,50,714.94,464.67,55.60,145.65,0.4663,-1,-1,-1
403,61,621.57,408.13,154.96,334.65,0.8362,-1,-1,-1
403,64,345.80,451.36,150.55,330.71,0.7465,-1,-1,-1
403,65,490.19,444.97,94.77,284.32,0.6044,-1,-1,-1
403,71,146.28,440.51,175.30,352.71,0.8039,-1,-1,-1
404,3,1075.03,399.83,229.62,620.60,0.8293,-1,-1,-1
404,47,967.35,417.64,127.86,524.60,0.6687,-1,-1,-1
404,49,896.13,448.53,58.36,162.05,0.5255,-1,-1,-1
404,50,713.79,463.15,55.87,148.10,0.4497,-1,-1,-1
404,61,626.54,406.66,159.65,337.11,0.8022,-1,-1,-1
404,64,352.16,441.58,150.87,342.01,0.7213,-1,-1,-1
404,65,499.33,439.15,103.03,288.21,0.6404,-1,-1,-1
404,71,152.20,438.53,177.64,350.58,0.8273,-1,-1,-1
404,75,1238.64,444.32,44.73,90.35,0.3165,-1,-1,-1
405,3,1073.20,400.55,220.43,618.50,0.8328,-1,-1,-1
405,47,966.12,416.43,130.39,525.48,0.6856,-1,-1,-1
405,49,893.39,453.86,55.89,156.55,0.4055,-1,-1,-1
405,50,715.01,467.69,54.05,144.13,0.3763,-1,-1,-1
405,61,631.08,417.63,159.13,326.93,0.7875,-1,-1,-1
405,64,368.31,435.39,140.58,341.26,0.7012,-1,-1,-1
405,65,503.90,445.49,108.36,282.53,0.6790,-1,-1,-1
405,71,153.33,436.31,176.51,351.26,0.8182,-1,-1,-1
406,3,1072.63,398.76,216.02,621.25,0.8325,-1,-1,-1
406,47,963.47,415.74,132.76,525.95,0.6971,-1,-1,-1
406,49,891.69,455.25,54.71,153.25,0.3649,-1,-1,-1
406,61,635.21,423.92,159.34,319.59,0.7930,-1,-1,-1
406,64,384.38,433.42,128.20,337.83,0.7057,-1,-1,-1
406,65,504.89,449.23,111.12,278.21,0.6744,-1,-1,-1
406,71,156.52,435.64,174.09,353.31,0.8076,-1,-1,-1
407,3,1071.94,396.03,210.65,622.82,0.8346,-1,-1,-1
407,47,960.09,418.25,134.72,522.92,0.7252,-1,-1,-1
407,49,889.12,458.58,53.81,149.57,0.3129,-1,-1,-1
407,61,634.86,414.41,162.15,329.70,0.8542,-1,-1,-1
407,64,398.29,434.56,119.07,335.72,0.6730,-1,-1,-1
407,65,500.97,445.78,122.30,286.07,0.7084,-1,-1,-1
407,71,169.39,432.58,169.23,356.70,0.8026,-1,-1,-1
407,75,1237.62,444.23,45.28,94.89,0.3275,-1,-1,-1
408,3,1070.14,397.96,207.15,622.33,0.8385,-1,-1,-1
408,47,960.92,417.16,135.95,523.79,0.7100,-1,-1,-1
408,49,881.27,454.91,57.39,155.08,0.4983,-1,-1,-1
408,61,640.34,419.66,158.21,325.43,0.8466,-1,-1,-1
408,64,399.08,433.62,116.94,336.92,0.6180,-1,-1,-1
408,65,504.50,438.14,130.50,291.89,0.7524,-1,-1,-1
408,71,182.72,433.48,159.19,350.78,0.7955,-1,-1,-1
409,3,1071.45,399.55,202.89,619.42,0.8396,-1,-1,-1
409,47,961.15,416.80,137.23,523.49,0.7043,-1,-1,-1
409,49,876.07,444.63,62.48,166.16,0.6134,-1,-1,-1
409,61,641.90,417.68,157.47,326.92,0.8314,-1,-1,-1
409,64,398.07,438.57,117.12,330.98,0.6158,-1,-1,-1
409,65,501.09,435.18,136.24,295.18,0.7531,-1,-1,-1
409,71,198.32,436.97,146.65,333.80,0.7232,-1,-1,-1
409,75,1237.24,445.81,43.95,96.15,0.3696,-1,-1,-1
409,76,1828.71,463.48,77.80,187.33,0.3068,-1,-1,-1
410,3,1069.69,397.89,197.49,621.09,0.8459,-1,-1,-1
410,47,960.60,419.58,136.94,520.16,0.7095,-1,-1,-1
410,49,875.17,445.37,62.13,165.76,0.5701,-1,-1,-1
410,61,642.70,410.22,158.89,334.56,0.8197,-1,-1,-1
410,64,419.12,439.27,116.96,331.37,0.5810,-1,-1,-1
410,65,512.86,440.08,129.05,281.38,0.7308,-1,-1,-1
410,71,215.09,435.47,141.63,335.93,0.6605,-1,-1,-1
410,75,1237.52,444.88,42.24,95.74,0.3120,-1,-1,-1
411,3,1068.36,398.29,191.66,620.63,0.8467,-1,-1,-1
411,47,959.70,421.59,137.63,517.64,0.7181,-1,-1,-1
411,49,874.55,441.31,63.31,169.83,0.5405,-1,-1,-1
411,61,644.58,418.61,154.29,323.18,0.8265,-1,-1,-1
411,64,431.51,435.86,123.75,331.55,0.6693,-1,-1,-1
411,65,518.73,441.47,126.05,281.71,0.6931,-1,-1,-1
411,71,233.17,426.31,138.53,343.18,0.5464,-1,-1,-1
411,75,1238.05,444.64,39.19,90.01,0.3015,-1,-1,-1
412,3,1069.39,400.48,189.24,617.68,0.8433,-1,-1,-1
412,47,961.99,421.86,137.41,518.27,0.6861,-1,-1,-1
412,49,872.92,441.26,61.50,167.27,0.5160,-1,-1,-1
412,61,642.21,402.53,159.62,340.75,0.8270,-1,-1,-1
412,64,427.48,436.03,132.50,331.93,0.6617,-1,-1,-1
412,65,525.06,436.98,122.42,283.85,0.7386,-1,-1,-1
412,71,251.87,426.54,126.21,343.66,0.7140,-1,-1,-1
412,75,1237.80,445.74,37.19,86.64,0.3086,-1,-1,-1
413,3,1070.27,402.09,188.02,616.59,0.8518,-1,-1,-1
413,47,959.88,421.45,139.01,518.51,0.7356,-1,-1,-1
413,49,873.04,440.12,60.40,167.42,0.4901,-1,-1,-1
413,61,646.41,409.37,154.50,331.62,0.8040,-1,-1,-1
413,64,442.28,434.73,140.43,331.88,0.7118,-1,-1,-1
413,65,541.45,436.19,117.31,283.24,0.6168,-1,-1,-1
413,71,261.00,426.25,121.19,345.53,0.7255,-1,-1,-1
414,3,1065.82,405.26,189.83,613.91,0.8609,-1,-1,-1
414,47,961.60,421.32,138.07,516.54,0.6944,-1,-1,-1
414,49,869.37,440.24,58.76,167.75,0.5951,-1,-1,-1
414,61,653.56,425.69,146.19,314.94,0.8022,-1,-1,-1
414,64,442.45,437.86,146.59,328.60,0.7424,-1,-1,-1
414,65,550.76,438.02,111.40,282.16,0.6543,-1,-1,-1
414,71,266.79,424.41,120.05,348.31,0.6973,-1,-1,-1
415,3,1064.37,409.00,191.41,610.37,0.8578,-1,-1,-1
415,47,962.10,419.06,136.73,519.47,0.7134,-1,-1,-1
415,49,869.46,441.37,55.21,166.61,0.7087,-1,-1,-1
415,61,656.88,426.60,144.38,314.70,0.8065,-1,-1,-1
415,64,438.07,439.37,152.70,327.38,0.7651,-1,-1,-1
415,65,552.51,433.52,109.53,288.19,0.6031,-1,-1,-1
415,71,278.18,433.87,117.95,338.33,0.6670,-1,-1,-1
416,3,1062.27,412.14,194.70,607.63,0.8636,-1,-1,-1
416,47,962.43,418.89,135.26,519.73,0.7053,-1,-1,-1
416,49,868.29,440.44,54.33,165.96,0.6147,-1,-1,-1
416,61,666.52,432.89,136.66,304.96,0.7948,-1,-1,-1
416,64,435.13,442.01,156.62,325.10,0.8113,-1,-1,-1
416,65,563.65,433.91,100.71,286.49,0.7329,-1,-1,-1
416,71,286.64,437.80,115.99,332.59,0.7308,-1,-1,-1
417,3,1062.74,408.34,197.42,612.31,0.8532,-1,-1,-1
417,47,966.63,416.56,133.02,518.20,0.6690,-1,-1,-1
417,49,866.89,438.78,53.85,167.15,0.6314,-1,-1,-1
417,61,672.96,421.49,133.11,312.27,0.8033,-1,-1,-1
417,64,437.19,453.61,155.75,313.75,0.7914,-1,-1,-1
417,65,567.15,436.58,100.19,282.80,0.6753,-1,-1,-1
417,71,293.92,439.00,118.69,329.53,0.5965,-1,-1,-1
418,3,1059.77,403.64,200.48,616.82,0.8571,-1,-1,-1
418,47,965.78,418.27,131.94,520.06,0.6730,-1,-1,-1
418,49,865.86,439.85,52.40,164.67,0.5207,-1,-1,-1
418,61,677.39,408.38,131.84,322.81,0.7850,-1,-1,-1
418,64,435.35,444.47,157.43,321.42,0.8079,-1,-1,-1
418,65,581.88,436.61,98.04,281.83,0.7152,-1,-1,-1
418,71,296.52,435.10,128.75,333.89,0.6845,-1,-1,-1
419,3,1058.17,408.25,203.10,612.11,0.8490,-1,-1,-1
419,47,968.40,420.14,129.68,516.26,0.6840,-1,-1,-1
419,49,862.98,441.11,50.91,163.64,0.5460,-1,-1,-1
419,61,684.91,404.18,128.60,327.08,0.8005,-1,-1,-1
419,64,439.64,435.78,159.91,327.80,0.8021,-1,-1,-1
419,65,586.31,437.53,95.23,279.62,0.7164,-1,-1,-1
419,71,297.92,438.99,141.26,330.50,0.7582,-1,-1,-1
420,3,1057.02,409.70,209.19,611.12,0.8393,-1,-1,-1
420,47,967.54,414.19,130.17,523.32,0.5912,-1,-1,-1
420,61,692.10,407.84,123.33,322.74,0.7801,-1,-1,-1
420,64,445.27,434.02,156.76,329.15,0.7692,-1,-1,-1
420,65,585.52,437.05,96.46,277.47,0.7143,-1,-1,-1
420,71,297.75,443.70,149.01,325.72,0.7818,-1,-1,-1
420,76,1827.37,464.13,75.82,184.89,0.3119,-1,-1,-1
421,3,1052.46,408.93,212.68,611.83,0.8238,-1,-1,-1
421,47,965.88,411.05,129.97,526.86,0.5960,-1,-1,-1
421,49,856.30,434.60,52.49,170.83,0.4989,-1,-1,-1
421,61,694.10,423.75,115.86,307.25,0.7099,-1,-1,-1
421,64,444.18,433.85,154.08,327.00,0.7421,-1,-1,-1
421,65,593.39,439.95,102.32,277.04,0.7297,-1,-1,-1
421,71,293.98,438.21,157.83,330.46,0.7781,-1,-1,-1
422,3,1046.62,405.83,214.87,615.82,0.8181,-1,-1,-1
422,47,966.22,412.68,129.08,525.11,0.5194,-1,-1,-1
422,49,859.13,440.08,48.76,159.10,0.4726,-1,-1,-1
422,61,700.90,436.78,109.56,290.45,0.6475,-1,-1,-1
422,64,453.23,435.65,147.25,325.36,0.6973,-1,-1,-1
422,65,600.71,441.18,106.41,276.19,0.7147,-1,-1,-1
422,71,298.09,439.34,172.64,327.72,0.8232,-1,-1,-1
422,80,1157.18,410.31,165.48,495.02,0.5068,-1,-1,-1
423,3,1047.09,402.42,217.60,620.11,0.8158,-1,-1,-1
423,47,966.93,417.40,127.39,519.47,0.4224,-1,-1,-1
423,49,856.90,438.90,50.18,161.47,0.5986,-1,-1,-1
423,61,705.64,437.50,109.05,290.79,0.6213,-1,-1,-1
423,64,463.71,438.33,136.79,318.26,0.7150,-1,-1,-1
423,65,609.12,444.14,111.25,271.86,0.7249,-1,-1,-1
423,71,293.44,435.56,178.77,330.85,0.7820,-1,-1,-1
423,76,1831.11,466.16,74.65,183.79,0.3241,-1,-1,-1
423,80,1156.18,412.24,166.21,493.91,0.6562,-1,-1,-1
423,81,923.76,444.61,48.63,142.41,0.4132,-1,-1,-1
424,3,1047.75,397.99,219.04,627.11,0.7840,-1,-1,-1
424,47,972.09,473.13,114.91,461.84,0.4158,-1,-1,-1
424,49,851.61,438.81,51.45,163.72,0.5306,-1,-1,-1
424,61,707.97,429.03,111.29,301.17,0.6344,-1,-1,-1
424,64,471.14,437.38,132.97,320.94,0.7190,-1,-1,-1
424,65,614.52,443.15,120.46,272.37,0.7741,-1,-1,-1
424,71,300.43,436.75,175.66,327.49,0.7752,-1,-1,-1
424,80,1153.56,412.44,169.08,499.35,0.5138,-1,-1,-1
424,81,923.59,444.16,48.64,142.11,0.3048,-1,-1,-1
425,3,1042.95,396.99,217.85,636.46,0.7193,-1,-1,-1
425,47,974.50,488.12,112.53,445.03,0.5232,-1,-1,-1
425,49,849.86,440.26,49.47,158.36,0.5430,-1,-1,-1
425,61,714.30,417.13,115.66,309.06,0.7297,-1,-1,-1
425,64,481.24,439.39,127.76,318.73,0.6390,-1,-1,-1
425,65,613.92,451.06,120.90,264.81,0.7356,-1,-1,-1
425,71,309.02,438.43,170.58,325.15,0.7789,-1,-1,-1
425,80,1158.38,412.69,170.78,510.68,0.6051,-1,-1,-1
426,3,1043.82,397.52,213.79,640.01,0.7136,-1,-1,-1
426,47,973.95,490.78,112.98,440.54,0.5296,-1,-1,-1
426,49,847.26,438.89,49.08,159.03,0.5964,-1,-1,-1
426,61,713.82,409.54,118.05,316.25,0.7550,-1,-1,-1
426,64,507.84,438.27,118.58,315.15,0.6455,-1,-1,-1
426,65,613.37,448.80,125.77,268.85,0.7206,-1,-1,-1
426,71,317.05,432.79,164.97,331.67,0.7909,-1,-1,-1
426,80,1159.87,411.34,171.04,517.01,0.5898,-1,-1,-1
426,81,921.55,445.40,49.25,142.63,0.3918,-1,-1,-1
427,3,1044.02,401.28,205.61,637.70,0.6815,-1,-1,-1
427,47,969.77,443.49,124.21,487.98,0.4410,-1,-1,-1
427,49,843.52,436.89,50.14,162.67,0.4927,-1,-1,-1
427,61,718.10,410.28,115.45,316.70,0.7452,-1,-1,-1
427,64,510.52,438.72,113.43,315.06,0.6316,-1,-1,-1
427,65,611.00,450.09,127.07,268.06,0.7150,-1,-1,-1
427,71,327.61,433.61,156.50,325.02,0.7857,-1,-1,-1
427,80,1158.56,409.17,173.10,522.04,0.4893,-1,-1,-1
427,82,1708.48,346.48,241.16,578.67,0.5297,-1,-1,-1
428,3,1046.76,408.04,190.44,615.54,0.6651,-1,-1,-1
428,47,971.46,434.25,124.48,491.32,0.5751,-1,-1,-1
428,49,841.93,442.27,48.83,156.77,0.5171,-1,-1,-1
428,61,725.04,420.81,113.68,307.53,0.7234,-1,-1,-1
428,64,501.77,437.49,115.58,318.58,0.6649,-1,-1,-1
428,65,608.31,446.37,129.06,269.04,0.6943,-1,-1,-1
428,71,343.04,437.68,145.39,314.80,0.7381,-1,-1,-1
428,80,1137.71,412.22,199.94,611.35,0.4302,-1,-1,-1
428,82,1673.46,323.34,259.22,629.79,0.6095,-1,-1,-1
429,3,1049.85,401.96,184.90,617.52,0.6599,-1,-1,-1
429,47,973.45,454.66,120.73,476.77,0.5119,-1,-1,-1
429,61,730.58,436.90,110.55,290.67,0.7136,-1,-1,-1
429,64,504.37,438.74,118.52,316.48,0.6045,-1,-1,-1
429,65,615.60,440.12,127.06,273.42,0.7093,-1,-1,-1
429,71,359.42,438.70,136.28,313.20,0.7167,-1,-1,-1
429,80,1133.97,414.74,205.09,634.13,0.3503,-1,-1,-1
429,82,1648.25,313.37,263.05,629.31,0.4651,-1,-1,-1
430,3,1054.98,403.29,180.99,625.54,0.6894,-1,-1,-1
430,47,973.92,444.05,121.97,484.23,0.5744,-1,-1,-1
430,49,838.77,438.80,48.01,155.17,0.3815,-1,-1,-1
430,61,732.02,432.16,114.61,295.21,0.6789,-1,-1,-1
430,64,520.39,438.01,123.62,317.87,0.5809,-1,-1,-1
430,65,628.03,441.40,121.89,271.41,0.6002,-1,-1,-1
430,71,368.92,437.74,126.09,309.32,0.7391,-1,-1,-1
430,80,1136.53,416.63,204.47,639.38,0.3089,-1,-1,-1
430,82,1615.76,311.09,274.89,632.60,0.4808,-1,-1,-1
431,3,1059.38,404.73,177.82,632.15,0.6785,-1,-1,-1
431,47,975.29,437.86,122.78,488.91,0.5674,-1,-1,-1
431,49,838.30,440.65,46.17,153.53,0.5894,-1,-1,-1
431,61,729.22,429.38,118.22,298.50,0.6862,-1,-1,-1
431,64,542.30,442.33,123.51,312.70,0.6325,-1,-1,-1
431,65,633.94,441.86,115.65,265.04,0.5390,-1,-1,-1
431,71,377.59,438.11,119.47,306.44,0.7315,-1,-1,-1
431,80,1132.31,417.26,204.99,649.76,0.3020,-1,-1,-1
431,82,1561.01,302.89,335.08,711.73,0.7127,-1,-1,-1
431,84,1254.66,423.22,96.17,255.89,0.3473,-1,-1,-1
432,3,1068.45,408.17,175.79,630.72,0.7298,-1,-1,-1
432,47,976.93,444.45,121.73,484.66,0.5618,-1,-1,-1
432,49,836.74,442.78,45.56,150.66,0.6309,-1,-1,-1
432,61,728.80,422.19,121.43,304.14,0.6500,-1,-1,-1
432,64,550.37,441.47,127.33,314.27,0.6603,-1,-1,-1
432,65,644.30,447.78,107.33,255.56,0.4656,-1,-1,-1
432,71,382.74,440.28,117.57,309.37,0.7039,-1,-1,-1
432,80,1181.34,411.40,137.51,414.05,0.5699,-1,-1,-1
432,82,1511.64,300.49,389.17,718.83,0.8262,-1,-1,-1
432,84,1260.91,420.68,96.31,256.68,0.4260,-1,-1,-1
433,3,1073.61,409.69,168.96,610.52,0.7190,-1,-1,-1
433,47,979.65,425.31,126.63,503.10,0.5648,-1,-1,-1
433,49,834.77,438.66,47.19,155.84,0.6025,-1,-1,-1
433,61,733.81,428.00,119.10,296.82,0.6890,-1,-1,-1
433,64,549.08,442.94,132.80,314.15,0.6804,-1,-1,-1
433,65,654.79,446.59,104.65,256.67,0.4254,-1,-1,-1
433,71,392.53,441.33,114.89,306.37,0.6749,-1,-1,-1
433,80,1191.56,413.32,135.16,386.44,0.6475,-1,-1,-1
433,82,1472.36,304.58,419.36,713.85,0.7812,-1,-1,-1
433,84,1265.32,417.51,97.01,259.33,0.3078,-1,-1,-1
434,3,1079.61,402.44,151.18,543.40,0.4757,-1,-1,-1
434,47,984.04,422.57,131.87,518.36,0.6454,-1,-1,-1
434,61,736.05,417.07,121.41,308.86,0.6974,-1,-1,-1
434,64,549.40,446.24,135.63,310.44,0.7808,-1,-1,-1
434,65,661.24,449.16,101.25,253.80,0.4118,-1,-1,-1
434,71,400.38,440.74,113.07,306.49,0.6780,-1,-1,-1
434,80,1196.24,407.45,116.61,328.79,0.4598,-1,-1,-1
434,82,1428.30,302.97,439.31,709.49,0.7402,-1,-1,-1
434,84,1264.69,418.44,107.64,293.03,0.3889,-1,-1,-1
435,3,1102.66,405.01,123.95,401.74,0.6218,-1,-1,-1
435,47,989.27,417.94,128.80,487.82,0.7034,-1,-1,-1
435,61,741.80,423.30,115.83,300.81,0.6921,-1,-1,-1
435,64,549.16,444.65,140.30,311.89,0.7973,-1,-1,-1
435,65,673.79,434.27,101.35,270.18,0.5281,-1,-1,-1
435,71,411.80,436.45,111.71,312.32,0.7632,-1,-1,-1
435,80,1201.18,404.75,112.18,302.41,0.6141,-1,-1,-1
435,82,1377.61,302.33,439.22,707.52,0.4196,-1,-1,-1
435,84,1271.33,418.88,106.42,299.15,0.5583,-1,-1,-1
436,3,1102.64,411.62,136.40,411.72,0.6527,-1,-1,-1
436,47,1008.51,419.54,110.90,393.57,0.6308,-1,-1,-1
436,61,748.76,425.34,111.08,295.34,0.6587,-1,-1,-1
436,64,546.52,440.79,144.51,315.54,0.7819,-1,-1,-1
436,65,686.07,436.41,98.00,272.63,0.4706,-1,-1,-1
436,71,415.33,436.84,111.73,311.84,0.7577,-1,-1,-1
436,80,1187.46,409.71,140.41,383.48,0.5846,-1,-1,-1
436,82,1307.35,312.69,441.76,697.45,0.8391,-1,-1,-1
437,3,1100.25,402.28,148.61,438.38,0.6934,-1,-1,-1
437,47,1007.42,420.97,118.64,397.93,0.6794,-1,-1,-1
437,61,751.51,414.63,111.64,304.43,0.5656,-1,-1,-1
437,64,547.15,439.62,146.47,318.08,0.7817,-1,-1,-1
437,65,697.06,431.30,95.67,278.45,0.4958,-1,-1,-1
437,71,417.38,439.14,114.92,312.61,0.7785,-1,-1,-1
437,80,1206.36,405.36,120.12,317.33,0.5317,-1,-1,-1
437,82,1213.14,321.28,459.05,697.81,0.8074,-1,-1,-1
438,3,1100.57,393.46,156.45,458.93,0.8134,-1,-1,-1
438,47,1006.32,423.87,125.45,408.91,0.6851,-1,-1,-1
438,61,760.69,414.39,107.62,304.41,0.5399,-1,-1,-1
438,64,549.24,442.27,145.14,310.73,0.7833,-1,-1,-1
438,65,704.01,429.78,94.08,280.44,0.5464,-1,-1,-1
438,71,420.51,432.51,118.90,318.34,0.8063,-1,-1,-1
438,82,1181.64,329.57,446.59,697.22,0.7261,-1,-1,-1
439,3,1104.81,425.34,147.71,431.46,0.5200,-1,-1,-1
439,47,1002.37,422.09,134.14,428.27,0.7031,-1,-1,-1
439,61,767.60,434.94,98.26,282.94,0.5399,-1,-1,-1
439,64,550.34,439.08,146.95,315.02,0.7897,-1,-1,-1
439,65,707.80,436.32,91.72,275.28,0.4631,-1,-1,-1
439,71,426.48,440.25,118.20,306.76,0.7597,-1,-1,-1
439,76,1830.92,465.89,71.82,181.29,0.3627,-1,-1,-1
439,82,1139.18,335.83,427.18,698.88,0.7738,-1,-1,-1
440,47,1000.56,424.60,143.09,444.37,0.7794,-1,-1,-1
440,61,770.21,442.34,93.86,274.35,0.5876,-1,-1,-1
440,64,551.21,441.25,146.36,313.25,0.7787,-1,-1,-1
440,65,708.53,438.80,89.75,272.37,0.5185,-1,-1,-1
440,71,430.66,438.51,119.10,305.09,0.7012,-1,-1,-1
440,76,1830.80,466.24,68.93,179.79,0.4016,-1,-1,-1
440,82,1088.93,354.75,404.65,676.88,0.7385,-1,-1,-1
441,47,1003.13,433.77,131.06,404.89,0.4463,-1,-1,-1
441,61,773.02,435.11,92.91,276.62,0.5722,-1,-1,-1
441,64,551.87,441.19,145.87,312.51,0.7495,-1,-1,-1
441,65,715.66,447.54,90.10,263.99,0.5608,-1,-1,-1
441,71,436.21,438.96,117.04,301.69,0.6945,-1,-1,-1
441,76,1832.98,466.37,69.72,181.99,0.3999,-1,-1,-1
441,82,1034.96,359.43,388.91,669.23,0.7502,-1,-1,-1
442,61,775.54,428.71,93.30,280.93,0.5486,-1,-1,-1
442,64,559.75,439.22,141.65,309.73,0.7671,-1,-1,-1
442,65,721.22,448.92,95.60,263.29,0.5509,-1,-1,-1
442,71,439.05,436.97,116.60,309.92,0.6985,-1,-1,-1
442,76,1832.97,465.95,69.06,182.17,0.3562,-1,-1,-1
442,82,995.06,365.89,368.28,653.22,0.7934,-1,-1,-1
442,85,1310.87,432.38,141.80,325.07,0.7323,-1,-1,-1
443,61,780.09,427.19,90.55,283.74,0.6363,-1,-1,-1
443,64,565.47,437.83,137.83,311.35,0.7965,-1,-1,-1
443,65,718.05,443.39,101.01,267.96,0.5487,-1,-1,-1
443,71,447.73,441.03,110.63,301.52,0.7198,-1,-1,-1
443,82,953.80,362.53,357.24,651.57,0.8090,-1,-1,-1
443,85,1314.14,431.98,143.65,326.74,0.6962,-1,-1,-1
444,61,785.36,431.19,88.76,279.80,0.5137,-1,-1,-1
444,64,575.77,436.79,130.75,307.75,0.7457,-1,-1,-1
444,65,721.27,443.14,108.71,267.80,0.5969,-1,-1,-1
444,71,458.77,435.01,106.39,305.17,0.7627,-1,-1,-1
444,76,1834.45,466.81,68.71,181.62,0.3260,-1,-1,-1
444,82,911.16,361.16,346.05,650.67,0.8144,-1,-1,-1
444,85,1314.48,432.75,144.83,330.03,0.6649,-1,-1,-1
444,87,1234.48,431.58,123.75,414.35,0.5230,-1,-1,-1
445,3,1153.65,409.91,185.06,507.58,0.5939,-1,-1,-1
445,61,785.92,437.98,88.25,275.21,0.5027,-1,-1,-1
445,64,582.81,438.23,124.02,306.28,0.7545,-1,-1,-1
445,65,708.93,445.90,104.92,262.70,0.4187,-1,-1,-1
445,71,467.90,433.76,103.17,300.07,0.7620,-1,-1,-1
445,82,872.93,348.65,347.04,660.64,0.7808,-1,-1,-1
445,85,1322.91,432.90,140.05,327.91,0.7329,-1,-1,-1
445,87,1244.99,430.40,113.20,374.07,0.4094,-1,-1,-1
446,3,1128.76,428.04,211.41,631.93,0.7608,-1,-1,-1
446,61,789.94,427.68,90.24,284.05,0.5665,-1,-1,-1
446,64,596.53,439.36,115.82,302.71,0.6878,-1,-1,-1
446,65,714.48,452.06,103.65,256.82,0.4560,-1,-1,-1
446,71,471.55,434.89,102.14,292.26,0.7215,-1,-1,-1
446,76,1833.52,469.43,68.21,178.83,0.3498,-1,-1,-1
446,82,841.10,340.96,337.08,654.17,0.7818,-1,-1,-1
446,85,1329.14,432.10,135.61,328.84,0.7050,-1,-1,-1
446,87,1242.92,428.99,122.62,404.27,0.4972,-1,-1,-1
447,3,1127.57,414.80,206.41,654.19,0.7876,-1,-1,-1
447,47,1068.07,420.77,114.59,355.74,0.4470,-1,-1,-1
447,64,602.43,431.92,113.18,310.17,0.6748,-1,-1,-1
447,65,717.03,451.82,103.20,255.76,0.3903,-1,-1,-1
447,71,474.78,430.11,104.33,296.34,0.6842,-1,-1,-1
447,82,801.03,331.98,336.33,654.13,0.7791,-1,-1,-1
447,85,1335.22,430.82,131.66,329.46,0.6710,-1,-1,-1
447,87,1238.11,422.81,126.26,416.88,0.3010,-1,-1,-1
447,89,591.20,459.85,52.28,193.15,0.3191,-1,-1,-1
448,3,1135.93,421.32,201.42,648.68,0.7741,-1,-1,-1
448,47,1046.87,421.38,151.87,497.06,0.5333,-1,-1,-1
448,64,601.58,434.84,112.09,309.33,0.6110,-1,-1,-1
448,65,732.80,444.31,109.86,264.53,0.4134,-1,-1,-1
448,71,484.89,435.13,99.79,282.33,0.5837,-1,-1,-1
448,80,1241.83,422.04,130.17,352.70,0.3707,-1,-1,-1
448,82,770.75,331.87,332.08,642.96,0.7764,-1,-1,-1
448,85,1341.07,420.25,128.60,342.65,0.7803,-1,-1,-1
448,91,298.94,509.41,83.02,133.65,0.3313,-1,-1,-1
449,3,1139.41,427.24,195.48,639.89,0.7308,-1,-1,-1
449,47,1030.45,420.62,159.04,534.35,0.8014,-1,-1,-1
449,64,622.35,435.05,107.27,307.89,0.5933,-1,-1,-1
449,71,486.31,438.07,102.02,282.73,0.7027,-1,-1,-1
449,76,1832.88,469.69,69.15,179.37,0.3385,-1,-1,-1
449,80,1245.79,419.11,122.18,329.35,0.5114,-1,-1,-1
449,82,732.43,331.92,333.60,646.68,0.7325,-1,-1,-1
449,85,1345.59,420.81,123.35,340.60,0.7499,-1,-1,-1
449,91,290.45,506.57,86.91,139.73,0.3287,-1,-1,-1
450,3,1148.65,419.75,206.99,643.55,0.8143,-1,-1,-1
450,47,1032.85,413.93,161.62,548.73,0.7720,-1,-1,-1
450,64,629.82,435.03,100.13,301.75,0.6590,-1,-1,-1
450,71,486.40,435.51,104.53,287.03,0.6994,-1,-1,-1
450,76,1833.99,468.44,70.50,180.33,0.3340,-1,-1,-1
450,82,700.46,337.31,326.97,631.17,0.7554,-1,-1,-1
450,85,1351.02,420.74,121.93,340.03,0.7539,-1,-1,-1
450,91,287.46,519.70,80.20,127.67,0.3504,-1,-1,-1
451,3,1146.82,418.32,235.44,648.44,0.8218,-1,-1,-1
451,47,1035.59,411.93,160.95,551.05,0.7848,-1,-1,-1
451,64,638.66,439.40,94.03,299.40,0.6660,-1,-1,-1
451,71,495.30,433.82,110.00,291.56,0.6379,-1,-1,-1
451,82,663.85,341.44,332.19,640.45,0.7167,-1,-1,-1
451,85,1352.48,417.58,124.86,346.52,0.7263,-1,-1,-1
452,3,1119.80,415.74,255.23,651.35,0.7161,-1,-1,-1
452,47,1041.03,414.61,159.44,547.15,0.7996,-1,-1,-1
452,71,495.19,433.46,116.88,290.92,0.7212,-1,-1,-1
452,82,636.74,350.09,326.34,635.33,0.7140,-1,-1,-1
452,85,1360.13,417.48,125.96,346.75,0.7839,-1,-1,-1
453,3,1163.61,416.37,267.75,643.48,0.8064,-1,-1,-1
453,47,1045.86,415.28,154.60,543.07,0.7940,-1,-1,-1
453,71,499.92,437.43,117.38,285.64,0.7166,-1,-1,-1
453,82,587.02,361.46,349.00,678.37,0.5391,-1,-1,-1
453,85,1366.30,418.00,124.51,345.46,0.8186,-1,-1,-1
453,89,622.07,476.29,44.10,161.37,0.3523,-1,-1,-1
454,3,1157.51,408.44,285.61,661.37,0.7958,-1,-1,-1
454,47,1049.31,416.27,154.03,538.42,0.7732,-1,-1,-1
454,61,815.46,423.34,80.13,270.47,0.4524,-1,-1,-1
454,71,502.74,438.23,111.15,284.06,0.7768,-1,-1,-1
454,82,551.09,372.02,345.13,653.02,0.6761,-1,-1,-1
454,85,1369.74,417.87,126.04,349.58,0.8185,-1,-1,-1
454,91,256.73,513.81,78.77,122.77,0.3554,-1,-1,-1
455,3,1157.01,420.72,286.74,655.36,0.7103,-1,-1,-1
455,47,1058.62,419.13,161.32,542.31,0.7694,-1,-1,-1
455,61,817.55,420.72,81.49,286.77,0.6186,-1,-1,-1
455,71,509.75,453.61,99.40,262.87,0.6617,-1,-1,-1
455,82,514.62,389.58,338.51,621.50,0.6355,-1,-1,-1
455,85,1373.13,418.99,127.41,348.77,0.8235,-1,-1,-1
455,91,247.07,517.75,81.77,122.92,0.5262,-1,-1,-1
455,95,417.66,466.71,39.70,103.96,0.3154,-1,-1,-1
456,3,1158.20,424.61,292.64,652.80,0.7526,-1,-1,-1
456,47,1059.66,421.08,163.49,540.11,0.7770,-1,-1,-1
456,61,814.05,420.00,84.98,289.67,0.5994,-1,-1,-1
456,82,468.63,393.30,362.01,653.00,0.7101,-1,-1,-1
456,85,1376.50,420.16,130.28,354.06,0.8206,-1,-1,-1
456,95,416.96,468.15,39.69,103.82,0.3586,-1,-1,-1
457,3,1149.59,411.73,291.68,663.32,0.8215,-1,-1,-1
457,47,1062.63,421.08,163.76,541.32,0.8057,-1,-1,-1
457,61,809.42,411.63,91.67,297.48,0.6822,-1,-1,-1
457,64,688.94,441.03,67.27,215.07,0.3443,-1,-1,-1
457,82,417.80,395.26,364.39,645.96,0.6782,-1,-1,-1
457,85,1379.33,420.79,133.80,358.24,0.8461,-1,-1,-1
457,91,235.74,514.48,79.42,115.22,0.3940,-1,-1,-1
457,95,417.53,471.07,38.78,100.78,0.3422,-1,-1,-1
458,3,1155.67,415.31,295.74,659.25,0.8403,-1,-1,-1
458,47,1069.02,419.16,160.37,538.21,0.8052,-1,-1,-1
458,61,811.20,416.35,92.21,291.53,0.6733,-1,-1,-1
458,64,686.56,441.62,86.68,280.74,0.4967,-1,-1,-1
458,82,381.17,391.48,385.08,675.68,0.7577,-1,-1,-1
458,85,1387.55,422.17,133.80,359.14,0.8286,-1,-1,-1
458,91,225.17,518.12,82.96,117.52,0.4046,-1,-1,-1
459,3,1160.19,415.18,304.97,660.24,0.8347,-1,-1,-1
459,47,1075.37,418.44,159.62,544.82,0.7695,-1,-1,-1
459,61,817.43,420.90,87.80,282.88,0.5964,-1,-1,-1
459,64,693.66,443.20,94.72,289.74,0.4897,-1,-1,-1
459,82,344.07,386.51,393.34,686.30,0.8429,-1,-1,-1
459,85,1395.92,424.23,140.85,361.32,0.8361,-1,-1,-1
459,91,213.03,521.10,88.55,123.95,0.3796,-1,-1,-1
460,3,1159.68,412.15,305.33,660.97,0.8424,-1,-1,-1
460,47,1084.81,418.98,157.08,546.45,0.7160,-1,-1,-1
460,61,822.58,423.47,86.31,277.79,0.5387,-1,-1,-1
460,64,679.80,440.82,111.16,294.80,0.6883,-1,-1,-1
460,82,312.16,386.01,391.20,676.59,0.6813,-1,-1,-1
460,85,1403.61,424.07,151.38,363.40,0.8448,-1,-1,-1
460,91,206.94,521.72,85.11,116.28,0.4020,-1,-1,-1
461,3,1160.50,410.65,306.82,665.88,0.8619,-1,-1,-1
461,47,1097.99,423.04,156.49,553.05,0.7144,-1,-1,-1
461,61,821.79,415.20,91.21,286.00,0.5822,-1,-1,-1
461,64,662.30,439.54,129.53,298.43,0.7445,-1,-1,-1
461,71,550.66,437.66,101.70,272.33,0.3216,-1,-1,-1
461,82,278.93,368.06,405.24,706.78,0.8020,-1,-1,-1
461,85,1404.74,425.76,159.04,364.56,0.8553,-1,-1,-1
462,3,1157.92,403.44,310.81,671.29,0.8665,-1,-1,-1
462,47,1099.08,419.54,158.04,555.35,0.7319,-1,-1,-1
462,61,815.68,412.20,95.55,290.84,0.6093,-1,-1,-1
462,64,667.17,440.06,129.93,297.58,0.6930,-1,-1,-1
462,71,559.49,434.37,98.57,275.89,0.5542,-1,-1,-1
462,82,252.62,367.52,399.71,705.68,0.7669,-1,-1,-1
462,85,1405.33,425.99,162.38,365.84,0.8152,-1,-1,-1
463,3,1160.36,402.74,309.55,672.53,0.8028,-1,-1,-1
463,47,1102.22,415.73,157.77,556.32,0.7728,-1,-1,-1
463,49,776.10,446.70,43.59,141.03,0.4060,-1,-1,-1
463,61,815.31,411.25,99.26,291.27,0.5966,-1,-1,-1
463,64,670.97,439.29,125.83,296.00,0.6768,-1,-1,-1
463,71,564.99,432.71,96.46,276.70,0.7023,-1,-1,-1
463,82,250.17,360.96,391.85,711.17,0.7795,-1,-1,-1
463,85,1406.99,431.57,166.47,366.32,0.8299,-1,-1,-1
464,3,1165.96,401.75,305.08,672.04,0.7970,-1,-1,-1
464,47,1105.48,411.63,161.74,564.61,0.7788,-1,-1,-1
464,49,774.76,445.94,44.90,140.17,0.5096,-1,-1,-1
464,61,815.57,412.25,103.72,291.83,0.6319,-1,-1,-1
464,64,679.52,438.69,120.43,291.67,0.6808,-1,-1,-1
464,71,571.44,432.63,94.29,274.39,0.6955,-1,-1,-1
464,82,225.66,357.50,389.92,713.17,0.8127,-1,-1,-1
464,85,1413.43,425.44,165.64,374.23,0.8498,-1,-1,-1
465,3,1182.65,402.53,291.85,674.41,0.8342,-1,-1,-1
465,47,1107.65,417.40,159.02,557.51,0.7699,-1,-1,-1
465,61,821.77,412.96,103.32,290.87,0.6263,-1,-1,-1
465,64,683.79,439.13,118.40,291.78,0.6241,-1,-1,-1
465,71,567.81,430.91,97.51,276.35,0.6809,-1,-1,-1
465,82,204.30,362.22,389.43,705.02,0.7816,-1,-1,-1
465,85,1419.83,422.44,161.00,379.44,0.8425,-1,-1,-1
465,99,514.84,445.24,76.39,206.18,0.4168,-1,-1,-1
466,3,1193.44,403.26,281.70,672.42,0.8168,-1,-1,-1
466,47,1109.21,421.89,160.86,550.07,0.7764,-1,-1,-1
466,61,825.07,408.93,104.84,296.10,0.6718,-1,-1,-1
466,64,705.76,438.56,114.98,291.58,0.6405,-1,-1,-1
466,71,565.42,430.29,101.23,278.02,0.6879,-1,-1,-1
466,82,161.57,368.05,392.14,703.08,0.7489,-1,-1,-1
466,85,1430.16,419.65,152.14,383.31,0.8450,-1,-1,-1
466,99,514.26,448.94,71.69,192.40,0.3988,-1,-1,-1
467,3,1214.43,405.55,270.58,660.96,0.7362,-1,-1,-1
467,47,1113.06,428.01,163.38,545.47,0.7268,-1,-1,-1
467,61,827.25,407.44,102.83,297.70,0.6768,-1,-1,-1
467,64,715.83,440.56,108.48,290.76,0.6692,-1,-1,-1
467,71,569.71,428.45,101.55,279.74,0.6872,-1,-1,-1
467,82,136.42,371.79,396.91,699.21,0.8542,-1,-1,-1
467,85,1444.76,420.07,144.46,384.54,0.8018,-1,-1,-1
467,99,506.96,457.12,68.58,181.42,0.3581,-1,-1,-1
468,3,1234.52,406.20,260.15,647.79,0.6435,-1,-1,-1
468,47,1115.91,422.42,172.47,565.50,0.7789,-1,-1,-1
468,61,829.34,406.89,100.72,297.72,0.6697,-1,-1,-1
468,64,708.58,439.19,107.78,292.60,0.6049,-1,-1,-1
468,71,573.13,434.48,97.24,269.07,0.7035,-1,-1,-1
468,82,119.40,373.88,391.37,699.29,0.8187,-1,-1,-1
468,85,1457.33,413.58,139.39,388.83,0.8166,-1,-1,-1
469,3,1248.98,402.41,257.60,669.05,0.7934,-1,-1,-1
469,47,1115.81,421.48,174.12,577.56,0.7743,-1,-1,-1
469,61,831.72,407.44,98.03,297.85,0.6870,-1,-1,-1
469,64,709.29,436.61,108.40,295.04,0.6250,-1,-1,-1
469,71,576.70,437.34,96.19,266.69,0.7115,-1,-1,-1
469,82,80.96,383.29,382.85,682.66,0.7296,-1,-1,-1
469,85,1467.10,413.02,132.87,390.10,0.7872,-1,-1,-1
469,99,496.99,458.08,73.48,192.19,0.3635,-1,-1,-1
469,100,414.40,493.71,75.03,122.12,0.3305,-1,-1,-1
470,3,1264.76,406.88,252.35,667.02,0.6423,-1,-1,-1
470,47,1125.57,421.61,177.20,585.48,0.7598,-1,-1,-1
470,61,831.01,408.68,96.27,298.37,0.7190,-1,-1,-1
470,64,718.18,437.18,110.85,292.10,0.6064,-1,-1,-1
470,71,579.59,440.28,95.25,266.57,0.7093,-1,-1,-1
470,82,56.39,393.22,383.48,673.48,0.7838,-1,-1,-1
470,85,1478.19,411.32,126.43,389.68,0.8234,-1,-1,-1
470,99,492.80,471.83,67.36,174.12,0.3059,-1,-1,-1
470,100,413.57,493.06,68.30,111.36,0.3371,-1,-1,-1
471,3,1272.47,400.54,247.12,673.52,0.5582,-1,-1,-1
471,47,1129.09,421.56,174.61,587.13,0.7716,-1,-1,-1
471,61,837.06,415.43,91.89,289.53,0.7530,-1,-1,-1
471,64,737.18,431.83,113.79,300.10,0.5846,-1,-1,-1
471,71,582.24,448.92,93.41,260.51,0.6993,-1,-1,-1
471,82,29.63,398.14,398.38,670.42,0.8302,-1,-1,-1
471,85,1486.46,409.56,122.61,391.98,0.8152,-1,-1,-1
471,100,404.40,492.31,78.86,130.67,0.3689,-1,-1,-1
472,3,1272.35,398.00,237.56,673.51,0.6538,-1,-1,-1
472,47,1135.06,416.75,178.31,593.11,0.8034,-1,-1,-1
472,61,837.21,413.02,91.46,291.56,0.7328,-1,-1,-1
472,64,742.93,432.40,114.89,299.05,0.6446,-1,-1,-1
472,71,585.40,446.02,94.89,262.26,0.7330,-1,-1,-1
472,82,3.70,403.65,392.38,661.07,0.7824,-1,-1,-1
472,85,1492.32,409.07,121.72,395.20,0.8316,-1,-1,-1
472,99,484.54,472.44,64.24,167.20,0.3564,-1,-1,-1
472,100,399.54,486.68,81.04,138.30,0.3855,-1,-1,-1
473,3,1301.07,399.50,226.62,666.59,0.6615,-1,-1,-1
473,47,1136.35,423.04,172.65,586.17,0.7926,-1,-1,-1
473,61,840.31,417.46,90.20,287.87,0.6985,-1,-1,-1
473,64,743.88,436.39,114.34,293.92,0.6691,-1,-1,-1
473,71,587.61,439.96,97.38,268.45,0.7316,-1,-1,-1
473,82,-2.73,403.60,392.95,663.06,0.6331,-1,-1,-1
473,85,1499.36,410.75,120.13,390.46,0.8031,-1,-1,-1
473,99,472.56,474.42,68.11,174.81,0.3428,-1,-1,-1
473,100,400.47,488.03,72.71,127.89,0.3497,-1,-1,-1
474,3,1317.52,400.16,218.64,664.19,0.7212,-1,-1,-1
474,47,1141.83,422.19,169.31,587.13,0.8007,-1,-1,-1
474,61,836.48,414.08,89.65,290.24,0.6222,-1,-1,-1
474,64,742.35,439.17,114.36,290.20,0.6527,-1,-1,-1
474,71,590.15,439.43,97.71,268.57,0.7393,-1,-1,-1
474,80,1309.19,415.85,77.65,200.48,0.4039,-1,-1,-1
474,82,-20.84,400.64,389.96,672.25,0.5951,-1,-1,-1
474,85,1504.30,411.39,122.28,390.22,0.7797,-1,-1,-1
474,99,459.18,475.15,75.37,183.05,0.4079,-1,-1,-1
475,3,1319.29,401.60,215.49,665.50,0.7507,-1,-1,-1
475,47,1146.49,422.05,168.46,588.03,0.8164,-1,-1,-1
475,61,848.08,415.98,89.23,287.34,0.5109,-1,-1,-1
475,64,742.84,436.63,115.95,293.86,0.6513,-1,-1,-1
475,71,593.23,442.66,97.03,264.82,0.7416,-1,-1,-1
475,82,-17.50,397.86,372.49,676.15,0.7482,-1,-1,-1
475,85,1511.00,410.23,126.81,392.63,0.7777,-1,-1,-1
475,99,458.68,475.78,77.73,187.14,0.3744,-1,-1,-1
476,3,1324.76,396.63,218.57,675.85,0.6737,-1,-1,-1
476,47,1148.46,421.23,168.10,588.82,0.8137,-1,-1,-1
476,61,843.56,417.02,87.48,287.35,0.5587,-1,-1,-1
476,64,742.70,436.73,116.45,294.31,0.7015,-1,-1,-1
476,71,597.14,445.70,98.06,260.16,0.7923,-1,-1,-1
476,82,-55.58,394.44,337.06,680.29,0.6779,-1,-1,-1
476,85,1521.37,412.16,135.34,392.66,0.7602,-1,-1,-1
476,99,446.79,478.80,79.42,182.59,0.5479,-1,-1,-1
477,3,1326.54,396.42,212.81,664.35,0.3966,-1,-1,-1
477,47,1151.76,421.03,170.04,589.54,0.8250,-1,-1,-1
477,61,842.21,417.01,84.44,284.89,0.5532,-1,-1,-1
477,64,744.11,437.95,115.61,293.19,0.7029,-1,-1,-1
477,65,900.04,439.46,93.08,244.81,0.3774,-1,-1,-1
477,71,601.34,444.75,98.76,260.81,0.7704,-1,-1,-1
477,82,-13.64,389.08,319.81,682.32,0.7838,-1,-1,-1
477,85,1524.67,411.00,157.31,401.09,0.8324,-1,-1,-1
477,99,436.10,474.47,83.33,187.98,0.4177,-1,-1,-1
478,3,1333.53,398.82,209.31,658.34,0.6572,-1,-1,-1
478,47,1157.88,420.99,169.08,589.45,0.8187,-1,-1,-1
478,61,844.30,415.30,83.36,286.43,0.4892,-1,-1,-1
478,64,744.86,437.49,115.28,295.08,0.6313,-1,-1,-1
478,65,873.45,429.99,113.02,264.14,0.3464,-1,-1,-1
478,71,611.43,445.63,96.04,258.00,0.6860,-1,-1,-1
478,82,-55.88,383.91,308.39,688.55,0.4847,-1,-1,-1
478,85,1531.71,407.14,170.82,402.26,0.8257,-1,-1,-1
478,99,426.95,474.49,86.78,190.32,0.4567,-1,-1,-1
478,103,1308.17,419.97,86.21,508.57,0.4051,-1,-1,-1
479,3,1344.89,398.44,215.66,673.47,0.7606,-1,-1,-1
479,47,1162.06,419.83,168.56,590.12,0.8015,-1,-1,-1
479,61,845.57,413.73,80.58,286.09,0.5193,-1,-1,-1
479,64,752.61,438.90,112.13,293.43,0.6149,-1,-1,-1
479,65,893.89,434.69,108.10,255.78,0.4879,-1,-1,-1
479,71,610.03,443.85,98.07,259.22,0.6575,-1,-1,-1
479,82,-18.66,382.40,291.23,687.74,0.7246,-1,-1,-1
479,85,1536.21,410.37,185.55,405.12,0.8492,-1,-1,-1
479,103,1319.98,413.13,90.31,531.16,0.4337,-1,-1,-1
480,3,1350.16,403.42,224.42,670.98,0.8130,-1,-1,-1
480,47,1167.66,420.67,166.55,588.54,0.8058,-1,-1,-1
480,61,847.24,412.41,78.47,287.34,0.5701,-1,-1,-1
480,64,759.94,436.94,107.78,291.49,0.6541,-1,-1,-1
480,65,899.66,437.22,105.78,248.49,0.5523,-1,-1,-1
480,71,616.29,437.24,97.38,263.44,0.6056,-1,-1,-1
480,82,-57.94,390.78,272.15,682.96,0.4759,-1,-1,-1
480,85,1539.37,414.69,193.76,409.54,0.8576,-1,-1,-1
480,99,416.78,479.23,83.93,182.14,0.3089,-1,-1,-1
480,103,1325.34,411.25,92.08,542.85,0.4464,-1,-1,-1
481,3,1351.98,397.93,239.78,680.24,0.8316,-1,-1,-1
481,47,1172.28,419.03,165.77,589.85,0.8081,-1,-1,-1
481,61,848.69,413.17,75.97,286.10,0.5480,-1,-1,-1
481,64,770.49,440.00,102.79,284.03,0.6126,-1,-1,-1
481,65,902.24,439.98,103.84,243.70,0.6320,-1,-1,-1
481,71,624.53,434.77,96.60,264.43,0.6025,-1,-1,-1
481,82,-13.71,414.10,244.05,658.59,0.7644,-1,-1,-1
481,85,1544.34,420.25,196.98,405.50,0.8476,-1,-1,-1
481,99,407.02,478.79,84.54,184.69,0.5193,-1,-1,-1
481,100,353.48,480.82,75.06,138.39,0.3074,-1,-1,-1
481,103,1327.11,407.47,93.40,554.99,0.3926,-1,-1,-1
482,3,1357.25,395.76,249.71,681.86,0.8511,-1,-1,-1
482,47,1175.79,418.97,165.33,593.31,0.7925,-1,-1,-1
482,61,850.55,413.30,73.67,283.73,0.5302,-1,-1,-1
482,64,776.99,438.39,100.20,283.35,0.5799,-1,-1,-1
482,65,905.11,443.33,102.25,239.65,0.6764,-1,-1,-1
482,71,628.47,434.09,95.23,266.17,0.5771,-1,-1,-1
482,82,-6.55,472.48,214.01,599.64,0.7683,-1,-1,-1
482,85,1548.36,418.87,201.03,409.82,0.8333,-1,-1,-1
482,99,403.01,477.19,86.87,192.26,0.4562,-1,-1,-1
482,100,347.07,478.12,93.51,182.75,0.3016,-1,-1,-1
482,103,1332.58,406.46,92.97,549.29,0.3443,-1,-1,-1
482,105,1091.30,438.32,56.57,156.42,0.3358,-1,-1,-1
483,3,1361.67,393.86,256.46,682.24,0.8280,-1,-1,-1
483,47,1182.59,418.41,163.44,592.74,0.7927,-1,-1,-1
483,61,852.76,415.70,72.51,283.98,0.5265,-1,-1,-1
483,64,786.05,436.34,96.35,289.43,0.6331,-1,-1,-1
483,65,907.14,445.38,100.18,237.59,0.6632,-1,-1,-1
483,71,629.81,433.31,95.22,264.08,0.6164,-1,-1,-1
483,82,-4.71,517.67,192.86,552.99,0.7445,-1,-1,-1
483,85,1552.56,418.17,198.57,413.81,0.8255,-1,-1,-1
483,99,399.64,475.80,87.86,193.42,0.4750,-1,-1,-1
483,103,1335.62,400.73,95.63,558.66,0.4044,-1,-1,-1
484,3,1361.22,393.78,267.32,684.00,0.8716,-1,-1,-1
484,47,1188.03,417.32,162.83,594.78,0.7879,-1,-1,-1
484,61,858.10,432.17,67.72,267.42,0.5164,-1,-1,-1
484,64,790.08,437.92,91.44,290.68,0.6599,-1,-1,-1
484,65,909.19,445.09,99.15,238.97,0.6515,-1,-1,-1
484,71,634.64,435.62,96.42,261.11,0.6555,-1,-1,-1
484,82,3.73,552.34,153.97,437.74,0.3884,-1,-1,-1
484,85,1559.48,415.21,195.98,420.62,0.8215,-1,-1,-1
484,99,388.29,475.24,92.00,195.50,0.4637,-1,-1,-1
484,103,1338.17,407.10,95.53,555.07,0.4303,-1,-1,-1
484,105,1092.72,436.06,57.24,158.28,0.3123,-1,-1,-1
484,106,561.05,444.03,35.46,87.73,0.3123,-1,-1,-1
485,3,1361.41,396.34,272.36,680.05,0.8565,-1,-1,-1
485,47,1194.32,420.60,162.68,592.28,0.7822,-1,-1,-1
485,61,858.42,424.86,67.15,270.92,0.4660,-1,-1,-1
485,64,798.29,438.91,88.99,285.71,0.6580,-1,-1,-1
485,65,910.32,440.51,98.93,241.77,0.6780,-1,-1,-1
485,71,636.31,434.83,102.25,262.06,0.6877,-1,-1,-1
485,82,-13.94,566.38,170.56,495.49,0.4235,-1,-1,-1
485,85,1569.75,409.37,189.85,428.32,0.8339,-1,-1,-1
485,99,373.81,476.84,96.12,198.77,0.3483,-1,-1,-1
485,103,1340.89,422.07,94.24,537.26,0.5508,-1,-1,-1
485,106,561.76,445.21,34.80,86.22,0.3391,-1,-1,-1
486,3,1360.62,397.32,277.05,678.59,0.8408,-1,-1,-1
486,47,1199.23,420.17,162.89,591.95,0.7762,-1,-1,-1
486,61,863.64,430.43,61.46,248.59,0.3566,-1,-1,-1
486,64,804.46,438.56,91.29,285.84,0.5762,-1,-1,-1
486,65,909.54,440.79,97.59,240.83,0.6939,-1,-1,-1
486,71,637.74,434.49,108.65,262.75,0.7144,-1,-1,-1
486,82,-11.13,579.83,137.35,414.39,0.5677,-1,-1,-1
486,85,1579.08,412.50,182.24,426.85,0.8356,-1,-1,-1
486,99,361.22,478.72,94.66,192.59,0.3272,-1,-1,-1
486,103,1342.01,415.04,98.81,549.22,0.6090,-1,-1,-1
486,105,1093.22,433.61,58.26,159.93,0.3657,-1,-1,-1
486,106,562.95,447.05,34.11,84.78,0.3081,-1,-1,-1
487,3,1360.35,396.47,278.80,679.13,0.8438,-1,-1,-1
487,47,1205.99,418.83,169.80,593.84,0.7764,-1,-1,-1
487,61,862.02,428.97,64.42,262.65,0.4199,-1,-1,-1
487,64,803.62,437.58,91.21,285.44,0.4917,-1,-1,-1
487,65,914.81,441.46,95.83,240.98,0.6623,-1,-1,-1
487,71,639.43,435.67,112.96,261.19,0.6702,-1,-1,-1
487,82,-22.72,545.78,137.47,438.44,0.4663,-1,-1,-1
487,85,1584.94,416.94,175.21,422.57,0.7892,-1,-1,-1
487,99,357.83,477.94,98.39,197.73,0.4732,-1,-1,-1
487,103,1349.42,412.50,96.64,527.62,0.5807,-1,-1,-1
487,105,1095.28,433.26,58.44,159.56,0.3218,-1,-1,-1
487,106,563.97,446.39,33.90,84.63,0.3233,-1,-1,-1
488,3,1362.38,401.08,281.53,675.01,0.8192,-1,-1,-1
488,47,1206.04,419.73,174.69,592.18,0.7843,-1,-1,-1
488,64,815.39,433.10,100.45,292.35,0.5849,-1,-1,-1
488,65,918.79,448.98,92.04,233.04,0.5535,-1,-1,-1
488,71,640.03,435.47,116.15,261.13,0.6726,-1,-1,-1
488,82,-11.76,645.29,93.95,316.81,0.5588,-1,-1,-1
488,85,1594.73,419.21,170.26,419.70,0.7659,-1,-1,-1
488,91,-4.50,530.99,80.51,127.73,0.4478,-1,-1,-1
488,99,351.13,475.04,101.57,203.05,0.4939,-1,-1,-1
488,103,1354.81,417.80,95.43,508.30,0.5103,-1,-1,-1
489,3,1362.47,392.97,285.37,679.17,0.7879,-1,-1,-1
489,47,1207.53,413.01,180.92,596.01,0.8260,-1,-1,-1
489,49,732.95,445.38,39.93,128.76,0.3433,-1,-1,-1
489,64,817.78,431.57,107.48,293.30,0.5714,-1,-1,-1
489,65,920.15,438.95,94.16,242.49,0.6098,-1,-1,-1
489,71,644.02,436.30,117.75,259.85,0.6958,-1,-1,-1
489,85,1601.11,412.79,168.11,429.79,0.7451,-1,-1,-1
489,91,-5.56,534.97,73.60,130.44,0.5443,-1,-1,-1
489,99,334.99,455.49,109.39,224.79,0.5008,-1,-1,-1
489,103,1359.06,422.86,93.90,475.32,0.5548,-1,-1,-1
490,3,1360.08,397.38,277.73,674.66,0.7455,-1,-1,-1
490,47,1206.08,417.62,183.28,594.19,0.8008,-1,-1,-1
490,64,816.97,436.37,112.29,288.47,0.5798,-1,-1,-1
490,65,928.72,438.99,89.83,241.14,0.6163,-1,-1,-1
490,71,643.76,435.17,120.84,263.12,0.7903,-1,-1,-1
490,85,1608.14,411.59,162.79,432.54,0.7320,-1,-1,-1
490,91,-5.84,542.32,61.61,113.18,0.3632,-1,-1,-1
490,99,327.19,460.29,105.20,220.48,0.5011,-1,-1,-1
490,103,1362.45,419.78,98.86,475.99,0.6114,-1,-1,-1
491,3,1360.00,400.36,270.85,668.82,0.6712,-1,-1,-1
491,47,1206.00,417.98,184.99,594.29,0.8076,-1,-1,-1
491,49,725.36,444.20,43.76,131.81,0.3697,-1,-1,-1
491,64,817.30,436.90,116.34,287.98,0.5244,-1,-1,-1
491,65,938.55,436.26,85.84,242.04,0.5934,-1,-1,-1
491,71,646.84,434.89,121.09,264.80,0.7890,-1,-1,-1
491,85,1607.96,408.91,151.87,431.90,0.7350,-1,-1,-1
491,99,324.08,488.67,94.84,193.36,0.4786,-1,-1,-1
491,103,1368.60,418.32,101.43,474.18,0.5504,-1,-1,-1
491,106,563.99,441.22,35.14,88.61,0.3418,-1,-1,-1
492,3,1387.16,394.34,274.78,667.55,0.4264,-1,-1,-1
492,47,1207.26,413.02,190.29,596.78,0.8155,-1,-1,-1
492,49,724.81,444.42,44.44,131.86,0.3467,-1,-1,-1
492,64,816.29,444.22,122.32,281.06,0.6688,-1,-1,-1
492,65,948.42,436.83,83.09,241.84,0.6237,-1,-1,-1
492,71,647.54,432.81,123.00,268.34,0.7641,-1,-1,-1
492,85,1619.11,410.22,143.90,437.68,0.7096,-1,-1,-1
492,99,315.12,483.06,97.54,199.95,0.5228,-1,-1,-1
492,103,1376.02,412.23,104.59,470.16,0.5253,-1,-1,-1
492,106,564.66,440.56,35.08,89.74,0.3620,-1,-1,-1
492,107,416.34,475.55,47.43,94.71,0.4004,-1,-1,-1
493,3,1361.51,389.31,271.46,671.20,0.4741,-1,-1,-1
493,47,1207.86,417.67,193.61,592.53,0.8292,-1,-1,-1
493,49,726.99,444.23,43.16,129.94,0.3709,-1,-1,-1
493,64,815.79,446.25,127.32,277.92,0.6876,-1,-1,-1
493,65,954.72,440.21,80.11,239.59,0.7060,-1,-1,-1
493,71,651.20,442.08,119.20,260.34,0.7730,-1,-1,-1
493,85,1627.60,410.41,138.83,433.51,0.6395,-1,-1,-1
493,99,309.28,487.57,95.52,192.09,0.4884,-1,-1,-1
493,103,1378.24,410.10,111.87,493.56,0.5386,-1,-1,-1
493,106,563.59,438.99,36.06,92.44,0.3300,-1,-1,-1
493,107,416.20,475.27,47.78,95.12,0.3276,-1,-1,-1
494,3,1385.45,388.17,272.18,661.51,0.4988,-1,-1,-1
494,47,1209.46,421.40,199.21,588.89,0.8280,-1,-1,-1
494,64,814.35,445.70,133.13,279.91,0.7109,-1,-1,-1
494,65,956.00,441.72,79.97,238.71,0.6561,-1,-1,-1
494,71,653.87,442.30,118.84,259.77,0.7826,-1,-1,-1
494,85,1636.62,410.52,130.25,399.90,0.6716,-1,-1,-1
494,99,303.33,477.82,100.75,201.54,0.3780,-1,-1,-1
494,103,1379.83,407.63,120.41,527.97,0.6169,-1,-1,-1
494,106,564.00,439.56,35.92,92.40,0.3095,-1,-1,-1
495,3,1383.17,383.83,275.11,664.72,0.4456,-1,-1,-1
495,47,1210.83,421.62,205.66,589.87,0.8143,-1,-1,-1
495,64,818.49,442.72,134.13,282.07,0.6824,-1,-1,-1
495,65,963.51,441.83,83.24,239.72,0.6628,-1,-1,-1
495,71,652.69,437.08,119.91,264.62,0.7627,-1,-1,-1
495,85,1642.16,405.79,153.23,453.60,0.6932,-1,-1,-1
495,99,291.66,472.87,107.36,217.28,0.3150,-1,-1,-1
495,103,1377.50,406.70,126.44,554.75,0.5717,-1,-1,-1
495,106,564.14,441.05,35.88,92.38,0.3225,-1,-1,-1
496,3,1386.72,375.23,284.12,691.74,0.5690,-1,-1,-1
496,47,1210.71,419.92,213.25,591.92,0.8325,-1,-1,-1
496,64,820.60,440.77,134.97,285.99,0.7016,-1,-1,-1
496,65,965.64,442.99,91.37,239.13,0.7291,-1,-1,-1
496,71,655.01,437.60,117.86,264.21,0.7865,-1,-1,-1
496,85,1656.02,403.98,144.84,412.81,0.4881,-1,-1,-1
496,99,283.07,460.62,108.79,226.46,0.3579,-1,-1,-1
496,103,1382.52,412.60,129.11,563.58,0.6477,-1,-1,-1
496,106,565.96,441.68,35.25,91.72,0.3872,-1,-1,-1
497,3,1398.51,377.92,287.79,695.60,0.6532,-1,-1,-1
497,47,1211.02,420.42,218.58,590.39,0.8528,-1,-1,-1
497,64,826.73,442.71,131.18,285.77,0.7342,-1,-1,-1
497,65,969.23,442.04,98.79,240.16,0.7283,-1,-1,-1
497,71,659.91,433.60,115.02,268.58,0.7760,-1,-1,-1
497,85,1642.96,406.21,159.35,470.83,0.8000,-1,-1,-1
497,99,260.19,469.08,109.49,223.78,0.4463,-1,-1,-1
497,103,1398.57,418.33,114.57,469.65,0.6544,-1,-1,-1
497,106,566.45,442.18,34.71,91.02,0.3683,-1,-1,-1
498,3,1409.53,377.32,283.88,693.92,0.6500,-1,-1,-1
498,47,1213.98,417.16,220.59,594.08,0.8473,-1,-1,-1
498,64,834.48,443.98,126.06,282.67,0.6808,-1,-1,-1
498,65,972.33,439.68,104.73,242.56,0.7380,-1,-1,-1
498,71,665.20,432.04,109.94,270.18,0.7722,-1,-1,-1
498,85,1651.71,410.34,158.46,466.36,0.7419,-1,-1,-1
498,99,257.72,477.03,109.72,222.92,0.4575,-1,-1,-1
498,103,1394.89,412.66,130.41,525.40,0.6514,-1,-1,-1
498,106,566.43,441.47,34.94,92.10,0.3906,-1,-1,-1
499,3,1419.93,378.89,279.55,692.95,0.6668,-1,-1,-1
499,47,1219.15,414.55,217.14,597.67,0.8361,-1,-1,-1
499,64,845.52,443.01,119.75,285.29,0.6998,-1,-1,-1
499,65,975.16,440.59,109.12,242.57,0.6975,-1,-1,-1
499,71,669.87,436.50,104.08,264.24,0.7668,-1,-1,-1
499,85,1662.31,406.22,187.12,470.09,0.8519,-1,-1,-1
499,99,245.34,482.90,108.32,218.17,0.5501,-1,-1,-1
499,103,1396.55,405.94,136.69,536.53,0.6556,-1,-1,-1
499,106,566.38,442.20,34.42,91.53,0.3970,-1,-1,-1
500,3,1440.74,378.65,275.66,692.19,0.5812,-1,-1,-1
500,47,1227.10,417.01,213.06,595.74,0.7887,-1,-1,-1
500,64,848.92,438.67,116.49,287.58,0.6592,-1,-1,-1
500,65,973.84,443.72,110.87,239.48,0.6806,-1,-1,-1
500,71,672.40,433.42,102.46,267.36,0.7471,-1,-1,-1
500,85,1667.92,412.80,200.03,472.94,0.8425,-1,-1,-1
500,99,234.54,481.64,107.69,222.76,0.6089,-1,-1,-1
500,103,1393.89,409.58,145.39,549.51,0.6763,-1,-1,-1
500,106,567.50,442.62,33.94,90.96,0.3358,-1,-1,-1
501,3,1482.14,374.67,230.21,582.25,0.6101,-1,-1,-1
501,47,1238.12,414.36,208.57,599.18,0.7918,-1,-1,-1
501,64,853.42,437.55,112.86,287.93,0.6992,-1,-1,-1
501,65,972.64,454.28,109.88,228.58,0.7068,-1,-1,-1
501,71,678.37,433.72,99.27,266.03,0.6852,-1,-1,-1
501,85,1680.46,417.71,211.05,469.74,0.8533,-1,-1,-1
501,99,226.06,481.06,107.57,221.45,0.6273,-1,-1,-1
501,103,1397.10,413.08,146.00,542.37,0.6842,-1,-1,-1
501,106,569.60,445.24,32.60,88.56,0.3178,-1,-1,-1
502,3,1482.58,377.08,257.49,677.36,0.6182,-1,-1,-1
502,47,1251.85,415.20,202.78,599.82,0.7968,-1,-1,-1
502,64,857.86,440.23,110.63,286.03,0.6557,-1,-1,-1
502,65,973.00,450.96,112.46,231.84,0.7335,-1,-1,-1
502,71,687.06,436.13,94.11,262.50,0.6774,-1,-1,-1
502,85,1686.46,415.15,213.43,473.92,0.8443,-1,-1,-1
502,99,221.10,484.02,108.18,217.74,0.6017,-1,-1,-1
502,103,1391.87,405.91,155.04,558.13,0.7131,-1,-1,-1
502,106,571.12,449.57,30.57,83.63,0.3033,-1,-1,-1
503,3,1494.36,373.99,246.11,691.59,0.7258,-1,-1,-1
503,47,1272.75,410.20,194.40,607.57,0.7671,-1,-1,-1
503,64,865.32,440.41,109.37,285.32,0.6732,-1,-1,-1
503,65,978.27,446.63,112.13,236.14,0.7195,-1,-1,-1
503,71,687.80,434.44,93.61,265.64,0.6960,-1,-1,-1
503,85,1691.80,412.11,214.89,482.90,0.8553,-1,-1,-1
503,99,206.44,480.98,116.54,232.77,0.5348,-1,-1,-1
503,103,1390.06,411.03,158.23,555.30,0.6208,-1,-1,-1
503,106,570.69,447.39,31.31,86.80,0.3504,-1,-1,-1
503,109,-2.20,917.09,113.41,162.82,0.4087,-1,-1,-1
504,3,1506.73,372.84,238.99,694.57,0.7005,-1,-1,-1
504,47,1287.68,412.52,182.39,607.34,0.8042,-1,-1,-1
504,64,872.35,440.61,108.86,284.35,0.5696,-1,-1,-1
504,65,984.56,447.55,107.80,235.25,0.6596,-1,-1,-1
504,71,690.59,435.59,92.15,265.14,0.6867,-1,-1,-1
504,85,1697.48,410.15,219.29,496.74,0.8657,-1,-1,-1
504,99,190.58,481.79,118.46,236.34,0.6457,-1,-1,-1
504,103,1394.23,411.04,161.42,554.93,0.6971,-1,-1,-1
504,106,570.48,446.90,31.25,87.90,0.4045,-1,-1,-1
504,109,-4.94,932.00,101.34,146.44,0.3491,-1,-1,-1
505,3,1517.26,373.60,234.18,700.78,0.7682,-1,-1,-1
505,47,1297.50,410.39,175.95,615.75,0.8282,-1,-1,-1
505,61,864.94,427.32,67.01,279.48,0.4613,-1,-1,-1
505,64,886.97,443.65,109.53,279.97,0.5831,-1,-1,-1
505,65,994.11,455.84,99.49,227.38,0.6442,-1,-1,-1
505,71,692.58,437.34,92.01,264.19,0.7825,-1,-1,-1
505,85,1707.28,406.96,212.86,502.60,0.8850,-1,-1,-1
505,99,179.11,482.27,116.77,235.64,0.6028,-1,-1,-1
505,103,1405.32,425.14,158.60,543.29,0.6621,-1,-1,-1
505,106,570.85,449.06,30.25,85.66,0.4049,-1,-1,-1
506,3,1521.67,372.37,229.43,701.72,0.7571,-1,-1,-1
506,47,1303.68,411.97,174.22,626.80,0.7937,-1,-1,-1
506,61,868.72,414.53,69.50,288.36,0.5857,-1,-1,-1
506,64,901.26,451.41,109.88,270.91,0.6529,-1,-1,-1
506,65,1004.22,460.83,92.58,221.62,0.6264,-1,-1,-1
506,71,698.69,434.85,92.52,267.27,0.7433,-1,-1,-1
506,85,1716.25,401.54,205.83,508.08,0.8853,-1,-1,-1
506,99,166.02,484.39,115.04,232.73,0.6548,-1,-1,-1
506,103,1432.54,423.84,144.79,528.02,0.7062,-1,-1,-1
506,106,571.00,448.09,30.22,85.92,0.4106,-1,-1,-1
507,3,1526.70,375.92,227.24,699.90,0.7413,-1,-1,-1
507,47,1309.33,412.78,170.95,635.30,0.8118,-1,-1,-1
507,61,869.10,413.60,69.54,289.21,0.6050,-1,-1,-1
507,64,904.26,451.29,113.11,270.14,0.6701,-1,-1,-1
507,65,1010.48,450.84,93.94,230.57,0.5338,-1,-1,-1
507,71,704.02,435.44,94.02,266.09,0.7236,-1,-1,-1
507,85,1730.56,398.80,194.05,513.14,0.8764,-1,-1,-1
507,99,149.41,481.64,119.83,244.90,0.6778,-1,-1,-1
507,103,1438.31,417.18,141.66,543.92,0.6955,-1,-1,-1
507,106,571.26,446.93,30.42,87.24,0.3941,-1,-1,-1
508,3,1529.23,374.17,228.51,697.50,0.7468,-1,-1,-1
508,47,1322.40,416.38,177.46,639.08,0.7756,-1,-1,-1
508,61,869.28,412.74,69.05,285.88,0.6063,-1,-1,-1
508,64,907.58,452.59,121.41,269.06,0.7100,-1,-1,-1
508,65,1017.68,448.81,90.50,231.10,0.5329,-1,-1,-1
508,71,714.01,435.86,92.65,263.82,0.6847,-1,-1,-1
508,85,1738.67,397.45,185.16,513.18,0.8458,-1,-1,-1
508,99,138.39,483.49,120.49,244.76,0.6708,-1,-1,-1
508,103,1447.55,411.45,134.76,536.07,0.6743,-1,-1,-1
508,106,570.23,446.63,30.69,88.59,0.4386,-1,-1,-1
509,3,1529.07,374.25,226.96,692.49,0.7009,-1,-1,-1
509,47,1331.41,413.15,194.14,645.24,0.8279,-1,-1,-1
509,61,872.50,422.07,66.65,278.14,0.5880,-1,-1,-1
509,64,904.89,447.12,130.57,277.11,0.7371,-1,-1,-1
509,65,1024.87,463.60,81.89,215.15,0.4928,-1,-1,-1
509,71,717.67,438.91,93.57,261.29,0.6718,-1,-1,-1
509,85,1745.70,396.05,179.12,511.80,0.7910,-1,-1,-1
509,99,126.81,477.60,120.60,244.84,0.6710,-1,-1,-1
509,103,1453.30,405.64,138.50,564.98,0.5879,-1,-1,-1
509,106,570.12,446.19,30.89,89.37,0.4298,-1,-1,-1
510,3,1551.81,376.75,232.03,698.19,0.6134,-1,-1,-1
510,47,1332.04,413.26,210.07,643.80,0.8407,-1,-1,-1
510,61,874.15,412.55,68.09,285.46,0.5884,-1,-1,-1
510,64,901.70,445.50,134.55,280.02,0.7510,-1,-1,-1
510,65,1032.41,466.63,78.27,208.43,0.4966,-1,-1,-1
510,71,720.33,435.56,101.03,264.56,0.7043,-1,-1,-1
510,85,1763.70,392.93,162.36,496.58,0.8243,-1,-1,-1
510,99,109.13,476.58,123.63,247.80,0.6633,-1,-1,-1
510,103,1461.92,404.53,135.01,574.76,0.7085,-1,-1,-1
510,106,569.67,445.40,30.66,88.91,0.4345,-1,-1,-1
511,3,1554.80,369.45,247.73,705.87,0.7176,-1,-1,-1
511,47,1329.92,415.38,224.33,644.04,0.8386,-1,-1,-1
511,61,875.85,423.20,65.76,272.55,0.4940,-1,-1,-1
511,64,904.52,446.24,141.85,279.49,0.7626,-1,-1,-1
511,65,1034.61,460.43,80.40,214.65,0.5460,-1,-1,-1
511,71,719.78,439.08,105.08,260.73,0.7250,-1,-1,-1
511,85,1773.17,394.51,152.87,492.84,0.8075,-1,-1,-1
511,99,98.19,476.93,126.01,251.91,0.5584,-1,-1,-1
511,103,1470.95,405.57,127.85,553.72,0.6678,-1,-1,-1
511,105,1100.15,438.05,58.81,149.50,0.3006,-1,-1,-1
511,106,569.81,446.08,30.25,87.83,0.4676,-1,-1,-1
512,3,1544.38,374.53,241.17,691.40,0.5767,-1,-1,-1
512,47,1325.13,419.24,233.63,642.66,0.8451,-1,-1,-1
512,61,876.57,413.08,69.74,282.74,0.5612,-1,-1,-1
512,64,902.29,443.42,146.88,282.43,0.7578,-1,-1,-1
512,65,1039.48,453.79,84.80,223.71,0.6049,-1,-1,-1
512,71,720.28,436.69,108.12,262.24,0.7390,-1,-1,-1
512,85,1779.37,394.35,146.31,497.21,0.8067,-1,-1,-1
512,103,1474.03,408.92,123.21,534.49,0.6393,-1,-1,-1
512,105,1097.01,433.85,62.44,155.38,0.4029,-1,-1,-1
512,106,570.19,447.02,29.86,86.91,0.4568,-1,-1,-1
513,3,1559.03,372.66,214.13,603.18,0.4819,-1,-1,-1
513,47,1323.51,418.89,242.19,647.27,0.8471,-1,-1,-1
513,61,877.93,412.50,71.36,284.53,0.5143,-1,-1,-1
513,64,901.95,443.76,149.51,282.05,0.7505,-1,-1,-1
513,65,1043.03,444.71,89.54,232.96,0.6050,-1,-1,-1
513,71,721.99,436.11,111.91,263.47,0.7424,-1,-1,-1
513,85,1793.40,390.03,137.04,511.67,0.7982,-1,-1,-1
513,99,68.73,476.45,132.51,257.74,0.6036,-1,-1,-1
513,103,1476.49,414.00,126.09,553.52,0.6536,-1,-1,-1
513,105,1098.50,443.67,58.56,147.82,0.3365,-1,-1,-1
513,106,570.14,446.10,30.09,87.91,0.4768,-1,-1,-1
514,3,1563.89,371.61,210.46,583.15,0.5672,-1,-1,-1
514,47,1322.44,418.64,246.46,647.65,0.8435,-1,-1,-1
514,49,693.38,453.84,41.45,120.44,0.3466,-1,-1,-1
514,61,879.93,412.92,72.52,284.90,0.5091,-1,-1,-1
514,64,902.86,444.52,150.28,280.29,0.7014,-1,-1,-1
514,65,1046.66,444.67,93.02,232.44,0.6223,-1,-1,-1
514,71,723.13,440.12,110.73,257.37,0.7477,-1,-1,-1
514,85,1800.33,390.79,127.26,513.13,0.8036,-1,-1,-1
514,99,52.95,476.33,136.29,258.45,0.6568,-1,-1,-1
514,103,1483.77,416.87,121.83,534.37,0.5940,-1,-1,-1
514,105,1099.54,444.37,57.63,146.39,0.3044,-1,-1,-1
514,106,569.86,445.92,29.97,87.45,0.5265,-1,-1,-1
515,3,1564.32,372.27,245.99,680.62,0.5283,-1,-1,-1
515,47,1322.99,417.63,249.51,649.60,0.8440,-1,-1,-1
515,49,692.30,451.63,41.16,124.70,0.4616,-1,-1,-1
515,61,877.49,419.87,71.75,278.19,0.5766,-1,-1,-1
515,64,903.89,443.15,152.38,280.81,0.7431,-1,-1,-1
515,65,1049.86,450.85,95.42,226.64,0.6780,-1,-1,-1
515,71,725.94,439.17,110.73,256.79,0.7253,-1,-1,-1
515,85,1810.58,388.77,118.09,518.61,0.7929,-1,-1,-1
515,99,40.08,477.54,139.95,259.49,0.6998,-1,-1,-1
515,103,1491.90,415.57,120.45,520.65,0.5201,-1,-1,-1
515,106,569.67,446.14,30.21,87.73,0.4837,-1,-1,-1
516,3,1573.40,375.04,255.94,684.28,0.6064,-1,-1,-1
516,47,1323.81,423.01,251.98,646.51,0.8307,-1,-1,-1
516,49,691.13,449.84,40.62,126.49,0.4896,-1,-1,-1
516,61,879.82,418.35,74.60,283.09,0.5690,-1,-1,-1
516,64,905.69,437.65,153.09,283.51,0.7598,-1,-1,-1
516,65,1050.36,450.37,95.40,225.19,0.5775,-1,-1,-1
516,71,729.84,435.01,110.53,260.34,0.7483,-1,-1,-1
516,85,1814.40,387.71,113.01,527.43,0.7578,-1,-1,-1
516,99,24.55,478.77,143.11,259.72,0.7054,-1,-1,-1
516,103,1499.70,414.97,120.35,513.80,0.4165,-1,-1,-1
516,106,569.22,445.56,31.04,89.67,0.5029,-1,-1,-1
517,3,1580.78,377.86,260.71,690.73,0.4329,-1,-1,-1
517,47,1324.84,424.59,255.38,644.88,0.8205,-1,-1,-1
517,49,685.99,446.22,42.42,129.91,0.4908,-1,-1,-1
517,61,883.05,424.21,76.24,280.32,0.5797,-1,-1,-1
517,64,907.94,437.35,151.05,284.78,0.7689,-1,-1,-1
517,65,1051.25,450.17,96.80,226.17,0.5534,-1,-1,-1
517,71,734.26,439.88,107.37,254.57,0.7290,-1,-1,-1
517,85,1824.65,392.42,104.18,512.65,0.6981,-1,-1,-1
517,99,20.21,493.13,137.44,244.97,0.5800,-1,-1,-1
517,103,1506.75,410.28,120.46,507.02,0.3990,-1,-1,-1
517,105,1102.63,441.33,58.33,151.33,0.3435,-1,-1,-1
517,106,568.14,444.42,31.74,91.49,0.4722,-1,-1,-1
518,3,1582.91,378.27,263.26,692.26,0.4235,-1,-1,-1
518,47,1328.55,417.63,259.65,650.33,0.8205,-1,-1,-1
518,49,683.35,448.36,41.86,125.39,0.4472,-1,-1,-1
518,61,879.77,416.77,78.68,287.94,0.6177,-1,-1,-1
518,64,911.06,434.88,149.07,288.05,0.7866,-1,-1,-1
518,65,1052.75,459.86,95.52,217.65,0.5708,-1,-1,-1
518,71,737.73,431.55,106.20,261.71,0.7799,-1,-1,-1
518,85,1831.76,394.76,98.28,511.54,0.6629,-1,-1,-1
518,99,5.11,480.87,146.51,258.60,0.6834,-1,-1,-1
518,103,1503.22,411.22,143.63,613.97,0.3616,-1,-1,-1
518,106,569.69,446.52,30.71,88.53,0.4537,-1,-1,-1
519,3,1591.64,381.35,278.66,689.01,0.6568,-1,-1,-1
519,47,1330.37,420.61,259.29,646.78,0.7951,-1,-1,-1
519,49,679.93,447.91,42.94,125.78,0.5497,-1,-1,-1
519,61,881.58,431.51,74.76,268.99,0.5925,-1,-1,-1
519,64,915.56,440.80,143.90,279.31,0.6556,-1,-1,-1
519,65,1050.81,449.98,100.22,227.86,0.5336,-1,-1,-1
519,71,741.89,432.20,103.67,260.40,0.7721,-1,-1,-1
519,85,1840.58,394.17,90.98,491.82,0.5247,-1,-1,-1
519,99,1.56,489.84,142.74,249.93,0.6142,-1,-1,-1
519,103,1506.38,413.00,145.50,641.16,0.4692,-1,-1,-1
519,106,570.64,449.75,29.77,85.74,0.4616,-1,-1,-1
520,3,1571.13,380.35,273.74,691.33,0.5518,-1,-1,-1
520,47,1332.52,417.83,258.20,649.76,0.7827,-1,-1,-1
520,49,680.69,448.44,42.76,124.24,0.5479,-1,-1,-1
520,61,883.05,435.16,74.74,263.89,0.6392,-1,-1,-1
520,64,927.22,446.03,139.37,273.84,0.6576,-1,-1,-1
520,65,1051.43,455.47,98.49,221.89,0.5671,-1,-1,-1
520,71,746.40,430.19,100.74,260.52,0.7279,-1,-1,-1
520,85,1852.18,396.47,82.75,478.50,0.5434,-1,-1,-1
520,99,-1.57,480.88,150.17,262.98,0.5351,-1,-1,-1
520,103,1524.47,418.44,125.72,542.20,0.4470,-1,-1,-1
520,106,570.77,449.56,29.94,86.35,0.4256,-1,-1,-1
521,3,1597.97,381.04,286.71,684.29,0.6124,-1,-1,-1
521,47,1336.10,414.69,252.67,651.95,0.8273,-1,-1,-1
521,49,680.06,450.84,42.15,122.53,0.5131,-1,-1,-1
521,61,883.34,432.14,77.19,268.16,0.6335,-1,-1,-1
521,64,933.36,445.20,137.46,274.65,0.6325,-1,-1,-1
521,65,1049.25,439.47,103.73,238.33,0.6208,-1,-1,-1
521,71,752.93,431.17,96.28,259.41,0.7424,-1,-1,-1
521,85,1856.24,391.00,76.23,453.67,0.3687,-1,-1,-1
521,99,-10.70,480.13,149.62,268.69,0.4948,-1,-1,-1
521,103,1532.83,419.72,124.96,523.07,0.4988,-1,-1,-1
521,106,571.67,453.03,28.52,81.77,0.4259,-1,-1,-1
522,3,1631.10,377.44,257.27,576.25,0.6272,-1,-1,-1
522,47,1343.99,412.03,251.74,653.99,0.8022,-1,-1,-1
522,49,678.12,448.92,43.19,124.57,0.5587,-1,-1,-1
522,61,882.53,431.30,79.99,270.19,0.6422,-1,-1,-1
522,64,943.07,441.12,134.03,278.32,0.6701,-1,-1,-1
522,65,1051.90,443.07,101.07,234.79,0.6234,-1,-1,-1
522,71,761.55,433.46,89.99,254.68,0.7153,-1,-1,-1
522,99,-18.46,477.34,142.96,269.09,0.4966,-1,-1,-1
522,103,1537.92,416.46,131.57,536.21,0.4881,-1,-1,-1
522,106,572.56,454.51,28.06,80.12,0.3794,-1,-1,-1
523,3,1595.38,379.33,311.10,680.20,0.6031,-1,-1,-1
523,47,1350.07,412.12,250.56,655.01,0.7309,-1,-1,-1
523,49,675.96,448.34,44.32,126.13,0.5927,-1,-1,-1
523,61,883.33,419.19,86.17,284.26,0.6479,-1,-1,-1
523,64,945.02,442.31,128.86,278.91,0.6811,-1,-1,-1
523,65,1055.47,456.69,96.30,221.22,0.6440,-1,-1,-1
523,71,763.18,433.22,90.21,256.71,0.7168,-1,-1,-1
523,99,-13.68,507.04,129.33,247.65,0.3591,-1,-1,-1
523,103,1546.29,412.15,138.31,545.00,0.5178,-1,-1,-1
523,106,572.73,454.02,28.50,81.09,0.4010,-1,-1,-1
524,3,1590.16,373.73,326.15,694.57,0.7973,-1,-1,-1
524,47,1359.69,411.30,246.45,654.91,0.7126,-1,-1,-1
524,49,675.04,448.84,44.44,124.53,0.6099,-1,-1,-1
524,61,882.95,417.95,89.11,285.02,0.6635,-1,-1,-1
524,64,956.59,443.37,122.18,276.14,0.6237,-1,-1,-1
524,65,1058.78,457.38,95.56,219.99,0.6078,-1,-1,-1
524,71,766.50,430.82,90.80,259.54,0.7391,-1,-1,-1
524,103,1550.58,411.76,143.52,560.34,0.4785,-1,-1,-1
524,106,573.56,453.79,29.08,82.41,0.4091,-1,-1,-1
525,3,1592.73,369.26,329.22,703.00,0.6822,-1,-1,-1
525,47,1374.75,411.42,239.14,656.67,0.7219,-1,-1,-1
525,49,674.79,452.26,43.25,120.44,0.6313,-1,-1,-1
525,61,887.44,411.14,92.14,294.03,0.6531,-1,-1,-1
525,64,962.19,444.41,115.41,275.44,0.6575,-1,-1,-1
525,65,1061.74,460.90,95.48,217.52,0.6283,-1,-1,-1
525,71,766.51,430.18,91.97,260.01,0.7484,-1,-1,-1
525,103,1546.87,408.51,153.08,588.51,0.5920,-1,-1,-1
525,106,573.90,451.94,29.28,82.69,0.4429,-1,-1,-1
526,3,1595.64,360.38,326.69,710.90,0.8162,-1,-1,-1
526,47,1393.49,410.65,229.45,652.69,0.6749,-1,-1,-1
526,49,672.42,451.26,44.37,120.82,0.5834,-1,-1,-1
526,61,894.02,411.29,90.59,295.33,0.6753,-1,-1,-1
526,64,973.52,445.24,106.60,277.78,0.6581,-1,-1,-1
526,65,1065.67,462.63,95.14,214.32,0.6342,-1,-1,-1
526,71,768.89,436.05,92.24,253.43,0.7174,-1,-1,-1
526,103,1550.57,409.04,155.53,589.49,0.5765,-1,-1,-1
526,106,574.01,451.29,29.49,82.71,0.4097,-1,-1,-1
526,114,714.75,450.30,34.28,89.06,0.4110,-1,-1,-1
527,3,1597.86,367.51,323.09,704.33,0.6965,-1,-1,-1
527,47,1415.24,414.35,217.27,653.22,0.7507,-1,-1,-1
527,49,670.89,455.07,44.21,116.96,0.5882,-1,-1,-1
527,61,897.07,407.62,89.09,298.42,0.7362,-1,-1,-1
527,64,985.04,449.27,96.75,273.69,0.7052,-1,-1,-1
527,65,1070.41,459.16,96.47,216.24,0.6215,-1,-1,-1
527,71,775.94,436.48,96.49,253.10,0.6895,-1,-1,-1
527,103,1563.10,409.08,155.05,589.67,0.6799,-1,-1,-1
527,106,573.79,451.03,29.49,82.54,0.4247,-1,-1,-1
527,114,714.54,449.88,34.35,89.28,0.4911,-1,-1,-1
528,3,1604.17,391.14,314.59,680.82,0.7342,-1,-1,-1
528,47,1424.77,411.99,208.34,653.28,0.6916,-1,-1,-1
528,49,670.52,456.47,44.19,114.32,0.6127,-1,-1,-1
528,61,901.70,412.51,85.07,293.90,0.7279,-1,-1,-1
528,64,990.87,445.22,95.11,279.89,0.7121,-1,-1,-1
528,65,1072.70,452.38,96.00,222.48,0.6411,-1,-1,-1
528,71,787.47,437.54,94.95,249.95,0.5981,-1,-1,-1
528,103,1573.20,410.89,158.61,589.10,0.7151,-1,-1,-1
528,106,573.88,450.53,30.22,84.03,0.4263,-1,-1,-1
528,114,714.66,451.34,33.88,87.52,0.4950,-1,-1,-1
528,116,1.34,547.37,53.36,110.98,0.3471,-1,-1,-1
529,3,1670.51,385.41,261.32,576.31,0.5806,-1,-1,-1
529,47,1436.26,413.07,198.32,654.84,0.7813,-1,-1,-1
529,49,668.78,453.62,47.29,117.67,0.5692,-1,-1,-1
529,61,909.84,405.95,82.14,300.13,0.7331,-1,-1,-1
529,64,998.81,442.29,95.25,279.54,0.7067,-1,-1,-1
529,65,1077.02,450.42,92.69,223.31,0.5326,-1,-1,-1
529,71,791.94,435.83,103.24,252.52,0.6294,-1,-1,-1
529,103,1579.88,412.71,161.19,590.87,0.7308,-1,-1,-1
529,106,573.71,450.00,30.66,84.76,0.4569,-1,-1,-1
529,114,710.04,450.72,33.33,88.24,0.4923,-1,-1,-1
529,116,-4.91,545.70,52.88,111.53,0.3693,-1,-1,-1
530,3,1683.62,367.26,254.35,578.40,0.5903,-1,-1,-1
530,47,1443.42,414.61,191.86,654.15,0.7930,-1,-1,-1
530,49,665.84,454.74,47.69,115.86,0.5688,-1,-1,-1
530,61,913.97,404.09,78.90,302.19,0.7550,-1,-1,-1
530,64,1003.27,439.38,96.32,279.28,0.7164,-1,-1,-1
530,65,1083.06,447.84,89.41,226.73,0.5649,-1,-1,-1
530,71,794.92,434.75,105.69,252.34,0.6852,-1,-1,-1
530,103,1580.21,412.12,163.21,595.97,0.6780,-1,-1,-1
530,106,573.34,448.91,31.34,86.62,0.4600,-1,-1,-1
530,114,709.53,450.08,32.99,88.45,0.4386,-1,-1,-1
531,3,1687.43,364.76,248.06,574.16,0.5021,-1,-1,-1
531,47,1449.80,413.31,192.79,653.31,0.8098,-1,-1,-1
531,49,664.25,454.47,47.27,113.99,0.5485,-1,-1,-1
531,61,917.12,402.79,77.17,304.10,0.7637,-1,-1,-1
531,64,1008.32,443.63,97.98,274.53,0.7753,-1,-1,-1
531,65,1085.99,451.25,85.63,225.44,0.5846,-1,-1,-1
531,71,787.84,434.08,110.32,253.48,0.7534,-1,-1,-1
531,103,1585.51,414.09,162.92,598.68,0.7199,-1,-1,-1
531,106,572.71,448.38,31.93,88.37,0.4674,-1,-1,-1
531,114,710.94,450.20,33.00,89.24,0.3999,-1,-1,-1
532,3,1636.67,366.32,290.58,703.38,0.7801,-1,-1,-1
532,47,1455.59,412.10,198.48,654.62,0.7968,-1,-1,-1
532,49,662.90,451.94,47.84,117.62,0.5465,-1,-1,-1
532,61,921.66,401.95,76.56,302.69,0.7301,-1,-1,-1
532,64,1010.36,443.95,103.53,274.92,0.8030,-1,-1,-1
532,65,1086.85,452.53,81.18,224.00,0.5167,-1,-1,-1
532,71,790.02,435.54,112.62,252.22,0.7539,-1,-1,-1
532,103,1588.72,409.37,168.15,616.48,0.7540,-1,-1,-1
532,106,571.78,448.02,32.32,89.26,0.4836,-1,-1,-1
532,114,712.80,450.73,32.81,89.54,0.4135,-1,-1,-1
533,3,1653.82,367.12,274.50,710.84,0.8252,-1,-1,-1
533,47,1457.67,411.19,205.82,654.75,0.8244,-1,-1,-1
533,49,661.21,452.01,46.65,118.31,0.5588,-1,-1,-1
533,61,923.32,404.21,77.98,300.70,0.7076,-1,-1,-1
533,64,1007.95,445.64,107.57,272.13,0.7601,-1,-1,-1
533,65,1091.39,445.85,81.05,232.79,0.5587,-1,-1,-1
533,71,793.56,435.61,112.38,251.84,0.7409,-1,-1,-1
533,103,1598.45,406.82,173.98,625.88,0.7712,-1,-1,-1
533,106,572.91,446.88,32.86,90.41,0.3922,-1,-1,-1
533,114,714.33,452.51,31.79,88.21,0.3789,-1,-1,-1
534,3,1700.87,369.59,236.25,633.25,0.6663,-1,-1,-1
534,47,1456.41,410.85,210.11,655.57,0.8335,-1,-1,-1
534,49,659.43,450.62,45.70,118.88,0.6098,-1,-1,-1
534,61,922.81,408.07,80.88,298.88,0.7235,-1,-1,-1
534,64,1014.12,450.32,112.68,269.04,0.7155,-1,-1,-1
534,65,1090.02,447.73,78.18,230.32,0.5673,-1,-1,-1
534,71,801.58,436.19,113.15,251.39,0.7641,-1,-1,-1
534,103,1604.15,412.46,178.29,613.59,0.7506,-1,-1,-1
534,106,575.68,447.39,33.14,90.14,0.4190,-1,-1,-1
534,114,714.05,452.38,31.35,88.52,0.4161,-1,-1,-1
535,3,1693.75,373.44,249.17,694.74,0.6249,-1,-1,-1
535,47,1455.27,412.49,211.39,654.32,0.8322,-1,-1,-1
535,49,658.72,449.62,45.03,119.93,0.6462,-1,-1,-1
535,61,925.42,428.58,82.43,278.63,0.7378,-1,-1,-1
535,64,1012.87,443.33,121.26,279.70,0.6861,-1,-1,-1
535,65,1097.30,444.41,78.31,232.01,0.4566,-1,-1,-1
535,71,800.33,438.60,115.30,248.78,0.7656,-1,-1,-1
535,103,1607.85,409.17,178.80,612.32,0.7676,-1,-1,-1
535,106,575.74,445.44,34.10,92.00,0.4702,-1,-1,-1
535,114,713.69,451.70,31.04,88.87,0.4227,-1,-1,-1
536,3,1724.74,367.85,215.25,706.92,0.8056,-1,-1,-1
536,47,1457.02,413.67,214.26,653.80,0.8186,-1,-1,-1
536,49,658.01,449.60,44.14,118.99,0.5695,-1,-1,-1
536,61,920.13,428.93,89.26,278.27,0.7407,-1,-1,-1
536,64,1012.61,449.77,124.29,271.14,0.7138,-1,-1,-1
536,65,1100.83,445.27,76.42,228.60,0.3848,-1,-1,-1
536,71,801.34,436.53,115.90,249.51,0.7335,-1,-1,-1
536,103,1609.04,408.13,181.15,620.49,0.7377,-1,-1,-1
536,106,576.74,451.20,32.64,87.37,0.3894,-1,-1,-1
536,114,712.72,449.75,31.32,90.74,0.4320,-1,-1,-1
537,3,1744.89,370.47,190.64,705.54,0.8078,-1,-1,-1
537,47,1462.79,414.78,220.10,651.41,0.7854,-1,-1,-1
537,49,657.79,449.78,43.73,119.17,0.6080,-1,-1,-1
537,61,921.53,435.88,91.15,269.29,0.7106,-1,-1,-1
537,64,1012.80,454.74,126.85,266.23,0.6610,-1,-1,-1
537,65,1106.11,456.33,71.58,217.77,0.4645,-1,-1,-1
537,71,803.21,436.24,115.88,250.44,0.7348,-1,-1,-1
537,103,1614.46,407.14,183.51,627.37,0.5622,-1,-1,-1
537,106,579.18,456.94,30.61,81.58,0.3423,-1,-1,-1
537,114,711.39,449.34,31.39,91.30,0.4630,-1,-1,-1
538,3,1756.25,370.71,174.39,706.22,0.8156,-1,-1,-1
538,47,1461.02,413.59,224.60,653.23,0.7970,-1,-1,-1
538,49,656.91,451.24,43.23,118.31,0.5810,-1,-1,-1
538,61,920.35,425.26,98.42,282.75,0.7378,-1,-1,-1
538,64,1011.97,449.96,131.11,271.31,0.7037,-1,-1,-1
538,65,1103.32,450.00,73.43,226.75,0.4766,-1,-1,-1
538,71,804.33,434.67,116.98,251.66,0.7536,-1,-1,-1
538,103,1621.86,409.18,184.17,621.59,0.6291,-1,-1,-1
538,106,580.25,458.24,30.39,80.43,0.3853,-1,-1,-1
538,114,711.48,448.91,31.52,91.00,0.4798,-1,-1,-1
539,3,1767.71,383.11,161.43,694.61,0.7907,-1,-1,-1
539,47,1462.60,412.96,228.59,654.28,0.7980,-1,-1,-1
539,49,655.93,452.07,42.74,117.59,0.5734,-1,-1,-1
539,61,921.50,423.16,100.25,284.96,0.7460,-1,-1,-1
539,64,1010.09,440.24,135.66,281.09,0.7102,-1,-1,-1
539,65,1109.13,446.30,73.29,230.78,0.4291,-1,-1,-1
539,71,806.79,433.94,117.38,254.46,0.7495,-1,-1,-1
539,103,1628.43,408.77,186.93,614.28,0.6961,-1,-1,-1
539,106,580.46,458.57,30.39,79.82,0.3891,-1,-1,-1
539,114,712.18,449.38,31.10,91.23,0.4762,-1,-1,-1
540,3,1777.32,415.86,147.59,659.04,0.7930,-1,-1,-1
540,47,1465.34,414.49,230.10,653.95,0.7923,-1,-1,-1
540,49,653.54,453.38,41.04,115.98,0.6163,-1,-1,-1
540,61,922.43,424.15,103.09,284.20,0.7698,-1,-1,-1
540,64,1010.63,439.02,136.25,283.21,0.6798,-1,-1,-1
540,65,1108.32,447.74,72.22,230.24,0.3886,-1,-1,-1
540,71,811.60,433.32,114.80,252.90,0.7279,-1,-1,-1
540,103,1635.22,408.48,186.94,608.65,0.7275,-1,-1,-1
540,106,579.20,458.39,31.08,80.09,0.4299,-1,-1,-1
540,114,711.07,449.04,30.52,91.82,0.4969,-1,-1,-1
541,3,1780.01,387.61,147.51,690.87,0.7728,-1,-1,-1
541,47,1470.63,411.75,235.63,660.22,0.7713,-1,-1,-1
541,49,653.50,453.97,40.40,116.13,0.5564,-1,-1,-1
541,61,927.65,419.08,110.06,289.17,0.7208,-1,-1,-1
541,64,1016.77,436.37,134.15,286.47,0.6585,-1,-1,-1
541,65,1111.75,447.76,70.47,230.14,0.4595,-1,-1,-1
541,71,813.82,432.23,114.37,254.58,0.7385,-1,-1,-1
541,103,1640.97,406.65,189.02,613.27,0.7708,-1,-1,-1
541,106,578.56,458.56,31.50,80.21,0.3895,-1,-1,-1
541,114,711.26,449.40,30.33,93.46,0.5286,-1,-1,-1
542,3,1788.12,385.13,141.13,693.88,0.7392,-1,-1,-1
542,47,1482.36,410.95,246.45,659.98,0.7628,-1,-1,-1
542,49,654.18,454.69,39.49,115.09,0.5637,-1,-1,-1
542,61,925.41,413.66,115.88,295.63,0.7281,-1,-1,-1
542,64,1021.99,433.11,130.29,288.87,0.6439,-1,-1,-1
542,65,1115.58,452.96,66.82,222.72,0.5022,-1,-1,-1
542,71,818.25,434.33,111.86,252.69,0.7248,-1,-1,-1
542,103,1644.76,405.47,190.41,615.88,0.6296,-1,-1,-1
542,106,579.13,459.18,31.75,79.79,0.4262,-1,-1,-1
542,114,711.40,449.47,30.60,96.03,0.5136,-1,-1,-1
543,3,1795.24,387.79,135.26,692.39,0.6776,-1,-1,-1
543,47,1486.11,410.95,247.09,657.59,0.6021,-1,-1,-1
543,49,655.06,455.65,39.14,114.72,0.5968,-1,-1,-1
543,61,924.06,424.37,113.64,282.34,0.7433,-1,-1,-1
543,64,1034.45,436.92,123.02,283.81,0.5750,-1,-1,-1
543,65,1117.60,449.11,66.51,226.00,0.3822,-1,-1,-1
543,71,822.19,432.34,110.07,253.71,0.6637,-1,-1,-1
543,103,1649.41,404.07,190.91,614.06,0.5379,-1,-1,-1
543,106,577.89,458.26,32.27,80.60,0.3943,-1,-1,-1
543,114,711.36,449.13,30.52,96.44,0.5185,-1,-1,-1
544,3,1817.27,383.64,108.96,576.24,0.6721,-1,-1,-1
544,47,1528.65,411.22,259.71,657.81,0.5409,-1,-1,-1
544,49,654.97,455.02,39.28,115.04,0.6255,-1,-1,-1
544,61,926.42,435.22,113.43,271.01,0.7076,-1,-1,-1
544,64,1041.22,436.70,117.96,282.99,0.5858,-1,-1,-1
544,65,1119.92,450.31,66.08,226.67,0.3416,-1,-1,-1
544,71,830.55,433.71,105.19,251.56,0.6829,-1,-1,-1
544,103,1653.18,406.39,186.35,594.84,0.4531,-1,-1,-1
544,106,577.76,456.43,32.87,81.75,0.4465,-1,-1,-1
544,114,711.68,448.61,30.18,95.92,0.5113,-1,-1,-1
545,3,1832.47,462.75,92.27,494.25,0.5115,-1,-1,-1
545,47,1531.77,410.23,264.43,655.97,0.5707,-1,-1,-1
545,49,656.12,452.54,40.31,116.19,0.5942,-1,-1,-1
545,61,929.17,432.95,117.99,274.12,0.6997,-1,-1,-1
545,64,1054.42,434.88,115.81,286.22,0.4626,-1,-1,-1
545,71,841.07,436.01,99.01,245.71,0.6678,-1,-1,-1
545,103,1652.05,407.13,193.86,619.40,0.5733,-1,-1,-1
545,106,578.63,454.78,33.54,83.43,0.3947,-1,-1,-1
545,114,711.97,447.98,30.74,96.96,0.5503,-1,-1,-1
545,118,543.14,455.87,32.17,80.86,0.3372,-1,-1,-1
546,3,1817.16,477.86,107.75,588.86,0.5891,-1,-1,-1
546,47,1515.28,409.74,255.16,656.16,0.5447,-1,-1,-1
546,49,655.40,453.08,39.87,115.03,0.5905,-1,-1,-1
546,61,932.14,433.02,118.24,272.15,0.7098,-1,-1,-1
546,64,1063.24,436.07,108.21,280.85,0.5182,-1,-1,-1
546,65,1124.00,454.09,66.55,227.26,0.3774,-1,-1,-1
546,71,855.23,433.51,92.11,246.50,0.7014,-1,-1,-1
546,103,1655.75,406.11,195.29,626.69,0.5453,-1,-1,-1
546,106,578.84,451.84,34.21,85.42,0.4180,-1,-1,-1
546,114,712.79,448.07,30.80,97.47,0.5189,-1,-1,-1
546,118,541.96,449.88,34.20,86.59,0.3972,-1,-1,-1
547,3,1817.95,494.04,104.97,584.39,0.6469,-1,-1,-1
547,47,1524.85,407.84,241.16,655.02,0.6398,-1,-1,-1
547,49,654.40,454.64,39.27,112.46,0.6225,-1,-1,-1
547,61,934.69,427.35,119.78,279.08,0.6844,-1,-1,-1
547,64,1084.07,435.16,101.97,270.30,0.4562,-1,-1,-1
547,71,860.90,436.05,86.39,243.82,0.6615,-1,-1,-1
547,103,1664.79,412.60,187.70,600.64,0.6545,-1,-1,-1
547,106,579.10,452.25,34.16,85.35,0.4720,-1,-1,-1
547,114,712.89,448.40,30.39,96.71,0.5016,-1,-1,-1
547,118,542.59,448.80,34.28,87.52,0.3811,-1,-1,-1
548,3,1819.78,453.68,109.14,627.97,0.5214,-1,-1,-1
548,47,1532.15,408.66,225.70,661.77,0.7210,-1,-1,-1
548,49,653.03,453.96,38.54,112.23,0.6777,-1,-1,-1
548,61,936.53,426.71,119.03,278.66,0.6609,-1,-1,-1
548,64,1087.42,433.43,102.36,274.88,0.4714,-1,-1,-1
548,71,864.79,435.02,82.79,242.43,0.6323,-1,-1,-1
548,103,1669.48,411.94,189.23,600.01,0.7370,-1,-1,-1
548,106,580.14,454.10,33.36,82.97,0.4930,-1,-1,-1
548,114,713.38,448.53,30.05,96.57,0.4947,-1,-1,-1
548,118,544.16,449.33,33.80,86.97,0.4366,-1,-1,-1
549,3,1820.69,428.68,111.37,653.84,0.3137,-1,-1,-1
549,47,1541.34,408.67,213.68,654.90,0.7540,-1,-1,-1
549,49,652.51,454.61,38.16,110.03,0.6687,-1,-1,-1
549,61,941.83,425.12,116.42,278.62,0.6543,-1,-1,-1
549,64,1077.54,437.95,102.24,280.69,0.4019,-1,-1,-1
549,71,869.80,437.42,81.22,243.80,0.6219,-1,-1,-1
549,103,1676.19,413.52,188.75,600.43,0.7193,-1,-1,-1
549,106,579.93,451.93,34.29,85.46,0.4403,-1,-1,-1
549,114,714.26,448.45,29.96,96.70,0.5574,-1,-1,-1
549,118,544.75,447.41,34.05,88.32,0.4116,-1,-1,-1
550,47,1545.73,409.54,207.03,655.38,0.7731,-1,-1,-1
550,49,652.73,455.18,37.63,108.78,0.6711,-1,-1,-1
550,61,950.59,417.67,115.72,284.49,0.6229,-1,-1,-1
550,64,1080.13,436.00,104.85,282.01,0.4614,-1,-1,-1
550,71,874.23,437.91,81.03,244.08,0.6219,-1,-1,-1
550,103,1684.97,405.55,193.19,614.22,0.7342,-1,-1,-1
550,106,580.39,453.37,33.60,83.91,0.4525,-1,-1,-1
550,114,715.65,450.35,30.19,95.64,0.5144,-1,-1,-1
550,118,545.68,447.80,33.57,87.70,0.4038,-1,-1,-1
551,47,1552.05,410.16,206.36,660.00,0.7703,-1,-1,-1
551,49,652.28,455.80,37.58,107.85,0.6459,-1,-1,-1
551,61,955.81,412.99,112.86,287.70,0.6150,-1,-1,-1
551,64,1075.89,438.08,108.95,279.28,0.5119,-1,-1,-1
551,71,876.00,434.96,81.12,248.00,0.6446,-1,-1,-1
551,103,1691.20,403.68,192.56,611.08,0.7085,-1,-1,-1
551,106,580.57,454.02,33.31,83.29,0.5141,-1,-1,-1
551,114,715.10,449.84,30.77,95.89,0.5347,-1,-1,-1
551,118,546.51,447.64,33.30,87.82,0.4035,-1,-1,-1
552,47,1557.15,410.02,210.65,668.16,0.8020,-1,-1,-1
552,49,651.83,455.40,39.04,109.61,0.6135,-1,-1,-1
552,61,963.03,416.86,104.84,281.06,0.6092,-1,-1,-1
552,64,1084.02,436.82,112.34,283.86,0.5009,-1,-1,-1
552,71,882.33,432.35,80.45,251.63,0.6798,-1,-1,-1
552,103,1696.21,404.17,191.38,609.19,0.7359,-1,-1,-1
552,106,580.27,452.64,33.79,84.62,0.5238,-1,-1,-1
552,114,715.65,449.63,31.40,96.27,0.5943,-1,-1,-1
552,118,546.40,445.50,33.57,89.54,0.4415,-1,-1,-1
553,47,1560.77,409.20,212.19,666.85,0.7906,-1,-1,-1
553,49,650.71,455.08,40.01,110.35,0.5778,-1,-1,-1
553,61,978.02,420.20,93.76,274.38,0.6988,-1,-1,-1
553,64,1083.39,436.75,111.45,284.67,0.4999,-1,-1,-1
553,71,887.31,433.00,81.63,249.93,0.7234,-1,-1,-1
553,103,1703.39,403.35,195.22,616.70,0.6789,-1,-1,-1
553,106,580.03,452.56,34.01,85.07,0.5205,-1,-1,-1
553,114,716.75,448.82,32.10,96.15,0.5777,-1,-1,-1
553,118,545.91,445.39,33.42,90.30,0.4172,-1,-1,-1
554,47,1594.94,409.72,221.04,660.92,0.5402,-1,-1,-1
554,49,647.75,455.22,39.97,109.62,0.4870,-1,-1,-1
554,61,981.57,413.88,93.72,287.63,0.6596,-1,-1,-1
554,64,1082.93,435.49,114.69,285.65,0.5785,-1,-1,-1
554,71,888.55,431.49,84.83,251.79,0.7365,-1,-1,-1
554,106,579.89,449.17,34.85,88.20,0.5267,-1,-1,-1
554,114,715.82,448.20,32.21,95.51,0.5863,-1,-1,-1
554,118,545.18,444.28,33.32,91.62,0.4496,-1,-1,-1
555,47,1576.04,408.64,227.63,661.43,0.6169,-1,-1,-1
555,49,646.53,456.56,39.53,107.39,0.4911,-1,-1,-1
555,61,987.99,411.08,90.13,288.92,0.6794,-1,-1,-1
555,64,1082.02,434.05,118.18,287.21,0.5958,-1,-1,-1
555,71,887.74,432.03,86.29,251.43,0.7327,-1,-1,-1
555,103,1712.17,401.93,201.84,636.70,0.4120,-1,-1,-1
555,106,580.13,446.89,35.34,90.49,0.5427,-1,-1,-1
555,114,714.26,446.04,33.41,98.89,0.5749,-1,-1,-1
555,118,545.57,443.97,33.30,92.06,0.4765,-1,-1,-1
556,47,1577.49,406.68,234.85,660.34,0.5703,-1,-1,-1
556,49,645.06,457.18,40.00,107.11,0.5157,-1,-1,-1
556,61,997.33,411.31,87.41,288.19,0.7244,-1,-1,-1
556,64,1088.52,436.18,117.95,284.31,0.7182,-1,-1,-1
556,71,888.23,433.50,86.65,250.90,0.7682,-1,-1,-1
556,106,580.52,446.08,35.20,91.15,0.5004,-1,-1,-1
556,114,714.49,446.19,33.78,100.16,0.5956,-1,-1,-1
556,118,545.82,441.98,33.88,93.91,0.4542,-1,-1,-1
557,47,1566.56,407.36,241.72,662.07,0.6842,-1,-1,-1
557,49,644.37,457.78,40.12,106.57,0.5426,-1,-1,-1
557,61,997.28,424.82,84.92,270.78,0.6697,-1,-1,-1
557,64,1089.12,437.99,117.04,282.19,0.7477,-1,-1,-1
557,71,891.40,435.64,87.30,248.62,0.7572,-1,-1,-1
557,103,1712.74,399.43,206.87,653.44,0.3285,-1,-1,-1
557,106,580.41,446.61,35.06,91.21,0.5239,-1,-1,-1
557,114,713.84,445.96,34.36,101.80,0.6254,-1,-1,-1
557,118,545.54,440.71,34.64,96.38,0.4757,-1,-1,-1
558,47,1571.81,404.51,272.72,670.50,0.8042,-1,-1,-1
558,49,643.61,459.85,39.71,104.78,0.5470,-1,-1,-1
558,61,994.29,435.00,88.97,261.38,0.7064,-1,-1,-1
558,64,1091.93,437.35,116.22,281.47,0.8019,-1,-1,-1
558,71,891.33,436.27,87.31,247.71,0.7479,-1,-1,-1
558,103,1757.82,403.82,139.65,405.93,0.3369,-1,-1,-1
558,106,582.79,451.83,33.44,87.74,0.5485,-1,-1,-1
558,114,712.86,445.20,35.12,102.56,0.6491,-1,-1,-1
558,118,546.75,442.65,34.17,94.31,0.5029,-1,-1,-1
559,47,1567.60,405.53,281.06,664.62,0.8006,-1,-1,-1
559,49,644.29,461.95,38.63,101.24,0.5366,-1,-1,-1
559,61,996.84,431.06,93.56,266.24,0.6417,-1,-1,-1
559,64,1092.85,433.93,118.54,283.84,0.8025,-1,-1,-1
559,71,891.27,437.22,88.51,246.91,0.7447,-1,-1,-1
559,103,1740.99,400.33,185.27,548.80,0.3954,-1,-1,-1
559,106,583.53,453.27,32.71,86.30,0.5584,-1,-1,-1
559,114,712.87,444.87,35.26,101.86,0.6463,-1,-1,-1
559,118,546.44,442.95,34.11,94.22,0.5180,-1,-1,-1
560,47,1565.57,403.98,297.78,672.38,0.8598,-1,-1,-1
560,49,642.91,460.68,38.21,101.07,0.5576,-1,-1,-1
560,61,1001.05,422.15,98.81,274.60,0.6791,-1,-1,-1
560,64,1096.62,435.86,116.75,281.47,0.7140,-1,-1,-1
560,71,890.89,435.27,90.30,247.15,0.7593,-1,-1,-1
560,103,1766.28,402.69,141.14,395.08,0.3130,-1,-1,-1
560,106,583.94,453.98,32.28,85.56,0.5232,-1,-1,-1
560,114,713.28,445.13,35.34,101.56,0.6332,-1,-1,-1
560,118,547.43,445.73,33.04,91.68,0.5057,-1,-1,-1
561,47,1559.25,402.82,292.35,669.17,0.7235,-1,-1,-1
561,49,641.10,457.94,38.52,103.65,0.5440,-1,-1,-1
561,61,1004.81,422.74,102.82,274.07,0.6978,-1,-1,-1
561,64,1099.88,437.38,113.77,277.29,0.6595,-1,-1,-1
561,71,901.16,435.37,89.38,246.47,0.6552,-1,-1,-1
561,103,1740.59,398.78,185.30,526.99,0.3752,-1,-1,-1
561,106,584.10,452.99,32.34,85.79,0.4893,-1,-1,-1
561,114,712.71,446.18,35.86,101.47,0.6255,-1,-1,-1
561,118,547.80,442.16,33.75,94.98,0.5230,-1,-1,-1
562,47,1572.74,405.96,297.99,669.04,0.8116,-1,-1,-1
562,49,641.70,458.29,37.76,102.90,0.5041,-1,-1,-1
562,61,1002.97,417.99,106.58,278.34,0.6644,-1,-1,-1
562,64,1105.84,438.90,113.95,277.43,0.7008,-1,-1,-1
562,71,908.17,434.81,87.32,245.86,0.6979,-1,-1,-1
562,103,1740.87,397.20,195.60,571.35,0.3085,-1,-1,-1
562,106,583.81,452.25,32.76,87.34,0.4991,-1,-1,-1
562,114,714.59,449.20,34.80,98.05,0.5754,-1,-1,-1
562,118,548.41,440.89,34.21,96.34,0.4871,-1,-1,-1
563,47,1580.99,405.44,307.67,669.54,0.8046,-1,-1,-1
563,49,640.66,457.75,37.17,103.06,0.5257,-1,-1,-1
563,61,1002.98,419.14,109.59,277.40,0.6618,-1,-1,-1
563,64,1109.87,440.09,112.06,274.25,0.6919,-1,-1,-1
563,71,909.71,433.84,87.27,249.85,0.7010,-1,-1,-1
563,103,1750.66,393.14,184.63,552.23,0.3412,-1,-1,-1
563,106,584.27,453.06,32.57,86.53,0.4495,-1,-1,-1
563,114,715.43,449.33,35.33,98.39,0.5300,-1,-1,-1
563,118,548.89,441.09,34.06,95.28,0.4631,-1,-1,-1
564,47,1587.12,401.62,319.02,668.94,0.8681,-1,-1,-1
564,49,640.97,457.16,37.09,103.98,0.4948,-1,-1,-1
564,61,1006.58,427.86,108.23,267.23,0.6407,-1,-1,-1
564,64,1112.74,434.03,113.50,278.54,0.7000,-1,-1,-1
564,71,912.94,430.72,86.59,250.92,0.6331,-1,-1,-1
564,103,1771.70,399.09,158.58,484.84,0.4053,-1,-1,-1
564,106,584.85,454.52,31.62,83.68,0.3949,-1,-1,-1
564,114,716.00,448.97,35.32,98.28,0.5201,-1,-1,-1
564,118,548.91,441.72,33.93,94.43,0.3788,-1,-1,-1
565,47,1583.95,399.63,315.93,667.65,0.7043,-1,-1,-1
565,49,641.27,456.18,37.11,104.92,0.5472,-1,-1,-1
565,61,1005.49,431.36,110.67,263.35,0.6365,-1,-1,-1
565,64,1116.55,432.19,113.27,279.92,0.6433,-1,-1,-1
565,71,918.51,433.73,83.18,244.23,0.6347,-1,-1,-1
565,103,1756.52,392.13,188.78,656.02,0.6218,-1,-1,-1
565,106,585.16,455.46,31.45,82.73,0.3999,-1,-1,-1
565,114,716.68,449.11,35.05,97.13,0.5560,-1,-1,-1
565,118,548.51,441.91,33.88,94.09,0.4273,-1,-1,-1
566,47,1599.81,398.99,312.98,671.30,0.7352,-1,-1,-1
566,49,640.71,454.27,37.55,107.23,0.5223,-1,-1,-1
566,61,1008.80,437.03,112.54,260.04,0.6645,-1,-1,-1
566,64,1121.84,433.01,112.97,282.16,0.5412,-1,-1,-1
566,71,929.64,431.90,83.07,241.58,0.5389,-1,-1,-1
566,103,1768.88,391.60,172.52,664.19,0.6383,-1,-1,-1
566,106,585.45,455.65,31.75,83.07,0.4359,-1,-1,-1
566,114,717.34,449.59,35.07,96.93,0.5434,-1,-1,-1
566,118,548.70,442.41,33.77,93.65,0.4304,-1,-1,-1
567,47,1620.64,400.40,294.43,668.29,0.8360,-1,-1,-1
567,49,640.08,454.53,36.83,106.58,0.4866,-1,-1,-1
567,61,1010.96,442.27,115.73,256.01,0.6879,-1,-1,-1
567,64,1121.93,431.06,113.00,284.30,0.6356,-1,-1,-1
567,71,932.95,429.88,83.52,242.38,0.5113,-1,-1,-1
567,103,1780.96,398.33,155.20,641.08,0.6306,-1,-1,-1
567,106,585.73,455.74,31.74,82.72,0.4656,-1,-1,-1
567,114,717.93,449.10,35.43,97.95,0.5409,-1,-1,-1
567,118,548.80,442.44,33.81,93.82,0.4389,-1,-1,-1
568,47,1639.82,400.90,278.34,668.51,0.8227,-1,-1,-1
568,49,639.78,455.94,35.51,104.60,0.4814,-1,-1,-1
568,61,1009.81,428.57,127.64,271.51,0.6905,-1,-1,-1
568,64,1128.31,430.44,111.30,282.03,0.6102,-1,-1,-1
568,71,939.78,431.94,81.83,241.21,0.5359,-1,-1,-1
568,103,1785.29,403.16,149.87,657.06,0.6098,-1,-1,-1
568,106,585.91,456.04,32.38,84.62,0.4905,-1,-1,-1
568,114,718.81,448.34,36.31,99.59,0.5148,-1,-1,-1
568,118,548.71,440.77,34.87,96.28,0.4368,-1,-1,-1
569,47,1643.91,400.89,261.22,672.92,0.8118,-1,-1,-1
569,49,640.55,455.52,35.13,104.39,0.5251,-1,-1,-1
569,61,1010.44,432.52,130.25,267.97,0.7158,-1,-1,-1
569,64,1131.70,431.67,110.87,280.79,0.5296,-1,-1,-1
569,71,942.61,436.11,79.17,231.69,0.6689,-1,-1,-1
569,103,1786.88,409.46,145.36,651.39,0.4544,-1,-1,-1
569,106,586.04,455.73,32.71,85.71,0.5302,-1,-1,-1
569,114,718.63,448.36,36.65,100.10,0.5254,-1,-1,-1
569,118,548.88,442.52,34.74,95.38,0.4213,-1,-1,-1
570,47,1653.87,402.86,251.86,669.38,0.7783,-1,-1,-1
570,49,638.71,455.25,34.63,104.44,0.5122,-1,-1,-1
570,61,1009.23,432.95,132.28,267.54,0.7111,-1,-1,-1
570,64,1138.16,434.29,112.96,279.70,0.6418,-1,-1,-1
570,71,943.92,434.78,81.14,234.54,0.7109,-1,-1,-1
570,106,586.27,455.77,32.53,85.76,0.5241,-1,-1,-1
570,114,718.08,446.57,37.70,102.78,0.5572,-1,-1,-1
570,118,549.27,442.92,35.04,95.83,0.4404,-1,-1,-1
571,47,1666.57,401.51,253.21,671.78,0.8660,-1,-1,-1
571,49,637.11,456.53,33.85,104.21,0.4926,-1,-1,-1
571,61,1010.08,426.10,133.67,272.47,0.7014,-1,-1,-1
571,64,1151.05,432.18,117.76,281.85,0.5983,-1,-1,-1
571,71,945.50,435.15,82.60,241.88,0.6899,-1,-1,-1
571,106,586.42,455.81,32.46,86.06,0.5260,-1,-1,-1
571,114,718.00,445.54,38.26,102.96,0.6076,-1,-1,-1
571,118,550.75,448.39,33.76,90.82,0.4300,-1,-1,-1
572,47,1669.23,402.26,250.30,670.42,0.8702,-1,-1,-1
572,49,637.07,456.90,33.24,102.67,0.5211,-1,-1,-1
572,61,1011.61,431.63,130.49,267.02,0.6873,-1,-1,-1
572,64,1149.40,433.51,125.82,281.90,0.7602,-1,-1,-1
572,71,947.44,435.94,81.72,240.45,0.6853,-1,-1,-1
572,106,586.08,451.85,33.59,89.99,0.4950,-1,-1,-1
572,114,717.88,444.51,39.33,104.96,0.6255,-1,-1,-1
572,118,549.74,441.05,36.74,98.64,0.4581,-1,-1,-1
572,123,1112.53,434.80,44.24,140.84,0.3938,-1,-1,-1
573,47,1673.47,402.72,246.68,667.79,0.8860,-1,-1,-1
573,49,635.67,456.78,32.63,102.55,0.5580,-1,-1,-1
573,61,1014.32,430.39,128.30,265.19,0.6439,-1,-1,-1
573,64,1155.17,437.10,128.14,278.17,0.7012,-1,-1,-1
573,71,946.92,434.42,85.39,243.60,0.6388,-1,-1,-1
573,106,585.12,453.36,33.09,88.90,0.4890,-1,-1,-1
573,114,718.57,445.26,39.49,104.80,0.5686,-1,-1,-1
573,118,551.25,450.44,33.71,89.64,0.4047,-1,-1,-1
573,123,1110.91,430.02,46.13,146.47,0.3499,-1,-1,-1
573,124,1846.31,428.17,58.44,251.48,0.3978,-1,-1,-1
574,47,1672.99,398.40,247.26,676.40,0.9004,-1,-1,-1
574,49,635.54,457.17,31.91,101.41,0.5468,-1,-1,-1
574,61,1024.62,433.01,123.98,262.85,0.5430,-1,-1,-1
574,64,1154.31,438.14,132.58,277.53,0.7346,-1,-1,-1
574,71,959.37,434.81,91.78,249.69,0.6141,-1,-1,-1
574,106,584.95,454.88,32.86,87.97,0.3413,-1,-1,-1
574,114,718.35,445.12,39.88,105.20,0.5536,-1,-1,-1
574,118,551.19,450.65,33.69,88.57,0.3877,-1,-1,-1
574,123,1111.29,427.80,47.02,149.66,0.3587,-1,-1,-1
574,124,1848.31,430.27,59.88,251.07,0.3398,-1,-1,-1
575,47,1673.65,397.66,246.17,677.04,0.9046,-1,-1,-1
575,49,634.93,456.05,31.95,102.50,0.5661,-1,-1,-1
575,61,1027.73,426.42,123.49,269.95,0.5015,-1,-1,-1
575,64,1156.68,439.25,133.68,276.48,0.7003,-1,-1,-1
575,71,962.09,434.39,94.49,248.61,0.5751,-1,-1,-1
575,106,584.82,454.24,33.27,88.71,0.4290,-1,-1,-1
575,114,718.22,445.52,39.77,104.45,0.5796,-1,-1,-1
575,118,551.08,450.08,33.86,88.60,0.3543,-1,-1,-1
575,124,1853.44,431.23,57.61,235.98,0.3095,-1,-1,-1
576,47,1673.13,397.22,246.28,677.20,0.8990,-1,-1,-1
576,49,634.75,456.02,32.22,102.10,0.5207,-1,-1,-1
576,61,1032.32,426.53,117.38,269.56,0.6160,-1,-1,-1
576,64,1158.23,437.67,134.96,277.92,0.7313,-1,-1,-1
576,71,962.64,434.02,98.71,248.15,0.6239,-1,-1,-1
576,106,585.36,454.20,33.24,88.74,0.4261,-1,-1,-1
576,114,719.20,446.27,39.57,104.49,0.6061,-1,-1,-1
576,124,1860.34,431.58,54.45,217.26,0.4447,-1,-1,-1
577,47,1672.86,399.17,246.36,676.05,0.9090,-1,-1,-1
577,49,633.39,452.82,33.54,106.29,0.5256,-1,-1,-1
577,61,1038.93,423.60,111.38,271.28,0.6266,-1,-1,-1
577,64,1156.84,436.19,136.33,279.31,0.7444,-1,-1,-1
577,71,961.98,433.99,101.80,246.58,0.6654,-1,-1,-1
577,106,585.03,452.83,33.90,90.62,0.3979,-1,-1,-1
577,114,719.53,447.27,39.24,104.03,0.5852,-1,-1,-1
578,47,1671.55,399.62,247.47,676.24,0.9062,-1,-1,-1
578,49,632.68,448.82,34.20,109.59,0.6221,-1,-1,-1
578,61,1043.50,427.56,104.40,265.51,0.6184,-1,-1,-1
578,64,1156.55,433.38,135.42,281.22,0.7290,-1,-1,-1
578,71,959.10,440.56,97.21,233.16,0.7225,-1,-1,-1
578,106,584.30,451.47,34.60,92.43,0.3750,-1,-1,-1
578,114,719.62,445.55,39.14,104.04,0.6297,-1,-1,-1
578,118,551.34,450.92,33.99,87.35,0.3216,-1,-1,-1
579,47,1671.49,401.13,247.70,675.47,0.8991,-1,-1,-1
579,49,631.94,447.96,34.21,110.61,0.5782,-1,-1,-1
579,61,1049.53,433.70,98.28,261.28,0.6589,-1,-1,-1
579,64,1157.73,435.04,133.51,278.73,0.6914,-1,-1,-1
579,71,959.01,439.71,98.57,233.19,0.7530,-1,-1,-1
579,106,582.70,448.79,34.49,93.21,0.3513,-1,-1,-1
579,114,720.22,447.08,39.02,104.10,0.5932,-1,-1,-1
579,118,549.61,444.42,36.62,93.67,0.3126,-1,-1,-1
580,47,1671.65,402.75,247.41,674.22,0.9084,-1,-1,-1
580,49,631.89,449.80,34.30,108.74,0.5583,-1,-1,-1
580,61,1050.32,438.87,94.82,255.92,0.6679,-1,-1,-1
580,64,1158.10,442.47,131.99,273.27,0.7501,-1,-1,-1
580,71,958.99,436.39,100.87,238.14,0.7574,-1,-1,-1
580,106,583.25,448.67,33.82,92.57,0.3529,-1,-1,-1
580,114,720.39,447.04,39.07,104.85,0.5719,-1,-1,-1
580,118,549.74,441.24,37.91,96.76,0.3505,-1,-1,-1
581,47,1671.68,402.68,247.53,674.59,0.9082,-1,-1,-1
581,49,632.29,454.00,33.69,104.23,0.5508,-1,-1,-1
581,61,1054.88,439.36,95.05,255.85,0.6864,-1,-1,-1
581,64,1159.52,440.56,133.89,276.36,0.6988,-1,-1,-1
581,71,959.10,434.71,101.61,238.22,0.7612,-1,-1,-1
581,106,583.92,447.32,34.90,95.86,0.3913,-1,-1,-1
581,114,720.78,447.27,38.74,104.04,0.5028,-1,-1,-1
581,118,549.07,435.83,40.28,102.56,0.3654,-1,-1,-1
582,47,1671.92,401.87,247.42,676.54,0.9087,-1,-1,-1
582,49,631.74,453.41,33.80,104.72,0.5112,-1,-1,-1
582,61,1063.20,437.66,94.73,262.46,0.6228,-1,-1,-1
582,64,1179.57,439.14,126.67,275.46,0.6911,-1,-1,-1
582,71,959.94,435.75,104.92,236.79,0.7487,-1,-1,-1
582,106,584.01,446.84,34.96,96.35,0.4204,-1,-1,-1
582,114,721.24,448.03,38.29,103.13,0.4972,-1,-1,-1
582,118,548.27,435.45,40.18,102.48,0.3791,-1,-1,-1
583,47,1673.12,398.12,246.61,680.32,0.9097,-1,-1,-1
583,49,631.42,453.90,33.73,104.22,0.4543,-1,-1,-1
583,61,1071.94,432.82,91.24,265.14,0.6306,-1,-1,-1
583,64,1188.58,439.64,119.07,273.96,0.7224,-1,-1,-1
583,71,964.89,436.16,105.32,235.60,0.7284,-1,-1,-1
583,106,584.26,448.39,34.37,94.88,0.4676,-1,-1,-1
583,114,721.30,446.28,38.66,103.62,0.5281,-1,-1,-1
583,118,549.30,439.03,38.71,98.65,0.4179,-1,-1,-1
584,47,1675.12,393.95,244.81,683.18,0.9116,-1,-1,-1
584,49,631.33,455.31,33.70,103.02,0.4317,-1,-1,-1
584,61,1079.48,435.58,86.09,261.12,0.6622,-1,-1,-1
584,64,1196.39,440.86,111.79,271.07,0.7219,-1,-1,-1
584,71,967.15,437.07,105.77,236.23,0.7421,-1,-1,-1
584,106,584.44,447.96,34.42,95.60,0.4721,-1,-1,-1
584,114,721.67,447.30,38.67,104.31,0.5301,-1,-1,-1
584,118,549.89,439.14,38.55,98.78,0.3975,-1,-1,-1
585,47,1676.89,394.30,242.99,682.76,0.8981,-1,-1,-1
585,49,628.96,451.55,35.12,106.40,0.3952,-1,-1,-1
585,61,1083.93,440.06,82.40,255.62,0.6347,-1,-1,-1
585,64,1201.10,441.15,106.93,265.67,0.7487,-1,-1,-1
585,71,969.38,436.45,105.14,235.70,0.7611,-1,-1,-1
585,106,585.18,448.17,33.98,94.80,0.4598,-1,-1,-1
585,114,722.67,447.14,38.20,103.25,0.5278,-1,-1,-1
585,118,550.11,438.83,38.71,99.16,0.4328,-1,-1,-1
586,47,1680.78,392.88,239.94,682.76,0.8962,-1,-1,-1
586,49,627.79,452.44,35.23,105.30,0.4276,-1,-1,-1
586,61,1084.40,435.52,81.10,261.94,0.6900,-1,-1,-1
586,64,1209.97,436.83,107.47,274.60,0.7543,-1,-1,-1
586,71,976.35,442.23,101.66,232.37,0.7689,-1,-1,-1
586,106,584.64,444.91,35.34,98.69,0.4496,-1,-1,-1
586,114,723.39,444.68,38.29,103.75,0.5444,-1,-1,-1
586,118,549.42,440.50,38.22,98.19,0.4360,-1,-1,-1
586,127,665.20,453.62,33.91,100.51,0.3474,-1,-1,-1
587,47,1683.80,388.89,237.66,686.30,0.8696,-1,-1,-1
587,49,626.54,452.30,35.90,105.55,0.4832,-1,-1,-1
587,61,1086.16,426.87,80.69,270.54,0.7207,-1,-1,-1
587,64,1212.42,433.07,107.33,278.09,0.6133,-1,-1,-1
587,71,980.98,444.62,97.66,225.97,0.7384,-1,-1,-1
587,106,584.42,444.43,35.38,98.76,0.4203,-1,-1,-1
587,114,723.86,444.08,38.47,105.01,0.5521,-1,-1,-1
587,118,549.65,441.46,37.89,97.86,0.4675,-1,-1,-1
587,127,664.56,452.61,34.08,101.29,0.3700,-1,-1,-1
588,47,1691.17,386.92,232.03,688.50,0.8556,-1,-1,-1
588,49,625.64,453.31,35.49,104.20,0.5081,-1,-1,-1
588,61,1090.28,420.71,81.92,276.17,0.7357,-1,-1,-1
588,64,1211.75,434.66,106.31,278.39,0.7923,-1,-1,-1
588,71,986.57,446.08,94.29,222.55,0.7007,-1,-1,-1
588,106,584.10,445.77,35.41,98.47,0.4148,-1,-1,-1
588,114,724.68,442.51,38.01,106.87,0.5565,-1,-1,-1
588,118,551.22,447.11,35.99,92.88,0.4327,-1,-1,-1
588,127,661.89,451.92,35.03,105.39,0.3581,-1,-1,-1
589,47,1698.10,391.91,226.52,681.32,0.7506,-1,-1,-1
589,49,624.72,451.75,35.95,106.01,0.5817,-1,-1,-1
589,61,1094.61,419.53,84.79,277.28,0.7102,-1,-1,-1
589,64,1215.48,434.83,103.67,275.04,0.7782,-1,-1,-1
589,71,993.61,446.04,91.29,223.03,0.7049,-1,-1,-1
589,106,583.83,447.07,35.70,98.54,0.3784,-1,-1,-1
589,114,724.27,443.44,37.70,106.22,0.5503,-1,-1,-1
589,118,551.22,447.51,36.26,93.22,0.4279,-1,-1,-1
589,127,661.46,450.67,35.38,108.33,0.4620,-1,-1,-1
589,129,1181.09,438.71,65.20,234.28,0.3395,-1,-1,-1
590,47,1710.25,419.30,214.22,654.60,0.7422,-1,-1,-1
590,49,623.83,450.67,35.96,106.66,0.5152,-1,-1,-1
590,61,1093.90,429.46,83.67,267.84,0.6569,-1,-1,-1
590,64,1218.64,433.69,103.59,277.51,0.7844,-1,-1,-1
590,71,1003.02,446.98,86.30,221.39,0.7378,-1,-1,-1
590,106,584.27,448.41,35.44,97.66,0.3171,-1,-1,-1
590,114,725.31,442.73,37.28,106.90,0.5678,-1,-1,-1
590,118,551.59,447.77,36.28,92.73,0.3681,-1,-1,-1
590,127,661.96,451.73,34.71,107.57,0.4669,-1,-1,-1
590,129,1181.69,437.59,66.18,239.37,0.3696,-1,-1,-1
591,47,1730.66,477.61,194.04,597.00,0.5609,-1,-1,-1
591,49,623.02,449.32,35.90,108.36,0.5367,-1,-1,-1
591,61,1092.19,416.14,89.12,280.42,0.6515,-1,-1,-1
591,64,1223.22,434.73,103.95,276.60,0.7447,-1,-1,-1
591,71,1008.43,443.48,84.87,223.80,0.7133,-1,-1,-1
591,106,584.79,449.88,33.90,94.06,0.3405,-1,-1,-1
591,114,725.97,442.62,36.44,107.19,0.5753,-1,-1,-1
591,118,550.84,444.55,37.44,95.63,0.3394,-1,-1,-1
591,127,662.36,451.83,34.37,107.80,0.5348,-1,-1,-1
591,129,1186.09,435.07,66.32,241.31,0.3281,-1,-1,-1
592,47,1749.34,499.27,179.64,573.14,0.6787,-1,-1,-1
592,49,623.57,448.92,35.92,109.19,0.5156,-1,-1,-1
592,61,1096.46,416.38,93.92,280.16,0.6756,-1,-1,-1
592,64,1229.18,438.05,105.07,273.42,0.7289,-1,-1,-1
592,71,1010.01,443.27,82.37,222.41,0.7367,-1,-1,-1
592,106,584.96,450.40,33.32,93.04,0.3124,-1,-1,-1
592,114,726.54,443.44,35.42,106.87,0.5668,-1,-1,-1
592,118,550.44,444.08,37.61,95.50,0.3230,-1,-1,-1
592,127,662.09,452.15,34.18,107.73,0.5616,-1,-1,-1
593,47,1762.08,502.55,175.17,570.68,0.3909,-1,-1,-1
593,49,623.41,449.40,35.86,108.44,0.4957,-1,-1,-1
593,61,1093.38,412.57,96.54,283.80,0.6912,-1,-1,-1
593,64,1233.48,440.36,107.33,273.37,0.7524,-1,-1,-1
593,71,1011.90,438.11,83.74,228.27,0.6586,-1,-1,-1
593,106,584.09,451.04,32.57,90.84,0.3167,-1,-1,-1
593,114,727.11,443.60,35.17,107.43,0.5411,-1,-1,-1
593,118,550.14,446.66,36.30,92.77,0.3099,-1,-1,-1
593,127,661.39,451.84,34.25,107.88,0.5483,-1,-1,-1
594,47,1783.00,522.58,164.93,555.86,0.3168,-1,-1,-1
594,49,623.26,448.79,35.76,107.69,0.5039,-1,-1,-1
594,61,1092.78,412.81,98.43,285.75,0.7000,-1,-1,-1
594,64,1236.55,442.99,109.09,269.65,0.7830,-1,-1,-1
594,71,1018.11,435.41,82.87,230.41,0.6276,-1,-1,-1
594,106,583.97,451.46,32.42,90.35,0.3227,-1,-1,-1
594,114,727.14,445.03,35.31,106.48,0.5131,-1,-1,-1
594,118,549.97,448.30,35.87,91.01,0.3513,-1,-1,-1
594,127,660.52,451.49,34.78,108.93,0.5311,-1,-1,-1
594,129,1195.39,437.93,67.89,241.16,0.3636,-1,-1,-1
595,49,623.31,449.44,35.77,106.39,0.5529,-1,-1,-1
595,61,1095.38,414.83,98.04,281.63,0.7179,-1,-1,-1
595,64,1240.24,437.74,111.36,274.66,0.8186,-1,-1,-1
595,71,1020.27,436.12,80.79,228.93,0.6711,-1,-1,-1
595,114,727.88,444.01,34.74,106.60,0.5406,-1,-1,-1
595,127,660.78,452.51,34.63,108.22,0.4744,-1,-1,-1
595,129,1192.19,441.33,68.51,238.46,0.4689,-1,-1,-1
596,49,624.11,450.52,35.45,104.21,0.5696,-1,-1,-1
596,61,1096.72,421.85,97.38,276.46,0.7370,-1,-1,-1
596,64,1242.47,436.49,112.51,276.46,0.8099,-1,-1,-1
596,71,1023.39,441.96,78.38,223.07,0.7104,-1,-1,-1
596,106,582.53,450.15,32.98,91.51,0.3121,-1,-1,-1
596,114,727.37,445.49,34.89,105.12,0.5618,-1,-1,-1
596,127,661.26,454.13,34.26,106.57,0.4557,-1,-1,-1
596,129,1193.32,442.34,70.16,238.62,0.5263,-1,-1,-1
597,49,624.14,452.27,34.90,102.72,0.5131,-1,-1,-1
597,61,1097.63,423.87,96.73,274.22,0.7587,-1,-1,-1
597,64,1243.92,437.71,112.60,275.89,0.8036,-1,-1,-1
597,71,1024.86,442.60,78.12,223.69,0.7388,-1,-1,-1
597,114,726.83,445.11,36.16,106.75,0.6071,-1,-1,-1
597,118,550.61,452.23,34.90,87.91,0.3090,-1,-1,-1
597,127,661.34,454.04,34.97,106.72,0.4247,-1,-1,-1
597,129,1195.35,458.56,68.24,223.89,0.5307,-1,-1,-1
598,49,624.25,453.61,34.18,101.37,0.4819,-1,-1,-1
598,61,1100.04,429.80,95.36,267.66,0.7210,-1,-1,-1
598,64,1247.35,437.73,111.45,275.50,0.8137,-1,-1,-1
598,71,1025.85,441.69,79.43,224.91,0.7390,-1,-1,-1
598,106,583.91,451.47,32.24,89.41,0.3397,-1,-1,-1
598,114,726.61,445.49,37.02,107.72,0.5877,-1,-1,-1
598,118,550.05,450.17,35.40,89.68,0.3669,-1,-1,-1
598,127,660.02,456.06,34.64,104.66,0.4312,-1,-1,-1
598,129,1195.55,451.40,71.49,231.43,0.5214,-1,-1,-1
598,131,377.51,468.03,48.83,107.55,0.3425,-1,-1,-1
599,49,624.56,454.56,33.89,100.68,0.4795,-1,-1,-1
599,61,1102.95,431.84,94.70,263.72,0.6999,-1,-1,-1
599,64,1250.85,437.08,109.71,275.90,0.7813,-1,-1,-1
599,71,1029.37,442.39,82.35,225.04,0.7388,-1,-1,-1
599,106,584.06,452.69,32.93,90.59,0.3290,-1,-1,-1
599,114,726.94,446.06,36.67,106.22,0.5701,-1,-1,-1
599,118,550.27,449.18,35.36,90.76,0.3362,-1,-1,-1
599,127,659.51,454.93,35.83,105.93,0.4076,-1,-1,-1
599,129,1192.20,440.67,75.81,242.03,0.5721,-1,-1,-1
599,131,377.43,467.24,49.51,109.28,0.3767,-1,-1,-1
600,49,624.67,455.14,33.82,100.95,0.5053,-1,-1,-1
600,61,1107.47,431.05,93.91,262.96,0.7021,-1,-1,-1
600,64,1254.77,437.19,107.05,275.80,0.8175,-1,-1,-1
600,71,1030.04,441.64,84.64,223.80,0.7547,-1,-1,-1
600,106,584.08,456.53,31.22,85.03,0.3146,-1,-1,-1
600,114,726.30,444.23,37.33,108.55,0.5857,-1,-1,-1
600,118,551.49,452.01,34.85,88.23,0.3194,-1,-1,-1
600,127,658.80,455.62,36.13,105.23,0.3591,-1,-1,-1
600,129,1198.89,448.09,70.58,225.45,0.6017,-1,-1,-1
600,131,376.93,464.87,50.37,112.02,0.3493,-1,-1,-1
