2,1,-0.34,6.12,346.33,1064.55,0.9307,-1,-1,-1
2,2,868.19,148.61,237.82,629.15,0.8053,-1,-1,-1
2,3,542.09,266.32,96.15,322.56,0.8085,-1,-1,-1
2,4,398.45,274.25,109.21,321.42,0.8139,-1,-1,-1
2,6,1055.27,291.53,84.38,330.13,0.4811,-1,-1,-1
3,1,0.21,5.07,339.30,1062.29,0.9292,-1,-1,-1
3,2,862.55,152.63,230.48,627.21,0.8283,-1,-1,-1
3,3,536.64,265.85,96.59,327.47,0.8042,-1,-1,-1
3,4,390.37,274.49,108.28,322.69,0.8446,-1,-1,-1
3,6,1051.20,293.71,84.90,333.64,0.5739,-1,-1,-1
4,1,-1.05,3.40,327.54,1061.43,0.9252,-1,-1,-1
4,2,867.30,153.18,223.32,629.06,0.8344,-1,-1,-1
4,3,531.78,264.81,95.82,328.94,0.8075,-1,-1,-1
4,4,382.00,270.62,110.48,328.17,0.8421,-1,-1,-1
4,6,1045.92,292.70,86.88,343.76,0.5789,-1,-1,-1
4,8,733.26,324.76,40.64,129.35,0.4028,-1,-1,-1
5,1,-2.06,3.43,314.35,1062.92,0.9159,-1,-1,-1
5,2,874.09,151.50,216.73,638.24,0.8186,-1,-1,-1
5,3,526.37,262.08,97.02,334.79,0.8087,-1,-1,-1
5,4,376.67,264.12,111.14,332.37,0.8346,-1,-1,-1
5,6,1047.43,292.01,85.36,343.98,0.5786,-1,-1,-1
5,8,732.18,321.26,39.71,126.36,0.3937,-1,-1,-1
5,9,691.39,333.48,37.74,110.12,0.3967,-1,-1,-1
6,1,-4.24,21.46,298.64,1053.39,0.8776,-1,-1,-1
6,2,881.16,150.74,205.48,625.09,0.8032,-1,-1,-1
6,3,521.53,262.31,98.46,335.33,0.7972,-1,-1,-1
6,4,372.48,261.78,110.90,334.83,0.8305,-1,-1,-1
6,6,1045.17,293.41,84.04,344.93,0.5863,-1,-1,-1
6,8,730.06,323.94,35.43,112.67,0.3996,-1,-1,-1
6,9,688.12,333.61,39.21,115.35,0.4196,-1,-1,-1
7,1,-0.64,79.26,273.50,991.04,0.9035,-1,-1,-1
7,2,888.20,153.29,196.84,619.47,0.8162,-1,-1,-1
7,3,515.68,259.12,101.16,345.41,0.7800,-1,-1,-1
7,4,363.95,260.80,112.69,338.40,0.8224,-1,-1,-1
7,6,1041.21,296.77,84.04,346.34,0.6034,-1,-1,-1
7,8,726.54,321.82,38.38,122.55,0.4656,-1,-1,-1
7,9,685.27,332.48,40.76,120.32,0.4064,-1,-1,-1
7,10,865.45,254.59,77.54,307.32,0.5744,-1,-1,-1
7,11,784.00,315.25,42.78,127.03,0.3461,-1,-1,-1
8,1,-1.51,89.31,262.41,981.53,0.8960,-1,-1,-1
8,2,887.26,152.55,195.96,628.48,0.7931,-1,-1,-1
8,3,511.53,263.24,100.89,345.33,0.8154,-1,-1,-1
8,4,354.39,260.17,116.07,342.38,0.8266,-1,-1,-1
8,6,1038.74,299.83,84.87,346.15,0.6753,-1,-1,-1
8,8,724.16,321.31,39.75,126.72,0.5083,-1,-1,-1
8,9,682.34,332.17,40.73,121.26,0.5018,-1,-1,-1
8,10,862.17,264.94,74.52,298.96,0.5858,-1,-1,-1
8,11,783.36,303.56,48.42,144.19,0.4131,-1,-1,-1
9,1,-9.84,99.94,241.08,972.52,0.8638,-1,-1,-1
9,2,884.99,154.38,192.34,625.99,0.7894,-1,-1,-1
9,3,507.42,262.50,101.44,342.74,0.8364,-1,-1,-1
9,4,349.23,261.10,117.69,343.29,0.8186,-1,-1,-1
9,6,1036.46,303.78,84.79,348.26,0.6621,-1,-1,-1
9,8,720.62,321.32,40.51,131.35,0.5789,-1,-1,-1
9,9,678.56,333.86,40.13,121.01,0.4072,-1,-1,-1
9,10,861.46,264.07,74.25,300.42,0.5881,-1,-1,-1
9,11,780.51,304.66,47.35,143.11,0.3866,-1,-1,-1
10,1,-12.76,105.51,231.68,962.03,0.7268,-1,-1,-1
10,2,879.54,157.51,191.20,622.93,0.8161,-1,-1,-1
10,3,500.87,264.89,104.79,347.14,0.8259,-1,-1,-1
10,4,345.42,259.45,118.03,347.02,0.8078,-1,-1,-1
10,6,1035.73,300.32,84.65,353.47,0.7003,-1,-1,-1
10,8,720.35,324.52,40.55,131.43,0.5862,-1,-1,-1
10,9,676.64,336.41,41.07,123.46,0.4889,-1,-1,-1
10,10,860.61,261.20,74.66,303.53,0.5662,-1,-1,-1
10,11,776.39,297.55,51.23,155.61,0.4913,-1,-1,-1
11,1,-19.92,108.96,217.00,957.51,0.7332,-1,-1,-1
11,2,876.78,156.35,192.12,631.44,0.8167,-1,-1,-1
11,3,493.39,261.93,108.47,353.99,0.8231,-1,-1,-1
11,4,338.02,262.47,119.96,348.79,0.7889,-1,-1,-1
11,6,1034.42,296.07,83.47,360.53,0.6633,-1,-1,-1
11,8,718.75,326.47,39.92,129.55,0.5182,-1,-1,-1
11,9,676.90,341.00,39.55,117.39,0.4718,-1,-1,-1
11,10,860.28,276.59,71.14,290.56,0.5329,-1,-1,-1
11,11,777.74,317.02,45.80,136.85,0.5637,-1,-1,-1
12,1,1.04,115.39,159.29,686.24,0.7881,-1,-1,-1
12,2,867.75,158.51,192.51,633.25,0.8356,-1,-1,-1
12,3,490.18,257.96,110.64,358.94,0.7974,-1,-1,-1
12,4,326.56,265.38,125.35,351.66,0.8274,-1,-1,-1
12,6,1032.56,296.65,81.08,362.15,0.6770,-1,-1,-1
12,8,718.07,327.51,41.11,131.97,0.5499,-1,-1,-1
12,9,673.84,339.77,40.98,121.08,0.4348,-1,-1,-1
12,10,858.65,247.65,77.27,318.29,0.3897,-1,-1,-1
12,11,776.84,319.73,46.95,134.82,0.5494,-1,-1,-1
12,12,828.79,324.05,43.25,122.34,0.3621,-1,-1,-1
13,1,0.46,141.58,139.36,593.78,0.8200,-1,-1,-1
13,2,861.31,155.27,197.38,640.12,0.8253,-1,-1,-1
13,3,482.91,255.21,113.44,362.09,0.8271,-1,-1,-1
13,4,319.61,264.95,131.09,356.33,0.8302,-1,-1,-1
13,6,1033.36,300.13,78.11,352.32,0.6952,-1,-1,-1
13,8,716.65,327.97,41.58,133.10,0.4863,-1,-1,-1
13,9,671.84,340.51,41.54,122.96,0.4347,-1,-1,-1
13,11,774.54,321.36,47.97,133.88,0.5424,-1,-1,-1
13,12,829.81,326.60,43.05,120.64,0.4357,-1,-1,-1
14,1,-5.54,181.15,128.68,581.03,0.8183,-1,-1,-1
14,2,853.53,152.98,201.61,644.93,0.7862,-1,-1,-1
14,3,478.97,254.93,115.06,364.28,0.8364,-1,-1,-1
14,4,314.32,266.82,134.29,359.02,0.8351,-1,-1,-1
14,6,1031.45,291.58,78.70,358.51,0.6842,-1,-1,-1
14,8,715.86,327.57,42.60,133.63,0.5337,-1,-1,-1
14,9,670.72,342.62,40.45,120.33,0.3725,-1,-1,-1
14,11,773.31,323.86,46.85,129.86,0.5625,-1,-1,-1
14,12,828.49,325.56,43.96,122.34,0.4667,-1,-1,-1
15,1,-16.66,239.66,118.32,546.95,0.5546,-1,-1,-1
15,2,842.58,153.23,205.02,637.38,0.7979,-1,-1,-1
15,3,476.18,257.26,117.33,360.88,0.8390,-1,-1,-1
15,4,314.78,269.85,133.53,359.55,0.8286,-1,-1,-1
15,6,1027.92,282.74,81.61,370.74,0.6672,-1,-1,-1
15,8,715.54,330.36,42.87,130.45,0.5302,-1,-1,-1
15,9,670.29,345.67,37.54,112.34,0.4075,-1,-1,-1
15,11,772.65,322.89,47.17,129.66,0.5425,-1,-1,-1
15,12,827.90,328.88,43.62,120.35,0.4348,-1,-1,-1
16,2,838.20,153.44,210.77,640.22,0.8020,-1,-1,-1
16,3,473.53,256.51,121.57,366.25,0.8447,-1,-1,-1
16,4,309.65,269.77,136.05,366.36,0.8396,-1,-1,-1
16,6,1025.70,275.38,84.37,379.47,0.6328,-1,-1,-1
16,8,714.79,330.88,43.71,130.52,0.5304,-1,-1,-1
16,9,669.49,349.15,36.02,108.86,0.4414,-1,-1,-1
16,11,771.96,323.60,47.99,129.29,0.5743,-1,-1,-1
16,12,828.52,333.35,42.57,116.45,0.4191,-1,-1,-1
17,2,836.10,155.05,215.80,643.41,0.8270,-1,-1,-1
17,3,471.80,259.00,123.09,367.26,0.8425,-1,-1,-1
17,4,308.12,275.36,135.26,367.62,0.8504,-1,-1,-1
17,6,1024.11,275.35,86.26,378.20,0.6611,-1,-1,-1
17,8,713.64,330.17,46.05,135.73,0.5726,-1,-1,-1
17,9,668.60,347.35,38.20,117.72,0.4480,-1,-1,-1
17,11,771.71,325.69,49.38,129.57,0.5934,-1,-1,-1
17,12,828.70,338.42,42.62,116.22,0.4206,-1,-1,-1
18,2,836.51,158.46,217.26,655.46,0.8572,-1,-1,-1
18,3,469.11,259.36,126.70,374.38,0.8380,-1,-1,-1
18,4,309.60,278.69,134.62,369.38,0.8304,-1,-1,-1
18,6,1020.43,255.70,90.85,396.22,0.6970,-1,-1,-1
18,8,714.28,333.15,46.60,136.26,0.4783,-1,-1,-1
18,11,770.58,318.71,53.81,141.95,0.4270,-1,-1,-1
18,12,828.87,339.76,43.36,117.64,0.3606,-1,-1,-1
19,2,840.39,159.81,209.32,658.77,0.8586,-1,-1,-1
19,3,467.79,264.79,129.88,379.40,0.8214,-1,-1,-1
19,4,296.97,281.16,142.75,379.16,0.8303,-1,-1,-1
19,6,1015.37,255.21,93.54,398.94,0.7187,-1,-1,-1
19,8,714.94,338.38,47.26,138.45,0.4879,-1,-1,-1
19,11,773.08,332.71,50.32,131.23,0.5105,-1,-1,-1
19,12,831.67,347.68,42.16,112.48,0.3046,-1,-1,-1
20,2,844.04,168.13,201.67,654.58,0.8635,-1,-1,-1
20,3,468.76,273.01,130.23,379.12,0.8268,-1,-1,-1
20,4,298.29,287.43,144.60,378.96,0.8284,-1,-1,-1
20,6,1011.70,249.95,98.19,410.38,0.7665,-1,-1,-1
20,8,715.99,342.93,47.16,140.30,0.5284,-1,-1,-1
20,11,773.61,335.06,51.05,131.49,0.5669,-1,-1,-1
20,12,831.89,356.64,41.75,107.30,0.3492,-1,-1,-1
21,2,858.00,170.06,194.86,656.77,0.8511,-1,-1,-1
21,3,472.19,273.85,134.50,388.91,0.8124,-1,-1,-1
21,4,304.19,287.44,146.33,384.42,0.8442,-1,-1,-1
21,6,1018.76,249.86,103.88,415.01,0.8079,-1,-1,-1
21,11,777.60,335.92,52.51,131.67,0.3777,-1,-1,-1
22,2,879.41,168.48,192.28,660.21,0.8537,-1,-1,-1
22,3,493.95,276.46,132.07,390.73,0.8248,-1,-1,-1
22,4,322.97,288.36,145.85,386.31,0.8275,-1,-1,-1
22,6,1033.16,251.64,106.23,418.12,0.7957,-1,-1,-1
22,8,742.23,349.78,46.19,138.86,0.5240,-1,-1,-1
22,11,796.95,340.55,53.94,136.24,0.5636,-1,-1,-1
22,12,857.32,359.00,43.97,108.45,0.3251,-1,-1,-1
23,2,882.32,170.94,192.18,664.25,0.8619,-1,-1,-1
23,3,506.78,281.84,131.09,392.99,0.8267,-1,-1,-1
23,4,331.96,291.53,145.60,386.35,0.8289,-1,-1,-1
23,6,1042.15,255.03,109.87,421.12,0.8010,-1,-1,-1
23,8,754.91,351.24,44.91,133.30,0.3741,-1,-1,-1
23,9,704.60,366.49,42.17,126.77,0.4195,-1,-1,-1
24,2,881.68,173.39,199.06,662.93,0.8683,-1,-1,-1
24,3,516.55,285.33,132.27,396.35,0.8445,-1,-1,-1
24,4,342.07,293.24,147.72,391.12,0.8330,-1,-1,-1
24,6,1050.03,258.36,114.58,414.91,0.8175,-1,-1,-1
24,8,766.06,351.91,45.95,137.91,0.5112,-1,-1,-1
24,9,716.40,367.92,42.32,126.38,0.5326,-1,-1,-1
24,11,822.37,347.21,52.03,133.10,0.5156,-1,-1,-1
25,2,877.06,173.31,205.50,658.35,0.8634,-1,-1,-1
25,3,523.19,284.81,135.66,405.02,0.8443,-1,-1,-1
25,4,354.33,294.79,146.40,387.86,0.8319,-1,-1,-1
25,6,1059.48,259.42,119.98,417.58,0.8358,-1,-1,-1
25,8,778.32,352.05,47.24,139.85,0.4209,-1,-1,-1
25,9,729.99,368.30,42.87,129.61,0.4547,-1,-1,-1
26,2,882.25,174.38,211.57,653.56,0.8694,-1,-1,-1
26,3,538.81,294.53,133.96,404.15,0.7980,-1,-1,-1
26,4,365.61,295.38,150.37,395.80,0.8537,-1,-1,-1
26,6,1069.59,262.71,127.54,421.92,0.8313,-1,-1,-1
26,8,794.40,353.75,45.50,134.27,0.3051,-1,-1,-1
26,9,745.26,376.01,40.52,121.54,0.3271,-1,-1,-1
27,2,883.79,177.21,220.61,656.66,0.8630,-1,-1,-1
27,3,553.19,293.47,135.04,412.03,0.8309,-1,-1,-1
27,4,380.46,299.98,147.86,397.03,0.8406,-1,-1,-1
27,6,1085.25,268.10,131.83,416.79,0.8297,-1,-1,-1
27,8,808.52,355.33,47.09,136.81,0.3705,-1,-1,-1
27,9,760.60,378.25,41.34,125.89,0.3307,-1,-1,-1
27,11,865.19,340.60,58.05,148.94,0.3368,-1,-1,-1
27,13,1861.88,551.44,71.85,206.06,0.3686,-1,-1,-1
28,2,885.98,185.64,228.96,658.15,0.8748,-1,-1,-1
28,3,561.24,300.15,133.78,412.82,0.8469,-1,-1,-1
28,4,385.03,306.70,148.70,398.50,0.8611,-1,-1,-1
28,6,1089.11,275.39,135.27,415.80,0.8360,-1,-1,-1
28,8,816.60,364.03,44.97,132.13,0.4378,-1,-1,-1
28,9,768.04,382.89,41.32,126.48,0.4183,-1,-1,-1
29,2,882.50,192.28,226.71,659.63,0.8794,-1,-1,-1
29,3,564.17,299.87,134.66,417.21,0.8639,-1,-1,-1
29,4,389.73,309.98,146.99,405.31,0.8420,-1,-1,-1
29,6,1092.34,279.97,141.20,429.28,0.8128,-1,-1,-1
29,8,818.45,368.24,48.09,143.48,0.5042,-1,-1,-1
29,9,772.38,387.20,42.10,129.17,0.3731,-1,-1,-1
30,2,887.15,196.61,225.82,661.05,0.8922,-1,-1,-1
30,3,568.72,299.52,136.08,416.29,0.8519,-1,-1,-1
30,4,395.54,312.60,147.34,412.67,0.8394,-1,-1,-1
30,6,1100.05,282.11,146.30,432.59,0.8322,-1,-1,-1
30,8,827.26,371.12,47.89,141.69,0.4914,-1,-1,-1
31,2,888.43,202.05,227.26,665.24,0.8832,-1,-1,-1
31,3,572.81,301.71,136.64,419.45,0.8356,-1,-1,-1
31,4,399.17,318.61,147.26,418.58,0.8435,-1,-1,-1
31,6,1103.64,285.61,150.66,435.57,0.8545,-1,-1,-1
31,8,835.91,379.47,45.97,138.53,0.5141,-1,-1,-1
31,9,790.04,393.70,41.11,126.06,0.4837,-1,-1,-1
32,2,890.74,209.65,230.13,669.02,0.8843,-1,-1,-1
32,3,576.59,304.91,136.74,429.55,0.8523,-1,-1,-1
32,4,401.55,323.93,146.03,418.26,0.8573,-1,-1,-1
32,6,1105.06,290.79,151.93,430.60,0.8578,-1,-1,-1
32,8,839.27,380.64,46.86,146.47,0.5932,-1,-1,-1
32,9,794.96,399.58,42.20,127.58,0.3946,-1,-1,-1
33,2,894.74,213.37,231.64,669.85,0.8824,-1,-1,-1
33,3,581.07,307.48,138.11,431.12,0.8464,-1,-1,-1
33,4,404.50,329.52,147.34,417.97,0.8586,-1,-1,-1
33,6,1108.82,299.88,157.07,428.81,0.8557,-1,-1,-1
33,8,845.27,388.39,46.08,145.14,0.5306,-1,-1,-1
33,9,799.32,402.45,42.00,127.21,0.3542,-1,-1,-1
34,2,897.25,220.45,236.80,672.77,0.8748,-1,-1,-1
34,3,584.77,309.01,137.02,433.73,0.8412,-1,-1,-1
34,4,399.88,333.09,149.85,426.94,0.8418,-1,-1,-1
34,6,1110.36,303.03,158.52,421.94,0.8550,-1,-1,-1
34,8,848.36,392.64,46.95,147.32,0.5586,-1,-1,-1
34,9,802.61,407.44,43.50,130.02,0.3365,-1,-1,-1
35,2,901.80,227.96,236.12,676.99,0.8777,-1,-1,-1
35,3,588.35,313.94,137.06,439.70,0.8299,-1,-1,-1
35,4,397.14,336.62,152.02,435.47,0.8268,-1,-1,-1
35,6,1112.79,306.73,160.62,418.60,0.8461,-1,-1,-1
35,8,850.68,397.11,46.89,146.38,0.5384,-1,-1,-1
35,9,804.65,408.98,45.80,134.57,0.4807,-1,-1,-1
36,2,905.24,233.92,233.11,678.09,0.8840,-1,-1,-1
36,3,592.19,319.24,138.62,441.62,0.8214,-1,-1,-1
36,4,391.93,340.79,152.84,440.50,0.8543,-1,-1,-1
36,6,1114.18,311.61,161.06,418.38,0.8511,-1,-1,-1
36,9,806.90,413.49,46.49,134.62,0.4319,-1,-1,-1
37,2,905.78,242.81,231.76,676.45,0.8903,-1,-1,-1
37,3,591.75,323.05,137.51,446.69,0.8044,-1,-1,-1
37,4,387.26,343.01,151.32,447.15,0.8665,-1,-1,-1
37,6,1118.19,315.33,162.11,425.62,0.8438,-1,-1,-1
37,8,861.23,413.93,42.60,133.55,0.4535,-1,-1,-1
37,9,808.76,422.94,45.59,130.04,0.3624,-1,-1,-1
38,2,912.38,248.33,228.49,676.55,0.8889,-1,-1,-1
38,3,593.36,329.05,136.88,450.45,0.8259,-1,-1,-1
38,4,381.93,347.34,152.56,447.90,0.8690,-1,-1,-1
38,6,1119.43,321.47,161.32,420.69,0.8463,-1,-1,-1
38,8,864.20,417.25,42.39,136.35,0.6131,-1,-1,-1
38,9,811.43,432.26,46.51,129.40,0.3782,-1,-1,-1
39,2,921.11,254.80,223.36,679.13,0.8846,-1,-1,-1
39,3,590.82,333.24,139.66,461.66,0.8165,-1,-1,-1
39,4,376.65,350.64,155.99,453.14,0.8802,-1,-1,-1
39,6,1123.39,328.37,160.97,429.26,0.8541,-1,-1,-1
39,8,864.68,424.73,42.21,134.70,0.5074,-1,-1,-1
39,9,813.81,439.34,43.53,118.37,0.3247,-1,-1,-1
40,2,925.50,256.25,219.72,686.74,0.8765,-1,-1,-1
40,3,585.93,344.18,143.26,468.89,0.7965,-1,-1,-1
40,4,371.75,355.99,158.13,455.48,0.8740,-1,-1,-1
40,6,1126.84,335.53,159.61,432.60,0.8542,-1,-1,-1
40,8,863.69,427.27,46.33,146.58,0.5479,-1,-1,-1
41,2,925.95,258.65,214.24,682.36,0.8804,-1,-1,-1
41,3,581.85,342.74,144.95,474.89,0.8022,-1,-1,-1
41,4,358.70,355.42,163.87,458.14,0.8626,-1,-1,-1
41,6,1132.09,339.37,155.50,429.86,0.8500,-1,-1,-1
41,8,863.35,432.68,46.20,145.52,0.4787,-1,-1,-1
41,9,810.31,451.96,47.52,125.98,0.3320,-1,-1,-1
42,2,930.75,265.98,208.64,672.47,0.8822,-1,-1,-1
42,3,577.83,347.54,147.01,480.56,0.7102,-1,-1,-1
42,4,345.38,357.08,170.59,466.36,0.8716,-1,-1,-1
42,6,1133.44,348.17,151.72,427.57,0.8558,-1,-1,-1
42,8,862.72,436.03,46.42,146.97,0.4658,-1,-1,-1
42,9,809.74,459.40,48.66,127.25,0.3295,-1,-1,-1
43,2,932.30,273.24,202.45,659.88,0.8819,-1,-1,-1
43,3,571.11,352.52,145.14,481.31,0.8054,-1,-1,-1
43,4,332.64,363.57,174.71,470.39,0.8483,-1,-1,-1
43,6,1130.67,354.05,151.98,429.47,0.8571,-1,-1,-1
43,8,860.82,442.06,44.00,137.90,0.3506,-1,-1,-1
44,2,930.95,279.53,200.76,657.73,0.8857,-1,-1,-1
44,3,564.96,357.05,145.57,491.76,0.8117,-1,-1,-1
44,4,317.51,366.44,180.73,477.50,0.8581,-1,-1,-1
44,6,1128.48,363.02,151.15,423.66,0.8564,-1,-1,-1
44,8,855.39,442.77,46.54,146.27,0.3893,-1,-1,-1
45,2,929.01,284.57,199.75,660.54,0.8876,-1,-1,-1
45,3,558.89,361.79,144.23,502.00,0.8246,-1,-1,-1
45,4,304.03,371.88,187.09,489.51,0.8454,-1,-1,-1
45,6,1123.87,368.76,151.40,426.42,0.8408,-1,-1,-1
45,8,848.90,449.69,47.17,146.72,0.4301,-1,-1,-1
46,2,924.68,293.66,199.73,667.36,0.8866,-1,-1,-1
46,3,552.97,364.29,143.70,507.85,0.8213,-1,-1,-1
46,4,291.57,379.19,190.85,503.88,0.8413,-1,-1,-1
46,6,1120.55,376.89,152.08,433.93,0.8509,-1,-1,-1
46,8,846.15,456.91,47.99,147.64,0.4778,-1,-1,-1
47,2,920.12,303.23,197.60,670.36,0.8781,-1,-1,-1
47,3,545.81,370.12,145.36,513.74,0.8248,-1,-1,-1
47,4,271.35,383.54,200.03,522.10,0.8436,-1,-1,-1
47,6,1115.71,382.28,149.82,434.69,0.8357,-1,-1,-1
47,8,844.07,469.50,45.35,137.22,0.3350,-1,-1,-1
48,2,914.69,309.97,198.47,680.48,0.8774,-1,-1,-1
48,3,532.59,372.11,150.38,525.07,0.8578,-1,-1,-1
48,4,257.39,393.22,204.83,529.40,0.8569,-1,-1,-1
48,6,1110.31,390.09,145.09,435.61,0.8321,-1,-1,-1
48,8,837.33,467.43,49.23,152.93,0.6837,-1,-1,-1
48,9,780.87,485.77,44.73,116.98,0.3229,-1,-1,-1
49,2,907.11,319.87,197.64,685.03,0.8784,-1,-1,-1
49,3,524.43,376.63,153.94,532.26,0.8508,-1,-1,-1
49,4,240.53,399.64,210.32,534.44,0.8719,-1,-1,-1
49,6,1105.05,395.48,146.47,434.35,0.8530,-1,-1,-1
49,8,832.09,472.63,49.44,151.86,0.4995,-1,-1,-1
50,2,902.51,328.37,196.03,684.27,0.8773,-1,-1,-1
50,3,519.54,383.38,156.09,537.66,0.8387,-1,-1,-1
50,4,227.44,406.84,212.11,521.92,0.8353,-1,-1,-1
50,6,1098.05,399.61,146.18,440.02,0.8538,-1,-1,-1
50,8,822.62,476.69,50.93,154.56,0.5770,-1,-1,-1
50,9,764.34,492.52,52.66,139.30,0.3133,-1,-1,-1
51,2,896.78,335.72,194.07,685.67,0.8694,-1,-1,-1
51,3,509.44,385.73,158.36,544.85,0.8470,-1,-1,-1
51,4,210.57,413.23,216.95,517.19,0.8440,-1,-1,-1
51,6,1094.51,403.17,146.15,439.70,0.8680,-1,-1,-1
51,8,817.46,480.09,52.89,156.24,0.5905,-1,-1,-1
52,2,891.96,342.48,192.31,684.38,0.8759,-1,-1,-1
52,3,501.28,388.04,160.29,545.75,0.8376,-1,-1,-1
52,4,192.50,417.07,231.71,558.61,0.8293,-1,-1,-1
52,6,1091.35,404.23,147.45,442.99,0.8645,-1,-1,-1
52,8,813.86,489.63,50.61,146.35,0.3282,-1,-1,-1
52,9,754.88,498.78,51.74,135.97,0.3138,-1,-1,-1
53,2,887.29,348.10,191.84,681.24,0.8783,-1,-1,-1
53,3,493.84,396.14,162.92,549.18,0.8404,-1,-1,-1
53,4,182.58,419.73,227.75,567.22,0.8704,-1,-1,-1
53,6,1084.72,408.35,152.06,443.20,0.8652,-1,-1,-1
53,8,811.27,492.03,51.81,146.87,0.6582,-1,-1,-1
53,9,752.79,501.96,53.06,138.68,0.3277,-1,-1,-1
54,2,882.07,350.44,193.62,678.71,0.8833,-1,-1,-1
54,3,484.07,395.72,169.11,558.30,0.8509,-1,-1,-1
54,4,173.37,420.70,227.93,574.71,0.8822,-1,-1,-1
54,6,1078.61,409.21,157.58,446.07,0.8712,-1,-1,-1
54,8,811.54,493.26,49.88,139.26,0.5952,-1,-1,-1
55,2,872.78,349.04,197.23,679.60,0.8837,-1,-1,-1
55,3,476.73,396.68,176.26,565.81,0.8581,-1,-1,-1
55,4,165.12,418.77,227.22,583.60,0.8952,-1,-1,-1
55,6,1074.70,410.33,161.08,445.15,0.8756,-1,-1,-1
55,8,808.16,492.74,51.78,142.82,0.4668,-1,-1,-1
55,9,746.28,508.06,53.53,140.18,0.5135,-1,-1,-1
56,2,867.92,348.10,199.06,683.43,0.8792,-1,-1,-1
56,3,471.04,398.92,184.01,578.85,0.8728,-1,-1,-1
56,4,156.43,417.65,227.30,594.35,0.8826,-1,-1,-1
56,6,1076.45,412.08,161.59,439.65,0.8744,-1,-1,-1
56,8,804.80,493.21,55.36,152.29,0.4625,-1,-1,-1
57,2,860.99,347.74,201.60,687.55,0.8752,-1,-1,-1
57,3,463.82,402.58,191.35,592.94,0.8758,-1,-1,-1
57,4,145.18,418.47,228.28,600.66,0.8887,-1,-1,-1
57,6,1074.90,414.27,163.70,437.54,0.8674,-1,-1,-1
57,8,804.01,497.64,56.26,154.51,0.3711,-1,-1,-1
57,9,743.90,523.60,49.21,127.32,0.3011,-1,-1,-1
58,2,857.39,347.22,202.43,676.75,0.8683,-1,-1,-1
58,3,458.10,398.49,197.25,609.63,0.8814,-1,-1,-1
58,4,137.25,417.17,231.07,611.77,0.8760,-1,-1,-1
58,6,1070.20,411.69,167.96,445.39,0.8718,-1,-1,-1
59,2,844.88,343.96,206.07,667.57,0.8827,-1,-1,-1
59,3,451.74,393.07,197.71,624.56,0.8830,-1,-1,-1
59,4,126.75,416.59,234.39,616.83,0.8969,-1,-1,-1
59,6,1069.72,414.56,168.26,440.43,0.8702,-1,-1,-1
59,8,801.19,502.08,54.01,147.04,0.3329,-1,-1,-1
59,9,742.20,516.03,46.22,121.49,0.3152,-1,-1,-1
60,2,837.14,345.20,208.94,664.88,0.8873,-1,-1,-1
60,3,451.05,397.46,193.93,623.97,0.8773,-1,-1,-1
60,4,114.82,415.89,238.44,622.28,0.9068,-1,-1,-1
60,6,1066.95,415.01,171.70,442.66,0.8682,-1,-1,-1
60,8,799.33,498.99,52.40,141.58,0.3746,-1,-1,-1
61,2,824.39,346.09,218.00,668.22,0.8888,-1,-1,-1
61,3,444.00,399.43,196.40,637.29,0.8643,-1,-1,-1
61,4,104.93,415.49,242.64,632.54,0.9052,-1,-1,-1
61,6,1064.54,416.34,175.04,443.09,0.8656,-1,-1,-1
61,8,798.34,498.31,52.29,139.96,0.4130,-1,-1,-1
62,2,820.58,345.81,223.68,668.37,0.8800,-1,-1,-1
62,3,444.04,397.91,196.62,643.54,0.8512,-1,-1,-1
62,4,97.63,411.71,247.42,657.76,0.9003,-1,-1,-1
62,6,1066.08,415.32,177.64,442.45,0.8628,-1,-1,-1
62,8,796.82,495.52,53.23,142.10,0.3431,-1,-1,-1
63,2,818.48,341.84,225.76,675.08,0.8811,-1,-1,-1
63,3,442.25,393.00,199.02,651.06,0.8613,-1,-1,-1
63,4,95.19,406.03,243.27,671.79,0.8924,-1,-1,-1
63,6,1068.18,414.12,181.33,442.73,0.8705,-1,-1,-1
63,19,1020.07,430.79,64.37,322.07,0.7148,-1,-1,-1
64,2,818.88,340.79,223.84,677.84,0.8784,-1,-1,-1
64,3,448.00,386.19,199.64,660.26,0.8709,-1,-1,-1
64,4,91.15,402.81,239.66,674.79,0.8872,-1,-1,-1
64,6,1069.44,414.33,183.87,442.97,0.8700,-1,-1,-1
64,8,798.86,493.57,54.26,148.74,0.3707,-1,-1,-1
64,9,738.73,508.54,54.73,143.38,0.3746,-1,-1,-1
64,19,1021.73,435.09,64.97,314.97,0.7914,-1,-1,-1
65,2,816.60,339.27,226.44,680.79,0.8890,-1,-1,-1
65,3,446.98,379.70,202.68,667.80,0.8722,-1,-1,-1
65,4,82.51,404.14,239.67,674.34,0.8834,-1,-1,-1
65,6,1072.63,411.60,185.38,444.70,0.8626,-1,-1,-1
65,8,799.20,489.85,54.84,155.99,0.4018,-1,-1,-1
65,9,741.84,508.21,56.49,143.26,0.5812,-1,-1,-1
65,19,1023.44,435.94,66.71,312.18,0.7868,-1,-1,-1
66,2,818.71,337.57,226.12,682.86,0.8875,-1,-1,-1
66,3,445.19,372.49,208.49,676.18,0.8764,-1,-1,-1
66,4,74.87,402.19,242.57,673.41,0.8885,-1,-1,-1
66,6,1081.38,405.19,188.35,452.81,0.8392,-1,-1,-1
66,8,802.90,487.64,51.43,151.74,0.3335,-1,-1,-1
66,9,743.75,503.54,57.94,146.53,0.4667,-1,-1,-1
66,19,1024.98,434.61,69.38,311.85,0.7797,-1,-1,-1
67,2,819.81,337.65,226.45,683.38,0.8931,-1,-1,-1
67,3,444.81,366.33,212.75,682.72,0.8733,-1,-1,-1
67,4,63.75,396.82,245.71,680.38,0.8880,-1,-1,-1
67,6,1085.61,402.06,190.44,457.68,0.8461,-1,-1,-1
67,9,745.68,496.23,59.54,150.43,0.6051,-1,-1,-1
67,19,1026.33,431.14,71.19,308.96,0.7461,-1,-1,-1
68,2,822.58,336.14,226.71,684.73,0.8934,-1,-1,-1
68,3,443.24,355.54,218.49,691.75,0.8708,-1,-1,-1
68,4,50.34,394.56,249.50,676.02,0.8889,-1,-1,-1
68,6,1089.82,399.42,184.65,454.21,0.8456,-1,-1,-1
68,9,748.50,496.99,58.27,146.17,0.5304,-1,-1,-1
68,19,1029.14,423.13,74.17,315.12,0.7259,-1,-1,-1
69,2,829.68,330.81,224.30,685.58,0.8879,-1,-1,-1
69,3,443.01,347.16,223.30,700.28,0.8775,-1,-1,-1
69,4,36.54,383.12,259.31,684.26,0.8998,-1,-1,-1
69,6,1093.90,395.16,183.05,456.25,0.8726,-1,-1,-1
69,9,750.81,490.96,59.44,149.46,0.6034,-1,-1,-1
69,19,1032.22,419.33,75.20,315.74,0.7208,-1,-1,-1
70,2,830.45,328.22,224.64,682.20,0.8967,-1,-1,-1
70,3,438.42,341.23,229.75,707.69,0.8913,-1,-1,-1
70,4,17.62,375.21,270.65,695.94,0.9135,-1,-1,-1
70,6,1097.20,390.91,182.52,456.48,0.8721,-1,-1,-1
70,8,814.26,468.88,53.36,163.25,0.3136,-1,-1,-1
70,9,752.62,486.91,59.85,151.36,0.5373,-1,-1,-1
70,19,1034.07,415.83,76.00,315.51,0.7091,-1,-1,-1
70,21,1551.74,449.72,43.32,64.15,0.3554,-1,-1,-1
71,2,833.40,325.59,224.09,681.26,0.8904,-1,-1,-1
71,3,432.54,334.02,235.53,721.71,0.8901,-1,-1,-1
71,4,1.97,368.04,269.61,703.60,0.9096,-1,-1,-1
71,6,1100.16,386.43,180.39,453.61,0.8643,-1,-1,-1
71,9,753.22,484.68,59.89,151.38,0.5789,-1,-1,-1
71,19,1034.49,412.35,77.28,316.19,0.7217,-1,-1,-1
71,21,1550.60,447.32,43.75,62.45,0.4409,-1,-1,-1
72,2,833.15,319.27,225.46,682.27,0.8906,-1,-1,-1
72,3,426.20,323.97,241.45,747.82,0.8916,-1,-1,-1
72,4,-2.24,360.52,261.73,711.68,0.9195,-1,-1,-1
72,6,1102.94,384.62,178.82,450.65,0.8592,-1,-1,-1
72,9,754.54,484.34,59.61,150.43,0.5615,-1,-1,-1
72,19,1035.27,410.90,77.39,314.90,0.7227,-1,-1,-1
72,21,1555.59,445.36,44.03,61.91,0.4067,-1,-1,-1
73,2,834.65,313.19,224.05,678.68,0.8855,-1,-1,-1
73,3,420.40,314.31,244.22,762.23,0.8933,-1,-1,-1
73,4,-4.19,347.36,250.29,725.00,0.9111,-1,-1,-1
73,6,1104.89,381.38,176.33,444.36,0.8556,-1,-1,-1
73,9,751.86,477.30,59.72,152.85,0.4691,-1,-1,-1
73,19,1036.24,410.55,76.70,312.52,0.6758,-1,-1,-1
73,21,1552.66,442.34,45.49,61.41,0.4260,-1,-1,-1
74,2,834.74,308.31,222.21,664.26,0.8805,-1,-1,-1
74,3,412.98,310.69,245.85,763.56,0.8907,-1,-1,-1
74,4,-5.08,342.80,234.46,733.25,0.9065,-1,-1,-1
74,6,1105.49,377.80,173.88,441.69,0.8565,-1,-1,-1
74,9,750.18,475.07,59.61,152.70,0.5560,-1,-1,-1
74,19,1036.32,410.20,76.96,310.91,0.6848,-1,-1,-1
74,21,1553.98,440.75,47.77,61.59,0.4308,-1,-1,-1
75,2,836.74,304.39,220.12,661.93,0.8721,-1,-1,-1
75,3,402.25,302.72,249.20,771.47,0.8954,-1,-1,-1
75,4,-5.77,329.86,220.18,746.44,0.8958,-1,-1,-1
75,6,1105.41,375.35,173.27,440.50,0.8616,-1,-1,-1
75,8,814.64,456.13,50.06,160.13,0.3709,-1,-1,-1
75,9,748.20,471.80,59.44,153.48,0.5618,-1,-1,-1
75,19,1036.38,424.09,73.42,294.21,0.6642,-1,-1,-1
75,21,1553.53,438.52,50.31,61.83,0.4430,-1,-1,-1
76,2,841.46,300.57,217.22,661.33,0.8691,-1,-1,-1
76,3,392.49,296.55,252.50,774.23,0.8894,-1,-1,-1
76,4,-5.52,322.77,204.36,749.86,0.8883,-1,-1,-1
76,6,1107.92,373.41,169.82,439.92,0.8559,-1,-1,-1
76,8,814.59,452.50,49.29,163.09,0.3975,-1,-1,-1
76,9,749.10,472.01,58.32,148.02,0.5169,-1,-1,-1
76,19,1038.14,436.73,71.35,277.35,0.7228,-1,-1,-1
76,21,1551.66,437.86,53.27,61.91,0.4525,-1,-1,-1
77,2,845.11,298.41,211.81,664.63,0.8786,-1,-1,-1
77,3,383.18,294.44,254.90,772.20,0.8913,-1,-1,-1
77,4,-5.95,317.47,189.79,758.05,0.8802,-1,-1,-1
77,6,1108.54,371.95,168.67,442.97,0.8657,-1,-1,-1
77,8,815.59,450.71,47.62,160.61,0.4081,-1,-1,-1
77,9,748.55,471.25,59.67,148.62,0.5040,-1,-1,-1
77,19,1036.63,436.75,72.40,277.66,0.6324,-1,-1,-1
77,21,1549.46,437.72,55.19,61.05,0.4086,-1,-1,-1
78,2,848.54,295.86,205.18,667.53,0.8637,-1,-1,-1
78,3,368.08,289.94,262.12,781.05,0.8972,-1,-1,-1
78,4,-7.44,311.79,173.76,760.17,0.8673,-1,-1,-1
78,6,1108.25,370.80,167.68,444.07,0.8640,-1,-1,-1
78,8,813.97,451.27,47.19,162.18,0.6321,-1,-1,-1
78,9,744.69,465.15,63.31,156.49,0.5499,-1,-1,-1
78,19,1030.00,418.43,77.82,298.63,0.7076,-1,-1,-1
78,21,1549.03,437.20,57.40,61.57,0.4210,-1,-1,-1
79,2,850.81,292.14,201.93,673.24,0.8592,-1,-1,-1
79,3,351.23,284.91,265.42,786.53,0.9003,-1,-1,-1
79,4,-8.83,310.67,161.64,762.72,0.8291,-1,-1,-1
79,6,1107.92,367.77,166.62,445.51,0.8600,-1,-1,-1
79,8,810.87,449.40,47.76,166.10,0.6450,-1,-1,-1
79,9,739.18,469.62,59.43,151.74,0.4962,-1,-1,-1
79,19,1024.19,401.64,80.97,313.81,0.7189,-1,-1,-1
79,21,1545.15,435.69,58.46,61.72,0.3016,-1,-1,-1
80,2,849.15,289.63,197.37,677.15,0.8566,-1,-1,-1
80,3,333.44,275.41,272.61,795.00,0.8965,-1,-1,-1
80,4,11.91,408.47,95.52,433.91,0.5093,-1,-1,-1
80,6,1104.56,363.97,164.89,448.59,0.8433,-1,-1,-1
80,8,804.31,445.78,51.38,171.85,0.6151,-1,-1,-1
80,9,734.97,469.86,58.17,153.51,0.5411,-1,-1,-1
80,19,1020.61,398.16,79.45,317.60,0.7097,-1,-1,-1
81,2,848.33,293.60,192.94,675.87,0.8514,-1,-1,-1
81,3,315.98,266.23,277.27,803.22,0.9018,-1,-1,-1
81,4,-0.68,436.85,94.03,433.75,0.6418,-1,-1,-1
81,6,1102.37,364.28,159.76,445.85,0.8567,-1,-1,-1
81,8,799.20,444.34,51.65,168.70,0.6196,-1,-1,-1
81,9,729.96,463.36,57.07,154.62,0.5612,-1,-1,-1
81,19,1016.38,405.27,75.92,308.78,0.6937,-1,-1,-1
81,21,1538.51,431.33,60.85,63.29,0.3117,-1,-1,-1
81,22,1870.50,882.45,49.58,197.04,0.3592,-1,-1,-1
82,2,845.02,294.48,189.10,674.73,0.8529,-1,-1,-1
82,3,294.46,252.09,291.50,820.16,0.8974,-1,-1,-1
82,4,-1.58,444.21,74.62,356.79,0.7815,-1,-1,-1
82,6,1097.41,359.55,157.32,448.04,0.8627,-1,-1,-1
82,8,794.98,440.83,52.95,169.04,0.6749,-1,-1,-1
82,9,723.75,455.81,57.38,159.39,0.6341,-1,-1,-1
82,19,1013.52,391.86,76.65,315.67,0.6466,-1,-1,-1
83,2,842.91,292.55,183.61,673.55,0.8514,-1,-1,-1
83,3,270.37,239.49,299.67,830.94,0.8896,-1,-1,-1
83,6,1094.02,358.34,155.36,452.61,0.8518,-1,-1,-1
83,8,792.12,436.52,51.82,165.23,0.5785,-1,-1,-1
83,9,721.53,451.71,56.82,156.83,0.3876,-1,-1,-1
83,19,1004.20,382.37,78.96,323.88,0.5449,-1,-1,-1
84,2,834.54,292.32,180.69,675.23,0.8476,-1,-1,-1
84,3,239.40,228.08,304.13,844.87,0.9033,-1,-1,-1
84,6,1086.21,354.40,155.68,457.52,0.8586,-1,-1,-1
84,8,784.07,434.81,51.78,166.06,0.5587,-1,-1,-1
84,9,712.40,449.99,55.73,154.96,0.5917,-1,-1,-1
84,19,996.13,376.22,79.05,321.33,0.7452,-1,-1,-1
84,22,1874.69,872.42,44.55,179.87,0.3651,-1,-1,-1
85,2,824.52,290.40,178.10,671.29,0.8275,-1,-1,-1
85,3,209.67,215.95,325.24,858.25,0.9170,-1,-1,-1
85,6,1078.50,354.38,151.22,453.01,0.8485,-1,-1,-1
85,8,773.17,426.30,53.48,171.37,0.5998,-1,-1,-1
85,9,706.07,450.99,53.97,151.48,0.4575,-1,-1,-1
85,19,985.87,373.90,79.21,317.43,0.7616,-1,-1,-1
86,2,811.38,283.65,180.27,671.83,0.8417,-1,-1,-1
86,3,183.96,202.50,325.41,872.16,0.9056,-1,-1,-1
86,6,1071.65,348.87,151.07,454.14,0.8318,-1,-1,-1
86,8,766.41,419.96,53.39,176.53,0.5159,-1,-1,-1
86,9,696.64,444.53,55.62,155.12,0.5367,-1,-1,-1
86,19,973.92,369.41,84.50,319.93,0.8069,-1,-1,-1
86,24,485.33,412.17,70.49,286.34,0.7152,-1,-1,-1
87,2,798.57,277.85,186.02,676.80,0.8524,-1,-1,-1
87,3,152.92,187.58,331.83,887.58,0.9104,-1,-1,-1
87,6,1063.25,346.95,151.86,451.95,0.8509,-1,-1,-1
87,8,758.31,413.30,52.56,181.41,0.6884,-1,-1,-1
87,9,690.92,447.00,55.10,151.22,0.4641,-1,-1,-1
87,19,964.90,366.84,86.94,319.97,0.7796,-1,-1,-1
87,24,475.21,410.80,71.85,285.63,0.7296,-1,-1,-1
88,2,784.02,274.30,193.04,670.04,0.8571,-1,-1,-1
88,3,129.61,180.05,337.57,896.53,0.9155,-1,-1,-1
88,6,1052.34,339.67,152.63,454.54,0.8485,-1,-1,-1
88,8,747.68,409.75,51.38,177.26,0.4646,-1,-1,-1
88,9,680.52,440.04,56.50,155.11,0.6147,-1,-1,-1
88,19,951.94,358.52,90.79,325.01,0.7449,-1,-1,-1
88,24,453.46,408.11,79.99,286.76,0.7607,-1,-1,-1
88,25,1520.47,416.57,40.60,56.94,0.3523,-1,-1,-1
89,2,768.19,267.83,198.07,668.77,0.8477,-1,-1,-1
89,3,102.09,167.77,349.77,907.00,0.9201,-1,-1,-1
89,6,1044.46,333.64,156.92,454.47,0.8534,-1,-1,-1
89,8,739.06,407.86,51.35,180.66,0.3303,-1,-1,-1
89,9,672.86,436.27,57.75,157.30,0.5573,-1,-1,-1
89,19,943.84,359.40,93.58,316.98,0.8162,-1,-1,-1
89,22,1859.24,855.62,51.40,193.97,0.3690,-1,-1,-1
89,24,435.83,396.81,91.93,301.07,0.7739,-1,-1,-1
90,2,753.04,260.10,207.98,656.04,0.8689,-1,-1,-1
90,3,73.05,151.81,369.88,922.72,0.9241,-1,-1,-1
90,6,1037.02,328.12,159.47,460.50,0.8482,-1,-1,-1
90,9,668.32,433.05,58.25,156.20,0.4318,-1,-1,-1
90,19,938.60,355.04,94.23,314.91,0.7823,-1,-1,-1
90,24,424.86,388.98,97.40,303.52,0.7799,-1,-1,-1
91,2,738.82,257.02,216.91,647.75,0.8808,-1,-1,-1
91,3,50.80,141.57,381.40,930.52,0.9224,-1,-1,-1
91,6,1031.93,324.50,161.89,455.87,0.8681,-1,-1,-1
91,9,657.88,426.12,57.97,156.78,0.4526,-1,-1,-1
91,19,931.49,350.12,97.67,318.41,0.7997,-1,-1,-1
91,24,415.39,386.74,100.10,305.14,0.7615,-1,-1,-1
91,25,1504.40,397.10,44.34,62.46,0.3419,-1,-1,-1
92,2,724.96,250.68,223.93,651.93,0.8787,-1,-1,-1
92,3,22.68,125.71,400.60,946.48,0.9221,-1,-1,-1
92,6,1026.05,317.49,164.80,453.81,0.8636,-1,-1,-1
92,9,654.16,423.06,58.98,158.28,0.5489,-1,-1,-1
92,19,923.67,349.50,97.17,316.68,0.7895,-1,-1,-1
92,22,1854.83,837.13,56.61,195.52,0.3515,-1,-1,-1
92,24,405.48,385.00,103.86,307.13,0.8223,-1,-1,-1
92,25,1503.02,395.68,42.10,60.56,0.4943,-1,-1,-1
93,2,716.75,244.62,231.88,656.39,0.8891,-1,-1,-1
93,3,1.47,116.35,410.91,956.27,0.9244,-1,-1,-1
93,6,1019.03,313.75,169.09,454.28,0.8705,-1,-1,-1
93,9,651.06,420.76,58.45,157.60,0.3373,-1,-1,-1
93,19,922.40,347.72,97.60,316.83,0.7763,-1,-1,-1
93,22,1852.59,838.67,60.17,194.65,0.3963,-1,-1,-1
93,24,397.83,379.15,106.59,312.22,0.8071,-1,-1,-1
93,25,1497.26,390.26,43.42,62.39,0.4659,-1,-1,-1
94,2,707.18,241.24,231.66,660.38,0.8729,-1,-1,-1
94,3,-1.74,106.82,406.95,969.19,0.9323,-1,-1,-1
94,6,1014.34,312.85,172.74,453.74,0.8726,-1,-1,-1
94,19,919.10,346.47,99.14,319.22,0.8026,-1,-1,-1
94,24,391.07,378.76,107.67,308.38,0.8026,-1,-1,-1
94,25,1495.69,390.13,41.56,59.43,0.4162,-1,-1,-1
94,27,1725.26,853.99,94.70,220.13,0.3618,-1,-1,-1
95,2,701.04,240.06,232.54,667.13,0.8860,-1,-1,-1
95,3,-1.18,96.67,404.52,978.88,0.9307,-1,-1,-1
95,6,1008.77,311.68,176.36,453.55,0.8644,-1,-1,-1
95,19,916.57,344.14,99.43,320.47,0.7805,-1,-1,-1
95,24,384.67,375.07,110.91,314.75,0.8174,-1,-1,-1
95,25,1493.82,390.78,40.84,58.25,0.3194,-1,-1,-1
95,27,1724.34,855.35,94.65,219.28,0.3667,-1,-1,-1
96,2,693.18,243.15,232.11,665.47,0.9045,-1,-1,-1
96,3,-3.20,85.02,387.01,990.28,0.9349,-1,-1,-1
96,6,1005.04,311.22,180.97,456.53,0.8598,-1,-1,-1
96,9,637.84,427.43,59.27,154.90,0.3024,-1,-1,-1
96,19,913.13,345.32,100.55,320.01,0.7540,-1,-1,-1
96,24,378.88,374.64,112.53,321.72,0.8098,-1,-1,-1
96,25,1491.23,391.97,40.48,57.42,0.3033,-1,-1,-1
96,27,1724.33,856.11,95.71,220.57,0.4038,-1,-1,-1
97,2,694.00,241.64,230.43,672.98,0.8996,-1,-1,-1
97,3,-2.35,75.28,374.24,999.76,0.9338,-1,-1,-1
97,6,1003.34,311.24,184.34,456.53,0.8618,-1,-1,-1
97,9,632.70,419.13,61.70,161.77,0.5593,-1,-1,-1
97,19,906.83,342.84,102.84,319.23,0.7328,-1,-1,-1
97,22,1854.47,834.81,60.82,185.89,0.3590,-1,-1,-1
97,24,376.99,370.37,113.63,327.04,0.8189,-1,-1,-1
97,27,1727.26,855.68,96.23,221.22,0.4493,-1,-1,-1
98,2,693.29,243.92,228.03,676.59,0.8996,-1,-1,-1
98,3,-2.16,56.10,363.41,1015.01,0.9344,-1,-1,-1
98,6,1002.92,310.81,188.55,459.40,0.8591,-1,-1,-1
98,9,630.88,415.87,62.06,166.82,0.6311,-1,-1,-1
98,19,907.89,343.46,103.44,320.92,0.7306,-1,-1,-1
98,24,376.49,368.55,113.59,330.42,0.8255,-1,-1,-1
98,27,1732.12,857.69,95.90,220.54,0.4001,-1,-1,-1
99,2,693.27,248.19,226.99,677.70,0.8985,-1,-1,-1
99,3,-1.89,46.58,352.70,1025.58,0.9272,-1,-1,-1
99,6,1004.50,311.49,193.46,461.14,0.8700,-1,-1,-1
99,9,630.88,416.34,59.33,165.38,0.6340,-1,-1,-1
99,19,909.13,343.59,103.47,320.99,0.7370,-1,-1,-1
99,24,375.31,366.59,114.08,334.01,0.8214,-1,-1,-1
99,25,1494.36,384.04,45.51,66.28,0.3077,-1,-1,-1
100,2,694.56,251.03,223.87,675.11,0.8988,-1,-1,-1
100,3,-2.50,35.56,340.24,1035.00,0.9225,-1,-1,-1
100,6,1006.79,313.21,196.42,460.57,0.8763,-1,-1,-1
100,9,630.84,415.16,59.55,166.22,0.6493,-1,-1,-1
100,19,912.20,349.43,103.26,316.93,0.7435,-1,-1,-1
100,24,373.49,368.94,114.31,332.75,0.8323,-1,-1,-1
100,25,1495.42,381.01,45.74,67.37,0.4183,-1,-1,-1
101,2,700.16,250.84,219.24,675.58,0.8890,-1,-1,-1
101,3,-4.66,16.37,326.91,1059.15,0.9144,-1,-1,-1
101,6,1008.16,312.18,199.47,463.70,0.8568,-1,-1,-1
101,9,633.56,413.96,59.19,164.99,0.7018,-1,-1,-1
101,19,914.25,348.35,103.93,317.24,0.7683,-1,-1,-1
101,24,374.64,365.88,115.47,337.52,0.8239,-1,-1,-1
102,2,704.29,251.46,219.24,668.47,0.8948,-1,-1,-1
102,3,-4.09,13.81,305.42,1058.91,0.9190,-1,-1,-1
102,6,1014.65,312.92,199.50,465.27,0.8308,-1,-1,-1
102,9,637.51,414.10,59.58,165.55,0.5224,-1,-1,-1
102,19,919.94,347.10,103.96,319.60,0.7923,-1,-1,-1
102,24,375.38,365.05,116.92,341.41,0.8319,-1,-1,-1
103,2,716.89,251.03,220.62,665.94,0.8881,-1,-1,-1
103,3,-4.06,9.92,289.05,1061.71,0.9092,-1,-1,-1
103,6,1023.60,315.97,201.12,465.79,0.8433,-1,-1,-1
103,9,643.90,409.31,60.28,166.37,0.5544,-1,-1,-1
103,19,929.82,340.95,103.96,322.95,0.7443,-1,-1,-1
103,24,385.44,366.87,114.83,336.21,0.8037,-1,-1,-1
104,2,726.17,246.66,222.11,668.70,0.8919,-1,-1,-1
104,3,-7.12,13.93,276.39,1046.09,0.8316,-1,-1,-1
104,6,1042.29,308.13,202.88,470.03,0.8582,-1,-1,-1
104,9,657.13,407.22,59.87,169.02,0.6639,-1,-1,-1
104,19,942.83,338.31,104.96,322.62,0.7345,-1,-1,-1
104,24,395.92,370.93,113.62,333.48,0.8112,-1,-1,-1
104,25,1533.60,377.04,44.76,66.35,0.5237,-1,-1,-1
104,27,1791.82,859.58,98.81,220.38,0.3975,-1,-1,-1
105,2,739.48,245.24,220.42,663.52,0.8861,-1,-1,-1
105,3,7.08,242.11,224.52,826.78,0.7801,-1,-1,-1
105,6,1052.45,308.91,201.54,469.35,0.8547,-1,-1,-1
105,9,665.18,408.51,59.32,166.90,0.3739,-1,-1,-1
105,19,952.13,333.54,105.99,328.69,0.7371,-1,-1,-1
105,24,403.45,365.92,113.64,337.67,0.8087,-1,-1,-1
105,25,1546.54,374.49,45.93,67.70,0.4179,-1,-1,-1
105,27,1808.30,861.24,100.58,218.51,0.4947,-1,-1,-1
106,2,748.09,242.30,214.51,649.22,0.8781,-1,-1,-1
106,3,-16.56,248.87,176.60,674.48,0.6228,-1,-1,-1
106,6,1066.06,303.37,205.31,477.87,0.8421,-1,-1,-1
106,9,669.54,405.52,60.66,167.66,0.6820,-1,-1,-1
106,19,958.38,332.43,105.42,329.51,0.7895,-1,-1,-1
106,24,410.95,365.33,112.48,335.64,0.8015,-1,-1,-1
106,25,1556.77,372.72,45.60,67.64,0.4629,-1,-1,-1
106,27,1817.85,857.45,101.88,222.40,0.6350,-1,-1,-1
107,2,756.85,235.99,212.16,644.33,0.8783,-1,-1,-1
107,3,-35.84,247.71,176.12,787.75,0.7251,-1,-1,-1
107,6,1070.87,303.22,199.88,474.34,0.8424,-1,-1,-1
107,9,672.04,404.20,62.97,169.42,0.6755,-1,-1,-1
107,19,964.65,330.67,105.30,326.80,0.7449,-1,-1,-1
107,24,414.44,361.69,113.15,338.74,0.7888,-1,-1,-1
107,25,1567.45,371.72,45.05,67.02,0.3619,-1,-1,-1
107,27,1826.75,855.67,99.24,222.25,0.4784,-1,-1,-1
108,2,761.32,233.25,210.45,645.19,0.8828,-1,-1,-1
108,6,1074.59,301.62,187.27,471.33,0.8386,-1,-1,-1
108,9,674.38,403.61,64.85,170.17,0.7286,-1,-1,-1
108,19,968.34,328.43,106.05,329.21,0.7282,-1,-1,-1
108,24,416.08,360.56,114.36,345.59,0.7966,-1,-1,-1
108,25,1575.15,370.23,43.93,65.62,0.4637,-1,-1,-1
109,2,769.73,232.27,205.88,645.83,0.8753,-1,-1,-1
109,6,1081.70,297.61,177.48,468.62,0.8704,-1,-1,-1
109,9,677.64,400.96,64.84,170.83,0.6812,-1,-1,-1
109,19,968.90,327.13,103.93,326.20,0.5493,-1,-1,-1
109,24,414.42,358.05,116.10,350.38,0.8082,-1,-1,-1
109,25,1583.92,373.23,42.20,62.52,0.6009,-1,-1,-1
110,2,771.49,230.66,204.83,648.23,0.8753,-1,-1,-1
110,6,1088.16,294.54,173.58,464.86,0.8722,-1,-1,-1
110,9,680.35,397.74,65.44,171.04,0.6261,-1,-1,-1
110,19,975.92,324.09,104.17,327.27,0.6669,-1,-1,-1
110,24,411.27,353.48,118.48,357.55,0.7983,-1,-1,-1
110,25,1586.77,368.06,43.33,65.00,0.4036,-1,-1,-1
111,2,775.03,229.85,201.86,651.34,0.8721,-1,-1,-1
111,6,1092.38,291.45,170.66,461.57,0.8667,-1,-1,-1
111,9,682.46,394.62,66.20,173.79,0.6588,-1,-1,-1
111,19,976.16,324.11,103.80,324.77,0.6149,-1,-1,-1
111,24,410.76,352.70,118.69,354.73,0.8059,-1,-1,-1
111,25,1597.70,370.80,41.38,62.85,0.4412,-1,-1,-1
112,2,776.28,229.48,199.59,650.31,0.8674,-1,-1,-1
112,6,1098.10,288.67,169.87,459.97,0.8549,-1,-1,-1
112,9,685.32,395.09,66.70,174.36,0.6441,-1,-1,-1
112,19,976.50,323.89,105.72,326.27,0.6338,-1,-1,-1
112,24,411.70,349.10,119.40,359.27,0.7482,-1,-1,-1
113,2,778.43,229.05,197.47,651.02,0.8648,-1,-1,-1
113,6,1102.89,286.15,168.88,463.81,0.8511,-1,-1,-1
113,9,686.38,390.74,68.82,180.45,0.7009,-1,-1,-1
113,19,980.91,323.47,106.25,325.54,0.6026,-1,-1,-1
113,24,410.19,347.85,120.09,363.32,0.7392,-1,-1,-1
114,2,784.34,231.38,194.35,652.05,0.8545,-1,-1,-1
114,6,1108.28,285.10,166.52,467.51,0.8578,-1,-1,-1
114,9,690.51,393.56,67.00,175.66,0.6295,-1,-1,-1
114,19,986.39,321.24,104.18,320.45,0.5927,-1,-1,-1
114,24,411.12,344.97,119.78,366.03,0.7352,-1,-1,-1
114,25,1614.80,374.61,35.67,52.97,0.3496,-1,-1,-1
115,2,790.82,232.92,193.45,651.93,0.8444,-1,-1,-1
115,6,1111.55,286.59,165.04,466.22,0.8679,-1,-1,-1
115,9,693.79,391.10,67.94,179.14,0.5955,-1,-1,-1
115,19,995.12,320.99,103.02,322.97,0.7349,-1,-1,-1
115,24,410.53,344.15,120.80,368.21,0.7379,-1,-1,-1
115,25,1620.58,366.68,39.83,60.37,0.3317,-1,-1,-1
116,2,792.25,233.40,193.00,652.54,0.8509,-1,-1,-1
116,6,1114.22,286.30,164.65,464.14,0.8630,-1,-1,-1
116,9,694.13,392.92,68.18,179.33,0.5573,-1,-1,-1
116,19,995.62,322.92,104.12,319.74,0.7067,-1,-1,-1
116,24,405.66,342.67,123.59,369.97,0.7733,-1,-1,-1
116,25,1624.48,364.10,41.10,63.12,0.3823,-1,-1,-1
117,2,790.52,233.83,191.37,652.61,0.8521,-1,-1,-1
117,6,1116.73,284.93,165.35,467.61,0.8591,-1,-1,-1
117,9,692.22,389.44,69.84,179.46,0.6245,-1,-1,-1
117,19,994.86,321.14,105.26,321.34,0.6699,-1,-1,-1
117,24,403.64,343.51,124.78,368.73,0.7213,-1,-1,-1
118,2,783.91,235.69,190.26,648.97,0.8566,-1,-1,-1
118,6,1118.48,285.85,166.41,470.98,0.8564,-1,-1,-1
118,9,690.33,392.10,71.05,179.25,0.6155,-1,-1,-1
118,19,986.95,322.65,110.34,321.92,0.7296,-1,-1,-1
118,24,397.23,339.00,128.35,375.48,0.7031,-1,-1,-1
119,2,781.65,234.85,189.73,649.72,0.8667,-1,-1,-1
119,6,1121.68,287.80,164.70,473.42,0.8511,-1,-1,-1
119,9,691.43,393.21,71.22,179.12,0.5529,-1,-1,-1
119,19,982.64,324.51,115.49,322.35,0.7557,-1,-1,-1
119,24,391.58,338.25,130.75,376.80,0.8252,-1,-1,-1
120,2,776.29,232.24,192.26,649.41,0.8782,-1,-1,-1
120,6,1121.60,288.35,163.56,474.59,0.8532,-1,-1,-1
120,9,688.78,392.38,72.00,178.64,0.5289,-1,-1,-1
120,19,977.14,324.84,118.80,323.57,0.7074,-1,-1,-1
120,24,386.36,333.58,132.92,384.42,0.8358,-1,-1,-1
121,2,770.61,227.76,193.85,644.26,0.8741,-1,-1,-1
121,6,1119.74,290.51,163.46,475.73,0.8470,-1,-1,-1
121,9,686.41,393.86,74.28,182.52,0.4325,-1,-1,-1
121,19,973.86,326.04,120.14,322.36,0.6075,-1,-1,-1
121,24,380.45,333.63,133.67,386.39,0.8384,-1,-1,-1
122,2,762.50,227.57,193.27,634.44,0.8656,-1,-1,-1
122,6,1117.35,291.40,163.28,477.43,0.8405,-1,-1,-1
122,19,972.82,325.40,122.20,322.69,0.6372,-1,-1,-1
122,24,370.23,333.31,137.43,395.00,0.8261,-1,-1,-1
122,25,1640.71,372.29,40.06,59.82,0.3643,-1,-1,-1
123,2,751.06,226.10,198.45,635.69,0.8671,-1,-1,-1
123,6,1114.68,290.70,162.33,478.18,0.8582,-1,-1,-1
123,19,963.65,326.30,125.93,324.15,0.6224,-1,-1,-1
123,24,363.00,332.16,138.41,402.84,0.8542,-1,-1,-1
123,25,1637.36,372.38,42.24,60.14,0.4418,-1,-1,-1
124,2,741.67,227.06,202.54,637.64,0.8720,-1,-1,-1
124,6,1110.08,289.13,161.36,484.67,0.8491,-1,-1,-1
124,19,955.48,327.57,124.87,325.36,0.6116,-1,-1,-1
124,24,355.69,332.63,139.06,404.77,0.8591,-1,-1,-1
124,25,1634.29,372.76,44.53,62.23,0.4495,-1,-1,-1
125,2,733.05,228.14,207.02,641.81,0.8767,-1,-1,-1
125,6,1107.26,289.54,159.91,480.07,0.8453,-1,-1,-1
125,9,672.47,393.22,75.23,192.92,0.4485,-1,-1,-1
125,19,951.43,324.39,126.33,331.12,0.6953,-1,-1,-1
125,24,347.34,339.34,139.30,402.28,0.8451,-1,-1,-1
125,25,1629.58,372.62,45.76,63.74,0.3825,-1,-1,-1
126,2,715.54,228.90,217.57,646.52,0.8684,-1,-1,-1
126,6,1101.24,290.33,160.10,475.98,0.8445,-1,-1,-1
126,9,667.06,394.04,73.25,189.52,0.3808,-1,-1,-1
126,19,951.21,321.00,127.46,333.93,0.5801,-1,-1,-1
126,24,333.80,336.96,142.63,407.86,0.8397,-1,-1,-1
126,25,1626.23,370.85,46.65,65.11,0.4171,-1,-1,-1
127,2,710.40,231.68,221.82,647.19,0.8698,-1,-1,-1
127,6,1094.83,290.92,164.46,481.70,0.8566,-1,-1,-1
127,19,945.08,320.32,133.20,336.81,0.7700,-1,-1,-1
127,24,326.94,343.40,142.69,408.01,0.8475,-1,-1,-1
127,25,1622.30,372.06,46.15,64.97,0.4368,-1,-1,-1
128,2,707.03,231.41,224.82,651.92,0.8799,-1,-1,-1
128,6,1088.99,288.91,168.19,482.46,0.8706,-1,-1,-1
128,9,659.58,390.41,74.86,192.81,0.3734,-1,-1,-1
128,19,937.57,323.22,134.93,334.67,0.6102,-1,-1,-1
128,24,318.59,341.36,144.62,411.61,0.8530,-1,-1,-1
128,25,1618.66,371.08,46.27,66.11,0.3540,-1,-1,-1
129,2,709.22,235.85,221.64,648.11,0.8803,-1,-1,-1
129,6,1084.17,286.37,172.93,483.29,0.8741,-1,-1,-1
129,9,657.06,389.40,72.73,193.04,0.5347,-1,-1,-1
129,19,925.69,321.89,129.03,334.92,0.6498,-1,-1,-1
129,24,312.86,337.04,148.50,423.60,0.8338,-1,-1,-1
129,25,1615.66,368.18,47.96,69.08,0.3771,-1,-1,-1
130,2,707.66,237.02,222.23,649.11,0.8819,-1,-1,-1
130,6,1081.87,286.76,174.24,482.71,0.8673,-1,-1,-1
130,9,655.79,389.17,70.34,193.03,0.5535,-1,-1,-1
130,19,926.65,320.31,120.93,334.79,0.7349,-1,-1,-1
130,24,309.81,333.15,150.62,432.29,0.8405,-1,-1,-1
130,25,1615.73,367.26,47.62,69.90,0.4036,-1,-1,-1
131,2,708.35,238.90,223.15,649.35,0.8799,-1,-1,-1
131,6,1080.58,283.94,175.99,482.45,0.8665,-1,-1,-1
131,9,654.63,389.42,69.02,193.30,0.5875,-1,-1,-1
131,19,924.66,318.85,117.63,332.97,0.7373,-1,-1,-1
131,24,307.47,331.25,149.49,435.98,0.8388,-1,-1,-1
131,25,1617.16,365.84,46.88,69.53,0.3856,-1,-1,-1
131,30,1012.45,370.67,69.07,222.81,0.5431,-1,-1,-1
132,2,709.40,238.64,222.78,649.57,0.8754,-1,-1,-1
132,6,1079.85,282.49,175.85,481.43,0.8634,-1,-1,-1
132,9,654.70,388.94,68.79,194.90,0.5692,-1,-1,-1
132,19,922.71,317.44,116.45,333.62,0.7335,-1,-1,-1
132,24,307.32,332.64,146.88,435.88,0.8290,-1,-1,-1
132,25,1617.39,364.80,46.13,69.27,0.4077,-1,-1,-1
132,30,1012.60,366.65,70.82,227.20,0.5586,-1,-1,-1
133,2,713.32,238.96,221.79,646.88,0.8755,-1,-1,-1
133,6,1077.20,282.34,178.40,481.90,0.8685,-1,-1,-1
133,9,654.50,389.46,68.30,195.16,0.4432,-1,-1,-1
133,19,922.74,316.22,114.49,336.38,0.7468,-1,-1,-1
133,24,296.16,329.94,152.30,441.29,0.8195,-1,-1,-1
133,25,1618.71,364.23,46.36,70.61,0.3852,-1,-1,-1
133,30,1013.37,367.77,71.02,225.43,0.5763,-1,-1,-1
134,2,714.03,238.38,219.29,649.75,0.8765,-1,-1,-1
134,6,1075.45,284.16,182.25,486.06,0.8678,-1,-1,-1
134,9,655.59,392.07,68.49,194.86,0.5317,-1,-1,-1
134,19,923.75,318.45,110.92,337.79,0.7328,-1,-1,-1
134,24,288.60,324.58,156.90,455.14,0.8404,-1,-1,-1
134,25,1620.20,364.67,46.39,71.63,0.3579,-1,-1,-1
134,30,1012.70,367.65,71.31,223.48,0.6110,-1,-1,-1
135,2,716.52,239.90,216.63,648.12,0.8799,-1,-1,-1
135,6,1073.34,285.15,184.43,489.03,0.8648,-1,-1,-1
135,9,653.14,393.78,69.91,195.47,0.5442,-1,-1,-1
135,19,922.21,318.20,109.03,341.57,0.7097,-1,-1,-1
135,24,286.41,330.26,155.60,452.93,0.8316,-1,-1,-1
135,30,1012.62,370.20,71.92,219.22,0.6537,-1,-1,-1
136,2,721.98,240.16,212.98,641.65,0.8737,-1,-1,-1
136,6,1072.37,287.93,187.02,490.14,0.8665,-1,-1,-1
136,9,648.10,394.96,74.49,196.93,0.6849,-1,-1,-1
136,19,923.08,320.45,106.11,339.40,0.7318,-1,-1,-1
136,24,281.69,327.47,158.43,459.50,0.8387,-1,-1,-1
136,30,1011.42,364.36,76.39,230.64,0.7067,-1,-1,-1
137,2,724.76,240.62,210.19,624.49,0.8833,-1,-1,-1
137,6,1071.77,291.03,191.05,492.38,0.8635,-1,-1,-1
137,9,649.16,395.09,76.52,201.40,0.6352,-1,-1,-1
137,19,924.60,319.55,104.01,341.55,0.7313,-1,-1,-1
137,24,282.57,323.65,157.81,465.71,0.8409,-1,-1,-1
137,25,1631.49,368.26,44.94,69.00,0.4985,-1,-1,-1
137,30,1014.62,369.65,75.62,225.39,0.7447,-1,-1,-1
138,2,724.12,242.40,214.49,622.24,0.8864,-1,-1,-1
138,6,1078.36,295.16,191.49,490.73,0.8618,-1,-1,-1
138,9,649.84,397.26,75.32,200.71,0.5942,-1,-1,-1
138,19,925.91,321.43,101.87,342.12,0.7456,-1,-1,-1
138,24,279.02,323.03,158.61,469.17,0.8038,-1,-1,-1
138,25,1637.53,371.49,45.22,69.23,0.3217,-1,-1,-1
138,30,1017.74,368.33,76.51,229.27,0.7447,-1,-1,-1
139,2,728.98,242.38,213.76,622.49,0.8851,-1,-1,-1
139,6,1082.65,295.70,192.73,490.92,0.8479,-1,-1,-1
139,9,649.64,395.58,75.79,204.50,0.5823,-1,-1,-1
139,19,928.30,320.89,101.14,343.74,0.7266,-1,-1,-1
139,24,270.83,320.17,162.58,475.32,0.8146,-1,-1,-1
139,30,1020.63,364.31,76.78,230.58,0.7169,-1,-1,-1
140,2,739.86,241.33,207.99,629.08,0.8780,-1,-1,-1
140,6,1088.48,296.81,190.97,489.15,0.8453,-1,-1,-1
140,9,648.86,396.77,76.35,205.03,0.6319,-1,-1,-1
140,19,934.41,320.03,99.49,345.41,0.7149,-1,-1,-1
140,24,268.37,318.56,166.83,486.56,0.8302,-1,-1,-1
140,25,1647.70,367.98,45.49,68.63,0.3396,-1,-1,-1
140,30,1023.13,368.76,76.20,226.67,0.7775,-1,-1,-1
141,2,746.11,246.03,201.70,631.22,0.8735,-1,-1,-1
141,6,1092.39,295.79,191.27,496.53,0.8582,-1,-1,-1
141,9,647.99,395.20,78.39,206.84,0.7632,-1,-1,-1
141,19,934.20,322.24,98.64,344.14,0.7389,-1,-1,-1
141,24,270.35,319.88,167.93,497.72,0.8246,-1,-1,-1
141,25,1651.31,368.01,46.85,70.03,0.3900,-1,-1,-1
141,30,1025.77,366.95,77.55,228.01,0.6852,-1,-1,-1
142,2,752.69,251.98,196.42,628.86,0.8694,-1,-1,-1
142,6,1099.46,296.61,189.40,499.83,0.8516,-1,-1,-1
142,9,651.69,399.98,79.29,202.40,0.6909,-1,-1,-1
142,19,935.35,325.59,97.52,340.49,0.7639,-1,-1,-1
142,24,271.05,323.19,168.04,500.54,0.8492,-1,-1,-1
142,30,1030.45,372.35,77.47,226.04,0.7247,-1,-1,-1
143,2,765.82,253.88,191.59,634.36,0.8787,-1,-1,-1
143,6,1106.94,296.78,188.77,502.72,0.8675,-1,-1,-1
143,9,655.98,400.52,81.01,204.20,0.6631,-1,-1,-1
143,19,948.44,325.88,94.60,340.68,0.7232,-1,-1,-1
143,24,269.75,326.35,170.36,502.57,0.8474,-1,-1,-1
143,25,1671.07,375.32,42.23,62.32,0.3949,-1,-1,-1
143,30,1036.59,372.45,76.03,225.89,0.7463,-1,-1,-1
144,2,770.58,256.07,188.98,633.72,0.8729,-1,-1,-1
144,6,1112.03,296.77,187.58,501.01,0.8615,-1,-1,-1
144,9,660.45,397.16,80.46,207.86,0.7032,-1,-1,-1
144,19,956.62,331.44,88.35,332.46,0.8004,-1,-1,-1
144,24,267.58,325.51,174.43,511.07,0.8580,-1,-1,-1
144,25,1674.60,370.49,46.98,67.77,0.4201,-1,-1,-1
144,30,1040.84,372.54,77.26,227.41,0.7546,-1,-1,-1
145,2,778.13,258.36,187.11,634.83,0.8604,-1,-1,-1
145,6,1121.68,296.61,187.06,500.47,0.8608,-1,-1,-1
145,9,663.98,396.42,81.05,210.38,0.7018,-1,-1,-1
145,19,959.86,329.18,87.79,337.95,0.7497,-1,-1,-1
145,24,265.88,324.70,176.85,513.23,0.8532,-1,-1,-1
145,25,1681.82,370.59,48.79,70.07,0.4226,-1,-1,-1
145,30,1043.37,375.88,76.78,222.72,0.7400,-1,-1,-1
146,2,780.91,262.67,188.46,636.55,0.8638,-1,-1,-1
146,6,1129.07,301.41,183.59,491.98,0.8740,-1,-1,-1
146,9,669.54,397.68,80.74,210.01,0.6982,-1,-1,-1
146,19,968.43,332.00,87.44,337.46,0.6867,-1,-1,-1
146,24,267.73,324.63,179.08,524.50,0.8772,-1,-1,-1
146,25,1694.27,378.04,44.34,63.34,0.3286,-1,-1,-1
146,30,1049.30,378.37,76.11,219.38,0.6476,-1,-1,-1
147,2,781.91,265.46,189.87,637.59,0.8650,-1,-1,-1
147,6,1135.08,298.33,185.62,490.39,0.8670,-1,-1,-1
147,9,669.30,396.15,82.33,216.07,0.7260,-1,-1,-1
147,19,965.94,330.97,89.61,341.04,0.7115,-1,-1,-1
147,24,262.77,326.11,181.77,528.79,0.8601,-1,-1,-1
147,25,1699.62,376.01,47.28,67.66,0.4336,-1,-1,-1
147,30,1051.56,381.95,77.44,220.48,0.6330,-1,-1,-1
148,2,788.71,265.72,187.45,635.57,0.8554,-1,-1,-1
148,6,1139.60,297.45,183.99,490.99,0.8671,-1,-1,-1
148,9,670.94,395.14,80.99,218.73,0.7258,-1,-1,-1
148,19,969.38,331.20,90.34,341.16,0.7303,-1,-1,-1
148,24,257.81,325.77,186.48,541.90,0.8684,-1,-1,-1
148,25,1701.98,375.38,48.67,68.73,0.3775,-1,-1,-1
148,30,1052.93,377.09,79.42,227.82,0.6768,-1,-1,-1
149,2,792.59,266.17,186.10,638.13,0.8616,-1,-1,-1
149,6,1147.05,298.52,180.74,487.89,0.8619,-1,-1,-1
149,9,673.38,400.88,79.87,217.44,0.6009,-1,-1,-1
149,19,972.30,336.37,88.76,337.98,0.7344,-1,-1,-1
149,24,249.98,322.95,185.91,550.08,0.8649,-1,-1,-1
149,25,1708.02,380.71,47.03,65.68,0.3492,-1,-1,-1
149,30,1054.75,378.40,79.43,229.31,0.6365,-1,-1,-1
150,2,793.01,266.54,185.42,637.33,0.8498,-1,-1,-1
150,6,1150.62,300.04,179.94,490.51,0.8644,-1,-1,-1
150,9,673.63,405.80,79.21,215.77,0.6131,-1,-1,-1
150,19,975.70,339.95,88.98,338.92,0.7367,-1,-1,-1
150,24,244.20,318.14,184.37,559.27,0.8501,-1,-1,-1
150,25,1712.68,381.59,48.63,67.00,0.4523,-1,-1,-1
150,30,1054.39,369.66,80.90,239.02,0.6722,-1,-1,-1
151,2,793.73,266.50,186.36,633.03,0.8409,-1,-1,-1
151,6,1151.46,299.40,181.95,501.73,0.8714,-1,-1,-1
151,9,674.97,409.76,78.09,213.16,0.6688,-1,-1,-1
151,19,979.01,340.81,88.12,342.08,0.7332,-1,-1,-1
151,24,232.81,317.49,186.50,568.91,0.8507,-1,-1,-1
151,25,1713.54,380.26,51.28,69.68,0.4878,-1,-1,-1
151,30,1054.53,369.35,80.88,241.60,0.5983,-1,-1,-1
152,2,791.42,265.08,188.13,624.39,0.8417,-1,-1,-1
152,6,1153.38,300.30,181.48,499.37,0.8801,-1,-1,-1
152,9,675.79,409.77,79.77,215.64,0.7133,-1,-1,-1
152,19,977.68,341.46,87.76,341.35,0.7104,-1,-1,-1
152,24,225.16,313.66,189.10,578.06,0.8509,-1,-1,-1
152,25,1716.82,378.82,52.77,70.93,0.5259,-1,-1,-1
152,30,1054.28,372.56,79.70,237.66,0.6059,-1,-1,-1
153,2,787.43,262.64,193.80,617.47,0.8418,-1,-1,-1
153,6,1157.81,302.68,180.11,498.32,0.8824,-1,-1,-1
153,9,676.26,410.09,82.00,219.40,0.7124,-1,-1,-1
153,19,981.22,341.37,86.89,345.84,0.7248,-1,-1,-1
153,24,214.37,311.10,193.39,582.65,0.8585,-1,-1,-1
153,25,1720.00,385.04,50.03,67.12,0.4315,-1,-1,-1
153,30,1055.11,372.45,79.93,239.05,0.6199,-1,-1,-1
154,2,780.37,260.99,203.04,618.20,0.8594,-1,-1,-1
154,6,1158.69,303.01,179.11,496.15,0.8731,-1,-1,-1
154,9,677.32,411.10,83.98,220.88,0.7176,-1,-1,-1
154,19,979.59,341.20,86.09,344.59,0.7265,-1,-1,-1
154,24,202.83,308.95,199.81,588.38,0.8723,-1,-1,-1
154,25,1722.86,385.24,50.81,68.19,0.4097,-1,-1,-1
154,30,1054.12,374.00,80.14,238.62,0.6567,-1,-1,-1
155,2,772.55,258.52,211.34,619.84,0.8684,-1,-1,-1
155,6,1159.98,302.57,178.65,500.07,0.8790,-1,-1,-1
155,9,676.41,406.70,89.94,224.30,0.7297,-1,-1,-1
155,19,982.08,339.99,83.89,342.45,0.7272,-1,-1,-1
155,24,192.49,306.40,204.74,592.01,0.8712,-1,-1,-1
155,25,1720.82,379.10,53.54,72.28,0.3247,-1,-1,-1
155,30,1053.82,372.52,80.17,238.93,0.7016,-1,-1,-1
156,2,767.82,257.49,219.53,623.59,0.8702,-1,-1,-1
156,6,1158.80,306.58,180.63,507.05,0.8774,-1,-1,-1
156,9,674.88,405.09,94.09,226.56,0.7665,-1,-1,-1
156,19,981.16,339.66,83.96,344.03,0.7022,-1,-1,-1
156,24,180.95,301.94,206.99,598.91,0.8714,-1,-1,-1
156,25,1720.60,381.36,53.16,71.84,0.3494,-1,-1,-1
156,30,1051.93,370.32,81.06,242.94,0.6923,-1,-1,-1
157,2,761.45,260.15,226.22,625.93,0.8774,-1,-1,-1
157,6,1154.69,308.15,179.28,508.25,0.8730,-1,-1,-1
157,9,669.81,407.17,95.29,225.97,0.7038,-1,-1,-1
157,19,974.85,341.21,86.91,346.78,0.6965,-1,-1,-1
157,24,171.19,300.74,210.06,604.34,0.8634,-1,-1,-1
157,25,1720.45,381.08,54.88,74.70,0.4142,-1,-1,-1
157,30,1049.79,370.21,81.64,244.12,0.6787,-1,-1,-1
158,2,759.76,257.13,226.41,630.71,0.8731,-1,-1,-1
158,6,1149.42,304.77,177.99,507.45,0.8647,-1,-1,-1
158,9,656.31,405.68,92.09,228.08,0.6732,-1,-1,-1
158,19,968.69,341.44,87.82,344.47,0.7418,-1,-1,-1
158,24,156.51,297.07,213.38,611.31,0.8608,-1,-1,-1
158,25,1717.92,383.22,52.69,70.85,0.4162,-1,-1,-1
158,30,1045.65,370.94,82.83,243.51,0.7391,-1,-1,-1
159,2,763.93,263.01,221.25,629.02,0.8666,-1,-1,-1
159,6,1146.12,306.89,175.67,503.56,0.8761,-1,-1,-1
159,9,655.36,401.24,91.30,230.74,0.6600,-1,-1,-1
159,19,965.75,341.74,86.55,339.84,0.6546,-1,-1,-1
159,24,138.20,294.57,217.63,622.40,0.8558,-1,-1,-1
159,25,1711.77,377.87,56.43,75.05,0.5084,-1,-1,-1
159,30,1042.09,377.43,82.09,237.11,0.7010,-1,-1,-1
160,2,766.35,265.13,216.38,630.81,0.8642,-1,-1,-1
160,6,1140.93,305.95,175.05,506.87,0.8769,-1,-1,-1
160,9,651.59,401.60,92.26,229.81,0.6724,-1,-1,-1
160,19,963.11,338.99,88.10,340.06,0.7255,-1,-1,-1
160,24,126.29,290.86,223.01,642.02,0.8640,-1,-1,-1
160,25,1706.65,374.92,58.32,77.75,0.3370,-1,-1,-1
160,30,1038.19,378.71,81.70,234.55,0.6979,-1,-1,-1
160,32,751.47,355.33,64.49,277.82,0.5033,-1,-1,-1
161,2,769.56,271.42,211.99,628.21,0.8709,-1,-1,-1
161,6,1137.77,306.22,173.31,506.06,0.8782,-1,-1,-1
161,9,644.56,397.98,93.75,236.58,0.6919,-1,-1,-1
161,19,955.96,338.77,88.33,341.45,0.6698,-1,-1,-1
161,24,111.73,290.58,227.09,659.25,0.8549,-1,-1,-1
161,25,1703.78,373.32,59.77,80.65,0.3376,-1,-1,-1
161,30,1034.67,385.02,81.22,227.18,0.7512,-1,-1,-1
161,32,740.05,362.54,64.30,273.64,0.4955,-1,-1,-1
162,2,772.84,271.50,207.10,626.75,0.8824,-1,-1,-1
162,6,1132.14,299.02,173.18,513.87,0.8733,-1,-1,-1
162,9,632.35,395.24,89.57,239.59,0.7041,-1,-1,-1
162,19,947.64,336.07,87.73,348.30,0.6473,-1,-1,-1
162,24,95.63,283.44,228.59,660.40,0.8687,-1,-1,-1
162,25,1700.33,380.19,56.07,75.49,0.4564,-1,-1,-1
162,30,1026.91,386.56,81.09,224.87,0.7441,-1,-1,-1
162,32,735.65,360.72,67.55,278.93,0.6036,-1,-1,-1
163,2,772.58,270.20,203.36,629.11,0.8929,-1,-1,-1
163,6,1123.28,299.65,174.61,512.31,0.8682,-1,-1,-1
163,9,627.13,394.37,87.84,240.62,0.7249,-1,-1,-1
163,19,944.92,331.62,88.10,352.15,0.6175,-1,-1,-1
163,24,78.68,284.58,229.00,678.64,0.8466,-1,-1,-1
163,25,1694.09,381.67,55.54,74.83,0.4453,-1,-1,-1
163,30,1021.31,387.19,81.73,224.17,0.6823,-1,-1,-1
163,32,728.75,357.75,70.23,280.89,0.6666,-1,-1,-1
164,2,767.52,267.78,203.32,624.35,0.8909,-1,-1,-1
164,6,1115.08,297.40,179.40,510.12,0.8672,-1,-1,-1
164,9,618.36,392.46,88.72,243.92,0.7237,-1,-1,-1
164,19,941.07,333.19,86.65,350.33,0.6623,-1,-1,-1
164,24,57.98,282.60,242.37,697.46,0.8834,-1,-1,-1
164,30,1017.96,390.41,79.76,219.25,0.7023,-1,-1,-1
164,32,716.85,362.36,72.41,278.36,0.6744,-1,-1,-1
165,2,762.34,262.82,201.08,627.99,0.8865,-1,-1,-1
165,6,1107.72,299.20,180.16,505.49,0.8747,-1,-1,-1
165,9,608.90,392.88,87.98,243.98,0.6888,-1,-1,-1
165,19,940.29,332.81,84.89,347.22,0.6922,-1,-1,-1
165,24,37.21,280.34,249.61,715.94,0.8713,-1,-1,-1
165,25,1683.14,377.60,55.96,74.99,0.3299,-1,-1,-1
165,30,1014.50,391.16,78.49,215.19,0.6871,-1,-1,-1
165,32,709.91,364.02,74.41,277.31,0.7069,-1,-1,-1
166,2,764.33,258.69,198.28,631.64,0.8856,-1,-1,-1
166,6,1101.90,297.21,183.10,500.65,0.8768,-1,-1,-1
166,9,605.31,391.08,89.18,246.77,0.7174,-1,-1,-1
166,19,932.77,326.15,86.25,352.67,0.6957,-1,-1,-1
166,24,20.81,278.59,259.00,726.54,0.8876,-1,-1,-1
166,25,1677.41,375.39,55.90,75.32,0.3933,-1,-1,-1
166,30,1009.24,390.09,78.68,214.01,0.6685,-1,-1,-1
166,32,705.84,365.06,76.63,277.89,0.7309,-1,-1,-1
167,2,765.71,256.07,195.46,631.03,0.8746,-1,-1,-1
167,6,1095.67,292.00,188.79,505.75,0.8659,-1,-1,-1
167,9,599.89,389.72,89.01,248.95,0.7259,-1,-1,-1
167,19,933.17,324.99,85.31,349.78,0.6918,-1,-1,-1
167,24,3.69,273.72,259.56,737.38,0.8650,-1,-1,-1
167,25,1678.20,374.40,55.50,74.70,0.3863,-1,-1,-1
167,30,1008.67,396.86,76.92,208.48,0.5622,-1,-1,-1
167,32,701.02,361.95,80.79,282.05,0.7083,-1,-1,-1
168,2,771.94,253.36,188.50,619.61,0.8656,-1,-1,-1
168,6,1091.57,291.58,190.09,504.09,0.8647,-1,-1,-1
168,9,596.13,389.43,88.99,248.93,0.6911,-1,-1,-1
168,19,930.71,329.22,85.72,348.86,0.6991,-1,-1,-1
168,24,-1.25,263.96,260.31,752.02,0.8876,-1,-1,-1
168,25,1673.84,371.48,58.17,77.77,0.3809,-1,-1,-1
168,30,1004.46,377.09,83.81,231.35,0.6034,-1,-1,-1
168,32,687.23,356.97,88.76,287.14,0.7777,-1,-1,-1
169,2,776.86,248.91,185.42,611.55,0.8632,-1,-1,-1
169,6,1087.72,291.45,192.14,502.61,0.8698,-1,-1,-1
169,9,590.99,387.40,90.70,252.16,0.7353,-1,-1,-1
169,19,929.75,329.29,84.13,342.75,0.6958,-1,-1,-1
169,24,-4.15,256.81,249.87,763.86,0.9024,-1,-1,-1
169,25,1672.48,370.57,58.34,77.87,0.4163,-1,-1,-1
169,30,1003.01,374.98,82.71,229.22,0.6366,-1,-1,-1
169,32,683.03,356.12,90.70,281.84,0.7693,-1,-1,-1
170,2,777.44,247.89,183.46,610.44,0.8545,-1,-1,-1
170,6,1082.27,290.88,196.40,506.01,0.8706,-1,-1,-1
170,9,585.29,386.73,88.94,251.58,0.6201,-1,-1,-1
170,19,927.18,329.56,83.66,342.61,0.6886,-1,-1,-1
170,24,-4.87,250.36,238.58,776.84,0.9022,-1,-1,-1
170,25,1673.48,368.89,57.46,77.50,0.3145,-1,-1,-1
170,30,1002.81,371.33,83.30,232.42,0.6332,-1,-1,-1
170,32,675.97,352.34,97.63,288.02,0.7918,-1,-1,-1
171,2,776.21,245.98,183.06,614.28,0.8563,-1,-1,-1
171,6,1079.38,290.60,200.05,509.99,0.8685,-1,-1,-1
171,9,580.37,382.43,91.87,259.58,0.6402,-1,-1,-1
171,19,926.84,328.58,84.94,347.83,0.7115,-1,-1,-1
171,24,-4.98,245.74,227.60,789.80,0.9018,-1,-1,-1
171,30,1003.67,366.83,81.52,230.80,0.6707,-1,-1,-1
171,32,667.85,352.45,105.10,292.59,0.8041,-1,-1,-1
172,2,775.01,247.32,184.94,618.85,0.8505,-1,-1,-1
172,6,1076.35,290.23,202.74,509.32,0.8735,-1,-1,-1
172,9,575.79,384.55,94.75,261.02,0.6855,-1,-1,-1
172,19,927.65,338.09,81.77,333.72,0.6798,-1,-1,-1
172,24,-5.55,240.98,215.66,799.69,0.8958,-1,-1,-1
172,30,1001.29,367.04,80.90,229.92,0.6558,-1,-1,-1
172,32,661.92,350.71,112.00,295.85,0.8317,-1,-1,-1
173,2,775.60,245.38,183.60,621.67,0.8552,-1,-1,-1
173,6,1073.97,288.93,203.71,511.50,0.8676,-1,-1,-1
173,9,568.35,385.80,97.83,261.45,0.7057,-1,-1,-1
173,19,925.08,336.63,81.57,335.21,0.6678,-1,-1,-1
173,24,-5.96,235.84,206.20,816.45,0.8878,-1,-1,-1
173,25,1673.09,363.91,56.48,76.58,0.4416,-1,-1,-1
173,30,1002.34,372.35,78.50,221.47,0.6627,-1,-1,-1
173,32,659.13,347.63,117.96,299.16,0.8321,-1,-1,-1
174,2,775.35,246.23,184.05,623.28,0.8592,-1,-1,-1
174,6,1076.36,288.83,205.51,516.12,0.8719,-1,-1,-1
174,9,560.62,380.57,99.60,269.84,0.6958,-1,-1,-1
174,19,926.22,335.51,81.47,336.76,0.6463,-1,-1,-1
174,24,-5.22,231.96,197.34,828.15,0.8844,-1,-1,-1
174,25,1675.36,362.73,55.67,75.48,0.4160,-1,-1,-1
174,30,1001.38,367.78,80.01,227.85,0.6675,-1,-1,-1
174,32,657.26,345.45,121.96,301.27,0.8182,-1,-1,-1
175,2,778.21,247.55,182.17,628.18,0.8637,-1,-1,-1
175,6,1079.54,288.99,205.69,520.32,0.8729,-1,-1,-1
175,9,558.02,379.26,99.76,272.94,0.6820,-1,-1,-1
175,19,928.09,329.86,82.06,342.54,0.6395,-1,-1,-1
175,24,-4.48,226.53,188.25,837.01,0.8854,-1,-1,-1
175,25,1679.70,363.02,56.22,75.88,0.4673,-1,-1,-1
175,30,1002.21,367.71,80.02,230.79,0.6663,-1,-1,-1
175,32,655.33,345.07,125.69,304.08,0.8186,-1,-1,-1
176,2,783.06,254.25,179.93,628.37,0.8478,-1,-1,-1
176,6,1083.29,289.79,204.79,520.15,0.8721,-1,-1,-1
176,9,555.17,378.71,101.39,276.43,0.7237,-1,-1,-1
176,19,929.41,325.80,81.66,347.29,0.6373,-1,-1,-1
176,24,-3.99,226.93,180.90,844.13,0.8836,-1,-1,-1
176,25,1684.69,364.31,53.32,72.34,0.3565,-1,-1,-1
176,30,1006.06,365.98,79.17,231.88,0.6799,-1,-1,-1
176,32,653.77,345.44,128.17,310.57,0.8107,-1,-1,-1
177,2,785.60,258.48,178.98,626.75,0.8483,-1,-1,-1
177,6,1086.44,290.77,203.70,517.36,0.8748,-1,-1,-1
177,9,554.40,379.79,101.67,274.66,0.7126,-1,-1,-1
177,19,928.09,323.85,79.35,349.26,0.5903,-1,-1,-1
177,24,-4.85,225.14,172.58,850.67,0.8760,-1,-1,-1
177,25,1685.46,359.22,55.59,74.36,0.3952,-1,-1,-1
177,30,1007.88,368.02,77.79,229.11,0.6887,-1,-1,-1
177,32,653.71,345.94,128.42,311.25,0.8152,-1,-1,-1
178,2,789.88,262.49,178.63,625.39,0.8574,-1,-1,-1
178,6,1090.59,290.19,206.44,524.26,0.8788,-1,-1,-1
178,9,553.72,379.74,102.11,277.32,0.7328,-1,-1,-1
178,19,930.71,327.43,77.97,352.01,0.4079,-1,-1,-1
178,24,-4.17,222.35,164.18,854.05,0.8740,-1,-1,-1
178,25,1690.74,359.67,56.26,74.90,0.3317,-1,-1,-1
178,30,1012.84,370.79,77.12,228.48,0.6444,-1,-1,-1
178,32,654.60,348.69,131.45,314.37,0.8253,-1,-1,-1
179,2,791.79,263.53,178.10,624.22,0.8564,-1,-1,-1
179,6,1097.76,287.57,204.13,527.39,0.8803,-1,-1,-1
179,9,552.87,379.55,103.05,279.96,0.7101,-1,-1,-1
179,19,927.79,303.39,80.37,370.71,0.5756,-1,-1,-1
179,24,-4.16,227.29,153.17,849.37,0.8739,-1,-1,-1
179,25,1690.52,356.87,61.31,79.19,0.4426,-1,-1,-1
179,30,1015.73,374.88,75.41,222.74,0.6751,-1,-1,-1
179,32,653.53,349.79,135.77,314.64,0.8254,-1,-1,-1
180,2,796.59,267.06,178.79,616.59,0.8630,-1,-1,-1
180,6,1104.11,290.64,202.46,523.14,0.8717,-1,-1,-1
180,9,552.97,378.79,104.71,283.85,0.7641,-1,-1,-1
180,19,934.45,316.01,76.25,358.20,0.3246,-1,-1,-1
180,24,-4.31,231.33,143.46,846.30,0.8652,-1,-1,-1
180,25,1698.46,357.85,60.83,76.93,0.4638,-1,-1,-1
180,30,1019.42,383.69,73.54,215.75,0.6105,-1,-1,-1
180,32,653.28,351.36,136.01,315.52,0.7987,-1,-1,-1
181,2,797.16,265.72,182.37,618.28,0.8678,-1,-1,-1
181,6,1112.23,284.68,200.62,527.54,0.8748,-1,-1,-1
181,9,553.68,382.27,104.69,283.44,0.7259,-1,-1,-1
181,19,935.76,312.10,75.39,359.93,0.3641,-1,-1,-1
181,24,-2.67,260.97,133.76,816.66,0.8625,-1,-1,-1
181,25,1708.31,355.74,59.79,77.21,0.4132,-1,-1,-1
181,30,1019.16,372.27,77.83,227.44,0.6325,-1,-1,-1
181,32,654.03,351.29,138.32,320.51,0.8163,-1,-1,-1
182,2,797.05,264.96,184.09,617.54,0.8722,-1,-1,-1
182,6,1119.90,286.08,198.61,526.39,0.8726,-1,-1,-1
182,9,555.47,383.27,106.51,286.57,0.7499,-1,-1,-1
182,19,939.42,313.11,74.09,360.73,0.4416,-1,-1,-1
182,24,-2.67,288.13,124.52,790.22,0.8565,-1,-1,-1
182,25,1713.76,355.15,59.96,77.43,0.5690,-1,-1,-1
182,30,1023.64,378.01,77.51,220.30,0.7335,-1,-1,-1
182,32,653.84,351.40,138.89,323.61,0.8205,-1,-1,-1
183,2,801.57,263.20,187.55,610.37,0.8732,-1,-1,-1
183,6,1130.68,282.49,193.62,519.12,0.8705,-1,-1,-1
183,9,555.36,386.78,106.93,286.47,0.7397,-1,-1,-1
183,19,943.50,314.15,72.46,356.37,0.3319,-1,-1,-1
183,24,-3.50,313.06,113.93,764.02,0.8433,-1,-1,-1
183,25,1716.48,353.88,60.56,78.06,0.4129,-1,-1,-1
183,30,1026.68,384.21,77.05,215.15,0.6706,-1,-1,-1
183,32,655.74,348.87,141.49,324.76,0.8300,-1,-1,-1
184,2,804.26,264.85,188.68,596.93,0.8759,-1,-1,-1
184,6,1133.88,282.56,192.51,515.18,0.8755,-1,-1,-1
184,9,557.24,389.55,107.49,283.64,0.7550,-1,-1,-1
184,19,948.01,306.68,73.43,367.93,0.4225,-1,-1,-1
184,24,-2.09,382.55,98.57,693.43,0.8429,-1,-1,-1
184,25,1726.47,353.73,60.37,77.71,0.4384,-1,-1,-1
184,30,1031.83,381.50,79.60,221.78,0.6438,-1,-1,-1
184,32,660.96,347.40,143.17,327.56,0.8309,-1,-1,-1
185,2,803.40,262.05,191.78,598.50,0.8585,-1,-1,-1
185,6,1140.14,283.34,192.07,512.14,0.8707,-1,-1,-1
185,9,560.45,390.67,110.62,285.55,0.7165,-1,-1,-1
185,19,956.92,312.21,72.08,363.30,0.6058,-1,-1,-1
185,24,-3.32,390.63,93.18,684.95,0.8066,-1,-1,-1
185,25,1729.52,351.00,62.18,79.46,0.4079,-1,-1,-1
185,30,1037.00,384.56,77.75,217.20,0.6756,-1,-1,-1
185,32,666.09,328.94,144.73,349.95,0.8513,-1,-1,-1
186,2,803.69,257.24,193.24,605.64,0.8641,-1,-1,-1
186,6,1148.33,284.70,188.57,514.56,0.8792,-1,-1,-1
186,9,560.77,390.77,114.04,287.94,0.7527,-1,-1,-1
186,19,961.00,317.90,70.19,359.12,0.5453,-1,-1,-1
186,24,-2.31,397.21,89.70,678.55,0.7608,-1,-1,-1
186,25,1738.53,352.02,61.73,78.89,0.4772,-1,-1,-1
186,30,1039.10,383.73,79.34,218.43,0.6856,-1,-1,-1
186,32,667.52,324.45,143.17,357.02,0.8471,-1,-1,-1
187,2,806.54,253.61,194.00,605.00,0.8674,-1,-1,-1
187,6,1153.58,279.45,190.14,521.64,0.8826,-1,-1,-1
187,9,560.27,385.65,119.32,294.57,0.7652,-1,-1,-1
187,19,968.16,341.95,64.68,334.68,0.3711,-1,-1,-1
187,24,-10.33,415.21,84.93,659.70,0.4279,-1,-1,-1
187,25,1751.46,353.71,59.61,77.00,0.3293,-1,-1,-1
187,30,1042.57,378.17,79.97,220.93,0.7038,-1,-1,-1
187,32,670.48,328.52,139.45,351.10,0.8511,-1,-1,-1
188,2,802.73,252.41,199.43,607.53,0.8690,-1,-1,-1
188,6,1154.80,279.06,189.73,520.63,0.8860,-1,-1,-1
188,9,559.06,385.15,121.67,294.24,0.7757,-1,-1,-1
188,25,1759.29,354.05,56.17,73.85,0.4171,-1,-1,-1
188,30,1038.99,376.66,82.30,223.66,0.7109,-1,-1,-1
188,32,668.63,325.67,139.48,352.15,0.8549,-1,-1,-1
189,2,799.76,252.82,202.41,611.05,0.8673,-1,-1,-1
189,6,1157.96,275.94,186.13,523.90,0.8822,-1,-1,-1
189,9,556.87,381.69,125.47,298.56,0.7088,-1,-1,-1
189,25,1760.86,351.92,56.97,74.84,0.4733,-1,-1,-1
189,30,1038.45,375.13,83.49,224.29,0.7259,-1,-1,-1
189,32,666.96,325.04,141.34,355.50,0.8495,-1,-1,-1
190,2,802.76,251.50,201.18,613.84,0.8584,-1,-1,-1
190,6,1159.62,275.32,186.17,527.33,0.8806,-1,-1,-1
190,9,553.11,379.82,130.90,301.78,0.7273,-1,-1,-1
190,25,1759.39,353.02,58.77,76.52,0.4658,-1,-1,-1
190,30,1035.09,376.20,84.97,221.54,0.7129,-1,-1,-1
190,32,670.19,323.04,139.75,360.05,0.8446,-1,-1,-1
191,2,804.24,253.17,200.16,618.65,0.8553,-1,-1,-1
191,6,1161.08,278.41,186.06,529.23,0.8796,-1,-1,-1
191,9,547.93,378.29,133.32,305.72,0.6629,-1,-1,-1
191,19,973.19,329.51,66.13,353.89,0.3142,-1,-1,-1
191,25,1759.30,355.18,60.31,78.60,0.4879,-1,-1,-1
191,30,1035.25,374.17,87.31,225.75,0.6989,-1,-1,-1
191,32,670.07,324.73,138.40,361.24,0.8073,-1,-1,-1
192,2,809.52,260.69,195.49,618.20,0.8579,-1,-1,-1
192,6,1160.14,285.71,184.32,527.89,0.8861,-1,-1,-1
192,9,530.83,377.77,124.43,307.32,0.7031,-1,-1,-1
192,25,1759.32,360.23,60.20,77.66,0.4314,-1,-1,-1
192,30,1033.34,378.64,87.05,222.79,0.7029,-1,-1,-1
192,32,666.95,325.70,139.13,361.56,0.8327,-1,-1,-1
193,2,810.09,264.80,194.38,617.38,0.8681,-1,-1,-1
193,6,1159.17,285.23,181.60,531.14,0.8836,-1,-1,-1
193,9,536.90,377.20,126.03,308.73,0.6637,-1,-1,-1
193,25,1758.38,361.46,61.49,77.52,0.4426,-1,-1,-1
193,30,1030.74,376.33,88.49,227.12,0.6982,-1,-1,-1
193,32,660.74,330.69,141.58,359.98,0.7862,-1,-1,-1
194,2,807.87,268.57,195.65,613.74,0.8654,-1,-1,-1
194,6,1157.78,288.13,179.67,534.88,0.8792,-1,-1,-1
194,9,532.18,377.67,129.46,313.24,0.7530,-1,-1,-1
194,25,1758.07,363.15,63.75,79.69,0.4234,-1,-1,-1
194,30,1033.38,378.39,87.14,227.25,0.7260,-1,-1,-1
194,32,656.93,332.31,144.36,365.19,0.8255,-1,-1,-1
195,2,804.70,274.58,200.44,609.63,0.8796,-1,-1,-1
195,6,1154.39,291.43,177.26,534.27,0.8688,-1,-1,-1
195,9,516.34,380.68,124.29,316.48,0.7483,-1,-1,-1
195,25,1758.06,367.62,63.79,79.58,0.5028,-1,-1,-1
195,30,1028.10,381.21,87.60,225.31,0.7374,-1,-1,-1
195,32,647.52,337.60,148.87,367.32,0.8444,-1,-1,-1
196,2,799.37,270.69,204.62,615.59,0.8865,-1,-1,-1
196,6,1148.41,294.61,176.98,536.91,0.8562,-1,-1,-1
196,9,511.05,379.80,122.49,323.41,0.7627,-1,-1,-1
196,25,1759.03,369.49,62.83,79.25,0.3740,-1,-1,-1
196,30,1023.53,384.02,88.49,223.18,0.7186,-1,-1,-1
196,32,644.83,342.79,149.20,365.60,0.8285,-1,-1,-1
197,2,797.11,271.34,207.09,615.26,0.8946,-1,-1,-1
197,6,1143.70,294.98,175.24,536.35,0.8556,-1,-1,-1
197,9,504.22,383.26,119.72,323.86,0.7714,-1,-1,-1
197,25,1759.38,375.10,59.27,74.21,0.3221,-1,-1,-1
197,30,1020.28,388.31,89.79,221.71,0.7606,-1,-1,-1
197,32,635.13,342.38,152.07,369.80,0.8226,-1,-1,-1
198,2,797.94,273.06,207.08,615.83,0.8890,-1,-1,-1
198,6,1139.49,297.27,174.70,526.50,0.8549,-1,-1,-1
198,9,494.32,385.81,120.72,330.83,0.7919,-1,-1,-1
198,30,1016.32,391.15,89.91,220.75,0.7204,-1,-1,-1
198,32,620.66,343.54,156.51,375.64,0.8376,-1,-1,-1
199,2,805.75,276.45,197.03,593.63,0.8820,-1,-1,-1
199,6,1133.30,297.94,180.05,544.18,0.8627,-1,-1,-1
199,9,488.67,388.78,121.54,332.48,0.8202,-1,-1,-1
199,30,1011.42,397.86,88.53,214.75,0.7434,-1,-1,-1
199,32,605.93,348.44,161.63,383.21,0.8336,-1,-1,-1
200,2,802.78,281.31,197.94,584.63,0.8845,-1,-1,-1
200,6,1126.25,299.66,181.25,541.74,0.8619,-1,-1,-1
200,9,482.11,393.53,124.57,335.97,0.7002,-1,-1,-1
200,25,1738.13,381.26,65.87,79.79,0.5505,-1,-1,-1
200,30,1009.99,406.51,86.28,208.99,0.6664,-1,-1,-1
200,32,606.35,349.46,156.34,383.67,0.8438,-1,-1,-1
201,2,800.41,281.17,196.62,588.61,0.8868,-1,-1,-1
201,6,1118.84,304.29,183.05,529.90,0.8699,-1,-1,-1
201,9,465.18,396.18,120.55,333.88,0.7716,-1,-1,-1
201,25,1734.63,384.35,66.67,79.36,0.4134,-1,-1,-1
201,30,1005.61,394.27,88.20,222.94,0.7350,-1,-1,-1
201,32,585.29,347.41,159.62,383.77,0.7975,-1,-1,-1
202,2,795.46,281.25,195.78,593.60,0.8919,-1,-1,-1
202,6,1112.27,304.23,187.25,531.54,0.8721,-1,-1,-1
202,9,459.94,399.95,124.71,334.34,0.8075,-1,-1,-1
202,25,1728.66,384.20,69.57,81.50,0.4240,-1,-1,-1
202,30,1003.86,404.96,83.65,214.65,0.6839,-1,-1,-1
202,32,581.99,346.12,158.38,389.72,0.8090,-1,-1,-1
203,2,797.74,281.96,191.40,595.79,0.8817,-1,-1,-1
203,6,1107.65,304.50,190.84,531.85,0.8731,-1,-1,-1
203,9,436.71,397.02,125.70,344.46,0.6158,-1,-1,-1
203,25,1727.45,384.51,69.95,82.32,0.4239,-1,-1,-1
203,30,1000.45,408.97,83.44,215.03,0.7236,-1,-1,-1
203,32,576.99,344.12,159.21,397.36,0.8280,-1,-1,-1
203,37,762.09,397.87,62.02,241.18,0.4422,-1,-1,-1
204,2,803.52,284.96,184.09,596.74,0.8649,-1,-1,-1
204,6,1104.43,303.47,191.07,530.69,0.8712,-1,-1,-1
204,9,439.34,398.88,131.64,346.62,0.7255,-1,-1,-1
204,25,1728.01,384.98,69.04,82.01,0.3563,-1,-1,-1
204,30,1001.78,413.00,81.98,217.07,0.7367,-1,-1,-1
204,32,571.95,344.47,158.25,397.38,0.8171,-1,-1,-1
204,37,760.87,400.10,63.38,240.80,0.6658,-1,-1,-1
205,2,805.27,286.33,179.65,598.36,0.8644,-1,-1,-1
205,6,1103.41,303.67,192.03,529.47,0.8741,-1,-1,-1
205,9,429.24,399.06,138.08,348.77,0.7800,-1,-1,-1
205,25,1722.88,382.77,70.91,84.33,0.4830,-1,-1,-1
205,30,1000.87,413.99,79.89,214.52,0.7010,-1,-1,-1
205,32,562.51,343.48,156.90,400.00,0.8010,-1,-1,-1
205,37,760.24,397.26,65.45,244.96,0.6578,-1,-1,-1
206,2,806.31,287.91,176.23,599.92,0.8670,-1,-1,-1
206,6,1101.24,307.17,196.40,531.67,0.8667,-1,-1,-1
206,9,421.69,396.77,144.28,352.75,0.7962,-1,-1,-1
206,25,1726.37,382.09,69.59,84.37,0.4236,-1,-1,-1
206,30,999.97,415.59,78.81,211.17,0.6888,-1,-1,-1
206,32,558.02,342.52,157.40,404.97,0.8320,-1,-1,-1
206,37,757.14,396.42,67.39,249.23,0.6906,-1,-1,-1
207,2,807.14,289.32,173.53,598.55,0.8645,-1,-1,-1
207,6,1097.74,307.83,201.16,533.90,0.8681,-1,-1,-1
207,9,412.96,395.02,147.00,356.43,0.8315,-1,-1,-1
207,25,1730.04,382.12,67.86,84.22,0.3862,-1,-1,-1
207,30,999.36,414.18,79.53,214.38,0.6986,-1,-1,-1
207,32,552.23,344.23,160.17,406.60,0.8532,-1,-1,-1
207,37,755.28,395.95,68.59,248.69,0.6905,-1,-1,-1
208,2,807.95,290.01,171.43,598.06,0.8560,-1,-1,-1
208,6,1095.19,304.08,205.91,540.21,0.8680,-1,-1,-1
208,9,403.38,394.73,145.70,358.17,0.8411,-1,-1,-1
208,25,1734.70,383.13,65.13,82.72,0.3024,-1,-1,-1
208,30,1001.92,409.40,77.54,211.89,0.7247,-1,-1,-1
208,32,545.71,335.45,162.49,414.65,0.8587,-1,-1,-1
208,37,754.58,393.79,69.80,250.57,0.6877,-1,-1,-1
209,2,807.07,291.49,171.02,598.29,0.8554,-1,-1,-1
209,6,1095.69,305.15,208.25,542.06,0.8675,-1,-1,-1
209,9,399.41,391.14,147.66,362.52,0.8272,-1,-1,-1
209,25,1740.25,383.52,61.76,80.72,0.3860,-1,-1,-1
209,30,1001.03,403.20,78.53,217.08,0.7160,-1,-1,-1
209,32,538.92,335.40,169.95,420.61,0.8638,-1,-1,-1
209,37,753.52,394.15,69.74,251.91,0.6307,-1,-1,-1
210,2,804.95,294.87,172.19,597.39,0.8648,-1,-1,-1
210,6,1097.08,308.87,209.40,539.84,0.8719,-1,-1,-1
210,9,391.68,389.27,148.26,365.98,0.8246,-1,-1,-1
210,25,1729.85,382.92,65.39,83.88,0.4027,-1,-1,-1
210,30,1001.49,403.94,78.46,216.67,0.5573,-1,-1,-1
210,32,533.79,339.90,174.08,422.42,0.8501,-1,-1,-1
210,37,748.86,393.00,70.97,254.83,0.6420,-1,-1,-1
211,2,803.67,293.88,174.25,601.22,0.8701,-1,-1,-1
211,6,1096.68,310.20,210.87,545.20,0.8726,-1,-1,-1
211,9,384.36,389.36,148.40,367.12,0.8250,-1,-1,-1
211,25,1739.95,382.52,62.26,83.31,0.4628,-1,-1,-1
211,30,1004.09,417.84,73.66,202.94,0.5491,-1,-1,-1
211,32,521.15,328.66,184.19,442.59,0.8324,-1,-1,-1
211,37,745.64,394.10,71.92,257.92,0.6483,-1,-1,-1
212,2,799.56,291.96,178.98,600.52,0.8608,-1,-1,-1
212,6,1096.74,314.98,211.31,540.64,0.8651,-1,-1,-1
212,9,374.54,389.43,148.23,376.39,0.8260,-1,-1,-1
212,30,999.32,405.16,79.07,218.34,0.6687,-1,-1,-1
212,32,507.61,331.00,192.35,448.80,0.8214,-1,-1,-1
212,37,743.49,395.24,72.86,258.96,0.6523,-1,-1,-1
213,2,794.69,293.43,180.81,600.26,0.8643,-1,-1,-1
213,6,1095.45,310.95,212.72,546.71,0.8610,-1,-1,-1
213,9,367.94,390.82,151.40,387.20,0.8420,-1,-1,-1
213,30,996.35,402.44,80.90,222.45,0.7168,-1,-1,-1
213,32,508.29,340.95,190.56,443.27,0.8368,-1,-1,-1
213,37,738.98,396.72,72.71,263.29,0.6698,-1,-1,-1
214,2,792.73,299.22,181.33,589.44,0.8605,-1,-1,-1
214,6,1096.64,319.30,212.52,545.08,0.8704,-1,-1,-1
214,9,363.88,397.56,151.93,391.25,0.8434,-1,-1,-1
214,30,996.37,411.29,81.20,219.15,0.7440,-1,-1,-1
214,32,505.52,344.39,191.99,448.00,0.8454,-1,-1,-1
214,37,738.09,403.15,71.15,259.99,0.6716,-1,-1,-1
215,2,790.33,293.35,184.40,582.34,0.8647,-1,-1,-1
215,6,1099.69,312.85,212.70,555.72,0.8721,-1,-1,-1
215,9,359.29,396.77,152.36,396.84,0.8483,-1,-1,-1
215,25,1748.79,393.30,56.75,76.48,0.3458,-1,-1,-1
215,30,995.86,406.53,83.71,222.64,0.7162,-1,-1,-1
215,32,503.01,341.40,194.62,455.91,0.8642,-1,-1,-1
215,37,737.49,401.24,70.44,260.00,0.6939,-1,-1,-1
216,2,787.82,291.41,189.49,588.34,0.8661,-1,-1,-1
216,6,1109.45,310.30,205.72,559.96,0.8832,-1,-1,-1
216,9,356.81,397.06,152.04,402.59,0.8468,-1,-1,-1
216,25,1759.40,396.82,55.18,76.16,0.3596,-1,-1,-1
216,30,1003.53,413.90,80.43,215.78,0.7528,-1,-1,-1
216,32,499.83,336.92,195.21,467.35,0.8712,-1,-1,-1
216,37,740.12,400.59,69.41,259.09,0.6173,-1,-1,-1
217,2,787.25,290.29,192.40,589.52,0.8724,-1,-1,-1
217,6,1115.89,308.72,203.01,559.58,0.8829,-1,-1,-1
217,9,355.85,397.81,150.53,401.95,0.8455,-1,-1,-1
217,25,1765.21,394.57,54.59,78.18,0.3736,-1,-1,-1
217,30,1007.88,417.69,80.01,213.64,0.7733,-1,-1,-1
217,32,499.90,333.23,194.46,474.73,0.8698,-1,-1,-1
217,37,741.84,398.39,70.47,267.15,0.6353,-1,-1,-1
218,2,790.99,289.92,193.74,592.27,0.8777,-1,-1,-1
218,6,1124.32,312.96,197.94,551.28,0.8742,-1,-1,-1
218,9,355.19,397.20,155.65,409.62,0.8515,-1,-1,-1
218,30,1012.06,424.21,78.38,207.12,0.7528,-1,-1,-1
218,32,501.25,325.70,193.07,485.52,0.8720,-1,-1,-1
218,37,745.83,397.31,69.66,270.75,0.6781,-1,-1,-1
218,38,661.89,400.19,58.45,197.91,0.4525,-1,-1,-1
219,2,795.48,290.85,194.40,592.71,0.8762,-1,-1,-1
219,6,1131.62,313.62,196.20,546.21,0.8746,-1,-1,-1
219,9,355.44,396.76,161.66,414.71,0.8510,-1,-1,-1
219,25,1781.11,395.27,55.89,81.39,0.3228,-1,-1,-1
219,30,1016.28,419.84,81.84,216.82,0.7159,-1,-1,-1
219,32,506.26,323.74,190.94,488.39,0.8773,-1,-1,-1
219,37,749.30,397.99,69.32,273.14,0.6841,-1,-1,-1
219,38,667.26,407.00,54.79,185.12,0.3872,-1,-1,-1
220,2,795.15,296.12,196.35,593.22,0.8704,-1,-1,-1
220,6,1136.84,314.38,196.25,545.35,0.8721,-1,-1,-1
220,9,354.89,395.03,165.23,416.92,0.8581,-1,-1,-1
220,25,1790.46,394.40,54.75,81.87,0.4108,-1,-1,-1
220,30,1020.32,419.30,81.58,216.86,0.7220,-1,-1,-1
220,32,509.45,322.77,189.83,491.21,0.8668,-1,-1,-1
220,37,751.64,398.66,70.03,272.83,0.6722,-1,-1,-1
220,38,668.61,405.19,54.14,179.08,0.5582,-1,-1,-1
221,2,802.69,298.33,197.90,595.95,0.8588,-1,-1,-1
221,6,1146.50,314.76,197.78,545.63,0.8733,-1,-1,-1
221,9,353.14,389.59,169.32,423.78,0.8507,-1,-1,-1
221,25,1796.76,394.59,56.06,85.39,0.4935,-1,-1,-1
221,30,1026.13,423.00,80.59,214.51,0.7112,-1,-1,-1
221,32,509.88,318.23,189.88,496.99,0.8653,-1,-1,-1
221,37,755.37,396.58,72.26,276.89,0.7016,-1,-1,-1
221,38,669.08,404.49,57.03,184.28,0.5404,-1,-1,-1
222,2,807.31,300.20,197.02,598.50,0.8566,-1,-1,-1
222,6,1154.78,318.46,194.57,545.72,0.8892,-1,-1,-1
222,9,351.44,386.47,171.74,428.33,0.8545,-1,-1,-1
222,25,1810.18,399.15,52.64,81.39,0.4911,-1,-1,-1
222,30,1025.86,423.63,83.24,216.75,0.7122,-1,-1,-1
222,32,510.67,315.39,190.26,502.95,0.8747,-1,-1,-1
222,37,759.06,397.08,74.17,277.94,0.7172,-1,-1,-1
222,38,672.18,406.56,59.55,187.57,0.5041,-1,-1,-1
223,2,816.49,302.93,193.86,596.17,0.8708,-1,-1,-1
223,6,1162.08,317.44,192.64,548.09,0.8806,-1,-1,-1
223,9,348.68,385.60,174.08,430.23,0.8504,-1,-1,-1
223,25,1815.44,396.24,54.76,85.36,0.4958,-1,-1,-1
223,30,1032.67,420.65,82.52,219.48,0.7051,-1,-1,-1
223,32,511.67,312.67,191.21,501.78,0.8739,-1,-1,-1
223,37,761.46,395.77,76.23,279.42,0.7202,-1,-1,-1
223,38,672.93,406.96,62.27,190.30,0.5440,-1,-1,-1
223,40,1434.32,527.54,151.96,330.45,0.3556,-1,-1,-1
224,2,823.32,305.28,193.34,593.35,0.8797,-1,-1,-1
224,6,1167.81,311.35,191.75,556.21,0.8861,-1,-1,-1
224,9,347.26,384.97,173.84,431.02,0.8485,-1,-1,-1
224,25,1822.27,394.79,56.58,88.12,0.4425,-1,-1,-1
224,30,1037.94,418.62,81.79,219.22,0.7568,-1,-1,-1
224,32,509.13,304.86,196.11,513.71,0.8765,-1,-1,-1
224,37,761.92,392.76,80.60,285.91,0.8185,-1,-1,-1
224,38,674.03,406.58,64.41,195.00,0.4122,-1,-1,-1
224,40,1442.30,532.73,148.92,324.86,0.4133,-1,-1,-1
225,2,828.24,303.90,197.15,593.62,0.8805,-1,-1,-1
225,6,1175.51,313.82,189.85,555.12,0.8826,-1,-1,-1
225,9,345.97,384.35,171.39,434.76,0.8530,-1,-1,-1
225,25,1833.91,397.71,54.00,84.21,0.4401,-1,-1,-1
225,30,1039.46,420.98,80.94,215.67,0.7665,-1,-1,-1
225,32,506.97,300.19,200.94,525.93,0.8707,-1,-1,-1
225,37,762.72,393.27,84.26,286.56,0.8125,-1,-1,-1
225,38,673.81,404.48,66.78,201.35,0.5329,-1,-1,-1
226,2,837.46,301.76,194.88,586.96,0.8722,-1,-1,-1
226,6,1178.56,313.53,188.77,558.08,0.8712,-1,-1,-1
226,9,340.09,381.84,171.34,438.15,0.8617,-1,-1,-1
226,25,1836.70,395.17,57.08,87.29,0.6333,-1,-1,-1
226,30,1039.47,422.82,80.80,212.95,0.7551,-1,-1,-1
226,32,499.95,300.63,206.08,533.31,0.8716,-1,-1,-1
226,37,763.09,393.83,88.33,287.68,0.7940,-1,-1,-1
226,38,672.56,405.35,71.05,214.02,0.6472,-1,-1,-1
227,2,839.04,301.31,195.00,578.77,0.8734,-1,-1,-1
227,6,1182.38,314.74,188.71,558.33,0.8638,-1,-1,-1
227,9,332.82,378.68,173.47,449.21,0.8501,-1,-1,-1
227,25,1841.50,397.58,57.34,85.79,0.4282,-1,-1,-1
227,30,1043.27,426.85,81.37,207.91,0.7622,-1,-1,-1
227,32,492.58,296.29,212.12,546.87,0.8763,-1,-1,-1
227,37,758.90,393.58,93.72,290.27,0.7859,-1,-1,-1
227,38,672.02,403.34,72.63,218.02,0.6699,-1,-1,-1
228,2,839.76,298.51,198.01,597.56,0.8665,-1,-1,-1
228,6,1183.63,315.45,188.75,564.02,0.8641,-1,-1,-1
228,9,326.15,371.48,170.94,463.91,0.8496,-1,-1,-1
228,25,1844.98,397.79,58.15,85.38,0.3610,-1,-1,-1
228,30,1043.82,420.12,84.25,214.00,0.7658,-1,-1,-1
228,32,476.17,291.71,224.00,554.13,0.8746,-1,-1,-1
228,37,757.64,393.22,98.62,293.19,0.7976,-1,-1,-1
228,38,668.41,400.86,76.16,226.24,0.6484,-1,-1,-1
229,2,846.73,296.41,192.73,592.93,0.8580,-1,-1,-1
229,6,1183.64,316.69,188.09,565.46,0.8665,-1,-1,-1
229,9,317.78,368.75,168.86,474.42,0.8458,-1,-1,-1
229,25,1848.00,396.92,60.34,88.45,0.4352,-1,-1,-1
229,30,1046.30,420.58,83.50,213.17,0.7604,-1,-1,-1
229,32,472.21,291.00,225.70,554.96,0.8691,-1,-1,-1
229,37,755.74,393.77,100.96,296.19,0.8026,-1,-1,-1
229,38,664.94,401.11,77.49,226.87,0.6377,-1,-1,-1
230,2,854.55,297.35,187.74,582.24,0.8512,-1,-1,-1
230,6,1185.10,316.80,187.07,564.91,0.8679,-1,-1,-1
230,9,308.79,371.61,173.57,482.55,0.8696,-1,-1,-1
230,25,1851.08,398.87,61.59,89.15,0.4773,-1,-1,-1
230,30,1047.12,419.17,83.05,216.17,0.7609,-1,-1,-1
230,32,455.02,291.06,236.49,567.41,0.8506,-1,-1,-1
230,37,755.47,396.12,101.46,297.32,0.8083,-1,-1,-1
230,38,660.85,398.21,81.09,231.82,0.6842,-1,-1,-1
231,2,861.23,298.67,182.76,574.66,0.8567,-1,-1,-1
231,6,1184.51,315.84,187.21,567.47,0.8617,-1,-1,-1
231,9,295.09,376.74,174.84,480.75,0.8452,-1,-1,-1
231,25,1852.08,401.47,62.63,89.26,0.5354,-1,-1,-1
231,30,1046.56,416.81,82.89,219.10,0.7491,-1,-1,-1
231,32,446.11,288.78,244.64,581.85,0.8316,-1,-1,-1
231,37,755.08,395.77,102.12,300.32,0.8188,-1,-1,-1
231,38,655.13,397.85,87.19,245.00,0.6946,-1,-1,-1
232,2,862.42,298.66,180.79,574.17,0.8496,-1,-1,-1
232,6,1182.58,316.40,187.16,570.82,0.8625,-1,-1,-1
232,9,275.15,372.99,178.70,494.46,0.8270,-1,-1,-1
232,25,1852.02,402.89,63.98,90.99,0.5292,-1,-1,-1
232,30,1044.58,422.01,80.51,214.85,0.7542,-1,-1,-1
232,32,437.28,287.61,245.20,589.50,0.8571,-1,-1,-1
232,37,750.09,400.55,102.11,300.08,0.8368,-1,-1,-1
232,38,646.03,398.69,93.93,266.97,0.7757,-1,-1,-1
232,40,1454.58,478.08,178.85,410.94,0.3151,-1,-1,-1
233,2,856.25,301.78,183.34,583.61,0.8623,-1,-1,-1
233,6,1179.25,318.34,189.31,577.34,0.8611,-1,-1,-1
233,9,254.91,370.41,189.72,510.96,0.8721,-1,-1,-1
233,25,1851.16,408.17,63.20,88.71,0.5331,-1,-1,-1
233,30,1041.51,422.19,81.30,219.88,0.7542,-1,-1,-1
233,32,424.94,284.68,247.96,606.33,0.8819,-1,-1,-1
233,37,736.99,395.04,107.61,307.21,0.8272,-1,-1,-1
233,38,636.05,405.95,96.86,279.33,0.7755,-1,-1,-1
234,2,856.57,303.17,184.06,585.32,0.8706,-1,-1,-1
234,6,1174.44,322.00,191.51,574.85,0.8715,-1,-1,-1
234,9,246.68,367.81,191.43,522.63,0.8781,-1,-1,-1
234,25,1850.57,412.20,62.00,85.54,0.4891,-1,-1,-1
234,30,1036.69,426.52,80.78,218.12,0.7213,-1,-1,-1
234,32,408.98,280.44,246.45,616.83,0.8917,-1,-1,-1
234,37,734.48,391.15,108.65,312.73,0.8215,-1,-1,-1
234,38,629.87,403.84,98.57,287.37,0.7805,-1,-1,-1
235,2,855.52,304.29,185.00,588.84,0.8744,-1,-1,-1
235,6,1164.56,320.97,196.17,577.31,0.8778,-1,-1,-1
235,9,230.88,363.72,192.42,534.20,0.8850,-1,-1,-1
235,25,1851.00,413.53,62.67,86.16,0.4453,-1,-1,-1
235,30,1036.54,426.66,79.92,217.24,0.7092,-1,-1,-1
235,32,394.44,272.57,249.08,626.59,0.8765,-1,-1,-1
235,37,723.03,391.38,110.00,314.41,0.8083,-1,-1,-1
235,38,623.06,404.74,97.56,290.13,0.7867,-1,-1,-1
236,2,856.16,307.38,182.81,589.94,0.8761,-1,-1,-1
236,6,1158.87,323.41,200.15,576.47,0.8717,-1,-1,-1
236,9,218.73,362.84,193.39,536.32,0.8437,-1,-1,-1
236,25,1851.52,415.85,62.85,85.69,0.5014,-1,-1,-1
236,30,1033.72,428.85,79.35,213.87,0.6683,-1,-1,-1
236,32,383.73,269.36,246.77,635.66,0.8691,-1,-1,-1
236,37,720.89,392.27,110.39,319.14,0.7960,-1,-1,-1
236,38,612.64,405.87,101.16,302.68,0.8305,-1,-1,-1
237,2,857.53,312.06,179.30,588.95,0.8785,-1,-1,-1
237,6,1155.72,325.08,203.55,570.10,0.8788,-1,-1,-1
237,9,204.42,360.87,196.98,542.85,0.8654,-1,-1,-1
237,25,1850.32,416.55,64.76,87.89,0.5012,-1,-1,-1
237,30,1033.51,427.86,79.92,219.41,0.6896,-1,-1,-1
237,32,374.01,265.78,245.40,642.50,0.8657,-1,-1,-1
237,37,711.27,393.43,114.05,322.22,0.7992,-1,-1,-1
237,38,606.17,406.47,100.56,304.96,0.7909,-1,-1,-1
238,2,856.49,312.92,176.96,592.81,0.8762,-1,-1,-1
238,6,1150.92,329.36,207.82,563.01,0.8780,-1,-1,-1
238,9,189.10,351.28,200.02,557.51,0.8589,-1,-1,-1
238,25,1847.32,416.42,67.60,91.39,0.5427,-1,-1,-1
238,30,1033.50,427.34,79.86,221.98,0.5363,-1,-1,-1
238,32,357.52,260.14,245.19,658.02,0.8688,-1,-1,-1
238,37,712.67,388.36,114.30,327.11,0.8140,-1,-1,-1
238,38,599.44,406.37,101.71,306.32,0.7959,-1,-1,-1
239,2,855.56,318.59,174.77,590.71,0.8674,-1,-1,-1
239,6,1146.90,327.79,210.50,564.00,0.8812,-1,-1,-1
239,9,174.17,349.81,196.59,565.50,0.8871,-1,-1,-1
239,25,1846.49,418.48,67.21,91.36,0.5648,-1,-1,-1
239,30,1028.16,427.05,79.34,225.36,0.5558,-1,-1,-1
239,32,339.56,257.70,251.38,661.79,0.8638,-1,-1,-1
239,37,702.92,387.65,117.13,331.14,0.8319,-1,-1,-1
239,38,592.11,405.06,102.83,312.44,0.7616,-1,-1,-1
240,2,849.52,322.87,171.81,589.46,0.8587,-1,-1,-1
240,6,1137.37,327.32,215.69,568.20,0.8883,-1,-1,-1
240,9,153.69,345.69,201.75,575.20,0.8435,-1,-1,-1
240,25,1841.76,420.95,68.01,92.44,0.5892,-1,-1,-1
240,30,1027.58,433.18,78.77,228.08,0.5879,-1,-1,-1
240,32,313.93,252.67,270.17,670.55,0.8766,-1,-1,-1
240,37,697.79,388.08,118.43,334.59,0.8188,-1,-1,-1
240,38,587.73,407.17,102.22,313.67,0.7664,-1,-1,-1
241,2,843.28,323.36,169.83,589.36,0.8660,-1,-1,-1
241,6,1132.43,326.38,216.81,571.42,0.8764,-1,-1,-1
241,9,138.03,347.62,203.69,572.66,0.8463,-1,-1,-1
241,25,1841.34,423.88,66.06,89.26,0.4500,-1,-1,-1
241,30,1020.47,428.06,78.58,226.56,0.4998,-1,-1,-1
241,32,303.74,250.47,267.65,677.01,0.8830,-1,-1,-1
241,37,692.71,389.87,119.40,334.64,0.8160,-1,-1,-1
241,38,577.69,407.10,103.76,323.00,0.8254,-1,-1,-1
242,2,833.93,324.11,169.52,588.46,0.8503,-1,-1,-1
242,6,1129.86,328.44,215.81,570.30,0.8684,-1,-1,-1
242,9,104.74,340.10,220.29,590.61,0.8461,-1,-1,-1
242,25,1832.91,421.94,70.08,93.38,0.4364,-1,-1,-1
242,30,1011.91,424.46,80.16,232.64,0.5242,-1,-1,-1
242,32,283.41,245.62,277.91,695.95,0.8867,-1,-1,-1
242,37,683.21,389.79,121.07,338.08,0.8128,-1,-1,-1
242,38,568.76,403.92,104.28,328.19,0.8342,-1,-1,-1
243,2,825.73,318.77,172.74,592.01,0.8415,-1,-1,-1
243,6,1123.82,329.48,215.32,571.79,0.8706,-1,-1,-1
243,9,84.29,338.49,226.84,597.56,0.8168,-1,-1,-1
243,25,1826.29,420.73,70.96,94.26,0.5534,-1,-1,-1
243,30,1005.56,425.98,82.44,241.58,0.5489,-1,-1,-1
243,32,250.98,241.26,298.58,720.20,0.8871,-1,-1,-1
243,37,678.92,389.61,119.99,343.20,0.8159,-1,-1,-1
243,38,556.04,402.76,108.55,330.58,0.8132,-1,-1,-1
243,40,1434.82,473.00,174.36,426.36,0.4276,-1,-1,-1
244,2,816.78,317.20,175.78,591.94,0.8400,-1,-1,-1
244,6,1117.80,332.53,215.59,571.11,0.8609,-1,-1,-1
244,9,62.18,336.12,236.02,628.82,0.8239,-1,-1,-1
244,25,1823.81,421.34,69.98,92.45,0.5685,-1,-1,-1
244,30,1004.43,426.02,79.89,234.99,0.6817,-1,-1,-1
244,32,217.67,236.77,321.72,760.86,0.8653,-1,-1,-1
244,37,673.96,392.78,116.78,342.10,0.8387,-1,-1,-1
244,38,544.46,400.30,112.21,338.33,0.7690,-1,-1,-1
245,2,804.99,316.76,179.52,586.01,0.8471,-1,-1,-1
245,6,1114.30,333.04,215.43,571.31,0.8653,-1,-1,-1
245,9,26.20,336.03,248.21,635.62,0.8574,-1,-1,-1
245,25,1820.68,421.91,69.67,92.52,0.5657,-1,-1,-1
245,30,1000.78,413.65,80.96,241.67,0.5797,-1,-1,-1
245,32,205.69,236.70,322.22,747.46,0.8578,-1,-1,-1
245,37,666.04,393.54,118.16,345.57,0.8310,-1,-1,-1
245,38,531.87,398.80,114.75,345.47,0.7877,-1,-1,-1
246,2,797.07,316.58,184.76,577.22,0.8483,-1,-1,-1
246,6,1110.04,333.35,217.18,573.53,0.8730,-1,-1,-1
246,9,11.93,334.34,247.73,643.28,0.8508,-1,-1,-1
246,25,1817.37,422.02,69.07,92.02,0.5318,-1,-1,-1
246,30,997.56,418.10,77.35,232.42,0.6104,-1,-1,-1
246,32,182.01,233.10,342.27,801.83,0.8850,-1,-1,-1
246,37,653.77,392.17,121.91,353.47,0.8207,-1,-1,-1
246,38,522.02,397.41,118.65,350.38,0.8030,-1,-1,-1
247,2,791.85,316.76,189.62,576.22,0.8436,-1,-1,-1
247,6,1105.96,335.59,219.07,573.54,0.8730,-1,-1,-1
247,9,-1.91,336.31,249.09,657.23,0.8650,-1,-1,-1
247,25,1811.00,420.76,69.68,92.62,0.5252,-1,-1,-1
247,30,995.03,429.90,74.17,222.20,0.5127,-1,-1,-1
247,32,150.09,230.36,356.18,814.50,0.8750,-1,-1,-1
247,37,647.65,393.38,124.55,355.64,0.8231,-1,-1,-1
247,38,512.55,398.56,120.30,359.23,0.7666,-1,-1,-1
247,43,954.09,393.13,54.66,337.89,0.3252,-1,-1,-1
248,2,787.08,320.19,196.09,577.18,0.8275,-1,-1,-1
248,6,1099.81,335.79,222.58,583.85,0.8771,-1,-1,-1
248,9,-6.97,335.87,246.59,679.25,0.8501,-1,-1,-1
248,25,1811.45,424.94,68.13,91.98,0.3505,-1,-1,-1
248,30,989.14,426.43,78.26,236.42,0.4317,-1,-1,-1
248,32,117.14,230.12,372.85,810.52,0.8776,-1,-1,-1
248,37,640.06,397.50,125.71,358.23,0.7830,-1,-1,-1
248,38,503.48,400.13,119.94,366.80,0.8087,-1,-1,-1
248,43,947.44,386.48,58.54,357.60,0.4082,-1,-1,-1
249,2,778.57,323.00,196.19,578.87,0.8299,-1,-1,-1
249,6,1100.38,338.68,221.28,586.92,0.8771,-1,-1,-1
249,9,-14.02,354.54,230.64,686.07,0.8293,-1,-1,-1
249,25,1806.17,425.46,68.44,91.27,0.4912,-1,-1,-1
249,30,984.61,437.13,79.88,242.72,0.3219,-1,-1,-1
249,32,94.41,225.69,384.47,837.44,0.8827,-1,-1,-1
249,37,632.29,395.67,130.37,367.86,0.7800,-1,-1,-1
249,38,496.77,403.52,123.49,377.15,0.7966,-1,-1,-1
249,40,1405.77,479.89,178.01,438.03,0.3770,-1,-1,-1
249,43,942.23,367.69,63.79,381.28,0.5871,-1,-1,-1
250,2,774.68,321.67,197.83,584.00,0.8366,-1,-1,-1
250,6,1100.79,339.47,220.28,589.12,0.8789,-1,-1,-1
250,9,-16.79,343.14,218.70,723.52,0.8306,-1,-1,-1
250,25,1809.45,426.48,67.89,90.55,0.3874,-1,-1,-1
250,32,78.76,220.91,387.25,848.90,0.8587,-1,-1,-1
250,37,628.42,396.14,132.38,373.08,0.8157,-1,-1,-1
250,38,492.01,406.87,123.46,380.03,0.7876,-1,-1,-1
250,43,940.82,371.74,65.68,379.91,0.5598,-1,-1,-1
251,2,773.80,326.92,197.06,586.45,0.8484,-1,-1,-1
251,6,1102.31,338.54,218.95,592.40,0.8796,-1,-1,-1
251,9,-12.60,338.87,199.36,731.07,0.8394,-1,-1,-1
251,25,1810.89,429.22,66.67,88.01,0.3562,-1,-1,-1
251,32,69.96,216.75,380.40,856.96,0.8853,-1,-1,-1
251,37,625.66,398.53,133.70,376.05,0.8166,-1,-1,-1
251,38,487.38,412.77,125.55,380.88,0.8384,-1,-1,-1
251,43,939.79,371.13,66.67,383.91,0.4813,-1,-1,-1
252,2,772.16,329.31,194.85,591.82,0.8512,-1,-1,-1
252,6,1103.66,341.50,217.61,591.67,0.8808,-1,-1,-1
252,9,-12.26,338.35,181.79,732.89,0.8276,-1,-1,-1
252,25,1811.46,430.47,68.13,88.06,0.3158,-1,-1,-1
252,32,64.80,210.89,372.28,863.21,0.8886,-1,-1,-1
252,37,613.86,399.87,140.07,379.97,0.8205,-1,-1,-1
252,38,479.92,414.53,129.16,382.58,0.8333,-1,-1,-1
252,43,939.72,361.92,69.97,395.88,0.4311,-1,-1,-1
253,2,772.04,330.17,194.79,597.55,0.8523,-1,-1,-1
253,6,1108.15,340.72,217.32,595.53,0.8716,-1,-1,-1
253,9,-12.30,335.55,164.04,738.94,0.8348,-1,-1,-1
253,25,1814.07,427.25,69.41,88.83,0.3173,-1,-1,-1
253,32,65.86,201.89,358.51,865.51,0.9057,-1,-1,-1
253,37,605.54,397.29,146.53,378.51,0.8347,-1,-1,-1
253,38,474.02,412.80,134.30,389.91,0.8361,-1,-1,-1
253,43,937.53,369.50,71.17,387.08,0.4849,-1,-1,-1
254,2,774.61,334.42,195.09,595.71,0.8485,-1,-1,-1
254,6,1111.13,339.61,214.24,591.92,0.8703,-1,-1,-1
254,9,-10.66,336.79,147.05,735.88,0.8302,-1,-1,-1
254,25,1820.15,425.49,66.00,83.02,0.3260,-1,-1,-1
254,32,48.77,197.05,356.25,871.92,0.9119,-1,-1,-1
254,37,604.49,399.02,150.62,380.33,0.8475,-1,-1,-1
254,38,469.82,416.61,135.84,395.73,0.8382,-1,-1,-1
254,43,956.56,388.97,81.94,375.17,0.6339,-1,-1,-1
255,2,778.55,339.38,197.98,593.03,0.8591,-1,-1,-1
255,6,1115.83,338.01,214.38,589.87,0.8780,-1,-1,-1
255,9,-14.84,333.40,137.40,740.82,0.7595,-1,-1,-1
255,25,1822.87,423.36,72.37,89.99,0.4643,-1,-1,-1
255,32,31.93,188.05,364.19,884.13,0.9113,-1,-1,-1
255,37,602.01,399.53,154.57,384.13,0.8397,-1,-1,-1
255,38,468.22,416.37,136.41,400.32,0.8348,-1,-1,-1
255,43,958.31,396.39,94.62,370.21,0.6908,-1,-1,-1
256,2,785.01,346.94,194.75,588.21,0.8654,-1,-1,-1
256,6,1121.83,341.56,214.66,583.22,0.8771,-1,-1,-1
256,9,-16.78,334.17,127.94,737.77,0.7023,-1,-1,-1
256,25,1826.30,424.35,77.01,92.56,0.5408,-1,-1,-1
256,32,14.97,178.19,373.87,896.72,0.9073,-1,-1,-1
256,37,598.53,402.06,159.84,388.37,0.8377,-1,-1,-1
256,38,466.63,415.66,139.72,407.32,0.8295,-1,-1,-1
256,43,960.54,396.61,104.46,372.48,0.6646,-1,-1,-1
257,2,791.14,352.26,194.05,581.97,0.8738,-1,-1,-1
257,6,1128.12,341.87,213.82,578.76,0.8827,-1,-1,-1
257,9,-14.32,415.53,110.71,651.28,0.5348,-1,-1,-1
257,25,1831.92,425.27,77.52,92.88,0.3610,-1,-1,-1
257,32,7.32,180.20,372.63,887.67,0.9080,-1,-1,-1
257,37,595.23,400.84,163.57,397.42,0.8299,-1,-1,-1
257,38,464.32,415.69,141.51,411.85,0.8237,-1,-1,-1
257,43,966.79,419.39,104.23,352.03,0.5346,-1,-1,-1
258,2,796.32,349.96,192.83,584.64,0.8659,-1,-1,-1
258,6,1133.68,340.48,212.98,580.93,0.8779,-1,-1,-1
258,25,1830.58,421.46,81.39,95.90,0.4481,-1,-1,-1
258,32,1.14,174.07,374.21,893.59,0.9188,-1,-1,-1
258,37,592.62,400.75,165.94,405.81,0.8384,-1,-1,-1
258,38,462.56,412.79,140.35,414.37,0.8268,-1,-1,-1
258,43,972.90,438.77,102.86,331.71,0.5035,-1,-1,-1
259,2,799.82,350.39,192.18,587.30,0.8702,-1,-1,-1
259,6,1138.34,340.51,210.36,581.30,0.8936,-1,-1,-1
259,25,1843.29,421.73,78.23,94.20,0.4239,-1,-1,-1
259,32,-0.72,168.53,372.97,899.48,0.9223,-1,-1,-1
259,37,588.38,405.00,167.38,401.62,0.8511,-1,-1,-1
259,38,457.85,409.66,138.72,413.95,0.8326,-1,-1,-1
259,43,971.23,427.95,110.47,343.78,0.5845,-1,-1,-1
260,2,804.72,347.45,192.26,588.71,0.8502,-1,-1,-1
260,6,1144.22,339.91,208.18,588.36,0.8958,-1,-1,-1
260,25,1848.03,423.27,76.24,93.60,0.3695,-1,-1,-1
260,32,-1.39,159.13,369.12,910.66,0.9303,-1,-1,-1
260,37,585.50,409.73,170.35,401.13,0.8414,-1,-1,-1
260,38,452.71,407.29,141.72,421.36,0.8239,-1,-1,-1
260,43,981.47,431.64,109.52,337.39,0.5952,-1,-1,-1
261,2,816.27,343.31,185.54,574.27,0.8507,-1,-1,-1
261,6,1147.46,340.27,205.86,589.56,0.9040,-1,-1,-1
261,25,1849.51,423.85,75.33,94.43,0.3948,-1,-1,-1
261,32,-1.86,150.32,362.70,921.78,0.9334,-1,-1,-1
261,37,585.00,410.99,171.07,405.64,0.8246,-1,-1,-1
261,38,449.69,403.85,143.43,424.89,0.8192,-1,-1,-1
261,43,979.85,430.95,113.58,341.33,0.6731,-1,-1,-1
261,46,783.35,454.44,58.62,205.35,0.5749,-1,-1,-1
262,2,821.67,341.33,182.39,567.93,0.8614,-1,-1,-1
262,6,1151.02,339.47,204.84,591.31,0.9056,-1,-1,-1
262,25,1853.95,423.08,72.73,95.13,0.4682,-1,-1,-1
262,32,-2.30,142.51,353.29,930.43,0.9328,-1,-1,-1
262,37,587.36,411.05,167.67,409.11,0.7842,-1,-1,-1
262,38,444.57,403.58,145.07,433.17,0.8476,-1,-1,-1
262,43,980.47,428.89,117.00,343.97,0.6616,-1,-1,-1
262,46,783.54,455.17,59.36,207.90,0.5735,-1,-1,-1
263,2,825.32,340.97,178.52,564.94,0.8498,-1,-1,-1
263,6,1155.58,336.90,203.71,594.58,0.9056,-1,-1,-1
263,25,1857.45,423.20,69.67,94.07,0.3664,-1,-1,-1
263,32,-2.68,129.02,341.99,943.02,0.9311,-1,-1,-1
263,37,582.63,407.59,167.38,419.55,0.7176,-1,-1,-1
263,38,438.62,400.39,145.80,440.71,0.8473,-1,-1,-1
263,43,985.78,426.38,118.67,346.25,0.6632,-1,-1,-1
263,46,784.37,451.42,60.59,212.22,0.5929,-1,-1,-1
264,2,825.42,339.76,177.40,564.21,0.8389,-1,-1,-1
264,6,1158.12,335.68,203.38,595.98,0.8981,-1,-1,-1
264,25,1856.61,420.47,66.37,93.72,0.3383,-1,-1,-1
264,32,-2.95,122.68,329.10,947.03,0.9193,-1,-1,-1
264,37,580.17,403.29,163.35,425.86,0.7754,-1,-1,-1
264,38,427.12,394.50,154.49,456.45,0.8482,-1,-1,-1
264,43,988.02,420.83,123.21,352.84,0.6286,-1,-1,-1
264,46,785.92,448.52,61.08,216.69,0.6359,-1,-1,-1
265,2,827.37,329.10,174.64,569.59,0.8412,-1,-1,-1
265,6,1159.18,333.81,203.81,598.42,0.8976,-1,-1,-1
265,25,1861.30,419.62,64.74,94.89,0.3794,-1,-1,-1
265,32,-5.27,114.07,315.44,953.44,0.8963,-1,-1,-1
265,37,578.47,396.07,156.44,423.55,0.7812,-1,-1,-1
265,38,416.21,394.85,159.12,455.48,0.8464,-1,-1,-1
265,43,997.26,413.33,124.95,357.22,0.7844,-1,-1,-1
265,46,785.73,444.78,63.74,228.87,0.6921,-1,-1,-1
266,2,830.31,323.73,173.05,578.12,0.8497,-1,-1,-1
266,6,1160.21,331.41,203.85,601.73,0.8978,-1,-1,-1
266,25,1867.74,419.30,60.73,95.34,0.4603,-1,-1,-1
266,32,-9.34,119.65,299.99,940.86,0.8295,-1,-1,-1
266,37,572.35,389.28,155.96,427.89,0.7627,-1,-1,-1
266,38,405.80,397.44,159.09,454.87,0.8254,-1,-1,-1
266,43,1001.57,408.28,130.83,359.69,0.7645,-1,-1,-1
266,46,786.28,443.67,64.57,229.75,0.7491,-1,-1,-1
267,2,834.74,323.37,169.49,579.21,0.8438,-1,-1,-1
267,6,1162.40,330.34,203.72,603.45,0.8954,-1,-1,-1
267,25,1873.03,418.49,55.74,94.91,0.4990,-1,-1,-1
267,32,-2.79,237.35,257.33,817.64,0.8200,-1,-1,-1
267,37,549.34,379.01,170.71,445.96,0.8280,-1,-1,-1
267,38,401.45,389.83,158.32,465.63,0.8342,-1,-1,-1
267,43,1008.18,405.53,131.05,359.48,0.7736,-1,-1,-1
267,46,786.87,442.59,66.75,234.87,0.7602,-1,-1,-1
267,47,722.89,467.41,39.57,141.53,0.3074,-1,-1,-1
268,2,839.90,324.24,163.35,580.33,0.8447,-1,-1,-1
268,6,1162.87,327.67,203.74,604.71,0.8972,-1,-1,-1
268,25,1875.70,416.39,52.33,95.71,0.4883,-1,-1,-1
268,32,-6.97,239.27,224.15,751.60,0.8357,-1,-1,-1
268,37,550.81,373.83,170.91,452.99,0.8387,-1,-1,-1
268,38,400.24,389.75,156.59,469.33,0.8424,-1,-1,-1
268,43,1010.66,403.64,131.36,362.83,0.8020,-1,-1,-1
268,46,786.57,441.29,69.08,236.22,0.7922,-1,-1,-1
268,47,722.09,466.94,39.40,140.54,0.3101,-1,-1,-1
269,2,844.32,325.06,157.04,579.61,0.8459,-1,-1,-1
269,6,1162.19,324.39,204.95,612.51,0.8879,-1,-1,-1
269,25,1877.03,412.89,50.62,98.91,0.4548,-1,-1,-1
269,32,-17.38,223.24,217.98,819.66,0.8226,-1,-1,-1
269,37,546.19,362.31,171.21,464.23,0.8324,-1,-1,-1
269,38,392.94,379.32,158.12,482.88,0.8692,-1,-1,-1
269,43,1006.20,400.66,136.31,371.46,0.7270,-1,-1,-1
269,46,785.36,438.43,69.35,235.07,0.7774,-1,-1,-1
270,2,834.62,319.67,161.40,582.90,0.8153,-1,-1,-1
270,6,1160.86,317.45,204.24,615.57,0.8820,-1,-1,-1
270,25,1879.13,410.24,48.69,100.66,0.3745,-1,-1,-1
270,32,2.84,220.31,147.45,549.02,0.5937,-1,-1,-1
270,37,542.47,350.53,172.99,473.94,0.8409,-1,-1,-1
270,38,385.42,369.59,162.27,489.86,0.8760,-1,-1,-1
270,43,1006.99,396.57,138.47,373.41,0.6428,-1,-1,-1
270,46,783.79,434.30,69.14,232.22,0.7537,-1,-1,-1
271,2,833.75,320.64,161.70,578.88,0.7983,-1,-1,-1
271,6,1160.86,316.03,202.53,610.89,0.8906,-1,-1,-1
271,25,1881.13,405.29,47.57,103.94,0.3268,-1,-1,-1
271,32,-12.52,219.33,151.97,575.44,0.3991,-1,-1,-1
271,37,536.84,347.81,174.21,474.54,0.8422,-1,-1,-1
271,38,375.96,364.19,167.66,495.04,0.8749,-1,-1,-1
271,43,1010.22,396.25,138.32,374.04,0.7599,-1,-1,-1
271,46,781.57,430.24,69.82,231.74,0.7619,-1,-1,-1
272,2,836.46,318.26,154.44,576.25,0.8418,-1,-1,-1
272,6,1158.81,309.22,200.99,610.08,0.8949,-1,-1,-1
272,25,1880.88,403.05,44.76,102.05,0.3497,-1,-1,-1
272,32,-24.09,240.59,145.75,567.87,0.3162,-1,-1,-1
272,37,530.14,344.63,174.85,477.23,0.8574,-1,-1,-1
272,38,355.91,351.02,171.51,508.03,0.8721,-1,-1,-1
272,43,1009.91,393.73,137.71,372.42,0.7888,-1,-1,-1
272,46,777.10,425.35,69.86,227.80,0.7917,-1,-1,-1
272,47,712.13,458.61,37.69,134.31,0.3521,-1,-1,-1
273,2,831.06,317.33,153.19,570.94,0.8372,-1,-1,-1
273,6,1154.97,304.80,200.52,609.04,0.8988,-1,-1,-1
273,25,1878.67,397.32,43.97,103.90,0.4526,-1,-1,-1
273,37,523.71,339.96,172.98,478.38,0.8676,-1,-1,-1
273,38,340.77,343.12,170.83,512.75,0.8806,-1,-1,-1
273,43,1007.63,391.54,138.03,374.74,0.7886,-1,-1,-1
273,46,769.94,418.94,70.95,227.82,0.7439,-1,-1,-1
273,47,705.67,449.64,39.64,138.76,0.3989,-1,-1,-1
273,49,958.93,359.70,71.50,397.61,0.3727,-1,-1,-1
274,2,825.94,306.49,154.53,577.69,0.8516,-1,-1,-1
274,6,1151.13,301.44,201.57,604.13,0.8962,-1,-1,-1
274,25,1877.15,390.37,44.32,108.04,0.4729,-1,-1,-1
274,37,519.75,334.74,178.90,489.74,0.8622,-1,-1,-1
274,38,329.74,333.43,168.75,517.73,0.8700,-1,-1,-1
274,43,1000.57,387.23,141.67,378.27,0.7956,-1,-1,-1
274,46,764.37,412.83,73.79,241.48,0.7058,-1,-1,-1
274,47,700.74,444.01,39.91,139.19,0.4363,-1,-1,-1
275,2,816.03,300.99,161.05,575.41,0.8568,-1,-1,-1
275,6,1141.77,293.95,206.72,599.35,0.8891,-1,-1,-1
275,25,1874.46,392.75,42.96,102.98,0.4513,-1,-1,-1
275,37,508.49,325.90,184.01,496.91,0.8633,-1,-1,-1
275,38,318.06,321.52,173.67,524.80,0.8608,-1,-1,-1
275,43,990.94,380.41,147.66,382.23,0.8150,-1,-1,-1
275,46,756.65,403.44,75.01,250.69,0.6670,-1,-1,-1
275,50,-19.24,660.55,233.81,419.08,0.5319,-1,-1,-1
276,2,805.29,288.21,163.66,582.65,0.8376,-1,-1,-1
276,6,1137.47,288.65,209.91,594.49,0.8892,-1,-1,-1
276,25,1873.29,390.80,42.89,101.14,0.3667,-1,-1,-1
276,37,498.46,317.98,187.57,507.36,0.8690,-1,-1,-1
276,38,301.03,316.71,179.60,531.56,0.8738,-1,-1,-1
276,43,983.49,372.85,151.83,387.82,0.8268,-1,-1,-1
276,46,750.11,398.40,73.84,252.86,0.6718,-1,-1,-1
276,49,936.78,325.39,70.92,414.71,0.4663,-1,-1,-1
277,2,798.64,282.27,161.75,567.16,0.8437,-1,-1,-1
277,6,1131.62,280.52,213.31,595.29,0.8845,-1,-1,-1
277,25,1872.33,385.46,42.81,98.54,0.3428,-1,-1,-1
277,37,488.91,304.66,187.85,508.62,0.8566,-1,-1,-1
277,38,286.87,302.67,180.01,548.70,0.8822,-1,-1,-1
277,43,988.10,366.28,149.81,394.69,0.7620,-1,-1,-1
277,46,742.47,392.05,71.38,248.40,0.6602,-1,-1,-1
277,49,937.49,325.73,69.77,412.74,0.4947,-1,-1,-1
278,2,788.07,277.93,164.47,561.19,0.8565,-1,-1,-1
278,6,1125.15,274.83,214.39,596.59,0.8731,-1,-1,-1
278,25,1869.71,379.78,44.15,97.95,0.3423,-1,-1,-1
278,37,478.25,298.18,188.57,527.07,0.8625,-1,-1,-1
278,38,272.33,301.23,179.24,554.45,0.8597,-1,-1,-1
278,43,978.42,354.52,152.38,399.96,0.7672,-1,-1,-1
278,46,738.62,387.71,67.64,239.13,0.6231,-1,-1,-1
278,47,675.47,420.65,39.12,134.64,0.3245,-1,-1,-1
278,49,945.50,342.39,69.55,385.27,0.4707,-1,-1,-1
279,2,778.90,268.76,170.05,563.61,0.8402,-1,-1,-1
279,6,1122.55,266.30,215.94,597.49,0.8720,-1,-1,-1
279,25,1867.70,374.57,46.45,98.27,0.4471,-1,-1,-1
279,37,471.94,294.56,186.18,531.18,0.8795,-1,-1,-1
279,38,258.58,293.76,186.08,569.28,0.8748,-1,-1,-1
279,43,976.61,345.25,153.30,402.81,0.7963,-1,-1,-1
279,46,732.46,376.63,67.84,242.12,0.6374,-1,-1,-1
279,49,927.34,307.38,72.69,406.08,0.6059,-1,-1,-1
280,2,774.64,259.90,171.04,562.30,0.8442,-1,-1,-1
280,6,1118.43,256.64,218.80,602.16,0.8696,-1,-1,-1
280,25,1867.55,370.02,47.34,96.40,0.4226,-1,-1,-1
280,37,467.84,281.36,186.79,545.36,0.8746,-1,-1,-1
280,38,245.72,278.08,189.03,581.91,0.8669,-1,-1,-1
280,43,979.21,334.37,152.61,407.62,0.7760,-1,-1,-1
280,46,729.09,370.47,68.06,246.73,0.6923,-1,-1,-1
280,49,926.61,298.94,73.40,409.11,0.4325,-1,-1,-1
281,2,777.53,250.63,170.97,555.76,0.8473,-1,-1,-1
281,6,1120.40,250.40,218.05,600.82,0.8828,-1,-1,-1
281,25,1868.81,363.21,48.05,96.02,0.4036,-1,-1,-1
281,37,463.60,271.34,188.67,554.39,0.8881,-1,-1,-1
281,38,236.05,270.74,196.21,590.49,0.8721,-1,-1,-1
281,43,980.36,319.60,153.47,419.85,0.7970,-1,-1,-1
281,46,727.78,366.20,64.27,235.99,0.6351,-1,-1,-1
281,49,925.50,279.33,77.26,420.23,0.6057,-1,-1,-1
282,2,765.36,236.87,181.45,570.84,0.8555,-1,-1,-1
282,6,1117.06,239.74,219.91,606.42,0.8779,-1,-1,-1
282,25,1869.97,353.93,49.51,99.26,0.3748,-1,-1,-1
282,37,458.60,245.16,193.96,572.99,0.8818,-1,-1,-1
282,38,226.91,250.52,203.08,600.28,0.8828,-1,-1,-1
282,43,982.88,306.78,150.95,422.60,0.7747,-1,-1,-1
282,46,725.76,354.99,66.08,246.44,0.6158,-1,-1,-1
282,47,661.07,384.94,42.80,149.95,0.3102,-1,-1,-1
282,49,921.13,270.13,76.26,413.93,0.4657,-1,-1,-1
283,2,764.36,230.55,183.86,569.36,0.8245,-1,-1,-1
283,6,1119.20,228.41,221.25,608.42,0.8831,-1,-1,-1
283,25,1870.20,344.65,50.49,101.94,0.4122,-1,-1,-1
283,37,453.48,228.69,197.27,576.66,0.8750,-1,-1,-1
283,38,213.78,237.93,210.81,610.74,0.8723,-1,-1,-1
283,43,982.90,298.25,151.36,429.51,0.7853,-1,-1,-1
283,46,724.23,345.64,66.35,252.11,0.6340,-1,-1,-1
283,47,661.90,377.93,40.24,142.88,0.3452,-1,-1,-1
283,49,919.24,261.85,75.84,414.66,0.5167,-1,-1,-1
284,2,765.77,222.96,185.73,569.13,0.8240,-1,-1,-1
284,6,1120.76,220.46,223.30,616.07,0.8842,-1,-1,-1
284,37,445.67,220.64,203.89,573.34,0.8763,-1,-1,-1
284,38,204.32,225.74,217.04,630.06,0.8726,-1,-1,-1
284,43,979.49,288.65,156.73,435.80,0.7919,-1,-1,-1
284,46,724.77,341.53,64.49,245.19,0.6227,-1,-1,-1
284,49,918.06,254.21,75.74,418.64,0.5821,-1,-1,-1
285,2,767.32,215.29,186.01,573.85,0.8502,-1,-1,-1
285,6,1122.44,212.79,225.11,619.92,0.8894,-1,-1,-1
285,25,1872.77,319.26,53.33,111.75,0.3140,-1,-1,-1
285,37,437.33,207.41,215.01,590.90,0.8819,-1,-1,-1
285,38,194.90,212.85,221.30,635.63,0.8813,-1,-1,-1
285,43,982.19,282.34,159.16,439.61,0.7200,-1,-1,-1
285,46,725.48,332.91,65.93,251.09,0.6385,-1,-1,-1
285,47,664.21,364.31,38.98,139.64,0.4339,-1,-1,-1
285,49,919.98,247.12,75.65,420.73,0.3604,-1,-1,-1
286,2,771.67,210.50,183.95,573.75,0.8569,-1,-1,-1
286,6,1124.72,206.37,225.75,623.84,0.8912,-1,-1,-1
286,37,435.29,191.19,218.58,596.80,0.8973,-1,-1,-1
286,38,181.00,200.20,225.50,645.64,0.8713,-1,-1,-1
286,43,977.06,273.14,170.63,456.58,0.7824,-1,-1,-1
286,46,725.60,323.62,67.45,254.02,0.6690,-1,-1,-1
286,47,665.39,360.26,39.63,144.23,0.4432,-1,-1,-1
286,49,920.42,236.74,76.21,425.29,0.4858,-1,-1,-1
287,2,777.50,203.62,179.43,574.01,0.8645,-1,-1,-1
287,6,1127.14,201.85,229.36,619.31,0.8860,-1,-1,-1
287,37,432.52,178.17,222.00,607.24,0.9020,-1,-1,-1
287,38,172.77,186.57,228.09,653.89,0.8782,-1,-1,-1
287,43,978.67,261.52,175.93,458.85,0.7522,-1,-1,-1
287,46,727.28,313.02,70.51,260.60,0.7310,-1,-1,-1
287,47,668.37,349.80,39.83,148.55,0.3275,-1,-1,-1
287,49,923.89,231.79,76.79,422.22,0.5895,-1,-1,-1
288,2,779.37,200.37,179.33,569.56,0.8553,-1,-1,-1
288,6,1139.79,191.98,228.68,624.58,0.8755,-1,-1,-1
288,37,430.23,166.49,224.34,619.66,0.8978,-1,-1,-1
288,38,167.27,177.63,228.14,660.30,0.8819,-1,-1,-1
288,43,988.06,257.98,178.02,462.56,0.6565,-1,-1,-1
288,46,730.89,304.43,70.42,260.93,0.7738,-1,-1,-1
288,47,672.31,340.50,40.66,151.80,0.4636,-1,-1,-1
288,49,923.97,226.69,76.58,414.30,0.4549,-1,-1,-1
289,2,784.50,189.86,182.48,568.93,0.8407,-1,-1,-1
289,6,1147.76,184.60,229.62,627.47,0.8709,-1,-1,-1
289,37,420.92,161.76,234.25,635.73,0.9002,-1,-1,-1
289,38,153.63,161.69,233.47,674.83,0.8979,-1,-1,-1
289,43,1000.57,255.06,176.64,467.10,0.6330,-1,-1,-1
289,46,732.46,298.17,72.91,268.76,0.7492,-1,-1,-1
289,47,677.90,334.27,40.64,152.62,0.3445,-1,-1,-1
289,49,928.66,224.24,74.26,402.74,0.5344,-1,-1,-1
290,2,791.25,189.17,187.19,570.20,0.8398,-1,-1,-1
290,6,1158.94,183.23,225.53,623.32,0.8728,-1,-1,-1
290,37,414.97,154.48,242.80,654.47,0.9080,-1,-1,-1
290,38,147.39,148.78,234.24,687.27,0.9037,-1,-1,-1
290,43,1017.72,246.20,170.22,480.91,0.7886,-1,-1,-1
290,46,735.41,295.80,73.17,266.28,0.7407,-1,-1,-1
290,47,684.44,332.42,41.10,153.47,0.4234,-1,-1,-1
290,49,946.21,225.61,79.18,407.59,0.4262,-1,-1,-1
291,2,797.66,184.87,184.21,565.41,0.8223,-1,-1,-1
291,6,1172.47,179.51,219.37,621.24,0.8647,-1,-1,-1
291,37,409.91,151.80,248.88,659.33,0.9072,-1,-1,-1
291,38,136.84,140.77,238.56,696.22,0.9061,-1,-1,-1
291,43,1025.85,239.01,168.20,490.75,0.7919,-1,-1,-1
291,46,739.64,288.45,74.56,268.43,0.7280,-1,-1,-1
291,49,949.29,216.10,80.93,411.34,0.3618,-1,-1,-1
292,2,799.79,181.13,185.10,559.38,0.8275,-1,-1,-1
292,6,1182.84,172.45,216.86,616.36,0.8790,-1,-1,-1
292,37,405.35,150.93,256.04,671.99,0.9081,-1,-1,-1
292,38,127.85,135.40,237.60,711.41,0.9045,-1,-1,-1
292,43,1032.70,232.83,167.74,490.75,0.8051,-1,-1,-1
292,46,742.02,282.89,77.43,272.41,0.7387,-1,-1,-1
292,49,950.18,207.78,81.84,415.17,0.3778,-1,-1,-1
293,2,810.24,175.36,182.19,552.73,0.8413,-1,-1,-1
293,6,1192.15,170.59,213.38,608.43,0.8885,-1,-1,-1
293,37,399.07,146.68,260.21,689.76,0.9056,-1,-1,-1
293,38,109.86,134.79,246.39,735.95,0.8796,-1,-1,-1
293,43,1039.58,230.26,174.00,495.78,0.8317,-1,-1,-1
293,46,746.89,278.52,79.68,274.03,0.7462,-1,-1,-1
293,49,964.37,201.19,85.39,415.13,0.6720,-1,-1,-1
294,2,818.66,172.76,180.29,553.04,0.8254,-1,-1,-1
294,6,1207.64,170.50,210.62,610.90,0.8750,-1,-1,-1
294,37,396.63,145.33,261.77,702.00,0.9051,-1,-1,-1
294,38,80.93,134.44,266.55,757.19,0.8919,-1,-1,-1
294,43,1046.91,226.58,177.87,499.47,0.8480,-1,-1,-1
294,46,753.39,279.13,82.51,273.55,0.7554,-1,-1,-1
294,49,967.99,200.47,92.20,430.65,0.7163,-1,-1,-1
295,2,828.21,182.59,179.47,549.99,0.8325,-1,-1,-1
295,6,1221.98,171.65,205.20,614.56,0.8756,-1,-1,-1
295,37,391.85,142.17,268.00,732.66,0.9053,-1,-1,-1
295,38,57.26,131.25,283.97,770.05,0.8917,-1,-1,-1
295,43,1053.21,220.51,183.59,512.77,0.8542,-1,-1,-1
295,46,758.96,279.00,85.99,276.98,0.7888,-1,-1,-1
295,49,970.37,201.70,91.38,431.74,0.6422,-1,-1,-1
296,2,836.43,176.21,176.86,555.84,0.8425,-1,-1,-1
296,6,1233.75,173.15,200.75,617.68,0.8677,-1,-1,-1
296,37,387.77,136.46,273.39,748.82,0.9053,-1,-1,-1
296,38,35.77,131.92,297.78,780.71,0.8953,-1,-1,-1
296,43,1059.65,209.68,187.33,536.21,0.8659,-1,-1,-1
296,46,761.91,277.23,89.11,279.13,0.7958,-1,-1,-1
296,49,975.95,200.44,92.11,429.32,0.6068,-1,-1,-1
297,2,847.01,177.99,170.09,556.71,0.8252,-1,-1,-1
297,6,1248.11,172.27,197.22,627.09,0.8732,-1,-1,-1
297,37,379.80,129.83,277.64,760.03,0.9120,-1,-1,-1
297,38,28.10,127.53,303.75,802.23,0.8992,-1,-1,-1
297,43,1072.07,207.25,191.08,539.99,0.8557,-1,-1,-1
297,46,768.60,276.50,88.69,278.28,0.7940,-1,-1,-1
297,49,987.74,207.66,96.85,412.39,0.6991,-1,-1,-1
298,2,855.23,180.13,167.31,556.56,0.8207,-1,-1,-1
298,6,1259.26,171.81,193.13,631.54,0.8681,-1,-1,-1
298,37,373.70,117.68,282.21,778.10,0.9057,-1,-1,-1
298,38,25.83,124.34,301.76,817.72,0.9006,-1,-1,-1
298,43,1078.07,204.36,194.69,547.02,0.8600,-1,-1,-1
298,46,773.94,278.77,87.89,273.48,0.8058,-1,-1,-1
298,49,988.08,215.03,99.32,417.92,0.6981,-1,-1,-1
299,2,863.83,181.43,161.32,555.71,0.8375,-1,-1,-1
299,6,1262.67,168.75,192.33,636.89,0.8652,-1,-1,-1
299,37,365.59,105.08,285.60,796.39,0.9076,-1,-1,-1
299,38,18.70,112.36,305.26,848.08,0.8969,-1,-1,-1
299,43,1080.12,204.45,202.64,552.57,0.8726,-1,-1,-1
299,46,778.93,277.70,89.96,279.29,0.7901,-1,-1,-1
299,49,990.82,203.01,100.16,428.61,0.6974,-1,-1,-1
300,2,866.19,184.57,159.29,559.29,0.8303,-1,-1,-1
300,6,1259.73,168.66,198.54,640.90,0.8556,-1,-1,-1
300,37,353.02,94.98,295.59,811.92,0.9086,-1,-1,-1
300,38,8.21,105.61,311.26,876.64,0.8934,-1,-1,-1
300,43,1086.29,201.77,211.45,570.74,0.8651,-1,-1,-1
300,46,783.18,277.05,91.13,279.44,0.7573,-1,-1,-1
300,49,997.43,201.62,97.99,426.40,0.7376,-1,-1,-1
301,2,870.73,182.27,156.70,559.24,0.8478,-1,-1,-1
301,6,1256.24,166.29,207.89,649.35,0.8449,-1,-1,-1
301,37,340.09,80.41,305.57,832.44,0.9150,-1,-1,-1
301,38,-1.02,95.78,310.84,893.11,0.9062,-1,-1,-1
301,43,1089.55,200.98,216.73,585.56,0.8557,-1,-1,-1
301,46,784.88,277.19,92.37,278.65,0.7729,-1,-1,-1
301,49,1006.88,201.85,100.07,424.60,0.7580,-1,-1,-1
302,2,874.32,184.28,154.96,558.90,0.8387,-1,-1,-1
302,6,1261.72,170.05,208.68,649.22,0.8352,-1,-1,-1
302,37,325.12,73.12,315.24,842.35,0.8990,-1,-1,-1
302,38,-5.53,80.91,302.34,917.66,0.8999,-1,-1,-1
302,43,1096.20,199.02,214.66,581.90,0.8601,-1,-1,-1
302,46,783.54,277.16,95.30,280.75,0.7839,-1,-1,-1
302,49,1007.96,201.23,100.32,426.27,0.7562,-1,-1,-1
303,2,877.42,184.22,151.81,557.95,0.8491,-1,-1,-1
303,6,1264.10,171.79,207.67,649.83,0.8203,-1,-1,-1
303,37,311.50,56.60,326.06,863.02,0.9052,-1,-1,-1
303,38,-5.27,60.33,285.83,945.10,0.9199,-1,-1,-1
303,43,1102.24,199.82,210.59,582.39,0.8450,-1,-1,-1
303,46,783.03,277.37,97.32,280.87,0.7874,-1,-1,-1
303,49,1008.18,202.59,98.36,426.24,0.7691,-1,-1,-1
304,2,873.45,183.38,151.91,561.75,0.8530,-1,-1,-1
304,6,1269.93,170.85,204.06,652.89,0.8169,-1,-1,-1
304,37,299.01,55.55,334.37,872.77,0.9151,-1,-1,-1
304,38,-9.20,45.47,261.56,963.15,0.9053,-1,-1,-1
304,43,1099.78,197.16,215.63,613.62,0.8094,-1,-1,-1
304,46,784.22,278.28,96.60,280.33,0.7857,-1,-1,-1
304,49,1010.10,207.42,97.08,421.96,0.7774,-1,-1,-1
305,2,867.07,186.88,154.74,565.18,0.8584,-1,-1,-1
305,6,1276.10,170.01,198.43,655.46,0.8156,-1,-1,-1
305,37,289.14,46.62,342.92,920.45,0.9232,-1,-1,-1
305,38,-10.17,32.62,234.54,982.45,0.8994,-1,-1,-1
305,43,1101.80,197.89,213.57,620.98,0.8279,-1,-1,-1
305,46,783.33,279.25,96.38,281.12,0.7691,-1,-1,-1
305,49,1009.91,211.23,96.37,419.14,0.7821,-1,-1,-1
306,2,860.85,185.16,158.01,563.43,0.8555,-1,-1,-1
306,6,1279.65,169.68,192.47,651.44,0.8278,-1,-1,-1
306,37,271.33,44.99,352.96,953.20,0.9223,-1,-1,-1
306,38,-8.34,32.31,212.34,1000.40,0.9007,-1,-1,-1
306,43,1100.84,196.70,215.80,645.79,0.8549,-1,-1,-1
306,46,782.71,278.70,97.58,286.57,0.7620,-1,-1,-1
306,49,1008.51,209.18,97.39,423.25,0.7791,-1,-1,-1
307,2,858.91,184.10,156.93,551.48,0.8396,-1,-1,-1
307,6,1289.44,168.89,185.25,656.84,0.8342,-1,-1,-1
307,37,251.06,39.59,367.06,980.45,0.9121,-1,-1,-1
307,38,-11.29,33.99,197.11,1031.17,0.8718,-1,-1,-1
307,43,1102.83,195.12,217.17,654.67,0.8695,-1,-1,-1
307,46,779.79,275.83,97.82,291.83,0.7257,-1,-1,-1
307,49,1005.16,213.20,98.92,419.62,0.7993,-1,-1,-1
308,2,856.43,180.80,158.25,551.01,0.8265,-1,-1,-1
308,6,1289.35,165.78,180.21,657.81,0.8201,-1,-1,-1
308,37,237.18,34.18,370.21,1007.72,0.9127,-1,-1,-1
308,38,-10.33,133.71,168.47,925.11,0.7838,-1,-1,-1
308,43,1102.31,189.67,222.39,670.65,0.8624,-1,-1,-1
308,46,778.14,275.63,95.22,288.97,0.7534,-1,-1,-1
308,49,1001.77,212.02,100.81,424.75,0.7789,-1,-1,-1
309,2,851.26,182.64,161.42,551.85,0.8232,-1,-1,-1
309,6,1289.52,168.97,173.88,652.34,0.8161,-1,-1,-1
309,37,217.91,36.64,375.67,1022.00,0.9073,-1,-1,-1
309,38,-8.48,176.86,143.91,869.87,0.8346,-1,-1,-1
309,43,1096.91,188.73,226.68,678.85,0.8720,-1,-1,-1
309,46,774.97,280.00,90.05,279.40,0.7653,-1,-1,-1
309,49,999.84,212.17,102.06,426.37,0.7737,-1,-1,-1
310,2,849.29,182.47,163.45,546.12,0.8141,-1,-1,-1
310,6,1292.48,166.98,170.89,661.65,0.8175,-1,-1,-1
310,37,199.04,29.26,383.82,1026.71,0.9192,-1,-1,-1
310,38,8.13,185.90,93.13,525.60,0.7405,-1,-1,-1
310,43,1095.91,177.65,233.09,698.16,0.8821,-1,-1,-1
310,46,774.06,277.53,89.46,287.30,0.7566,-1,-1,-1
310,49,999.80,212.09,103.12,425.85,0.7730,-1,-1,-1
311,2,836.11,184.82,174.03,548.33,0.8268,-1,-1,-1
311,6,1298.30,166.13,165.35,654.59,0.8227,-1,-1,-1
311,37,181.32,15.64,392.63,1060.62,0.9179,-1,-1,-1
311,38,1.63,200.58,89.54,499.34,0.7663,-1,-1,-1
311,43,1096.34,174.27,237.97,704.19,0.8850,-1,-1,-1
311,46,773.88,273.16,87.85,291.31,0.7436,-1,-1,-1
311,49,998.29,209.08,102.76,428.89,0.7597,-1,-1,-1
312,2,829.75,184.06,182.10,552.87,0.8292,-1,-1,-1
312,6,1306.86,164.94,160.11,647.28,0.8074,-1,-1,-1
312,37,164.78,6.60,398.33,1069.46,0.9187,-1,-1,-1
312,43,1102.50,160.56,241.35,721.60,0.8852,-1,-1,-1
312,46,772.38,271.93,85.75,293.65,0.7624,-1,-1,-1
312,49,999.15,205.79,102.95,434.06,0.7451,-1,-1,-1
313,2,822.69,183.94,188.96,555.62,0.8410,-1,-1,-1
313,6,1306.26,163.66,157.75,649.02,0.8349,-1,-1,-1
313,37,143.29,4.91,409.70,1064.97,0.9193,-1,-1,-1
313,43,1104.54,145.13,245.82,744.44,0.9039,-1,-1,-1
313,46,769.53,270.42,84.82,297.20,0.7449,-1,-1,-1
313,49,1000.48,207.82,102.25,436.52,0.7381,-1,-1,-1
314,2,818.64,184.54,190.90,553.92,0.8282,-1,-1,-1
314,6,1306.17,160.09,158.51,654.85,0.8444,-1,-1,-1
314,37,121.77,3.62,425.60,1068.52,0.9262,-1,-1,-1
314,43,1102.97,139.43,250.44,758.68,0.9016,-1,-1,-1
314,46,767.26,271.49,83.95,293.41,0.7468,-1,-1,-1
314,49,996.82,211.28,99.98,433.86,0.7384,-1,-1,-1
315,2,820.52,182.61,188.94,551.68,0.8238,-1,-1,-1
315,6,1312.51,156.83,153.95,643.64,0.8539,-1,-1,-1
315,37,89.62,2.02,447.35,1070.04,0.9281,-1,-1,-1
315,43,1104.91,132.22,253.73,787.54,0.8933,-1,-1,-1
315,46,765.05,269.55,84.64,296.60,0.7852,-1,-1,-1
315,49,997.52,217.63,99.61,421.23,0.7509,-1,-1,-1
316,2,818.83,183.40,189.77,553.00,0.8327,-1,-1,-1
316,6,1311.45,153.95,155.33,649.09,0.8472,-1,-1,-1
316,37,54.87,0.84,468.98,1070.73,0.9244,-1,-1,-1
316,43,1109.15,126.34,257.24,813.37,0.8758,-1,-1,-1
316,46,761.58,265.66,85.42,298.54,0.8011,-1,-1,-1
316,49,995.26,214.80,100.48,430.86,0.7438,-1,-1,-1
317,2,817.21,181.11,190.78,554.31,0.8487,-1,-1,-1
317,6,1315.45,149.28,152.84,659.05,0.8296,-1,-1,-1
317,37,24.87,2.93,487.81,1073.30,0.9127,-1,-1,-1
317,43,1111.38,115.27,263.16,837.59,0.8756,-1,-1,-1
317,46,761.24,263.51,85.47,299.52,0.8027,-1,-1,-1
317,49,992.87,215.99,99.71,428.40,0.7490,-1,-1,-1
318,2,818.42,181.45,188.52,549.43,0.8554,-1,-1,-1
318,6,1318.12,148.00,148.17,661.89,0.8408,-1,-1,-1
318,37,3.34,2.75,494.78,1069.05,0.9352,-1,-1,-1
318,43,1115.78,110.36,268.11,849.39,0.8675,-1,-1,-1
318,46,757.53,261.69,86.48,297.87,0.8060,-1,-1,-1
318,49,991.04,212.78,100.81,426.49,0.7453,-1,-1,-1
319,2,815.27,175.65,190.37,554.83,0.8724,-1,-1,-1
319,6,1321.68,144.05,144.68,661.59,0.7974,-1,-1,-1
319,37,-1.07,5.03,487.09,1065.56,0.9363,-1,-1,-1
319,43,1117.95,97.79,277.78,882.00,0.8563,-1,-1,-1
319,46,747.54,260.42,91.81,301.36,0.7687,-1,-1,-1
319,49,987.77,209.46,102.96,428.43,0.7701,-1,-1,-1
320,2,812.49,170.43,191.17,552.08,0.8588,-1,-1,-1
320,6,1329.85,138.54,140.33,665.94,0.7603,-1,-1,-1
320,37,-2.13,4.88,468.65,1064.98,0.9442,-1,-1,-1
320,43,1120.99,95.80,282.44,900.86,0.8739,-1,-1,-1
320,46,744.23,257.62,95.26,305.66,0.7760,-1,-1,-1
320,49,985.15,204.72,104.80,428.68,0.7800,-1,-1,-1
321,2,807.76,165.28,194.13,558.31,0.8603,-1,-1,-1
321,6,1336.04,133.59,136.49,665.01,0.6844,-1,-1,-1
321,37,-3.55,2.79,447.02,1067.58,0.9350,-1,-1,-1
321,43,1129.75,89.01,288.49,936.54,0.8599,-1,-1,-1
321,46,740.81,255.31,96.55,307.15,0.7511,-1,-1,-1
321,49,982.60,202.04,106.65,427.78,0.7954,-1,-1,-1
322,2,819.05,165.32,186.61,554.07,0.8672,-1,-1,-1
322,37,-2.99,6.03,423.15,1063.89,0.9326,-1,-1,-1
322,43,1145.31,80.46,310.17,964.41,0.8698,-1,-1,-1
322,46,736.97,252.05,98.18,309.71,0.7627,-1,-1,-1
322,49,979.66,197.66,108.16,427.11,0.8071,-1,-1,-1
323,2,820.45,162.46,181.62,547.48,0.8679,-1,-1,-1
323,37,-4.64,5.61,398.72,1059.37,0.9174,-1,-1,-1
323,43,1145.01,69.86,327.14,983.12,0.8946,-1,-1,-1
323,46,732.27,250.09,100.83,313.87,0.7614,-1,-1,-1
323,49,977.17,196.23,109.25,422.19,0.7988,-1,-1,-1
324,2,820.42,168.03,177.01,534.72,0.8714,-1,-1,-1
324,37,-4.95,5.66,365.23,1062.37,0.9323,-1,-1,-1
324,43,1152.12,60.37,328.73,1007.40,0.9057,-1,-1,-1
324,46,727.80,251.20,102.14,317.00,0.7620,-1,-1,-1
324,49,975.32,195.38,110.97,421.91,0.7912,-1,-1,-1
325,2,826.24,165.79,173.35,539.30,0.8731,-1,-1,-1
325,37,-7.38,7.03,334.27,1059.89,0.9180,-1,-1,-1
325,43,1158.60,49.17,327.39,1024.34,0.9014,-1,-1,-1
325,46,721.56,252.48,104.24,317.88,0.7679,-1,-1,-1
325,49,974.27,194.89,112.85,425.00,0.7898,-1,-1,-1
326,2,827.81,164.70,171.26,541.88,0.8596,-1,-1,-1
326,37,-5.28,7.55,329.40,1061.21,0.8383,-1,-1,-1
326,43,1165.33,30.40,330.61,1040.26,0.9037,-1,-1,-1
326,46,714.24,250.50,109.22,321.10,0.8044,-1,-1,-1
326,49,973.85,193.56,113.94,429.06,0.7917,-1,-1,-1
327,2,829.08,167.25,169.54,543.55,0.8588,-1,-1,-1
327,37,-30.70,8.04,301.57,1061.54,0.7914,-1,-1,-1
327,43,1176.62,21.68,336.76,1050.29,0.8797,-1,-1,-1
327,46,711.88,252.51,110.98,321.10,0.8103,-1,-1,-1
327,49,973.90,195.44,113.47,429.71,0.8010,-1,-1,-1
328,2,830.18,167.79,168.11,544.31,0.8505,-1,-1,-1
328,37,-51.73,8.48,289.17,1057.54,0.5432,-1,-1,-1
328,43,1184.30,10.10,352.78,1063.73,0.8862,-1,-1,-1
328,46,712.68,251.40,109.57,318.90,0.8148,-1,-1,-1
328,49,974.45,195.67,112.83,430.14,0.7968,-1,-1,-1
329,2,837.39,164.76,166.85,553.64,0.8470,-1,-1,-1
329,43,1195.76,3.85,362.44,1066.03,0.8879,-1,-1,-1
329,46,709.63,249.60,112.50,323.96,0.8112,-1,-1,-1
329,49,975.42,197.32,112.83,431.22,0.7773,-1,-1,-1
329,54,559.18,299.73,45.48,160.10,0.4015,-1,-1,-1
330,2,840.97,162.95,164.63,562.19,0.8480,-1,-1,-1
330,43,1212.54,2.44,366.39,1071.38,0.9027,-1,-1,-1
330,46,709.15,250.37,113.95,328.51,0.8103,-1,-1,-1
330,49,981.73,200.20,112.97,429.26,0.7864,-1,-1,-1
330,54,559.83,300.31,46.20,161.40,0.3655,-1,-1,-1
331,2,844.88,173.04,161.36,558.51,0.8283,-1,-1,-1
331,43,1231.97,0.84,378.95,1065.31,0.9053,-1,-1,-1
331,46,709.95,251.53,113.75,331.50,0.7927,-1,-1,-1
331,49,985.56,202.88,113.47,431.23,0.7895,-1,-1,-1
332,2,850.52,180.27,158.92,559.65,0.8326,-1,-1,-1
332,43,1244.80,1.23,390.29,1065.30,0.9074,-1,-1,-1
332,46,709.91,254.00,113.53,329.64,0.8177,-1,-1,-1
332,49,987.17,205.14,114.04,434.20,0.7767,-1,-1,-1
333,2,850.28,184.21,157.66,560.82,0.8342,-1,-1,-1
333,43,1265.47,1.46,399.89,1072.56,0.8986,-1,-1,-1
333,46,707.79,255.99,114.97,330.64,0.8162,-1,-1,-1
333,49,987.97,209.75,113.31,431.40,0.7654,-1,-1,-1
333,57,820.94,235.71,74.93,293.86,0.4481,-1,-1,-1
334,2,849.27,190.37,157.75,561.03,0.8281,-1,-1,-1
334,43,1276.93,4.46,414.39,1063.20,0.8802,-1,-1,-1
334,46,704.66,256.20,117.80,336.75,0.8239,-1,-1,-1
334,49,989.76,216.66,114.08,430.58,0.7868,-1,-1,-1
334,54,558.52,315.55,46.98,160.74,0.3376,-1,-1,-1
334,57,823.88,237.24,67.56,265.93,0.4497,-1,-1,-1
335,2,849.03,194.73,155.73,556.41,0.8273,-1,-1,-1
335,43,1282.24,2.55,444.28,1064.27,0.8816,-1,-1,-1
335,46,702.61,257.57,118.97,339.24,0.8354,-1,-1,-1
335,49,992.06,220.89,114.27,430.94,0.7874,-1,-1,-1
335,57,816.45,238.34,81.42,328.08,0.4020,-1,-1,-1
336,2,845.54,195.46,156.26,560.42,0.8166,-1,-1,-1
336,43,1321.41,3.20,457.44,1067.51,0.8630,-1,-1,-1
336,46,700.15,260.49,118.90,338.71,0.8277,-1,-1,-1
336,49,989.82,222.38,116.36,434.41,0.7733,-1,-1,-1
336,57,814.36,238.97,79.48,326.92,0.4089,-1,-1,-1
337,2,843.51,197.46,156.37,557.82,0.8060,-1,-1,-1
337,43,1344.24,3.06,488.10,1072.88,0.8613,-1,-1,-1
337,46,693.16,259.41,121.44,347.98,0.8258,-1,-1,-1
337,49,984.34,224.33,116.37,434.22,0.7440,-1,-1,-1
337,57,810.36,236.86,81.44,341.83,0.3180,-1,-1,-1
337,58,1248.11,166.61,182.76,639.57,0.8166,-1,-1,-1
338,2,835.70,198.36,160.06,557.68,0.8051,-1,-1,-1
338,43,1323.22,3.31,548.27,1070.01,0.8667,-1,-1,-1
338,46,689.26,265.76,121.10,345.11,0.8236,-1,-1,-1
338,49,982.62,227.81,119.81,438.26,0.7653,-1,-1,-1
338,57,804.64,240.76,84.56,368.17,0.4704,-1,-1,-1
338,58,1238.87,166.01,194.31,665.15,0.7975,-1,-1,-1
339,2,830.33,190.27,163.71,553.96,0.8117,-1,-1,-1
339,43,1314.95,4.29,576.68,1063.93,0.8687,-1,-1,-1
339,46,685.05,267.75,122.96,351.63,0.8342,-1,-1,-1
339,49,979.97,230.33,120.92,437.72,0.7799,-1,-1,-1
339,57,803.29,247.14,81.77,371.31,0.5074,-1,-1,-1
339,58,1233.98,163.68,201.66,694.33,0.7663,-1,-1,-1
340,2,825.91,188.97,168.00,548.96,0.8297,-1,-1,-1
340,43,1312.01,4.31,601.75,1064.34,0.9069,-1,-1,-1
340,46,682.41,268.34,122.17,352.40,0.8165,-1,-1,-1
340,49,979.66,229.21,121.89,438.12,0.7768,-1,-1,-1
340,57,802.34,247.86,79.02,369.65,0.5405,-1,-1,-1
340,58,1231.05,168.61,193.84,685.62,0.7245,-1,-1,-1
341,2,825.03,189.45,171.15,546.64,0.8322,-1,-1,-1
341,6,1238.85,159.48,207.00,703.39,0.8385,-1,-1,-1
341,43,1315.22,1.19,604.54,1067.00,0.7943,-1,-1,-1
341,46,679.01,267.10,123.18,357.18,0.8112,-1,-1,-1
341,49,982.83,226.16,123.26,440.10,0.7800,-1,-1,-1
341,57,799.91,245.71,78.81,373.58,0.5487,-1,-1,-1
342,2,818.68,188.16,177.71,548.71,0.8410,-1,-1,-1
342,6,1235.51,161.63,209.50,693.61,0.8682,-1,-1,-1
342,43,1320.63,-0.26,604.01,1070.03,0.7249,-1,-1,-1
342,46,673.50,261.33,126.48,364.81,0.8047,-1,-1,-1
342,49,983.34,225.07,122.79,439.42,0.7763,-1,-1,-1
342,57,798.27,242.16,78.35,374.35,0.4378,-1,-1,-1
343,2,813.64,190.50,182.07,547.60,0.8416,-1,-1,-1
343,6,1232.13,160.43,212.22,692.60,0.8766,-1,-1,-1
343,43,1333.19,0.04,590.80,1063.69,0.8409,-1,-1,-1
343,46,668.35,256.88,127.22,367.73,0.8083,-1,-1,-1
343,49,980.62,224.64,124.66,438.61,0.7748,-1,-1,-1
343,54,529.75,323.14,52.42,171.98,0.3128,-1,-1,-1
343,57,787.14,238.47,80.28,377.87,0.4868,-1,-1,-1
344,2,811.56,186.76,185.08,554.27,0.8395,-1,-1,-1
344,6,1226.99,158.79,213.48,699.48,0.8709,-1,-1,-1
344,43,1351.25,-0.43,585.07,1065.98,0.6158,-1,-1,-1
344,46,663.79,257.42,125.87,365.46,0.8233,-1,-1,-1
344,49,979.88,223.29,124.65,438.65,0.7764,-1,-1,-1
344,57,783.40,237.16,82.33,393.27,0.5832,-1,-1,-1
345,2,806.26,186.28,187.73,557.27,0.8207,-1,-1,-1
345,6,1223.74,145.23,220.55,711.45,0.8771,-1,-1,-1
345,46,659.44,254.32,126.15,372.40,0.8165,-1,-1,-1
345,49,982.23,222.05,122.69,432.53,0.7704,-1,-1,-1
345,57,780.89,234.65,81.60,396.91,0.5976,-1,-1,-1
346,2,798.35,187.36,189.72,556.93,0.8373,-1,-1,-1
346,6,1215.88,145.10,233.83,713.78,0.8884,-1,-1,-1
346,46,655.02,249.89,124.88,372.41,0.8278,-1,-1,-1
346,49,973.93,215.74,126.40,432.46,0.7825,-1,-1,-1
346,57,775.56,232.54,80.28,393.09,0.5097,-1,-1,-1
347,2,797.51,188.83,186.82,555.51,0.8246,-1,-1,-1
347,6,1202.91,146.67,242.48,707.96,0.8844,-1,-1,-1
347,46,646.28,248.23,124.92,373.54,0.8122,-1,-1,-1
347,49,969.26,216.00,126.74,430.40,0.7904,-1,-1,-1
347,57,770.27,232.20,80.64,389.36,0.5971,-1,-1,-1
347,59,1479.97,9.10,465.16,929.71,0.7919,-1,-1,-1
348,2,799.95,190.24,184.10,553.95,0.8372,-1,-1,-1
348,6,1196.89,142.75,249.13,706.91,0.8905,-1,-1,-1
348,46,638.46,244.57,126.61,378.40,0.8083,-1,-1,-1
348,49,966.76,215.28,126.74,428.76,0.7690,-1,-1,-1
348,57,763.02,229.85,84.51,398.76,0.6798,-1,-1,-1
348,59,1542.39,21.49,408.07,928.66,0.8337,-1,-1,-1
349,2,800.05,190.24,183.39,554.89,0.8326,-1,-1,-1
349,6,1188.51,141.97,252.45,695.07,0.8941,-1,-1,-1
349,46,629.83,236.18,130.97,390.81,0.8216,-1,-1,-1
349,49,963.01,214.47,128.81,430.00,0.7864,-1,-1,-1
349,54,489.39,302.84,52.90,176.48,0.3406,-1,-1,-1
349,57,760.97,225.57,85.96,404.15,0.6880,-1,-1,-1
349,59,1607.31,52.85,348.39,822.27,0.6176,-1,-1,-1
350,2,799.01,191.94,182.20,549.66,0.8526,-1,-1,-1
350,6,1180.81,142.55,256.85,691.50,0.9023,-1,-1,-1
350,46,623.69,235.38,131.31,390.43,0.8169,-1,-1,-1
350,49,962.27,216.49,127.55,430.15,0.7827,-1,-1,-1
350,54,485.00,306.96,53.63,174.55,0.3172,-1,-1,-1
350,57,757.03,224.07,88.66,409.19,0.7421,-1,-1,-1
351,2,797.40,191.51,183.28,546.31,0.8546,-1,-1,-1
351,6,1172.01,143.63,262.19,693.01,0.9032,-1,-1,-1
351,46,619.06,237.77,132.30,394.20,0.8098,-1,-1,-1
351,49,964.00,216.72,124.18,431.44,0.7628,-1,-1,-1
351,54,478.11,302.43,55.51,181.19,0.3557,-1,-1,-1
351,57,752.24,220.98,90.15,414.54,0.7205,-1,-1,-1
351,64,1087.26,328.62,69.26,182.09,0.4743,-1,-1,-1
352,2,800.37,190.26,181.79,548.46,0.8531,-1,-1,-1
352,6,1165.04,143.38,268.29,698.58,0.9019,-1,-1,-1
352,46,612.50,235.84,133.33,398.00,0.8205,-1,-1,-1
352,49,960.35,216.88,123.21,434.96,0.7865,-1,-1,-1
352,57,745.16,218.41,93.54,420.70,0.7637,-1,-1,-1
352,64,1080.64,328.43,69.17,182.98,0.4206,-1,-1,-1
353,2,802.24,188.66,181.42,550.03,0.8543,-1,-1,-1
353,6,1158.71,142.78,269.03,702.83,0.9062,-1,-1,-1
353,46,606.70,229.35,132.37,403.14,0.8318,-1,-1,-1
353,49,958.54,216.25,120.93,432.73,0.7815,-1,-1,-1
353,57,738.09,212.26,96.98,428.08,0.7589,-1,-1,-1
354,2,798.52,191.30,178.99,538.95,0.8786,-1,-1,-1
354,6,1151.32,143.57,269.89,708.39,0.9091,-1,-1,-1
354,46,596.31,228.62,134.08,402.76,0.8403,-1,-1,-1
354,49,957.62,217.97,117.44,430.86,0.8014,-1,-1,-1
354,57,730.69,211.99,101.77,430.89,0.7819,-1,-1,-1
354,64,1056.96,321.60,70.62,185.37,0.4925,-1,-1,-1
355,2,797.19,189.64,176.49,533.59,0.8716,-1,-1,-1
355,6,1146.95,143.79,271.84,711.06,0.9114,-1,-1,-1
355,46,587.82,229.51,133.55,405.57,0.8504,-1,-1,-1
355,49,950.77,219.52,115.18,429.24,0.8027,-1,-1,-1
355,57,720.90,207.78,108.78,439.13,0.7994,-1,-1,-1
355,64,1048.62,318.29,73.46,187.99,0.6032,-1,-1,-1
356,2,795.50,186.78,175.22,530.33,0.8466,-1,-1,-1
356,6,1139.42,142.24,276.27,713.40,0.9122,-1,-1,-1
356,46,574.59,224.87,137.55,412.68,0.7325,-1,-1,-1
356,49,944.33,220.17,114.54,429.64,0.7970,-1,-1,-1
356,57,713.73,207.01,110.10,441.63,0.7955,-1,-1,-1
356,64,1039.97,315.76,74.15,189.17,0.4214,-1,-1,-1
357,2,793.92,188.60,172.89,525.91,0.8535,-1,-1,-1
357,6,1136.56,140.76,273.95,716.99,0.9101,-1,-1,-1
357,46,567.57,224.00,137.70,417.46,0.8210,-1,-1,-1
357,49,938.47,215.48,113.90,432.11,0.7734,-1,-1,-1
357,54,434.28,293.92,57.90,187.03,0.3282,-1,-1,-1
357,57,700.44,203.85,115.38,447.80,0.8155,-1,-1,-1
357,64,1033.69,322.73,70.44,182.77,0.5086,-1,-1,-1
358,2,784.43,183.84,174.69,538.50,0.8456,-1,-1,-1
358,6,1129.41,141.66,275.42,719.17,0.9096,-1,-1,-1
358,46,555.02,220.68,137.78,415.24,0.8382,-1,-1,-1
358,49,934.72,215.54,113.03,435.99,0.7533,-1,-1,-1
358,54,421.48,294.06,58.89,188.15,0.4934,-1,-1,-1
358,57,686.90,198.68,121.63,453.83,0.8257,-1,-1,-1
358,64,1024.15,319.26,69.82,182.91,0.6303,-1,-1,-1
359,2,784.78,181.03,169.10,540.73,0.8553,-1,-1,-1
359,6,1122.84,140.81,277.54,720.31,0.9081,-1,-1,-1
359,46,539.34,222.33,140.93,420.53,0.8263,-1,-1,-1
359,49,923.29,216.72,113.24,439.19,0.7785,-1,-1,-1
359,57,676.96,194.85,127.17,451.80,0.7879,-1,-1,-1
359,64,1014.47,314.47,72.26,189.59,0.4342,-1,-1,-1
360,2,778.85,178.77,167.42,546.40,0.8693,-1,-1,-1
360,6,1116.44,140.44,277.87,724.33,0.9103,-1,-1,-1
360,46,525.84,220.47,145.16,428.58,0.8213,-1,-1,-1
360,49,915.69,214.04,112.37,443.60,0.8035,-1,-1,-1
360,54,401.02,297.62,57.20,182.11,0.3142,-1,-1,-1
360,57,660.38,193.54,136.13,458.71,0.8506,-1,-1,-1
360,64,1004.86,315.94,71.54,187.84,0.5750,-1,-1,-1
361,2,772.49,179.24,165.71,546.22,0.8703,-1,-1,-1
361,6,1111.81,140.97,276.23,726.53,0.9074,-1,-1,-1
361,46,511.14,218.84,146.95,431.30,0.8109,-1,-1,-1
361,49,910.99,214.66,109.16,444.72,0.8197,-1,-1,-1
361,54,390.53,294.53,58.27,187.30,0.4509,-1,-1,-1
361,57,652.06,190.66,139.76,468.06,0.8320,-1,-1,-1
361,64,994.96,313.77,73.20,191.04,0.6070,-1,-1,-1
362,2,767.10,180.81,164.81,552.31,0.8696,-1,-1,-1
362,6,1107.66,141.10,273.82,724.82,0.9081,-1,-1,-1
362,46,493.48,223.51,149.73,430.62,0.8175,-1,-1,-1
362,49,904.09,216.42,107.05,439.46,0.7835,-1,-1,-1
362,54,381.23,298.61,58.48,188.75,0.3397,-1,-1,-1
362,57,635.92,192.16,146.90,465.13,0.8563,-1,-1,-1
362,64,990.16,318.96,72.51,186.50,0.6265,-1,-1,-1
363,2,762.50,185.33,162.06,548.58,0.8489,-1,-1,-1
363,6,1102.36,139.96,275.27,734.96,0.9080,-1,-1,-1
363,46,480.30,222.50,154.69,444.98,0.7931,-1,-1,-1
363,49,896.97,212.23,106.09,441.63,0.7349,-1,-1,-1
363,57,620.14,192.47,154.72,469.50,0.8522,-1,-1,-1
363,64,982.81,320.03,74.45,190.41,0.5420,-1,-1,-1
364,2,760.19,191.04,160.16,549.78,0.8128,-1,-1,-1
364,6,1101.89,136.71,273.39,736.89,0.9066,-1,-1,-1
364,46,463.75,218.71,160.88,458.14,0.7916,-1,-1,-1
364,49,893.66,210.26,104.94,440.98,0.7013,-1,-1,-1
364,57,607.62,189.59,164.41,480.90,0.8518,-1,-1,-1
364,64,973.54,312.62,78.27,197.40,0.5648,-1,-1,-1
365,2,761.66,193.91,159.21,548.01,0.8135,-1,-1,-1
365,6,1101.87,136.38,271.23,737.43,0.8993,-1,-1,-1
365,46,440.77,221.68,173.62,458.71,0.8290,-1,-1,-1
365,49,890.31,209.29,104.03,446.66,0.6420,-1,-1,-1
365,57,594.37,192.13,173.06,483.80,0.8248,-1,-1,-1
365,64,969.52,316.44,78.63,195.78,0.5230,-1,-1,-1
366,2,758.71,200.57,156.95,542.82,0.8147,-1,-1,-1
366,6,1100.15,138.35,268.32,729.12,0.9022,-1,-1,-1
366,46,440.22,222.39,173.59,461.46,0.8047,-1,-1,-1
366,49,888.76,212.55,99.93,440.01,0.6736,-1,-1,-1
366,54,358.10,304.42,60.65,188.61,0.3820,-1,-1,-1
366,57,589.12,197.75,177.41,481.57,0.8613,-1,-1,-1
366,64,965.96,322.04,78.95,193.32,0.4406,-1,-1,-1
367,2,758.09,198.45,156.09,543.63,0.8245,-1,-1,-1
367,6,1100.44,135.39,268.21,723.93,0.9027,-1,-1,-1
367,46,433.80,222.32,172.63,466.27,0.7961,-1,-1,-1
367,49,888.69,207.76,97.68,440.56,0.6700,-1,-1,-1
367,54,357.84,308.13,61.62,185.75,0.3069,-1,-1,-1
367,57,590.32,193.09,178.36,490.40,0.8712,-1,-1,-1
367,64,963.93,312.94,81.78,199.07,0.4089,-1,-1,-1
368,2,758.30,197.71,156.57,546.12,0.8273,-1,-1,-1
368,6,1100.00,133.31,267.94,720.06,0.9023,-1,-1,-1
368,46,432.96,220.66,174.85,472.05,0.8180,-1,-1,-1
368,49,889.07,206.30,94.96,436.42,0.6240,-1,-1,-1
368,57,590.99,192.73,176.21,500.38,0.8601,-1,-1,-1
368,64,959.88,309.58,82.49,199.46,0.4082,-1,-1,-1
369,2,759.23,194.43,159.94,547.50,0.8538,-1,-1,-1
369,6,1102.87,133.58,265.71,714.31,0.9053,-1,-1,-1
369,46,426.32,220.58,174.52,473.26,0.8271,-1,-1,-1
369,49,890.01,203.82,93.75,437.62,0.5820,-1,-1,-1
369,57,588.86,190.63,172.78,506.29,0.8629,-1,-1,-1
369,64,960.78,314.86,82.49,196.85,0.4774,-1,-1,-1
370,2,760.11,193.26,161.70,539.89,0.8226,-1,-1,-1
370,6,1103.39,132.92,265.53,716.49,0.9057,-1,-1,-1
370,46,422.26,221.72,175.11,475.11,0.8256,-1,-1,-1
370,49,891.53,205.76,92.43,437.93,0.6350,-1,-1,-1
370,57,584.80,193.43,170.68,509.26,0.8553,-1,-1,-1
371,2,758.34,195.55,164.26,537.56,0.8487,-1,-1,-1
371,6,1104.77,133.38,263.22,722.22,0.9058,-1,-1,-1
371,46,419.27,223.90,177.34,478.51,0.8530,-1,-1,-1
371,49,894.25,207.91,90.97,440.78,0.6904,-1,-1,-1
371,57,582.32,195.32,170.30,517.46,0.8636,-1,-1,-1
372,2,760.91,194.94,164.57,539.60,0.8480,-1,-1,-1
372,6,1109.45,132.82,259.17,729.02,0.9057,-1,-1,-1
372,46,416.68,223.88,178.04,480.49,0.8712,-1,-1,-1
372,49,897.68,209.02,88.90,442.91,0.6808,-1,-1,-1
372,57,578.81,193.24,171.48,525.10,0.8649,-1,-1,-1
372,64,962.24,317.77,82.24,196.10,0.4479,-1,-1,-1
373,2,761.58,198.50,166.02,539.19,0.8569,-1,-1,-1
373,6,1111.79,137.63,256.34,731.04,0.8972,-1,-1,-1
373,46,413.30,225.67,177.60,482.35,0.8658,-1,-1,-1
373,49,899.05,210.03,86.48,438.87,0.6623,-1,-1,-1
373,57,573.74,192.84,174.30,528.67,0.8677,-1,-1,-1
373,64,965.61,323.16,81.96,194.95,0.4451,-1,-1,-1
374,2,762.92,197.31,167.52,541.15,0.8473,-1,-1,-1
374,6,1113.50,139.66,253.88,737.31,0.8924,-1,-1,-1
374,46,408.09,225.45,177.41,487.47,0.8637,-1,-1,-1
374,49,901.96,210.28,87.16,444.50,0.6742,-1,-1,-1
374,57,568.17,190.76,177.89,532.30,0.8709,-1,-1,-1
374,64,968.24,328.36,81.38,191.93,0.4818,-1,-1,-1
375,2,765.03,200.92,167.46,544.59,0.8542,-1,-1,-1
375,6,1116.53,140.89,249.70,742.97,0.8947,-1,-1,-1
375,46,402.10,229.99,175.87,487.72,0.8468,-1,-1,-1
375,49,904.58,210.72,86.13,447.26,0.6609,-1,-1,-1
375,57,560.98,190.99,185.59,542.61,0.8769,-1,-1,-1
375,64,966.86,330.31,82.48,195.60,0.5216,-1,-1,-1
376,2,768.39,203.65,166.15,548.05,0.8528,-1,-1,-1
376,6,1119.17,143.11,243.81,748.79,0.8952,-1,-1,-1
376,46,392.99,229.02,176.54,502.52,0.8513,-1,-1,-1
376,49,907.12,219.44,84.87,447.34,0.6486,-1,-1,-1
376,57,558.02,190.97,188.54,550.01,0.8625,-1,-1,-1
376,64,965.77,320.21,87.23,208.99,0.3927,-1,-1,-1
377,2,772.87,206.60,163.35,550.20,0.8859,-1,-1,-1
377,6,1120.67,152.95,240.47,747.07,0.8950,-1,-1,-1
377,46,391.40,224.39,176.54,517.28,0.8409,-1,-1,-1
377,49,911.23,223.82,81.68,446.81,0.7020,-1,-1,-1
377,57,550.87,187.35,192.57,553.17,0.8650,-1,-1,-1
377,64,971.44,335.87,82.27,197.89,0.4275,-1,-1,-1
378,2,780.30,212.12,159.54,547.27,0.8389,-1,-1,-1
378,6,1122.64,157.40,239.06,748.15,0.8988,-1,-1,-1
378,46,386.03,219.81,176.45,527.96,0.8225,-1,-1,-1
378,49,915.05,232.04,78.92,438.73,0.7253,-1,-1,-1
378,57,545.67,187.16,196.97,554.06,0.8593,-1,-1,-1
378,64,973.91,339.06,81.77,197.76,0.3580,-1,-1,-1
379,2,779.60,214.75,160.83,552.98,0.8407,-1,-1,-1
379,6,1123.12,156.74,238.35,755.65,0.8962,-1,-1,-1
379,46,382.74,220.67,173.89,535.34,0.8023,-1,-1,-1
379,49,917.23,236.16,77.46,435.30,0.6468,-1,-1,-1
379,57,538.37,190.18,202.92,560.14,0.8640,-1,-1,-1
379,64,972.69,338.41,83.10,201.54,0.4153,-1,-1,-1
379,68,738.50,318.71,49.23,197.35,0.4666,-1,-1,-1
380,2,784.00,217.45,158.74,548.72,0.8447,-1,-1,-1
380,6,1123.40,159.15,236.41,757.01,0.8913,-1,-1,-1
380,46,375.51,215.04,176.45,549.16,0.8125,-1,-1,-1
380,49,917.37,239.43,78.22,433.73,0.7157,-1,-1,-1
380,57,534.01,187.89,206.76,569.06,0.8709,-1,-1,-1
380,64,977.31,345.69,80.28,196.14,0.3368,-1,-1,-1
380,68,739.82,316.82,51.41,203.45,0.5992,-1,-1,-1
381,2,785.06,220.80,158.85,547.69,0.8392,-1,-1,-1
381,6,1120.88,157.61,235.09,754.95,0.8836,-1,-1,-1
381,46,373.97,212.02,176.84,558.76,0.8109,-1,-1,-1
381,49,917.67,243.06,78.63,432.73,0.7359,-1,-1,-1
381,57,523.59,183.98,211.92,579.48,0.8745,-1,-1,-1
381,64,979.20,343.47,80.48,198.94,0.3933,-1,-1,-1
381,68,737.78,316.08,54.28,210.80,0.6479,-1,-1,-1
382,2,785.22,219.57,158.27,544.81,0.8466,-1,-1,-1
382,6,1117.77,155.77,234.40,760.80,0.8809,-1,-1,-1
382,46,371.67,210.25,178.78,568.08,0.8097,-1,-1,-1
382,49,920.69,243.73,79.74,435.34,0.7014,-1,-1,-1
382,57,522.00,182.44,214.28,591.05,0.8719,-1,-1,-1
382,64,982.60,352.63,76.75,190.67,0.4968,-1,-1,-1
382,68,735.61,316.65,56.03,212.86,0.6499,-1,-1,-1
383,2,786.55,217.80,157.68,541.55,0.8410,-1,-1,-1
383,6,1112.83,154.04,233.71,761.90,0.8807,-1,-1,-1
383,46,364.79,207.96,177.45,569.63,0.8214,-1,-1,-1
383,49,922.42,241.04,80.42,438.53,0.6831,-1,-1,-1
383,57,514.19,180.01,219.15,601.84,0.8766,-1,-1,-1
383,64,983.25,353.74,75.38,189.63,0.4693,-1,-1,-1
383,68,734.20,317.98,55.71,208.59,0.6420,-1,-1,-1
384,2,787.72,217.34,158.75,540.48,0.8468,-1,-1,-1
384,6,1109.91,151.96,234.80,767.08,0.8834,-1,-1,-1
384,46,357.73,207.27,178.78,571.57,0.8233,-1,-1,-1
384,49,928.22,244.49,82.06,435.84,0.5743,-1,-1,-1
384,57,507.60,177.99,221.27,607.95,0.8648,-1,-1,-1
384,68,730.51,320.18,57.16,210.29,0.6527,-1,-1,-1
385,2,786.78,217.00,161.21,544.37,0.8421,-1,-1,-1
385,6,1108.31,156.21,237.00,760.52,0.8836,-1,-1,-1
385,46,350.81,210.65,183.59,571.99,0.8393,-1,-1,-1
385,49,927.54,245.69,85.08,435.52,0.6018,-1,-1,-1
385,57,506.67,176.17,221.96,617.19,0.8602,-1,-1,-1
385,68,729.15,321.87,59.37,212.33,0.6964,-1,-1,-1
386,2,785.12,214.72,160.18,533.06,0.8175,-1,-1,-1
386,6,1100.25,156.44,244.82,755.80,0.8874,-1,-1,-1
386,46,342.54,209.04,181.41,569.98,0.8332,-1,-1,-1
386,49,924.76,243.92,81.56,428.10,0.5449,-1,-1,-1
386,57,496.79,174.24,226.25,621.38,0.8638,-1,-1,-1
386,64,978.46,350.85,75.24,196.47,0.3380,-1,-1,-1
386,68,729.17,320.18,57.99,209.93,0.6590,-1,-1,-1
387,2,780.68,213.64,163.38,531.07,0.8362,-1,-1,-1
387,6,1089.90,156.81,255.65,749.12,0.8935,-1,-1,-1
387,46,332.57,201.42,185.72,585.91,0.8386,-1,-1,-1
387,49,919.49,244.82,80.17,430.59,0.6180,-1,-1,-1
387,57,487.28,169.31,232.24,632.18,0.8618,-1,-1,-1
387,64,978.43,349.79,75.01,197.79,0.3534,-1,-1,-1
387,68,724.64,317.80,59.79,212.11,0.6777,-1,-1,-1
388,2,780.21,211.62,166.20,532.21,0.8344,-1,-1,-1
388,6,1086.89,158.96,261.29,743.88,0.8875,-1,-1,-1
388,46,321.80,192.50,189.50,597.97,0.8473,-1,-1,-1
388,49,919.93,240.30,80.47,434.15,0.5092,-1,-1,-1
388,57,479.30,167.07,236.76,649.95,0.8643,-1,-1,-1
388,64,976.78,348.28,75.19,199.44,0.3804,-1,-1,-1
388,68,721.82,317.33,61.74,210.51,0.7096,-1,-1,-1
389,2,778.47,209.02,165.71,539.20,0.8425,-1,-1,-1
389,6,1084.52,157.33,265.46,748.43,0.8912,-1,-1,-1
389,46,315.38,184.92,190.25,606.12,0.8410,-1,-1,-1
389,49,917.89,242.39,80.15,434.26,0.5924,-1,-1,-1
389,57,478.07,161.53,235.97,659.24,0.8636,-1,-1,-1
389,64,973.76,331.77,81.55,218.90,0.3132,-1,-1,-1
389,68,720.08,316.78,63.52,212.45,0.6895,-1,-1,-1
390,2,777.14,210.34,163.84,541.29,0.8473,-1,-1,-1
390,6,1080.68,156.74,270.53,751.56,0.8852,-1,-1,-1
390,46,308.21,183.78,192.95,608.64,0.8351,-1,-1,-1
390,49,915.75,241.95,79.28,433.40,0.6596,-1,-1,-1
390,57,478.00,155.40,235.42,670.23,0.8716,-1,-1,-1
390,64,975.98,337.54,79.25,214.69,0.3829,-1,-1,-1
390,68,718.37,316.86,65.87,213.03,0.7297,-1,-1,-1
391,2,772.52,209.97,164.01,544.08,0.8497,-1,-1,-1
391,6,1070.36,157.63,279.98,756.89,0.8882,-1,-1,-1
391,46,296.48,181.24,197.31,613.57,0.8369,-1,-1,-1
391,49,912.61,236.84,80.50,437.52,0.6521,-1,-1,-1
391,57,476.82,148.49,236.51,679.16,0.8719,-1,-1,-1
391,64,976.25,342.93,75.80,209.26,0.6001,-1,-1,-1
391,68,714.34,316.41,68.57,213.40,0.7366,-1,-1,-1
392,2,770.27,211.90,164.08,547.33,0.8335,-1,-1,-1
392,6,1062.74,156.84,288.16,767.45,0.8942,-1,-1,-1
392,46,286.98,175.01,201.81,626.66,0.8498,-1,-1,-1
392,49,908.95,235.02,81.17,440.41,0.6606,-1,-1,-1
392,57,475.50,142.98,236.36,689.96,0.8750,-1,-1,-1
392,64,975.00,334.85,77.26,216.48,0.4818,-1,-1,-1
392,68,710.41,314.44,72.27,215.18,0.7612,-1,-1,-1
393,2,770.70,219.83,162.94,537.35,0.8213,-1,-1,-1
393,6,1059.54,157.12,291.70,770.83,0.8968,-1,-1,-1
393,46,273.09,171.59,207.33,634.34,0.8570,-1,-1,-1
393,49,907.53,238.85,81.01,436.44,0.6173,-1,-1,-1
393,57,472.44,139.24,234.35,695.72,0.8784,-1,-1,-1
393,64,973.05,330.02,77.62,220.31,0.5626,-1,-1,-1
393,68,708.27,313.91,74.38,217.17,0.7595,-1,-1,-1
394,2,766.59,219.84,162.18,538.23,0.8076,-1,-1,-1
394,6,1057.46,156.65,293.22,772.82,0.9046,-1,-1,-1
394,46,260.93,163.82,214.87,643.97,0.8638,-1,-1,-1
394,49,905.24,234.40,80.69,435.54,0.6198,-1,-1,-1
394,57,465.04,132.79,235.97,704.46,0.8821,-1,-1,-1
394,64,972.14,330.34,77.31,219.57,0.6046,-1,-1,-1
394,68,704.61,313.65,75.24,215.58,0.7511,-1,-1,-1
395,2,760.89,220.51,163.20,539.16,0.8036,-1,-1,-1
395,6,1053.77,156.16,295.99,777.86,0.9004,-1,-1,-1
395,46,228.35,159.65,233.16,648.20,0.8654,-1,-1,-1
395,49,901.37,232.06,81.01,437.21,0.6269,-1,-1,-1
395,57,460.32,126.20,235.87,715.02,0.8771,-1,-1,-1
395,64,970.80,342.02,72.81,206.41,0.6174,-1,-1,-1
395,68,701.73,311.33,76.44,217.59,0.7430,-1,-1,-1
396,2,758.82,222.91,161.64,534.02,0.8090,-1,-1,-1
396,6,1052.89,156.22,298.09,777.90,0.8991,-1,-1,-1
396,46,223.11,157.30,233.47,662.15,0.8677,-1,-1,-1
396,49,900.03,237.15,80.60,432.81,0.6875,-1,-1,-1
396,57,453.60,116.01,238.27,727.49,0.8803,-1,-1,-1
396,64,968.79,338.83,73.71,209.35,0.6421,-1,-1,-1
396,68,697.80,309.09,76.97,218.57,0.7346,-1,-1,-1
396,70,1028.79,378.45,42.60,170.21,0.3488,-1,-1,-1
397,2,756.09,221.72,159.95,530.73,0.8138,-1,-1,-1
397,6,1052.05,156.08,298.21,779.71,0.8980,-1,-1,-1
397,46,196.78,156.71,246.93,667.09,0.8703,-1,-1,-1
397,49,897.32,238.79,80.33,428.58,0.6887,-1,-1,-1
397,57,443.93,109.04,242.49,737.27,0.8861,-1,-1,-1
397,64,968.33,337.16,74.35,209.86,0.6278,-1,-1,-1
397,68,694.73,309.24,76.02,220.08,0.7447,-1,-1,-1
398,2,750.49,217.49,160.67,538.17,0.8314,-1,-1,-1
398,6,1051.13,156.23,296.36,781.02,0.8983,-1,-1,-1
398,46,172.39,147.36,266.80,689.41,0.8857,-1,-1,-1
398,49,894.68,238.94,81.14,430.16,0.6814,-1,-1,-1
398,57,434.42,100.99,249.01,747.91,0.8952,-1,-1,-1
398,64,968.74,338.94,73.98,207.68,0.6037,-1,-1,-1
398,68,691.51,306.94,74.46,221.71,0.7578,-1,-1,-1
399,2,745.66,215.05,159.47,538.35,0.8551,-1,-1,-1
399,6,1051.50,155.36,294.26,785.11,0.8964,-1,-1,-1
399,46,137.22,143.75,285.91,700.26,0.8967,-1,-1,-1
399,49,889.55,238.25,83.78,430.91,0.7181,-1,-1,-1
399,57,426.60,93.25,253.68,756.82,0.8931,-1,-1,-1
399,64,967.45,335.83,75.30,211.22,0.6219,-1,-1,-1
399,68,689.24,304.00,72.34,224.88,0.7866,-1,-1,-1
400,2,739.70,216.03,158.12,529.07,0.8431,-1,-1,-1
400,6,1051.22,154.76,293.26,788.49,0.8989,-1,-1,-1
400,46,126.68,141.56,291.05,705.30,0.8944,-1,-1,-1
400,49,883.06,238.78,87.32,431.88,0.7512,-1,-1,-1
400,57,419.99,90.35,261.71,763.43,0.8946,-1,-1,-1
400,64,966.53,329.38,78.94,218.86,0.5422,-1,-1,-1
400,68,688.96,305.32,69.57,222.80,0.7739,-1,-1,-1
401,2,731.46,216.07,160.39,517.26,0.8636,-1,-1,-1
401,6,1052.63,154.47,288.89,782.11,0.8997,-1,-1,-1
401,46,115.81,140.40,292.69,719.22,0.8956,-1,-1,-1
401,49,878.50,234.35,90.87,440.15,0.7815,-1,-1,-1
401,57,413.71,84.97,269.54,775.39,0.8992,-1,-1,-1
401,64,966.90,329.84,79.83,217.82,0.6045,-1,-1,-1
401,68,685.74,304.02,68.52,223.29,0.7248,-1,-1,-1
402,2,728.00,212.44,164.06,520.48,0.8794,-1,-1,-1
402,6,1054.17,148.06,286.58,792.56,0.8973,-1,-1,-1
402,46,112.40,136.48,288.32,728.10,0.8979,-1,-1,-1
402,49,875.83,235.20,93.90,439.10,0.8049,-1,-1,-1
402,57,406.06,80.62,277.94,794.09,0.8986,-1,-1,-1
402,64,966.29,330.38,79.34,216.10,0.6070,-1,-1,-1
402,68,684.39,302.45,68.38,225.50,0.5678,-1,-1,-1
403,2,725.37,211.98,165.30,522.61,0.8769,-1,-1,-1
403,6,1057.88,149.58,282.62,797.46,0.8966,-1,-1,-1
403,46,102.31,135.51,285.71,750.89,0.8964,-1,-1,-1
403,49,874.13,236.65,95.45,438.47,0.8047,-1,-1,-1
403,57,397.52,75.69,287.05,818.97,0.9080,-1,-1,-1
403,64,969.71,342.05,75.36,204.64,0.5807,-1,-1,-1
403,68,684.08,303.22,68.08,228.23,0.5820,-1,-1,-1
404,2,723.18,212.19,166.10,525.42,0.8641,-1,-1,-1
404,6,1065.16,148.91,281.33,794.86,0.8900,-1,-1,-1
404,46,91.32,131.51,284.57,773.05,0.9013,-1,-1,-1
404,49,873.81,237.12,97.34,444.76,0.8012,-1,-1,-1
404,57,387.82,74.58,293.68,840.89,0.9093,-1,-1,-1
404,64,970.51,338.93,77.57,210.68,0.6391,-1,-1,-1
404,68,684.01,304.38,67.11,228.54,0.5454,-1,-1,-1
405,2,725.42,214.71,164.44,525.63,0.8625,-1,-1,-1
405,6,1064.93,151.15,283.80,790.20,0.8890,-1,-1,-1
405,46,77.16,129.81,288.51,783.64,0.8915,-1,-1,-1
405,49,873.99,238.73,97.39,441.14,0.8015,-1,-1,-1
405,57,377.24,75.54,300.59,838.89,0.9082,-1,-1,-1
405,64,972.72,338.50,78.54,211.61,0.6548,-1,-1,-1
405,68,684.88,304.00,66.42,229.64,0.5205,-1,-1,-1
406,2,723.93,216.47,165.95,526.83,0.8496,-1,-1,-1
406,6,1066.87,150.45,284.44,781.03,0.8773,-1,-1,-1
406,46,57.92,129.78,298.94,789.44,0.8919,-1,-1,-1
406,49,874.84,239.56,98.67,438.06,0.7962,-1,-1,-1
406,57,366.45,73.49,312.16,851.47,0.9054,-1,-1,-1
406,64,977.64,343.39,80.24,211.47,0.6669,-1,-1,-1
406,68,687.00,304.93,66.33,231.44,0.4906,-1,-1,-1
407,2,727.09,217.75,165.13,528.39,0.8585,-1,-1,-1
407,6,1072.23,149.40,282.66,777.59,0.8776,-1,-1,-1
407,46,59.25,120.90,301.06,805.29,0.8889,-1,-1,-1
407,49,874.62,238.73,100.34,441.84,0.7979,-1,-1,-1
407,57,357.79,75.01,323.60,859.00,0.9049,-1,-1,-1
407,64,980.40,346.83,80.24,208.19,0.6534,-1,-1,-1
407,68,688.64,305.49,66.65,235.61,0.5944,-1,-1,-1
408,2,726.33,220.24,166.25,528.77,0.8642,-1,-1,-1
408,6,1076.63,149.02,280.13,777.90,0.8891,-1,-1,-1
408,46,42.35,117.15,310.12,812.67,0.9036,-1,-1,-1
408,49,873.91,239.72,101.81,440.89,0.7924,-1,-1,-1
408,57,351.08,70.79,330.70,876.06,0.9037,-1,-1,-1
408,64,980.85,335.07,84.89,221.04,0.6136,-1,-1,-1
408,68,691.11,305.10,66.00,237.76,0.4709,-1,-1,-1
409,2,729.00,220.79,167.04,534.36,0.8603,-1,-1,-1
409,6,1083.03,150.13,276.92,783.85,0.8948,-1,-1,-1
409,46,47.60,113.97,309.45,825.25,0.9047,-1,-1,-1
409,49,875.00,241.96,103.32,436.24,0.8036,-1,-1,-1
409,57,351.81,68.17,329.83,897.25,0.9088,-1,-1,-1
409,64,985.64,343.67,79.72,210.52,0.6596,-1,-1,-1
409,68,694.95,306.96,64.50,240.67,0.4864,-1,-1,-1
410,2,731.83,224.18,166.07,534.22,0.8374,-1,-1,-1
410,6,1090.15,151.66,273.41,786.86,0.8921,-1,-1,-1
410,46,41.49,111.02,313.08,835.83,0.9032,-1,-1,-1
410,49,878.74,239.49,108.16,437.94,0.7898,-1,-1,-1
410,57,356.13,65.53,320.75,914.21,0.9161,-1,-1,-1
410,64,992.86,346.72,77.94,208.69,0.6307,-1,-1,-1
410,68,701.88,309.35,63.03,242.05,0.6059,-1,-1,-1
411,2,734.94,225.01,167.31,535.35,0.8013,-1,-1,-1
411,6,1097.92,149.50,269.82,796.37,0.8893,-1,-1,-1
411,46,29.82,105.13,312.48,845.89,0.9078,-1,-1,-1
411,49,883.37,239.55,109.36,437.94,0.7869,-1,-1,-1
411,57,357.08,61.78,316.67,924.11,0.9157,-1,-1,-1
411,64,1001.21,351.24,78.30,206.79,0.6637,-1,-1,-1
411,68,707.49,309.12,60.72,241.37,0.5888,-1,-1,-1
412,2,738.48,226.55,167.77,530.97,0.8134,-1,-1,-1
412,6,1102.48,154.25,270.24,798.79,0.8925,-1,-1,-1
412,46,19.09,95.58,313.29,858.48,0.9169,-1,-1,-1
412,49,889.31,235.41,109.24,443.73,0.7514,-1,-1,-1
412,57,350.56,56.24,320.91,960.72,0.9129,-1,-1,-1
412,64,1004.47,346.03,81.03,212.63,0.7007,-1,-1,-1
412,68,714.48,308.57,58.92,239.48,0.5468,-1,-1,-1
412,70,1072.40,376.22,43.56,166.34,0.3596,-1,-1,-1
412,71,655.60,343.67,50.11,190.45,0.6281,-1,-1,-1
413,2,743.69,226.12,168.28,527.68,0.8178,-1,-1,-1
413,6,1104.79,154.00,274.01,803.68,0.8973,-1,-1,-1
413,46,3.00,89.46,320.14,867.84,0.9265,-1,-1,-1
413,49,893.05,229.72,110.37,445.84,0.7521,-1,-1,-1
413,57,344.13,48.07,325.09,979.90,0.9110,-1,-1,-1
413,64,1009.74,343.50,80.53,214.16,0.5990,-1,-1,-1
413,68,721.77,306.46,57.77,240.42,0.4619,-1,-1,-1
413,71,656.65,346.53,50.65,186.79,0.6632,-1,-1,-1
414,2,752.15,227.07,166.43,524.87,0.8209,-1,-1,-1
414,6,1109.51,154.11,274.13,807.10,0.8896,-1,-1,-1
414,46,-0.32,82.53,320.35,878.84,0.9297,-1,-1,-1
414,49,897.61,234.11,114.06,444.92,0.7817,-1,-1,-1
414,57,335.50,37.30,327.28,997.27,0.9023,-1,-1,-1
414,64,1015.80,340.52,80.43,217.37,0.6409,-1,-1,-1
414,68,727.32,303.19,57.47,241.46,0.4851,-1,-1,-1
414,71,658.73,341.93,55.34,197.24,0.6429,-1,-1,-1
415,2,754.22,223.31,167.41,528.50,0.8248,-1,-1,-1
415,6,1115.45,153.45,272.88,809.98,0.8864,-1,-1,-1
415,46,-0.49,77.81,317.76,883.69,0.9252,-1,-1,-1
415,49,902.56,239.64,114.20,439.58,0.8091,-1,-1,-1
415,57,327.16,24.79,336.41,1018.25,0.9130,-1,-1,-1
415,64,1022.10,349.35,79.38,211.07,0.6746,-1,-1,-1
415,68,731.79,302.34,56.10,236.80,0.4361,-1,-1,-1
415,71,660.80,341.99,55.71,188.15,0.6434,-1,-1,-1
416,2,751.91,219.95,170.77,523.02,0.8437,-1,-1,-1
416,6,1119.60,151.61,272.46,814.61,0.8904,-1,-1,-1
416,46,-2.21,65.41,315.82,910.36,0.9217,-1,-1,-1
416,49,906.76,237.24,116.86,445.87,0.7921,-1,-1,-1
416,57,317.05,11.76,344.56,1037.66,0.9137,-1,-1,-1
416,64,1025.13,349.45,80.17,210.63,0.5940,-1,-1,-1
416,71,661.00,340.98,58.04,186.92,0.6558,-1,-1,-1
417,2,749.92,221.36,174.91,520.99,0.8357,-1,-1,-1
417,6,1122.71,151.11,271.06,824.32,0.8916,-1,-1,-1
417,46,-3.44,55.97,314.99,951.95,0.9180,-1,-1,-1
417,49,907.84,237.47,117.73,444.47,0.7984,-1,-1,-1
417,57,296.00,4.13,359.76,1052.01,0.9090,-1,-1,-1
417,64,1029.15,344.40,81.38,213.70,0.6626,-1,-1,-1
417,71,660.46,341.26,61.01,189.02,0.6611,-1,-1,-1
418,2,748.95,219.21,178.42,521.05,0.8436,-1,-1,-1
418,6,1126.47,147.89,268.99,826.76,0.8920,-1,-1,-1
418,46,-7.80,48.76,292.76,985.33,0.9162,-1,-1,-1
418,49,912.15,233.79,119.23,444.62,0.7835,-1,-1,-1
418,57,278.79,1.94,373.13,1057.50,0.9150,-1,-1,-1
418,64,1031.06,335.31,83.53,220.27,0.6659,-1,-1,-1
418,71,658.67,339.71,63.52,191.71,0.6717,-1,-1,-1
419,2,745.74,209.52,181.92,532.29,0.8542,-1,-1,-1
419,6,1126.88,146.65,268.17,823.78,0.8904,-1,-1,-1
419,46,-5.79,41.17,272.08,991.11,0.9105,-1,-1,-1
419,49,911.76,233.96,118.73,443.07,0.7779,-1,-1,-1
419,57,258.38,2.29,388.17,1062.85,0.9215,-1,-1,-1
419,64,1033.10,336.65,83.32,219.41,0.6328,-1,-1,-1
419,71,653.91,337.14,66.88,201.39,0.6737,-1,-1,-1
420,2,742.96,207.73,183.05,534.27,0.8564,-1,-1,-1
420,6,1126.37,142.91,269.25,826.50,0.8896,-1,-1,-1
420,46,-5.19,38.63,256.45,1003.33,0.9036,-1,-1,-1
420,49,911.09,235.30,120.85,446.18,0.7857,-1,-1,-1
420,57,242.21,2.61,399.29,1069.86,0.9256,-1,-1,-1
420,64,1033.16,332.59,87.13,226.53,0.6361,-1,-1,-1
420,71,650.14,336.90,68.10,206.47,0.6764,-1,-1,-1
421,2,743.69,211.21,183.26,530.06,0.8576,-1,-1,-1
421,6,1123.61,138.40,273.81,830.38,0.8914,-1,-1,-1
421,46,-3.20,25.87,237.48,978.66,0.9001,-1,-1,-1
421,49,909.61,235.11,120.47,443.67,0.7927,-1,-1,-1
421,57,223.42,3.58,411.84,1069.20,0.9258,-1,-1,-1
421,64,1033.44,334.86,87.15,223.72,0.6428,-1,-1,-1
421,71,649.86,336.63,67.94,205.33,0.6758,-1,-1,-1
422,2,740.08,211.88,184.82,540.97,0.8470,-1,-1,-1
422,6,1119.63,129.94,278.43,836.27,0.8867,-1,-1,-1
422,46,-4.89,16.11,223.23,984.15,0.8890,-1,-1,-1
422,49,908.08,236.12,120.90,445.17,0.7922,-1,-1,-1
422,57,203.17,2.08,421.22,1073.96,0.9196,-1,-1,-1
422,64,1033.11,339.31,85.76,218.82,0.5482,-1,-1,-1
422,71,644.57,333.80,69.26,210.00,0.6860,-1,-1,-1
423,2,737.27,211.65,180.02,537.27,0.8480,-1,-1,-1
423,6,1111.71,126.44,285.80,839.11,0.8932,-1,-1,-1
423,46,-5.88,14.13,205.12,992.00,0.8901,-1,-1,-1
423,49,907.68,238.41,120.45,444.49,0.7742,-1,-1,-1
423,57,187.48,1.11,426.02,1076.16,0.9225,-1,-1,-1
423,64,1032.61,341.32,86.08,217.96,0.5632,-1,-1,-1
423,71,641.48,332.13,71.36,213.65,0.7178,-1,-1,-1
424,2,736.66,214.55,175.22,530.93,0.8379,-1,-1,-1
424,6,1107.97,126.83,292.37,836.86,0.9005,-1,-1,-1
424,46,-7.40,10.88,188.20,1003.37,0.8764,-1,-1,-1
424,49,905.68,241.14,121.85,441.24,0.7510,-1,-1,-1
424,57,164.79,2.32,435.16,1075.93,0.9273,-1,-1,-1
424,64,1028.93,340.97,86.17,218.42,0.6042,-1,-1,-1
424,71,639.12,331.92,72.60,212.96,0.7002,-1,-1,-1
425,2,732.21,214.11,176.69,536.27,0.8378,-1,-1,-1
425,6,1102.70,126.48,297.44,827.53,0.9028,-1,-1,-1
425,46,-11.48,9.25,170.51,1008.72,0.8435,-1,-1,-1
425,49,901.33,239.43,123.60,439.86,0.7743,-1,-1,-1
425,57,138.40,1.75,451.73,1072.95,0.9243,-1,-1,-1
425,64,1028.38,338.60,86.04,219.41,0.6202,-1,-1,-1
425,68,717.46,295.48,55.79,247.57,0.3049,-1,-1,-1
425,71,633.20,326.91,75.06,220.00,0.7005,-1,-1,-1
426,2,732.64,213.59,174.15,535.26,0.8401,-1,-1,-1
426,6,1095.33,127.20,305.35,814.11,0.9032,-1,-1,-1
426,46,8.27,126.13,107.55,617.28,0.5750,-1,-1,-1
426,49,897.50,236.43,128.54,442.91,0.7950,-1,-1,-1
426,57,110.19,1.40,465.76,1071.88,0.9262,-1,-1,-1
426,64,1026.22,334.02,85.91,220.18,0.6319,-1,-1,-1
426,71,630.83,326.50,73.70,216.58,0.6846,-1,-1,-1
426,72,563.39,320.29,35.87,193.75,0.4467,-1,-1,-1
427,2,729.30,214.77,176.42,537.47,0.8310,-1,-1,-1
427,6,1088.60,129.20,312.38,809.48,0.9002,-1,-1,-1
427,46,1.44,150.72,92.62,527.93,0.7120,-1,-1,-1
427,49,898.43,235.71,129.67,442.84,0.7799,-1,-1,-1
427,57,73.81,1.92,485.47,1067.91,0.9224,-1,-1,-1
427,64,1024.17,332.03,86.63,223.38,0.5847,-1,-1,-1
427,71,625.55,326.75,74.54,221.22,0.7198,-1,-1,-1
427,72,557.92,332.47,35.62,180.11,0.5200,-1,-1,-1
428,2,720.91,219.80,178.20,529.63,0.8337,-1,-1,-1
428,6,1082.78,129.83,319.28,814.84,0.9039,-1,-1,-1
428,46,-8.79,158.58,90.04,524.61,0.4361,-1,-1,-1
428,49,894.29,235.35,132.47,442.76,0.7978,-1,-1,-1
428,57,45.94,3.18,506.93,1067.08,0.9213,-1,-1,-1
428,64,1022.67,332.44,85.67,223.70,0.4998,-1,-1,-1
428,71,620.14,327.01,74.21,220.64,0.7151,-1,-1,-1
428,72,549.00,313.34,41.63,196.18,0.5870,-1,-1,-1
429,2,710.79,215.04,184.91,542.64,0.8318,-1,-1,-1
429,6,1076.78,131.74,321.08,817.87,0.9048,-1,-1,-1
429,49,894.60,234.05,131.51,441.53,0.7767,-1,-1,-1
429,57,7.20,2.56,531.87,1068.82,0.9302,-1,-1,-1
429,64,1023.82,330.48,85.50,227.82,0.4855,-1,-1,-1
429,71,614.21,328.70,72.80,221.87,0.7547,-1,-1,-1
429,72,544.35,320.69,44.02,194.07,0.5872,-1,-1,-1
430,2,700.15,214.20,181.83,547.14,0.8380,-1,-1,-1
430,6,1071.15,134.56,327.43,822.37,0.9091,-1,-1,-1
430,49,894.89,234.11,129.27,436.04,0.7791,-1,-1,-1
430,57,0.21,3.26,535.67,1069.50,0.9266,-1,-1,-1
430,64,1027.84,329.79,82.89,223.97,0.4598,-1,-1,-1
430,71,611.44,324.91,73.23,224.85,0.7132,-1,-1,-1
430,72,539.27,333.77,41.84,175.40,0.4666,-1,-1,-1
431,2,690.32,211.35,180.17,555.49,0.8260,-1,-1,-1
431,6,1068.76,134.07,329.08,826.46,0.9050,-1,-1,-1
431,49,893.36,232.90,128.72,434.22,0.7825,-1,-1,-1
431,57,-1.98,2.90,527.74,1069.74,0.9298,-1,-1,-1
431,64,1029.80,329.06,82.43,225.23,0.3722,-1,-1,-1
431,71,606.72,326.28,75.34,228.67,0.6759,-1,-1,-1
431,72,532.21,334.52,45.37,183.25,0.4579,-1,-1,-1
431,74,991.00,314.33,84.81,237.25,0.3986,-1,-1,-1
432,2,680.91,208.08,181.74,572.98,0.8332,-1,-1,-1
432,6,1066.95,134.07,330.73,830.81,0.9038,-1,-1,-1
432,49,893.62,230.88,127.98,433.02,0.7886,-1,-1,-1
432,57,-1.54,4.85,519.80,1069.44,0.9352,-1,-1,-1
432,64,1031.35,328.08,81.28,224.93,0.3758,-1,-1,-1
432,71,602.70,326.87,75.02,228.66,0.6594,-1,-1,-1
432,72,523.18,343.73,53.55,215.21,0.4126,-1,-1,-1
432,74,992.09,315.07,84.25,236.62,0.4667,-1,-1,-1
433,2,679.13,205.25,178.94,559.94,0.8283,-1,-1,-1
433,6,1068.28,132.98,330.46,834.37,0.9033,-1,-1,-1
433,49,892.98,231.40,127.14,431.44,0.7958,-1,-1,-1
433,57,-1.65,6.06,507.31,1062.96,0.9355,-1,-1,-1
433,71,600.12,325.01,75.05,228.10,0.6440,-1,-1,-1
433,72,522.62,343.53,48.20,186.99,0.4223,-1,-1,-1
433,74,993.82,309.94,84.74,241.61,0.5634,-1,-1,-1
434,2,673.86,201.69,180.68,576.86,0.8403,-1,-1,-1
434,6,1071.33,130.87,328.27,834.59,0.9013,-1,-1,-1
434,49,892.04,227.89,127.48,432.74,0.7960,-1,-1,-1
434,57,-1.40,3.92,497.37,1064.47,0.9387,-1,-1,-1
434,64,1035.21,323.32,81.86,231.39,0.3383,-1,-1,-1
434,71,595.61,321.00,75.29,232.16,0.6849,-1,-1,-1
434,72,521.32,330.46,49.13,185.53,0.4290,-1,-1,-1
434,74,997.43,309.52,82.69,239.84,0.5197,-1,-1,-1
435,2,674.26,198.50,174.68,560.67,0.8254,-1,-1,-1
435,6,1072.17,127.95,327.81,837.67,0.9037,-1,-1,-1
435,49,891.04,225.44,127.93,432.03,0.7788,-1,-1,-1
435,57,-0.78,2.75,487.08,1064.77,0.9396,-1,-1,-1
435,64,1037.09,321.31,81.45,238.29,0.3123,-1,-1,-1
435,71,594.59,319.31,75.17,233.03,0.6859,-1,-1,-1
435,72,517.19,311.23,52.41,196.18,0.6668,-1,-1,-1
435,74,996.33,304.97,81.26,240.65,0.5408,-1,-1,-1
436,2,673.37,195.99,173.50,553.41,0.7974,-1,-1,-1
436,6,1074.48,125.04,327.21,843.34,0.9070,-1,-1,-1
436,49,896.29,224.38,125.72,432.45,0.7698,-1,-1,-1
436,57,-0.40,2.61,477.60,1066.62,0.9397,-1,-1,-1
436,71,594.78,317.89,74.34,232.11,0.7085,-1,-1,-1
436,72,514.76,307.30,53.40,200.47,0.6141,-1,-1,-1
436,74,995.16,303.14,80.51,241.91,0.5420,-1,-1,-1
437,2,671.26,193.75,169.64,530.16,0.8136,-1,-1,-1
437,6,1078.77,119.96,325.29,846.15,0.9055,-1,-1,-1
437,49,898.67,223.61,123.85,432.55,0.7558,-1,-1,-1
437,57,-1.37,2.29,464.30,1073.08,0.9357,-1,-1,-1
437,64,1041.66,313.32,76.56,234.15,0.4977,-1,-1,-1
437,71,591.55,312.96,74.86,231.71,0.7235,-1,-1,-1
437,72,517.86,343.22,45.12,161.38,0.5871,-1,-1,-1
437,74,992.57,301.60,78.56,240.79,0.5714,-1,-1,-1
437,76,820.54,300.29,79.16,230.67,0.6743,-1,-1,-1
438,2,664.64,194.74,173.14,527.46,0.8385,-1,-1,-1
438,6,1080.47,117.31,323.10,836.11,0.9003,-1,-1,-1
438,49,901.24,223.42,121.97,434.70,0.7556,-1,-1,-1
438,57,-1.93,3.71,441.34,1068.57,0.9349,-1,-1,-1
438,64,1044.17,313.76,73.88,231.78,0.3874,-1,-1,-1
438,71,588.66,312.51,75.60,233.59,0.7308,-1,-1,-1
438,72,514.32,337.17,47.94,169.42,0.4228,-1,-1,-1
438,74,992.50,301.19,77.36,239.38,0.5696,-1,-1,-1
438,76,817.90,300.82,80.68,231.55,0.6723,-1,-1,-1
439,2,662.22,195.34,174.00,527.41,0.8540,-1,-1,-1
439,6,1084.72,114.24,321.40,840.68,0.9012,-1,-1,-1
439,49,902.58,223.56,119.72,436.62,0.7576,-1,-1,-1
439,57,-3.35,3.67,419.40,1069.98,0.9277,-1,-1,-1
439,64,1047.45,312.53,72.97,232.58,0.4694,-1,-1,-1
439,71,585.00,312.57,76.01,234.09,0.7219,-1,-1,-1
439,72,511.35,329.69,49.89,174.96,0.4342,-1,-1,-1
439,74,993.54,301.14,75.73,236.85,0.6397,-1,-1,-1
439,76,813.08,299.32,83.78,237.70,0.7252,-1,-1,-1
440,2,657.29,194.30,175.65,527.95,0.8672,-1,-1,-1
440,6,1088.58,110.79,321.29,839.96,0.8844,-1,-1,-1
440,49,901.72,221.52,117.94,438.32,0.7694,-1,-1,-1
440,57,-3.65,3.51,394.38,1064.15,0.9269,-1,-1,-1
440,64,1049.10,308.67,73.13,236.99,0.5686,-1,-1,-1
440,71,582.07,307.95,78.84,243.80,0.7687,-1,-1,-1
440,72,507.70,324.58,51.61,179.36,0.4088,-1,-1,-1
440,74,993.78,300.92,75.43,235.97,0.7044,-1,-1,-1
440,76,808.55,297.11,84.67,239.68,0.7015,-1,-1,-1
441,2,656.72,196.52,177.34,530.16,0.8638,-1,-1,-1
441,6,1092.99,105.97,321.99,841.93,0.8998,-1,-1,-1
441,49,904.01,222.80,116.10,437.96,0.7791,-1,-1,-1
441,57,-5.85,3.12,368.90,1064.70,0.9199,-1,-1,-1
441,64,1049.81,308.23,73.85,241.52,0.6098,-1,-1,-1
441,71,581.89,305.38,78.94,247.46,0.7663,-1,-1,-1
441,72,505.93,313.10,55.21,191.79,0.4088,-1,-1,-1
441,74,994.35,297.81,76.57,239.27,0.7103,-1,-1,-1
441,76,808.08,296.38,85.04,241.43,0.6950,-1,-1,-1
442,2,658.09,199.22,177.01,530.59,0.8552,-1,-1,-1
442,6,1099.69,107.17,320.18,827.47,0.8975,-1,-1,-1
442,49,908.58,225.06,113.56,434.00,0.7336,-1,-1,-1
442,57,-7.11,3.46,339.36,1064.33,0.9136,-1,-1,-1
442,64,1055.81,315.75,72.24,236.47,0.6572,-1,-1,-1
442,71,582.75,306.09,78.29,249.42,0.7717,-1,-1,-1
442,72,510.86,328.83,50.87,175.57,0.4275,-1,-1,-1
442,74,995.03,297.91,77.43,243.45,0.6780,-1,-1,-1
442,76,813.97,297.75,84.82,236.28,0.7282,-1,-1,-1
443,2,662.84,199.43,174.28,527.38,0.8509,-1,-1,-1
443,6,1105.72,112.39,321.02,815.85,0.8967,-1,-1,-1
443,49,908.41,225.17,113.10,435.28,0.7464,-1,-1,-1
443,57,-9.50,4.19,313.38,1062.56,0.8933,-1,-1,-1
443,64,1059.82,314.47,72.47,238.70,0.5983,-1,-1,-1
443,71,584.24,309.94,78.56,248.17,0.7729,-1,-1,-1
443,72,514.26,336.50,49.81,170.78,0.4495,-1,-1,-1
443,74,999.44,295.63,78.55,243.75,0.6434,-1,-1,-1
443,76,816.34,300.51,84.41,229.96,0.7587,-1,-1,-1
444,2,668.43,202.03,170.19,519.27,0.8448,-1,-1,-1
444,6,1113.14,115.21,318.45,811.32,0.9003,-1,-1,-1
444,49,912.61,226.92,111.30,431.65,0.7102,-1,-1,-1
444,57,-14.85,4.69,294.68,1060.94,0.8392,-1,-1,-1
444,64,1061.21,301.58,74.89,247.74,0.5810,-1,-1,-1
444,71,586.27,307.98,79.95,250.67,0.7617,-1,-1,-1
444,72,518.10,343.61,48.26,162.54,0.4906,-1,-1,-1
444,74,1001.28,298.89,79.78,242.85,0.6361,-1,-1,-1
444,76,817.62,300.31,85.37,233.89,0.7713,-1,-1,-1
445,2,674.96,204.02,168.45,509.08,0.8420,-1,-1,-1
445,6,1118.94,121.56,318.16,820.17,0.8973,-1,-1,-1
445,49,910.40,221.86,115.34,441.12,0.7751,-1,-1,-1
445,57,-28.38,5.10,293.09,1061.93,0.3825,-1,-1,-1
445,64,1070.55,303.43,73.55,242.76,0.5707,-1,-1,-1
445,71,586.24,308.09,81.24,250.54,0.7620,-1,-1,-1
445,72,520.99,332.06,51.78,174.97,0.4917,-1,-1,-1
445,74,1008.23,290.97,81.99,247.50,0.7156,-1,-1,-1
445,76,821.15,298.23,86.96,236.02,0.7827,-1,-1,-1
446,2,682.73,202.02,165.18,499.28,0.8352,-1,-1,-1
446,6,1128.55,127.09,315.67,819.60,0.9060,-1,-1,-1
446,49,908.58,220.37,119.32,448.74,0.8087,-1,-1,-1
446,57,0.52,5.04,294.77,1063.12,0.7279,-1,-1,-1
446,64,1077.24,301.82,73.07,245.66,0.6522,-1,-1,-1
446,71,587.88,309.95,83.31,249.47,0.7384,-1,-1,-1
446,72,526.64,344.44,49.67,162.76,0.5358,-1,-1,-1
446,74,1012.28,296.20,81.25,248.63,0.7712,-1,-1,-1
446,76,826.03,295.28,87.23,238.81,0.7905,-1,-1,-1
447,2,685.94,200.59,170.35,512.01,0.8357,-1,-1,-1
447,6,1138.87,127.21,311.86,826.37,0.9061,-1,-1,-1
447,49,917.29,220.28,120.93,451.36,0.7667,-1,-1,-1
447,64,1084.67,300.62,72.08,249.55,0.6897,-1,-1,-1
447,71,591.35,311.17,84.14,247.96,0.6900,-1,-1,-1
447,72,533.01,354.61,47.17,151.09,0.5005,-1,-1,-1
447,74,1018.46,292.60,82.74,250.52,0.7646,-1,-1,-1
447,76,834.49,295.76,87.42,239.27,0.7572,-1,-1,-1
448,2,690.17,200.93,176.20,524.08,0.8418,-1,-1,-1
448,6,1147.59,139.38,312.76,824.40,0.9052,-1,-1,-1
448,49,924.03,219.00,122.32,454.61,0.7439,-1,-1,-1
448,64,1094.24,304.56,70.91,247.33,0.6793,-1,-1,-1
448,71,592.18,312.63,85.64,248.08,0.6963,-1,-1,-1
448,72,534.42,330.33,55.35,180.67,0.4990,-1,-1,-1
448,74,1026.58,297.07,82.01,250.47,0.7390,-1,-1,-1
448,76,840.88,296.77,86.11,239.44,0.7968,-1,-1,-1
449,2,699.47,203.06,173.48,519.27,0.8162,-1,-1,-1
449,6,1153.08,143.21,314.68,824.55,0.9073,-1,-1,-1
449,49,930.80,216.78,119.89,454.08,0.7734,-1,-1,-1
449,64,1103.01,316.81,68.63,236.81,0.6746,-1,-1,-1
449,71,601.51,315.55,86.05,251.27,0.7450,-1,-1,-1
449,72,539.45,317.88,59.18,195.64,0.5240,-1,-1,-1
449,74,1036.83,297.53,80.11,249.23,0.7118,-1,-1,-1
449,76,846.44,297.80,85.88,238.92,0.7501,-1,-1,-1
450,2,707.41,201.95,171.25,512.98,0.8152,-1,-1,-1
450,6,1160.59,148.35,310.64,828.94,0.9099,-1,-1,-1
450,49,928.97,219.03,119.25,452.61,0.7803,-1,-1,-1
450,64,1107.85,315.09,69.88,240.06,0.7049,-1,-1,-1
450,71,606.23,315.30,84.75,250.59,0.7175,-1,-1,-1
450,72,545.86,326.13,55.25,184.22,0.4894,-1,-1,-1
450,74,1039.64,299.75,79.18,246.58,0.7050,-1,-1,-1
450,76,851.50,298.74,83.51,234.74,0.7162,-1,-1,-1
451,2,710.39,201.37,171.48,512.98,0.8243,-1,-1,-1
451,6,1169.22,151.72,307.72,832.73,0.9031,-1,-1,-1
451,49,940.31,221.06,116.28,444.40,0.7805,-1,-1,-1
451,64,1117.53,320.30,68.82,234.97,0.6990,-1,-1,-1
451,71,605.17,314.76,86.54,254.45,0.7410,-1,-1,-1
451,72,550.98,317.69,56.70,192.03,0.4580,-1,-1,-1
451,74,1048.91,288.66,78.88,255.04,0.6919,-1,-1,-1
451,76,857.65,293.76,87.30,242.04,0.7236,-1,-1,-1
452,2,718.44,200.16,168.00,511.36,0.8417,-1,-1,-1
452,6,1176.72,153.90,308.04,836.49,0.9044,-1,-1,-1
452,49,949.38,220.35,116.82,437.42,0.7663,-1,-1,-1
452,64,1124.40,315.64,70.81,242.54,0.6752,-1,-1,-1
452,68,706.21,256.10,67.00,300.56,0.4126,-1,-1,-1
452,71,607.88,315.08,87.19,253.08,0.7351,-1,-1,-1
452,72,557.49,319.15,54.23,185.37,0.4504,-1,-1,-1
452,74,1057.88,294.62,78.26,250.08,0.7422,-1,-1,-1
452,76,859.32,298.88,87.88,236.45,0.7779,-1,-1,-1
453,2,725.22,203.53,165.90,513.77,0.8454,-1,-1,-1
453,6,1183.42,157.44,306.25,840.74,0.9097,-1,-1,-1
453,49,953.33,216.68,120.10,441.88,0.7951,-1,-1,-1
453,64,1131.47,317.32,69.84,241.44,0.7209,-1,-1,-1
453,68,709.92,256.34,65.80,302.15,0.3681,-1,-1,-1
453,71,614.59,314.67,85.62,256.80,0.7706,-1,-1,-1
453,72,564.63,312.39,55.92,192.91,0.5484,-1,-1,-1
453,74,1064.99,299.20,78.07,252.49,0.7400,-1,-1,-1
453,76,870.37,297.31,86.23,242.13,0.7866,-1,-1,-1
454,2,733.43,202.48,165.37,513.93,0.8184,-1,-1,-1
454,6,1191.24,159.25,305.32,843.26,0.9113,-1,-1,-1
454,49,956.52,219.50,124.43,441.97,0.7835,-1,-1,-1
454,64,1139.96,312.03,70.99,247.36,0.6241,-1,-1,-1
454,68,709.70,256.72,67.66,314.56,0.6269,-1,-1,-1
454,71,619.00,308.99,85.79,258.69,0.7544,-1,-1,-1
454,72,572.03,320.75,53.48,186.05,0.3954,-1,-1,-1
454,74,1075.00,300.14,77.32,251.16,0.7128,-1,-1,-1
454,76,878.39,298.95,85.29,242.61,0.7316,-1,-1,-1
455,2,737.97,198.32,168.89,522.94,0.8353,-1,-1,-1
455,6,1195.44,157.55,307.36,844.81,0.9117,-1,-1,-1
455,49,963.63,221.56,123.82,435.71,0.7786,-1,-1,-1
455,64,1151.33,313.43,69.29,246.13,0.6143,-1,-1,-1
455,68,716.60,257.54,66.62,310.97,0.5842,-1,-1,-1
455,71,624.12,302.43,86.44,268.09,0.7662,-1,-1,-1
455,72,579.95,315.33,54.59,191.02,0.5628,-1,-1,-1
455,74,1081.95,301.12,76.37,251.32,0.7150,-1,-1,-1
455,76,886.96,305.07,82.11,232.07,0.6951,-1,-1,-1
456,2,750.81,199.21,165.27,520.93,0.8264,-1,-1,-1
456,6,1201.26,157.23,308.73,835.29,0.9041,-1,-1,-1
456,49,966.17,211.90,126.48,445.08,0.7564,-1,-1,-1
456,64,1156.30,313.78,68.46,245.45,0.5428,-1,-1,-1
456,68,722.53,254.53,69.87,318.12,0.6253,-1,-1,-1
456,71,630.04,300.66,86.13,269.83,0.7503,-1,-1,-1
456,72,583.42,317.66,55.05,191.51,0.5161,-1,-1,-1
456,74,1089.47,299.54,74.66,246.95,0.7141,-1,-1,-1
456,76,893.87,300.08,83.17,239.46,0.6622,-1,-1,-1
457,2,760.89,202.03,163.59,519.65,0.8140,-1,-1,-1
457,6,1205.88,155.39,313.06,835.47,0.9002,-1,-1,-1
457,49,974.37,212.97,124.06,442.20,0.7678,-1,-1,-1
457,64,1159.53,309.56,69.32,249.73,0.3950,-1,-1,-1
457,68,727.60,251.11,72.12,321.07,0.6755,-1,-1,-1
457,71,633.13,299.88,87.04,267.52,0.7407,-1,-1,-1
457,72,588.34,307.08,57.88,203.30,0.5269,-1,-1,-1
457,74,1094.64,297.14,75.97,250.89,0.6778,-1,-1,-1
457,76,900.54,298.21,82.79,240.21,0.6763,-1,-1,-1
458,2,769.21,199.81,161.60,518.59,0.8163,-1,-1,-1
458,6,1207.52,153.80,316.29,834.56,0.8971,-1,-1,-1
458,49,991.74,211.33,121.20,440.89,0.7767,-1,-1,-1
458,68,729.20,249.87,73.05,318.02,0.7532,-1,-1,-1
458,71,635.24,296.82,88.90,271.46,0.7159,-1,-1,-1
458,72,595.91,306.93,56.04,198.91,0.4871,-1,-1,-1
458,74,1101.03,291.88,76.07,257.47,0.7095,-1,-1,-1
458,76,909.41,297.89,84.71,240.17,0.7447,-1,-1,-1
459,2,775.56,205.24,160.23,516.45,0.8479,-1,-1,-1
459,6,1205.28,147.51,329.42,842.40,0.9081,-1,-1,-1
459,49,997.40,205.43,122.29,445.76,0.8079,-1,-1,-1
459,68,730.40,250.49,75.06,322.37,0.7664,-1,-1,-1
459,71,639.91,296.85,89.87,272.72,0.7247,-1,-1,-1
459,72,598.12,302.10,57.04,203.26,0.4792,-1,-1,-1
459,74,1107.05,293.36,78.08,257.57,0.7439,-1,-1,-1
459,76,912.23,297.10,83.19,237.95,0.7835,-1,-1,-1
460,2,782.88,203.26,156.99,511.86,0.8533,-1,-1,-1
460,6,1204.86,140.44,338.88,835.24,0.9100,-1,-1,-1
460,49,998.52,208.43,126.34,445.02,0.7900,-1,-1,-1
460,68,733.43,246.69,77.80,329.30,0.7712,-1,-1,-1
460,71,640.64,296.14,90.63,272.07,0.7372,-1,-1,-1
460,74,1109.66,295.71,78.37,255.05,0.7269,-1,-1,-1
460,76,920.16,296.12,81.81,238.31,0.7890,-1,-1,-1
461,2,786.66,203.33,156.75,508.27,0.8304,-1,-1,-1
461,6,1203.80,135.76,345.20,832.03,0.9076,-1,-1,-1
461,49,1003.45,211.31,125.50,445.18,0.7850,-1,-1,-1
461,68,736.19,242.29,79.08,331.53,0.7554,-1,-1,-1
461,71,642.05,294.05,91.96,276.54,0.7432,-1,-1,-1
461,74,1112.48,293.81,80.34,252.95,0.7288,-1,-1,-1
461,76,927.58,296.43,80.31,236.91,0.7531,-1,-1,-1
462,2,787.84,200.84,157.36,507.65,0.8075,-1,-1,-1
462,6,1203.77,130.90,350.12,828.09,0.9069,-1,-1,-1
462,49,1002.19,208.75,127.92,452.72,0.7936,-1,-1,-1
462,68,738.52,241.89,79.49,328.20,0.7587,-1,-1,-1
462,71,643.19,292.31,91.92,278.45,0.7776,-1,-1,-1
462,72,612.04,292.62,54.45,199.95,0.3990,-1,-1,-1
462,74,1114.83,294.47,81.37,253.80,0.6668,-1,-1,-1
462,76,932.49,295.05,79.77,234.81,0.7295,-1,-1,-1
463,2,786.49,197.63,160.19,513.78,0.8201,-1,-1,-1
463,6,1204.60,131.94,350.70,819.27,0.9067,-1,-1,-1
463,49,1002.81,207.76,129.39,451.84,0.8010,-1,-1,-1
463,68,736.65,239.24,80.79,333.92,0.7515,-1,-1,-1
463,71,642.34,292.94,91.68,278.60,0.7689,-1,-1,-1
463,74,1118.97,292.30,80.97,251.52,0.6623,-1,-1,-1
463,76,935.49,289.31,80.00,236.48,0.7368,-1,-1,-1
464,2,783.61,189.59,161.61,511.13,0.8135,-1,-1,-1
464,6,1209.80,128.53,348.31,824.54,0.9036,-1,-1,-1
464,49,1003.37,206.66,131.56,451.99,0.8048,-1,-1,-1
464,68,735.15,239.57,80.73,332.14,0.7737,-1,-1,-1
464,71,638.79,290.15,90.53,276.08,0.7707,-1,-1,-1
464,72,613.87,288.96,53.63,203.30,0.4228,-1,-1,-1
464,74,1117.73,287.17,81.79,254.41,0.6681,-1,-1,-1
464,76,934.39,284.26,80.26,236.89,0.7360,-1,-1,-1
465,2,780.34,184.76,164.22,512.81,0.8149,-1,-1,-1
465,6,1210.84,122.80,345.76,832.11,0.9071,-1,-1,-1
465,49,1004.23,207.25,132.18,449.87,0.7876,-1,-1,-1
465,68,729.92,232.62,82.84,336.92,0.7613,-1,-1,-1
465,71,635.33,283.93,92.28,284.29,0.7539,-1,-1,-1
465,74,1123.14,287.88,79.39,251.39,0.6094,-1,-1,-1
465,76,933.39,279.49,80.83,240.04,0.7204,-1,-1,-1
466,2,775.45,179.99,167.32,512.97,0.8059,-1,-1,-1
466,6,1208.59,119.49,347.77,840.95,0.9075,-1,-1,-1
466,49,1004.78,205.07,132.52,445.62,0.7771,-1,-1,-1
466,68,726.29,227.81,83.87,340.07,0.7355,-1,-1,-1
466,71,631.96,282.71,91.61,284.78,0.7077,-1,-1,-1
466,74,1124.19,285.99,77.34,251.32,0.5959,-1,-1,-1
466,76,933.01,275.48,81.37,242.30,0.7318,-1,-1,-1
467,2,772.97,181.08,172.06,507.38,0.8208,-1,-1,-1
467,6,1204.40,119.23,351.43,845.60,0.9090,-1,-1,-1
467,49,1003.12,204.68,133.35,449.68,0.7822,-1,-1,-1
467,68,719.85,223.98,86.05,344.41,0.7119,-1,-1,-1
467,71,623.54,276.50,94.88,294.23,0.7178,-1,-1,-1
467,74,1123.52,282.95,76.81,254.21,0.6249,-1,-1,-1
467,76,931.88,275.17,82.16,242.48,0.7589,-1,-1,-1
468,2,768.83,179.63,174.20,509.55,0.8275,-1,-1,-1
468,6,1196.94,118.02,357.00,855.49,0.9128,-1,-1,-1
468,49,999.37,203.73,132.96,450.29,0.7759,-1,-1,-1
468,68,713.78,219.30,88.04,353.84,0.7289,-1,-1,-1
468,71,618.00,274.86,95.27,296.74,0.7475,-1,-1,-1
468,74,1119.89,280.08,76.79,254.11,0.5713,-1,-1,-1
468,76,930.05,275.15,82.26,242.32,0.7661,-1,-1,-1
469,2,765.10,180.31,173.73,507.06,0.8289,-1,-1,-1
469,6,1193.74,118.13,359.67,864.07,0.9112,-1,-1,-1
469,49,998.53,203.53,130.26,443.55,0.7852,-1,-1,-1
469,68,706.37,218.20,87.50,354.71,0.7503,-1,-1,-1
469,71,611.39,268.51,94.50,303.17,0.8041,-1,-1,-1
469,74,1115.10,279.83,78.77,254.67,0.5768,-1,-1,-1
469,76,926.02,272.88,83.64,243.75,0.7714,-1,-1,-1
470,2,763.14,175.96,177.25,515.91,0.8398,-1,-1,-1
470,6,1190.34,119.22,358.83,866.78,0.9142,-1,-1,-1
470,49,996.14,198.75,132.18,448.37,0.8002,-1,-1,-1
470,68,703.46,215.56,88.86,357.44,0.7713,-1,-1,-1
470,71,602.31,267.31,96.65,302.99,0.7812,-1,-1,-1
470,74,1112.06,277.57,80.60,257.98,0.6244,-1,-1,-1
470,76,921.99,273.00,82.86,242.99,0.7862,-1,-1,-1
471,2,760.61,174.78,175.94,513.42,0.8405,-1,-1,-1
471,6,1182.53,118.36,365.23,877.74,0.9087,-1,-1,-1
471,49,993.80,195.41,132.39,451.08,0.7971,-1,-1,-1
471,68,693.89,212.71,90.80,359.22,0.7392,-1,-1,-1
471,71,595.00,264.60,98.26,307.69,0.7758,-1,-1,-1
471,74,1105.90,272.75,81.68,260.96,0.5644,-1,-1,-1
471,76,918.17,273.00,84.05,243.48,0.8015,-1,-1,-1
472,2,754.62,174.14,176.75,512.59,0.8625,-1,-1,-1
472,6,1184.51,119.14,359.90,875.33,0.9108,-1,-1,-1
472,49,990.92,196.98,132.13,449.75,0.7829,-1,-1,-1
472,68,687.65,208.99,94.12,361.89,0.7863,-1,-1,-1
472,71,591.06,264.93,98.45,307.42,0.8215,-1,-1,-1
472,74,1103.62,270.99,83.09,265.70,0.6575,-1,-1,-1
472,76,916.84,271.82,83.49,243.11,0.8048,-1,-1,-1
473,2,756.45,174.42,176.39,514.29,0.8754,-1,-1,-1
473,6,1184.55,117.79,356.68,871.79,0.9105,-1,-1,-1
473,49,986.82,196.39,131.38,450.70,0.7749,-1,-1,-1
473,68,681.94,205.90,97.89,364.87,0.8141,-1,-1,-1
473,71,585.28,262.24,99.08,310.39,0.8205,-1,-1,-1
473,74,1104.22,271.09,84.52,266.22,0.6941,-1,-1,-1
473,76,916.26,272.77,82.76,242.53,0.7932,-1,-1,-1
474,2,758.55,175.98,174.67,513.64,0.8764,-1,-1,-1
474,6,1186.52,114.53,350.22,863.34,0.9124,-1,-1,-1
474,49,985.23,195.42,130.10,450.10,0.7775,-1,-1,-1
474,68,676.87,205.61,101.43,369.18,0.8076,-1,-1,-1
474,71,580.93,261.49,96.88,310.30,0.8550,-1,-1,-1
474,74,1099.87,269.14,84.01,268.26,0.7443,-1,-1,-1
474,76,915.12,274.68,81.86,242.77,0.7573,-1,-1,-1
475,2,759.27,175.98,175.20,514.25,0.8670,-1,-1,-1
475,6,1186.61,111.73,349.09,859.82,0.9117,-1,-1,-1
475,49,984.97,196.41,123.26,437.20,0.7674,-1,-1,-1
475,68,669.22,203.69,104.88,371.25,0.8244,-1,-1,-1
475,71,574.95,259.91,97.53,311.39,0.8384,-1,-1,-1
475,74,1095.43,266.89,82.80,267.92,0.7513,-1,-1,-1
475,76,916.61,277.39,80.00,237.48,0.7596,-1,-1,-1
476,2,760.75,176.35,175.97,512.17,0.8655,-1,-1,-1
476,6,1188.19,106.15,348.82,860.90,0.9087,-1,-1,-1
476,49,982.07,194.34,120.79,434.22,0.7694,-1,-1,-1
476,68,663.95,202.79,108.42,374.50,0.8287,-1,-1,-1
476,71,570.50,258.17,96.71,313.71,0.8238,-1,-1,-1
476,74,1095.93,263.61,81.28,271.06,0.7604,-1,-1,-1
476,76,917.35,277.26,77.68,234.18,0.7492,-1,-1,-1
477,2,764.35,178.02,175.17,510.84,0.8643,-1,-1,-1
477,6,1190.62,102.98,346.46,855.57,0.9085,-1,-1,-1
477,49,981.47,194.47,119.46,433.76,0.7660,-1,-1,-1
477,68,659.21,203.77,112.51,378.92,0.8371,-1,-1,-1
477,71,569.31,261.17,96.26,315.33,0.8306,-1,-1,-1
477,74,1096.74,263.71,79.85,272.15,0.7607,-1,-1,-1
477,76,918.05,280.27,76.20,232.83,0.7562,-1,-1,-1
478,2,768.96,179.46,174.17,509.34,0.8513,-1,-1,-1
478,6,1191.81,101.78,346.70,844.03,0.9091,-1,-1,-1
478,49,980.17,195.78,119.31,434.40,0.7656,-1,-1,-1
478,68,655.30,206.08,116.00,384.76,0.8426,-1,-1,-1
478,71,559.81,264.19,99.65,322.38,0.8093,-1,-1,-1
478,74,1095.64,265.96,79.36,272.12,0.7682,-1,-1,-1
478,76,918.85,279.91,76.31,235.97,0.6693,-1,-1,-1
479,2,774.45,179.26,173.09,506.90,0.8615,-1,-1,-1
479,6,1192.95,101.56,348.24,839.26,0.9118,-1,-1,-1
479,49,979.99,196.23,120.53,433.40,0.7522,-1,-1,-1
479,68,653.48,206.06,118.87,387.20,0.8356,-1,-1,-1
479,71,553.15,262.52,103.81,324.86,0.8061,-1,-1,-1
479,74,1095.97,265.90,78.80,273.32,0.7660,-1,-1,-1
479,76,914.40,243.87,87.95,275.22,0.5586,-1,-1,-1
480,2,777.84,180.77,173.68,503.25,0.8563,-1,-1,-1
480,6,1194.12,101.54,350.22,843.62,0.9095,-1,-1,-1
480,49,978.17,194.76,123.46,444.55,0.7589,-1,-1,-1
480,68,650.58,206.39,123.50,389.71,0.8168,-1,-1,-1
480,71,548.25,264.27,106.06,328.05,0.8075,-1,-1,-1
480,74,1096.18,266.42,79.32,276.41,0.7605,-1,-1,-1
480,76,914.11,235.56,89.58,283.23,0.4914,-1,-1,-1
481,2,781.44,182.65,172.18,500.05,0.8588,-1,-1,-1
481,6,1196.23,103.24,351.87,852.39,0.9125,-1,-1,-1
481,49,978.71,196.05,124.66,449.52,0.7733,-1,-1,-1
481,68,649.98,208.15,127.87,393.66,0.8177,-1,-1,-1
481,71,545.44,268.09,107.25,329.27,0.8047,-1,-1,-1
481,74,1097.58,272.63,78.83,271.41,0.7872,-1,-1,-1
481,76,922.20,268.01,78.40,249.23,0.3701,-1,-1,-1
482,2,786.23,186.70,175.01,502.58,0.8504,-1,-1,-1
482,6,1199.87,108.10,355.06,857.57,0.9113,-1,-1,-1
482,49,979.27,200.33,124.21,442.84,0.7634,-1,-1,-1
482,68,651.40,212.01,130.22,394.82,0.8244,-1,-1,-1
482,71,544.93,273.87,107.49,328.22,0.7955,-1,-1,-1
482,74,1098.37,276.47,79.45,270.43,0.7677,-1,-1,-1
483,2,788.72,183.32,177.73,507.86,0.8504,-1,-1,-1
483,6,1201.15,109.24,357.26,863.10,0.9092,-1,-1,-1
483,49,983.29,201.03,128.02,447.05,0.7990,-1,-1,-1
483,68,651.68,210.49,133.88,397.60,0.8170,-1,-1,-1
483,71,545.14,271.46,107.88,331.77,0.7802,-1,-1,-1
483,74,1102.32,274.86,82.75,274.98,0.7716,-1,-1,-1
484,2,797.11,183.16,174.80,509.66,0.8525,-1,-1,-1
484,6,1203.31,113.12,356.61,868.07,0.9080,-1,-1,-1
484,49,986.64,203.74,127.53,448.82,0.8213,-1,-1,-1
484,68,649.88,209.03,134.40,404.23,0.8116,-1,-1,-1
484,71,544.97,269.76,107.97,338.63,0.7710,-1,-1,-1
484,74,1104.24,275.81,84.86,274.30,0.7832,-1,-1,-1
485,2,805.89,190.73,171.76,500.36,0.8442,-1,-1,-1
485,6,1206.81,114.47,357.70,881.26,0.9015,-1,-1,-1
485,49,992.58,207.63,125.47,449.77,0.8210,-1,-1,-1
485,68,650.66,208.22,133.87,412.02,0.8024,-1,-1,-1
485,71,544.42,272.03,108.46,342.19,0.7962,-1,-1,-1
485,74,1105.10,275.00,86.22,279.19,0.7897,-1,-1,-1
486,2,811.06,192.03,172.67,506.25,0.8459,-1,-1,-1
486,6,1214.42,119.71,352.88,888.78,0.9044,-1,-1,-1
486,49,997.87,211.51,123.22,448.10,0.8143,-1,-1,-1
486,68,655.96,208.12,134.87,412.48,0.8148,-1,-1,-1
486,71,545.68,271.66,109.68,345.95,0.7992,-1,-1,-1
486,74,1108.75,279.76,89.89,276.48,0.7854,-1,-1,-1
487,2,818.59,195.11,172.95,512.53,0.8609,-1,-1,-1
487,6,1222.12,130.71,350.51,891.69,0.9047,-1,-1,-1
487,49,1004.51,217.82,122.45,448.58,0.7954,-1,-1,-1
487,68,660.97,208.89,141.29,418.26,0.8055,-1,-1,-1
487,71,543.45,269.57,111.92,351.98,0.8125,-1,-1,-1
487,74,1113.98,283.11,91.64,279.91,0.7876,-1,-1,-1
488,2,825.77,203.06,172.57,509.80,0.8573,-1,-1,-1
488,6,1225.59,138.69,348.50,893.24,0.9044,-1,-1,-1
488,49,1006.84,222.06,123.31,448.94,0.8017,-1,-1,-1
488,68,662.24,211.32,142.97,418.94,0.8048,-1,-1,-1
488,71,544.00,271.73,112.54,354.96,0.8075,-1,-1,-1
488,74,1119.69,285.85,91.25,277.90,0.7799,-1,-1,-1
489,2,835.51,206.98,174.47,510.26,0.8523,-1,-1,-1
489,6,1228.28,141.77,346.90,892.14,0.9078,-1,-1,-1
489,49,1012.66,228.80,120.16,441.35,0.7789,-1,-1,-1
489,68,666.04,211.53,146.84,421.49,0.8042,-1,-1,-1
489,71,543.69,270.16,114.89,360.44,0.7907,-1,-1,-1
489,74,1128.98,292.73,89.29,277.22,0.7963,-1,-1,-1
490,2,840.24,214.20,175.47,508.20,0.8672,-1,-1,-1
490,6,1231.22,143.06,348.61,889.75,0.9106,-1,-1,-1
490,49,1015.62,229.22,121.96,447.89,0.7751,-1,-1,-1
490,68,666.23,213.17,149.93,426.66,0.7998,-1,-1,-1
490,71,540.59,271.80,120.46,363.12,0.7834,-1,-1,-1
490,74,1134.05,296.93,88.78,273.51,0.8022,-1,-1,-1
491,2,845.01,218.64,176.58,508.28,0.8650,-1,-1,-1
491,6,1229.12,142.53,353.51,894.30,0.9101,-1,-1,-1
491,49,1016.47,228.05,122.07,448.49,0.7798,-1,-1,-1
491,68,666.99,213.46,154.08,429.87,0.8141,-1,-1,-1
491,71,535.09,272.91,125.18,365.42,0.7804,-1,-1,-1
491,74,1136.98,300.12,90.26,273.22,0.8188,-1,-1,-1
492,2,848.50,224.63,176.37,507.32,0.8460,-1,-1,-1
492,6,1227.59,141.36,362.30,894.42,0.9084,-1,-1,-1
492,49,1015.22,231.66,123.80,451.91,0.7853,-1,-1,-1
492,68,667.12,213.57,155.70,432.19,0.8303,-1,-1,-1
492,71,531.51,273.28,132.34,366.48,0.8083,-1,-1,-1
492,74,1138.01,304.46,92.94,274.97,0.8235,-1,-1,-1
493,2,850.32,231.05,174.08,505.16,0.8309,-1,-1,-1
493,6,1222.01,136.14,362.62,903.65,0.8988,-1,-1,-1
493,49,1016.45,232.45,125.60,452.84,0.8115,-1,-1,-1
493,68,661.33,213.44,158.03,436.22,0.8135,-1,-1,-1
493,71,526.63,274.45,136.96,368.96,0.7978,-1,-1,-1
493,74,1137.81,309.22,95.37,272.32,0.8216,-1,-1,-1
494,2,856.21,230.42,171.56,494.81,0.8308,-1,-1,-1
494,6,1216.89,133.59,354.13,891.71,0.8984,-1,-1,-1
494,49,1015.40,233.24,125.44,448.24,0.8162,-1,-1,-1
494,68,659.14,213.30,159.16,444.03,0.8268,-1,-1,-1
494,71,521.52,275.73,141.69,376.11,0.8202,-1,-1,-1
494,74,1136.60,311.05,97.60,271.73,0.7904,-1,-1,-1
495,2,858.77,229.96,171.51,496.10,0.8385,-1,-1,-1
495,6,1213.62,131.21,353.28,884.90,0.9057,-1,-1,-1
495,49,1010.52,234.19,126.72,447.27,0.8094,-1,-1,-1
495,68,655.15,213.12,161.94,451.61,0.8195,-1,-1,-1
495,71,516.83,278.01,143.85,379.99,0.7914,-1,-1,-1
495,74,1136.85,312.31,98.68,274.19,0.7831,-1,-1,-1
496,2,860.16,229.55,171.99,495.99,0.8126,-1,-1,-1
496,6,1214.03,127.45,351.46,879.88,0.9091,-1,-1,-1
496,49,1011.05,234.74,127.17,445.07,0.8063,-1,-1,-1
496,68,646.83,213.86,168.15,455.00,0.8373,-1,-1,-1
496,71,512.65,281.61,144.21,381.97,0.8007,-1,-1,-1
496,74,1140.49,312.78,98.27,275.49,0.7659,-1,-1,-1
497,2,863.65,229.26,167.88,468.73,0.8111,-1,-1,-1
497,6,1211.80,121.61,353.04,887.12,0.9162,-1,-1,-1
497,49,1009.41,234.10,128.56,446.57,0.8103,-1,-1,-1
497,68,639.88,213.38,174.00,456.32,0.8461,-1,-1,-1
497,71,508.87,283.37,144.64,384.11,0.8176,-1,-1,-1
497,74,1140.83,312.60,98.84,278.85,0.7445,-1,-1,-1
498,2,863.21,228.80,169.82,456.95,0.8131,-1,-1,-1
498,6,1209.39,118.38,354.77,897.62,0.9115,-1,-1,-1
498,49,1008.09,235.25,129.59,447.31,0.8242,-1,-1,-1
498,68,634.52,212.84,176.97,460.31,0.8764,-1,-1,-1
498,71,505.62,286.16,141.46,382.56,0.8260,-1,-1,-1
498,74,1140.96,312.50,98.63,279.59,0.7723,-1,-1,-1
499,2,857.82,227.26,180.99,490.40,0.8189,-1,-1,-1
499,6,1209.86,115.66,354.45,907.87,0.9119,-1,-1,-1
499,49,1007.33,233.12,130.19,449.73,0.8059,-1,-1,-1
499,68,628.25,214.61,175.76,463.68,0.8769,-1,-1,-1
499,71,498.61,287.55,143.82,387.10,0.8103,-1,-1,-1
499,74,1141.65,311.90,98.80,283.31,0.7388,-1,-1,-1
500,2,858.31,226.35,178.55,487.80,0.8309,-1,-1,-1
500,6,1207.31,114.65,356.29,918.99,0.9101,-1,-1,-1
500,49,1006.86,232.59,129.19,453.49,0.8011,-1,-1,-1
500,68,622.42,214.19,175.78,472.59,0.8412,-1,-1,-1
500,71,492.77,290.04,143.93,391.00,0.8254,-1,-1,-1
500,74,1140.52,312.45,99.01,285.60,0.7397,-1,-1,-1
501,2,857.03,226.74,180.02,492.05,0.8407,-1,-1,-1
501,6,1207.15,114.54,355.94,926.53,0.9116,-1,-1,-1
501,49,1006.88,233.40,128.58,453.77,0.8121,-1,-1,-1
501,68,619.19,212.18,175.06,482.36,0.8423,-1,-1,-1
501,71,485.54,283.48,145.57,399.92,0.8323,-1,-1,-1
501,74,1142.05,312.04,97.54,284.37,0.7571,-1,-1,-1
502,2,858.30,227.51,180.26,489.10,0.8465,-1,-1,-1
502,6,1207.72,114.80,354.65,931.21,0.9147,-1,-1,-1
502,49,1003.98,235.37,129.06,453.05,0.8182,-1,-1,-1
502,68,615.31,213.20,175.95,484.66,0.8389,-1,-1,-1
502,71,478.38,282.98,145.10,405.59,0.8263,-1,-1,-1
502,74,1141.53,311.42,97.44,283.38,0.7961,-1,-1,-1
503,2,854.13,225.59,181.84,496.87,0.8427,-1,-1,-1
503,6,1207.76,116.36,353.32,933.53,0.9157,-1,-1,-1
503,49,1002.83,235.39,129.76,448.85,0.8122,-1,-1,-1
503,68,605.64,206.57,171.24,487.64,0.8485,-1,-1,-1
503,71,469.11,277.47,145.41,411.28,0.8174,-1,-1,-1
503,74,1137.99,309.16,97.77,285.07,0.8153,-1,-1,-1
504,2,852.70,224.82,181.87,492.14,0.8407,-1,-1,-1
504,6,1206.30,117.05,353.72,937.85,0.9172,-1,-1,-1
504,49,1001.52,233.62,129.43,448.08,0.8056,-1,-1,-1
504,68,599.47,196.19,172.40,500.86,0.8539,-1,-1,-1
504,71,461.26,274.80,146.34,415.01,0.8151,-1,-1,-1
504,74,1136.66,305.52,99.17,288.85,0.8100,-1,-1,-1
505,2,854.68,224.97,183.77,496.12,0.8217,-1,-1,-1
505,6,1207.55,116.07,353.88,942.33,0.9195,-1,-1,-1
505,49,1001.30,230.31,126.69,449.09,0.7633,-1,-1,-1
505,68,590.33,195.09,173.94,504.18,0.8639,-1,-1,-1
505,71,450.31,269.18,147.65,422.79,0.8092,-1,-1,-1
505,74,1134.94,302.44,98.63,288.22,0.8120,-1,-1,-1
506,2,853.15,224.06,185.94,503.74,0.8192,-1,-1,-1
506,6,1207.16,114.18,354.74,945.06,0.9161,-1,-1,-1
506,49,1000.59,232.39,123.26,439.89,0.7543,-1,-1,-1
506,68,579.89,188.18,172.60,507.61,0.8524,-1,-1,-1
506,71,441.30,266.25,151.67,428.02,0.8197,-1,-1,-1
506,74,1130.45,299.20,102.06,290.34,0.8077,-1,-1,-1
507,2,853.97,224.91,184.90,505.55,0.8122,-1,-1,-1
507,6,1210.45,112.03,351.91,934.07,0.9159,-1,-1,-1
507,49,998.73,233.00,122.64,440.49,0.7591,-1,-1,-1
507,68,571.69,186.52,171.99,507.53,0.8499,-1,-1,-1
507,71,430.84,262.25,152.80,435.33,0.8505,-1,-1,-1
507,74,1129.12,297.33,102.90,290.92,0.8150,-1,-1,-1
508,2,852.13,229.57,180.47,498.20,0.8230,-1,-1,-1
508,6,1210.96,107.98,350.50,932.78,0.9172,-1,-1,-1
508,49,997.31,227.63,120.60,447.14,0.7305,-1,-1,-1
508,68,560.44,180.16,173.85,519.76,0.8464,-1,-1,-1
508,71,416.46,258.89,153.15,439.82,0.8384,-1,-1,-1
508,74,1130.69,296.21,101.08,290.14,0.7945,-1,-1,-1
509,2,852.39,228.87,177.45,492.45,0.8009,-1,-1,-1
509,6,1209.44,104.57,349.96,933.96,0.9159,-1,-1,-1
509,49,993.76,226.93,114.50,449.74,0.7384,-1,-1,-1
509,68,549.04,174.38,175.33,527.21,0.8655,-1,-1,-1
509,71,406.97,255.22,152.67,443.79,0.8459,-1,-1,-1
509,74,1125.69,295.44,99.67,289.50,0.7947,-1,-1,-1
510,2,849.20,228.18,176.48,489.00,0.7938,-1,-1,-1
510,6,1207.69,100.68,355.77,932.80,0.9113,-1,-1,-1
510,49,991.49,227.57,111.34,448.53,0.7134,-1,-1,-1
510,68,535.56,169.94,179.93,535.78,0.8798,-1,-1,-1
510,71,391.34,253.90,153.91,450.96,0.8395,-1,-1,-1
510,74,1120.48,293.40,100.25,290.74,0.8059,-1,-1,-1
510,80,1075.52,309.63,54.23,207.63,0.4561,-1,-1,-1
511,2,853.68,225.74,172.34,484.34,0.7536,-1,-1,-1
511,6,1205.19,94.37,358.11,920.96,0.9118,-1,-1,-1
511,49,987.22,219.75,112.47,459.34,0.6836,-1,-1,-1
511,68,521.95,170.68,180.65,537.08,0.8654,-1,-1,-1
511,71,375.28,251.58,159.63,461.35,0.8520,-1,-1,-1
511,74,1117.42,289.44,100.58,295.05,0.8114,-1,-1,-1
511,80,1072.73,310.86,54.96,204.49,0.5248,-1,-1,-1
512,2,851.85,219.52,169.67,482.00,0.7486,-1,-1,-1
512,6,1204.40,87.22,355.32,906.49,0.9077,-1,-1,-1
512,49,985.08,216.36,112.30,464.90,0.6845,-1,-1,-1
512,68,510.61,168.45,185.12,547.23,0.8665,-1,-1,-1
512,71,361.23,251.46,162.61,470.46,0.8265,-1,-1,-1
512,74,1112.89,284.97,101.04,297.51,0.7847,-1,-1,-1
512,80,1069.12,307.54,55.64,202.13,0.4564,-1,-1,-1
513,2,849.02,214.53,166.94,483.36,0.8258,-1,-1,-1
513,6,1206.24,83.05,353.26,899.29,0.9028,-1,-1,-1
513,49,978.65,221.29,106.02,453.26,0.6102,-1,-1,-1
513,68,500.20,161.67,190.59,560.55,0.8584,-1,-1,-1
513,71,349.00,246.21,164.81,481.20,0.8543,-1,-1,-1
513,74,1110.16,283.88,100.69,296.44,0.7458,-1,-1,-1
513,80,1063.78,308.37,57.77,203.43,0.5035,-1,-1,-1
514,2,847.16,205.48,166.88,488.45,0.7774,-1,-1,-1
514,6,1209.58,74.41,351.37,899.25,0.9054,-1,-1,-1
514,49,980.64,212.98,102.63,451.77,0.6746,-1,-1,-1
514,68,488.08,157.68,196.95,572.12,0.8477,-1,-1,-1
514,71,341.24,247.01,164.85,475.89,0.8290,-1,-1,-1
514,74,1107.92,278.06,101.43,297.36,0.7837,-1,-1,-1
514,80,1059.96,300.33,61.17,212.33,0.4241,-1,-1,-1
515,2,847.39,204.29,164.22,486.47,0.7921,-1,-1,-1
515,6,1211.84,68.22,349.83,906.03,0.9066,-1,-1,-1
515,49,982.22,210.55,100.68,452.71,0.6656,-1,-1,-1
515,68,479.75,155.22,199.63,580.49,0.8479,-1,-1,-1
515,71,329.63,245.66,168.70,480.73,0.8546,-1,-1,-1
515,74,1104.59,274.60,102.56,298.85,0.8049,-1,-1,-1
515,80,1054.79,293.80,63.32,220.72,0.4458,-1,-1,-1
516,2,846.72,201.97,162.83,486.85,0.8173,-1,-1,-1
516,6,1215.02,62.73,346.69,911.82,0.9067,-1,-1,-1
516,49,982.97,205.39,97.89,448.71,0.6717,-1,-1,-1
516,68,470.71,151.49,204.78,586.12,0.8653,-1,-1,-1
516,71,317.66,244.69,173.74,491.59,0.8639,-1,-1,-1
516,74,1104.14,273.16,102.23,299.00,0.8176,-1,-1,-1
516,80,1053.45,295.35,62.69,216.90,0.4492,-1,-1,-1
517,2,848.04,198.73,161.19,490.16,0.8158,-1,-1,-1
517,6,1217.38,59.89,345.29,920.94,0.9086,-1,-1,-1
517,49,983.50,203.87,94.06,438.53,0.6631,-1,-1,-1
517,68,465.25,151.16,209.42,596.00,0.8866,-1,-1,-1
517,71,306.67,239.88,176.01,505.54,0.8546,-1,-1,-1
517,74,1105.09,270.93,102.67,300.99,0.8210,-1,-1,-1
517,80,1054.56,295.66,62.17,213.53,0.5299,-1,-1,-1
518,2,848.84,197.47,159.85,493.26,0.7923,-1,-1,-1
518,6,1218.05,57.81,345.34,931.92,0.9090,-1,-1,-1
518,49,983.37,201.36,91.68,437.04,0.6678,-1,-1,-1
518,68,459.11,147.27,213.87,605.82,0.8800,-1,-1,-1
518,71,297.17,234.55,177.79,518.85,0.8636,-1,-1,-1
518,74,1103.42,268.76,105.00,305.24,0.8106,-1,-1,-1
518,80,1050.92,288.69,62.88,218.87,0.4935,-1,-1,-1
518,85,832.20,326.87,60.40,227.81,0.3327,-1,-1,-1
519,2,849.23,196.50,158.85,494.38,0.7936,-1,-1,-1
519,6,1219.22,57.73,344.03,935.09,0.9035,-1,-1,-1
519,49,983.58,199.27,89.99,436.63,0.6409,-1,-1,-1
519,68,452.04,143.47,218.42,615.69,0.8662,-1,-1,-1
519,71,289.20,230.17,179.82,530.16,0.8635,-1,-1,-1
519,74,1101.03,264.28,107.05,308.44,0.8084,-1,-1,-1
519,80,1053.05,290.46,62.34,220.51,0.5483,-1,-1,-1
520,2,850.90,193.97,157.85,496.10,0.7847,-1,-1,-1
520,6,1224.39,56.17,341.95,943.61,0.9025,-1,-1,-1
520,49,983.76,196.62,89.27,439.25,0.6349,-1,-1,-1
520,68,448.07,139.36,222.84,624.11,0.8580,-1,-1,-1
520,71,278.73,225.41,183.09,535.44,0.8732,-1,-1,-1
520,74,1102.86,264.89,107.01,304.79,0.8028,-1,-1,-1
520,80,1052.86,285.83,61.21,221.72,0.5421,-1,-1,-1
521,2,854.65,197.64,155.87,496.13,0.7859,-1,-1,-1
521,6,1229.60,60.03,339.70,948.30,0.9022,-1,-1,-1
521,49,986.91,197.00,87.98,440.26,0.6698,-1,-1,-1
521,68,446.67,135.62,226.01,630.93,0.8568,-1,-1,-1
521,71,273.46,228.43,184.80,535.76,0.8842,-1,-1,-1
521,74,1108.52,264.79,108.39,306.72,0.7963,-1,-1,-1
521,80,1058.93,295.74,58.60,212.56,0.5819,-1,-1,-1
522,2,857.04,198.83,154.02,492.27,0.8086,-1,-1,-1
522,6,1230.75,58.05,335.82,957.01,0.9047,-1,-1,-1
522,49,986.99,195.68,87.71,441.91,0.6511,-1,-1,-1
522,68,443.20,129.95,229.72,638.84,0.8674,-1,-1,-1
522,71,265.80,223.21,188.61,544.35,0.8767,-1,-1,-1
522,74,1107.78,262.20,108.34,306.38,0.7992,-1,-1,-1
522,80,1058.63,284.88,59.28,215.79,0.5760,-1,-1,-1
523,2,861.09,197.62,152.32,492.40,0.8158,-1,-1,-1
523,6,1231.56,55.19,331.04,965.34,0.9078,-1,-1,-1
523,49,987.83,193.61,87.81,446.61,0.6679,-1,-1,-1
523,68,436.18,117.94,235.64,655.05,0.8748,-1,-1,-1
523,71,255.91,217.21,195.92,552.72,0.8786,-1,-1,-1
523,74,1108.11,259.90,108.98,305.07,0.7868,-1,-1,-1
523,80,1060.06,284.84,59.76,215.29,0.6369,-1,-1,-1
524,2,867.12,199.17,149.42,491.57,0.8325,-1,-1,-1
524,6,1234.56,53.76,326.69,962.18,0.9067,-1,-1,-1
524,49,990.13,198.36,87.23,450.60,0.6185,-1,-1,-1
524,68,433.09,117.95,237.84,658.43,0.8761,-1,-1,-1
524,71,248.72,215.84,201.07,562.03,0.8795,-1,-1,-1
524,74,1107.19,258.57,111.64,306.74,0.7970,-1,-1,-1
524,80,1060.49,281.98,61.07,217.31,0.6624,-1,-1,-1
525,2,872.84,200.12,149.81,490.72,0.8534,-1,-1,-1
525,6,1235.23,48.93,329.05,966.18,0.9048,-1,-1,-1
525,49,994.23,201.93,85.65,439.85,0.5593,-1,-1,-1
525,68,432.77,112.72,241.78,666.79,0.8757,-1,-1,-1
525,71,240.49,212.76,203.51,566.52,0.8767,-1,-1,-1
525,74,1112.05,256.84,113.17,307.03,0.8081,-1,-1,-1
525,80,1064.96,280.30,61.92,219.11,0.6511,-1,-1,-1
526,2,877.03,199.33,150.86,493.85,0.8613,-1,-1,-1
526,6,1239.32,48.10,329.27,964.35,0.9025,-1,-1,-1
526,49,996.82,202.78,87.67,444.76,0.5388,-1,-1,-1
526,68,430.30,110.77,246.67,670.81,0.8780,-1,-1,-1
526,71,231.88,209.87,206.85,574.03,0.8671,-1,-1,-1
526,74,1114.78,255.92,116.48,311.08,0.8281,-1,-1,-1
526,80,1068.63,277.03,61.87,221.58,0.7115,-1,-1,-1
527,2,880.42,200.72,151.34,491.47,0.8386,-1,-1,-1
527,6,1243.88,49.63,327.55,961.85,0.9087,-1,-1,-1
527,49,998.17,204.18,89.52,447.83,0.6063,-1,-1,-1
527,68,426.29,111.09,252.61,673.41,0.8747,-1,-1,-1
527,71,223.57,205.35,209.34,584.43,0.8560,-1,-1,-1
527,74,1118.12,259.26,117.91,308.91,0.8428,-1,-1,-1
527,80,1072.08,278.97,63.13,225.24,0.7561,-1,-1,-1
528,2,879.62,199.62,154.62,492.96,0.8258,-1,-1,-1
528,6,1243.04,46.47,331.60,963.52,0.9093,-1,-1,-1
528,49,1000.43,203.29,91.19,450.90,0.5889,-1,-1,-1
528,68,421.19,108.10,258.84,681.12,0.8841,-1,-1,-1
528,71,223.13,206.12,210.72,589.52,0.8463,-1,-1,-1
528,74,1123.98,260.53,115.46,310.23,0.8397,-1,-1,-1
528,80,1078.65,278.11,63.17,224.81,0.7222,-1,-1,-1
529,2,877.45,198.49,155.62,489.86,0.8119,-1,-1,-1
529,6,1243.22,47.79,333.17,953.63,0.9104,-1,-1,-1
529,49,1001.73,203.26,91.34,452.35,0.6234,-1,-1,-1
529,68,416.78,104.21,267.03,693.38,0.8815,-1,-1,-1
529,71,220.09,205.90,214.51,608.54,0.8253,-1,-1,-1
529,74,1130.81,261.60,113.10,311.62,0.8126,-1,-1,-1
529,80,1083.30,283.87,62.16,226.18,0.7215,-1,-1,-1
530,2,885.03,196.61,152.11,490.85,0.7797,-1,-1,-1
530,6,1249.63,49.13,337.38,938.95,0.9049,-1,-1,-1
530,49,1007.23,208.27,89.97,451.76,0.7038,-1,-1,-1
530,68,404.70,101.18,279.08,713.39,0.8806,-1,-1,-1
530,71,211.92,206.24,220.67,630.17,0.8275,-1,-1,-1
530,74,1135.38,262.11,111.57,313.79,0.8000,-1,-1,-1
530,80,1090.68,297.27,58.79,210.33,0.6524,-1,-1,-1
531,2,880.26,195.41,154.99,491.44,0.7960,-1,-1,-1
531,6,1249.31,48.85,342.71,937.49,0.9107,-1,-1,-1
531,49,1010.93,206.87,91.88,458.56,0.7153,-1,-1,-1
531,68,399.62,93.78,286.64,742.96,0.8831,-1,-1,-1
531,71,207.21,208.84,220.41,635.43,0.8439,-1,-1,-1
531,74,1142.50,264.95,108.87,311.41,0.8074,-1,-1,-1
531,80,1095.43,293.47,61.08,213.28,0.7247,-1,-1,-1
532,2,888.03,198.21,154.80,486.50,0.8205,-1,-1,-1
532,6,1250.87,47.24,348.39,949.19,0.9081,-1,-1,-1
532,49,1013.58,201.87,92.59,462.56,0.6439,-1,-1,-1
532,68,396.07,92.23,290.21,757.67,0.8872,-1,-1,-1
532,71,203.92,211.65,221.29,634.07,0.8573,-1,-1,-1
532,74,1145.77,264.99,108.15,313.77,0.8129,-1,-1,-1
532,80,1099.29,293.85,61.38,216.24,0.7336,-1,-1,-1
533,2,892.39,200.30,154.21,485.85,0.8351,-1,-1,-1
533,6,1253.83,48.12,353.86,955.69,0.9008,-1,-1,-1
533,49,1015.86,202.99,92.33,460.40,0.7141,-1,-1,-1
533,68,388.63,90.96,295.51,762.99,0.8827,-1,-1,-1
533,71,196.64,214.25,222.59,640.58,0.8669,-1,-1,-1
533,74,1150.59,269.43,107.49,315.10,0.8024,-1,-1,-1
533,80,1102.31,285.67,63.51,225.39,0.6586,-1,-1,-1
534,2,894.64,201.63,155.77,496.24,0.8349,-1,-1,-1
534,6,1260.51,44.59,358.74,966.57,0.9035,-1,-1,-1
534,49,1015.45,198.48,93.35,465.99,0.6615,-1,-1,-1
534,68,381.86,90.53,300.75,764.14,0.8852,-1,-1,-1
534,71,188.12,216.73,222.49,641.84,0.8753,-1,-1,-1
534,74,1153.83,270.40,107.76,316.22,0.7684,-1,-1,-1
534,80,1105.76,286.84,65.31,231.90,0.5998,-1,-1,-1
535,2,895.81,204.99,154.40,492.90,0.8422,-1,-1,-1
535,6,1262.62,43.31,359.89,978.45,0.9082,-1,-1,-1
535,49,1017.60,199.30,94.71,471.98,0.6857,-1,-1,-1
535,68,372.84,87.01,305.10,778.13,0.8757,-1,-1,-1
535,71,177.52,210.50,230.83,676.19,0.8801,-1,-1,-1
535,74,1154.56,269.93,110.11,317.19,0.7876,-1,-1,-1
535,80,1105.10,288.59,64.88,232.06,0.4044,-1,-1,-1
536,2,899.52,205.38,153.82,494.71,0.8320,-1,-1,-1
536,6,1263.73,41.68,365.71,987.98,0.9050,-1,-1,-1
536,49,1018.66,197.07,93.83,468.51,0.7118,-1,-1,-1
536,68,366.87,82.74,308.52,808.11,0.8700,-1,-1,-1
536,71,167.25,208.68,234.03,683.15,0.8808,-1,-1,-1
536,74,1155.25,269.47,111.23,317.85,0.8013,-1,-1,-1
536,80,1107.06,293.23,62.83,225.59,0.3572,-1,-1,-1
537,2,902.18,209.94,152.40,492.83,0.8228,-1,-1,-1
537,6,1264.46,40.92,370.38,994.34,0.9050,-1,-1,-1
537,49,1019.68,198.82,92.95,462.97,0.6986,-1,-1,-1
537,68,359.18,78.95,309.03,830.28,0.8744,-1,-1,-1
537,71,151.87,205.27,240.05,694.64,0.8765,-1,-1,-1
537,74,1155.74,269.96,111.47,318.04,0.7664,-1,-1,-1
537,80,1111.02,285.06,66.96,240.73,0.3736,-1,-1,-1
538,2,904.17,212.68,151.78,490.17,0.8182,-1,-1,-1
538,6,1267.59,41.23,374.69,1000.64,0.9047,-1,-1,-1
538,49,1022.77,200.38,94.76,459.68,0.7037,-1,-1,-1
538,68,346.67,66.87,305.95,849.07,0.8846,-1,-1,-1
538,71,135.84,198.69,244.65,708.86,0.8730,-1,-1,-1
538,74,1157.59,268.43,111.42,321.21,0.8010,-1,-1,-1
538,80,1112.67,282.33,67.72,245.58,0.3619,-1,-1,-1
539,2,902.59,211.82,151.71,491.50,0.8160,-1,-1,-1
539,6,1268.56,40.12,377.74,1007.94,0.9043,-1,-1,-1
539,49,1023.96,199.83,96.40,451.06,0.7193,-1,-1,-1
539,68,340.74,53.08,309.16,866.09,0.8803,-1,-1,-1
539,71,111.52,188.11,250.33,721.75,0.8693,-1,-1,-1
539,74,1154.23,265.22,111.59,323.51,0.7894,-1,-1,-1
540,2,903.56,212.39,151.08,490.63,0.8094,-1,-1,-1
540,6,1272.34,41.62,375.77,1014.46,0.9040,-1,-1,-1
540,49,1019.78,198.67,95.34,453.58,0.6248,-1,-1,-1
540,68,326.46,50.78,310.15,872.62,0.8769,-1,-1,-1
540,71,96.60,178.94,247.60,736.09,0.8850,-1,-1,-1
540,74,1151.01,266.15,110.02,322.34,0.7977,-1,-1,-1
541,2,903.13,216.61,147.98,483.12,0.8054,-1,-1,-1
541,6,1272.74,51.32,375.47,1010.37,0.9000,-1,-1,-1
541,49,1018.65,200.10,95.25,454.14,0.7096,-1,-1,-1
541,68,302.12,42.09,311.75,887.11,0.8858,-1,-1,-1
541,71,76.48,180.07,251.53,744.14,0.8952,-1,-1,-1
541,74,1138.63,268.53,112.59,321.68,0.7808,-1,-1,-1
542,2,897.36,211.84,149.76,488.38,0.7967,-1,-1,-1
542,6,1273.38,53.55,375.69,1005.54,0.8952,-1,-1,-1
542,49,1013.95,196.48,92.62,455.17,0.6567,-1,-1,-1
542,68,286.93,34.26,309.63,901.70,0.8866,-1,-1,-1
542,71,52.91,167.24,256.22,754.48,0.8871,-1,-1,-1
542,74,1139.52,266.77,111.80,323.53,0.8210,-1,-1,-1
542,88,583.94,291.56,71.73,250.45,0.6274,-1,-1,-1
543,2,892.47,208.75,151.22,489.87,0.8219,-1,-1,-1
543,6,1276.94,51.86,374.56,1001.36,0.8989,-1,-1,-1
543,49,1013.37,194.80,90.13,455.31,0.6310,-1,-1,-1
543,68,260.85,19.81,320.11,919.37,0.8778,-1,-1,-1
543,71,28.65,159.28,262.42,770.77,0.8898,-1,-1,-1
543,74,1132.40,265.28,110.87,321.39,0.7960,-1,-1,-1
543,88,582.51,287.48,73.28,255.49,0.5996,-1,-1,-1
544,2,892.12,204.87,150.64,486.45,0.8171,-1,-1,-1
544,6,1278.14,52.53,374.57,1006.51,0.8984,-1,-1,-1
544,49,1012.52,191.32,89.74,460.46,0.5611,-1,-1,-1
544,68,251.49,11.24,316.71,936.93,0.8982,-1,-1,-1
544,71,5.99,154.45,268.82,781.67,0.8870,-1,-1,-1
544,74,1119.38,262.84,117.19,327.65,0.8357,-1,-1,-1
544,88,579.74,286.97,73.75,257.67,0.6438,-1,-1,-1
544,89,1635.80,287.61,66.06,154.53,0.3281,-1,-1,-1
545,2,890.40,203.90,149.76,483.32,0.8098,-1,-1,-1
545,6,1281.03,54.14,371.41,1000.48,0.9040,-1,-1,-1
545,49,1010.67,200.15,87.97,459.59,0.6109,-1,-1,-1
545,68,222.45,4.19,325.63,950.27,0.8899,-1,-1,-1
545,71,-4.28,146.84,263.41,801.93,0.8815,-1,-1,-1
545,74,1111.12,264.76,120.97,328.54,0.8420,-1,-1,-1
545,88,577.84,289.89,72.44,254.85,0.6475,-1,-1,-1
545,89,1636.33,290.55,65.76,155.11,0.3135,-1,-1,-1
546,2,886.50,202.34,152.01,484.35,0.8077,-1,-1,-1
546,6,1280.18,54.49,371.37,999.94,0.9042,-1,-1,-1
546,49,1012.39,199.52,85.94,446.28,0.4927,-1,-1,-1
546,68,203.31,5.33,334.98,959.31,0.9040,-1,-1,-1
546,71,-6.90,141.86,250.18,824.97,0.8869,-1,-1,-1
546,74,1110.51,269.05,118.80,324.13,0.8204,-1,-1,-1
546,88,573.96,288.76,71.27,253.40,0.6964,-1,-1,-1
546,89,1637.31,300.55,62.07,147.60,0.3621,-1,-1,-1
547,2,879.65,201.32,153.29,485.06,0.8088,-1,-1,-1
547,6,1279.21,53.51,369.10,991.91,0.9079,-1,-1,-1
547,49,1009.65,199.68,90.12,447.83,0.6078,-1,-1,-1
547,68,183.55,2.53,342.76,967.06,0.8975,-1,-1,-1
547,71,-7.72,132.34,235.19,839.92,0.8793,-1,-1,-1
547,74,1109.52,268.58,115.37,323.13,0.7743,-1,-1,-1
547,88,565.03,289.71,69.14,254.33,0.6272,-1,-1,-1
547,89,1635.84,300.06,62.34,149.52,0.3411,-1,-1,-1
548,2,874.53,202.65,154.77,486.22,0.8153,-1,-1,-1
548,6,1279.08,52.61,366.49,978.15,0.9042,-1,-1,-1
548,49,1009.68,202.54,97.26,447.73,0.6326,-1,-1,-1
548,68,161.12,3.30,357.77,987.63,0.8996,-1,-1,-1
548,71,-7.81,125.15,220.52,841.76,0.8607,-1,-1,-1
548,74,1097.66,269.98,116.44,325.54,0.8084,-1,-1,-1
548,88,559.83,287.74,68.19,259.07,0.6729,-1,-1,-1
548,89,1630.28,293.51,65.05,157.10,0.3878,-1,-1,-1
549,2,867.08,202.16,153.84,490.91,0.8359,-1,-1,-1
549,6,1278.04,50.13,363.77,967.81,0.9045,-1,-1,-1
549,49,1007.52,217.23,105.54,431.24,0.6793,-1,-1,-1
549,68,120.48,1.45,388.39,1028.12,0.8784,-1,-1,-1
549,71,-6.71,127.64,209.66,847.51,0.8491,-1,-1,-1
549,74,1096.32,271.72,113.95,323.39,0.8208,-1,-1,-1
549,88,554.16,291.45,66.31,254.28,0.6634,-1,-1,-1
549,89,1627.70,295.86,64.19,156.58,0.4340,-1,-1,-1
550,2,865.78,203.91,153.66,493.09,0.8402,-1,-1,-1
550,6,1276.43,48.56,363.25,971.89,0.9036,-1,-1,-1
550,49,980.65,208.83,105.60,444.96,0.4563,-1,-1,-1
550,68,88.89,2.69,400.62,1064.91,0.8849,-1,-1,-1
550,71,-15.05,162.70,185.09,821.14,0.8166,-1,-1,-1
550,74,1094.34,272.40,109.76,323.51,0.8088,-1,-1,-1
550,88,547.65,286.44,69.21,260.77,0.6639,-1,-1,-1
550,89,1622.51,292.02,66.05,162.97,0.4779,-1,-1,-1
551,2,863.83,208.34,150.06,487.57,0.8467,-1,-1,-1
551,6,1274.95,47.89,364.55,984.80,0.8995,-1,-1,-1
551,49,974.44,207.60,101.48,434.74,0.3066,-1,-1,-1
551,68,63.75,1.28,405.22,1074.07,0.8871,-1,-1,-1
551,71,-5.85,252.81,155.72,734.43,0.8401,-1,-1,-1
551,74,1092.70,274.23,106.93,321.15,0.7984,-1,-1,-1
551,88,538.54,280.71,68.46,267.99,0.7282,-1,-1,-1
551,89,1618.89,285.51,68.32,170.57,0.4933,-1,-1,-1
551,91,1025.51,287.58,107.23,339.23,0.6775,-1,-1,-1
552,2,858.87,212.94,148.26,480.12,0.8403,-1,-1,-1
552,6,1274.62,48.69,362.77,991.89,0.8993,-1,-1,-1
552,49,970.31,211.73,95.83,415.48,0.4465,-1,-1,-1
552,68,27.72,3.73,418.33,1068.88,0.9076,-1,-1,-1
552,71,-11.62,240.28,148.21,751.74,0.7941,-1,-1,-1
552,74,1091.18,276.88,104.24,320.49,0.7477,-1,-1,-1
552,88,534.39,283.23,68.95,267.20,0.7325,-1,-1,-1
552,89,1616.49,280.28,70.58,177.06,0.3780,-1,-1,-1
552,91,1019.29,283.48,112.96,348.01,0.6555,-1,-1,-1
553,2,851.35,216.29,147.74,480.39,0.8146,-1,-1,-1
553,6,1277.80,47.46,358.88,998.85,0.8959,-1,-1,-1
553,49,967.96,212.61,94.91,421.79,0.5704,-1,-1,-1
553,68,4.36,2.00,430.76,1065.07,0.9054,-1,-1,-1
553,71,-17.63,236.16,148.15,762.76,0.4720,-1,-1,-1
553,74,1091.53,276.03,99.21,319.77,0.7466,-1,-1,-1
553,88,530.47,290.51,68.40,261.35,0.7055,-1,-1,-1
553,89,1614.44,280.85,70.85,178.13,0.3160,-1,-1,-1
553,91,1016.18,271.91,119.18,363.67,0.6266,-1,-1,-1
554,2,848.78,221.08,142.96,480.52,0.8401,-1,-1,-1
554,6,1272.95,47.36,356.10,1004.89,0.9026,-1,-1,-1
554,49,957.74,213.69,99.32,463.96,0.6286,-1,-1,-1
554,68,-0.32,4.09,430.34,1062.25,0.9109,-1,-1,-1
554,74,1091.35,277.49,99.36,328.03,0.6852,-1,-1,-1
554,88,526.90,286.66,70.48,268.29,0.7208,-1,-1,-1
554,89,1613.82,287.11,69.36,171.48,0.5706,-1,-1,-1
554,91,1016.27,268.38,121.21,371.15,0.6175,-1,-1,-1
555,2,849.96,222.04,138.39,482.96,0.8488,-1,-1,-1
555,6,1267.75,50.70,355.24,1008.05,0.9051,-1,-1,-1
555,49,955.52,214.89,96.55,465.05,0.6516,-1,-1,-1
555,68,-11.36,2.90,405.25,1062.50,0.8839,-1,-1,-1
555,74,1089.24,279.17,100.08,335.23,0.4506,-1,-1,-1
555,88,523.99,288.80,72.08,268.37,0.7476,-1,-1,-1
555,89,1609.06,290.95,71.60,169.57,0.6565,-1,-1,-1
555,91,1015.83,268.51,122.66,374.90,0.6406,-1,-1,-1
556,2,848.59,222.34,136.61,482.05,0.8436,-1,-1,-1
556,6,1265.60,53.90,355.09,1014.61,0.9004,-1,-1,-1
556,49,958.67,216.64,95.11,465.00,0.7286,-1,-1,-1
556,68,-7.03,5.78,364.30,1058.07,0.9233,-1,-1,-1
556,88,519.88,290.02,72.15,270.06,0.7281,-1,-1,-1
556,89,1608.49,292.01,73.78,171.58,0.6454,-1,-1,-1
556,91,1018.21,262.39,125.83,382.91,0.6032,-1,-1,-1
557,2,845.09,220.15,137.52,484.32,0.8357,-1,-1,-1
557,6,1268.60,55.65,350.03,1013.07,0.8958,-1,-1,-1
557,49,959.65,213.32,95.04,464.42,0.7582,-1,-1,-1
557,68,-4.63,4.45,348.17,1062.47,0.9184,-1,-1,-1
557,88,516.38,292.70,72.05,269.51,0.7235,-1,-1,-1
557,89,1606.90,289.03,76.16,175.60,0.5224,-1,-1,-1
557,91,1042.28,261.39,123.72,378.55,0.7519,-1,-1,-1
558,2,839.37,218.68,140.60,488.63,0.8392,-1,-1,-1
558,6,1274.08,56.47,341.48,1015.23,0.8954,-1,-1,-1
558,49,960.43,216.08,94.02,460.11,0.8014,-1,-1,-1
558,68,-4.46,4.57,340.94,1062.76,0.8748,-1,-1,-1
558,88,516.01,293.08,72.54,270.64,0.7385,-1,-1,-1
558,89,1608.11,288.10,77.63,176.64,0.4420,-1,-1,-1
558,91,1047.19,256.16,122.61,389.03,0.7893,-1,-1,-1
559,2,834.87,220.70,143.67,482.95,0.8350,-1,-1,-1
559,6,1282.00,57.36,330.67,1011.91,0.9023,-1,-1,-1
559,49,959.66,213.86,95.68,454.95,0.7989,-1,-1,-1
559,68,2.61,7.06,349.18,1063.67,0.8955,-1,-1,-1
559,88,518.32,289.48,72.77,278.06,0.7439,-1,-1,-1
559,89,1610.70,291.46,80.16,175.60,0.5060,-1,-1,-1
559,91,1047.24,255.69,122.53,392.20,0.7931,-1,-1,-1
560,2,828.25,224.77,149.83,475.29,0.8430,-1,-1,-1
560,6,1286.48,59.85,321.92,1008.07,0.8923,-1,-1,-1
560,49,959.15,219.95,96.99,444.76,0.7658,-1,-1,-1
560,68,0.70,4.64,349.77,1063.73,0.7996,-1,-1,-1
560,88,519.83,291.71,72.31,278.08,0.7422,-1,-1,-1
560,89,1610.36,293.04,86.41,175.33,0.6286,-1,-1,-1
560,91,1059.12,263.85,117.77,383.38,0.7204,-1,-1,-1
561,2,824.65,221.62,155.17,474.81,0.8466,-1,-1,-1
561,6,1292.82,56.45,320.48,1011.71,0.8955,-1,-1,-1
561,49,959.73,217.26,102.08,446.30,0.7842,-1,-1,-1
561,68,-2.47,6.52,341.45,1061.68,0.8638,-1,-1,-1
561,88,523.99,287.25,74.14,281.72,0.7175,-1,-1,-1
561,89,1616.72,284.03,96.26,182.69,0.5894,-1,-1,-1
561,91,1079.14,272.37,113.75,370.34,0.7062,-1,-1,-1
562,2,820.33,218.32,159.21,472.10,0.8435,-1,-1,-1
562,6,1295.90,54.71,317.54,1018.97,0.9003,-1,-1,-1
562,49,957.44,213.95,108.10,453.71,0.7989,-1,-1,-1
562,68,-1.19,12.98,336.38,1054.62,0.8352,-1,-1,-1
562,88,525.25,289.00,73.75,278.96,0.6948,-1,-1,-1
562,89,1622.35,285.56,100.69,181.69,0.6895,-1,-1,-1
562,91,1091.69,271.10,115.41,380.47,0.7617,-1,-1,-1
563,2,819.28,218.52,163.23,476.29,0.8473,-1,-1,-1
563,6,1303.63,58.74,320.99,1015.54,0.8957,-1,-1,-1
563,49,959.41,216.03,110.72,454.67,0.8122,-1,-1,-1
563,68,-3.71,7.14,325.23,1060.63,0.8743,-1,-1,-1
563,88,527.54,289.25,74.05,281.29,0.7384,-1,-1,-1
563,89,1634.93,283.74,105.28,184.92,0.5990,-1,-1,-1
563,91,1106.14,271.27,121.41,382.58,0.7906,-1,-1,-1
564,2,822.24,219.16,165.36,480.82,0.8585,-1,-1,-1
564,6,1308.18,52.81,333.53,1021.35,0.8986,-1,-1,-1
564,49,964.13,214.40,114.08,461.90,0.7958,-1,-1,-1
564,68,-4.66,6.36,315.83,1063.62,0.8590,-1,-1,-1
564,74,1065.77,271.63,100.81,344.30,0.5484,-1,-1,-1
564,88,533.70,293.78,73.17,279.46,0.7499,-1,-1,-1
564,89,1644.46,279.08,108.06,190.82,0.6525,-1,-1,-1
564,91,1121.87,270.16,131.40,388.30,0.7523,-1,-1,-1
565,2,832.31,224.63,163.08,478.32,0.8561,-1,-1,-1
565,6,1311.31,53.42,349.84,1025.50,0.9026,-1,-1,-1
565,49,973.06,217.19,115.71,463.69,0.7981,-1,-1,-1
565,68,-8.54,11.60,306.28,1054.97,0.7603,-1,-1,-1
565,74,1080.68,274.93,96.31,339.23,0.6707,-1,-1,-1
565,88,543.40,303.01,71.79,272.56,0.7162,-1,-1,-1
565,89,1659.33,280.63,111.84,196.55,0.6561,-1,-1,-1
565,91,1140.90,270.35,146.52,391.78,0.7973,-1,-1,-1
566,2,839.43,226.86,161.35,477.72,0.8490,-1,-1,-1
566,6,1318.85,53.62,358.07,1013.94,0.8978,-1,-1,-1
566,49,978.48,215.76,116.95,462.15,0.7561,-1,-1,-1
566,68,-11.23,8.99,290.89,1059.60,0.7995,-1,-1,-1
566,74,1089.21,273.31,98.77,341.34,0.6524,-1,-1,-1
566,88,548.96,303.76,71.67,272.57,0.7245,-1,-1,-1
566,89,1672.48,281.62,107.80,195.46,0.7203,-1,-1,-1
566,91,1151.55,273.86,156.83,394.65,0.7255,-1,-1,-1
567,2,846.85,231.55,161.37,479.40,0.8363,-1,-1,-1
567,6,1325.19,53.91,373.74,1006.08,0.9166,-1,-1,-1
567,49,983.19,222.96,114.04,447.60,0.7652,-1,-1,-1
567,68,-15.47,5.48,278.51,1063.42,0.7281,-1,-1,-1
567,74,1094.27,273.10,104.06,351.32,0.7413,-1,-1,-1
567,88,554.15,304.61,72.11,272.52,0.7416,-1,-1,-1
567,89,1690.87,282.06,105.78,193.65,0.6559,-1,-1,-1
567,91,1156.96,270.70,179.98,400.66,0.7992,-1,-1,-1
568,2,850.72,230.83,162.56,480.28,0.8452,-1,-1,-1
568,6,1316.35,54.24,395.18,1016.27,0.9163,-1,-1,-1
568,49,989.10,225.59,117.77,452.51,0.8195,-1,-1,-1
568,68,-25.12,11.83,273.21,1062.99,0.3049,-1,-1,-1
568,74,1099.09,271.68,108.32,353.96,0.7461,-1,-1,-1
568,88,560.04,300.71,74.12,276.16,0.7534,-1,-1,-1
568,89,1703.59,283.05,106.84,197.39,0.6213,-1,-1,-1
568,91,1153.83,282.02,186.03,393.76,0.8633,-1,-1,-1
569,2,854.94,232.53,162.75,480.88,0.8513,-1,-1,-1
569,6,1323.29,54.83,403.96,1016.92,0.9097,-1,-1,-1
569,49,997.24,227.05,119.39,462.20,0.8181,-1,-1,-1
569,74,1104.98,275.68,109.75,353.76,0.7735,-1,-1,-1
569,88,565.57,300.22,76.40,279.33,0.7622,-1,-1,-1
569,89,1715.38,286.10,106.39,198.90,0.6673,-1,-1,-1
569,91,1156.03,284.65,191.38,395.03,0.8656,-1,-1,-1
570,2,862.58,242.35,158.76,474.52,0.8607,-1,-1,-1
570,6,1324.74,56.22,417.71,1015.64,0.9009,-1,-1,-1
570,49,1006.99,231.77,117.08,461.45,0.8222,-1,-1,-1
570,74,1113.28,276.30,112.65,352.07,0.7815,-1,-1,-1
570,88,568.39,295.52,78.72,285.07,0.7628,-1,-1,-1
570,89,1728.70,289.19,105.32,198.45,0.6610,-1,-1,-1
570,91,1166.59,281.35,196.00,403.18,0.8487,-1,-1,-1
571,2,869.65,245.32,157.59,473.50,0.8513,-1,-1,-1
571,6,1328.00,54.16,421.00,1019.78,0.9150,-1,-1,-1
571,49,1010.80,233.51,115.62,464.15,0.7977,-1,-1,-1
571,74,1114.31,273.68,120.81,357.54,0.8052,-1,-1,-1
571,88,571.43,303.49,78.36,282.39,0.7940,-1,-1,-1
571,89,1739.26,289.52,106.23,201.16,0.5991,-1,-1,-1
571,91,1171.30,279.46,201.06,412.12,0.8297,-1,-1,-1
572,2,874.38,238.80,157.84,477.03,0.8207,-1,-1,-1
572,6,1328.58,53.49,427.88,1021.94,0.9047,-1,-1,-1
572,49,1015.27,233.37,114.86,461.61,0.7807,-1,-1,-1
572,74,1121.32,274.55,124.71,360.43,0.7915,-1,-1,-1
572,88,576.09,305.59,76.69,279.08,0.8196,-1,-1,-1
572,89,1750.81,289.86,106.27,201.86,0.5636,-1,-1,-1
572,91,1190.64,281.32,194.85,410.86,0.8294,-1,-1,-1
573,2,879.36,238.58,155.51,476.74,0.8283,-1,-1,-1
573,6,1335.31,55.03,435.35,1020.65,0.8942,-1,-1,-1
573,49,1022.34,233.41,114.01,458.08,0.7582,-1,-1,-1
573,74,1124.58,276.24,128.45,359.48,0.8219,-1,-1,-1
573,88,579.53,308.65,75.70,278.49,0.7774,-1,-1,-1
573,89,1760.91,292.98,105.33,201.02,0.6059,-1,-1,-1
573,91,1208.37,284.77,185.63,409.84,0.8168,-1,-1,-1
574,2,884.89,239.52,156.93,477.22,0.8419,-1,-1,-1
574,6,1341.77,54.18,439.49,1019.77,0.9082,-1,-1,-1
574,49,1026.77,236.38,114.00,455.16,0.7595,-1,-1,-1
574,74,1128.47,278.84,130.59,361.50,0.8301,-1,-1,-1
574,88,584.65,306.35,76.15,280.83,0.7112,-1,-1,-1
574,89,1773.99,294.07,106.71,203.76,0.5542,-1,-1,-1
574,91,1226.81,283.39,179.99,414.36,0.7738,-1,-1,-1
575,2,886.91,239.14,157.21,474.96,0.8421,-1,-1,-1
575,6,1349.61,57.30,436.25,1013.55,0.9107,-1,-1,-1
575,49,1029.58,235.95,114.47,459.89,0.7712,-1,-1,-1
575,74,1133.80,278.26,131.50,364.40,0.8404,-1,-1,-1
575,88,588.39,304.78,76.22,281.77,0.6908,-1,-1,-1
575,91,1240.33,282.79,175.14,417.84,0.7156,-1,-1,-1
576,2,889.19,238.68,156.64,472.63,0.8240,-1,-1,-1
576,6,1356.59,60.55,434.11,1009.15,0.9127,-1,-1,-1
576,49,1030.05,236.14,113.60,455.93,0.7833,-1,-1,-1
576,74,1139.39,274.42,133.05,369.14,0.8366,-1,-1,-1
576,88,591.72,314.62,74.24,273.84,0.7103,-1,-1,-1
576,89,1789.32,296.07,109.46,205.06,0.5531,-1,-1,-1
576,91,1258.50,280.80,166.51,423.50,0.7407,-1,-1,-1
577,2,892.10,236.79,155.40,470.39,0.8183,-1,-1,-1
577,6,1360.30,60.75,434.21,1009.10,0.9074,-1,-1,-1
577,49,1028.64,226.47,116.25,474.57,0.7900,-1,-1,-1
577,74,1140.76,274.05,134.34,370.94,0.8281,-1,-1,-1
577,88,589.70,316.70,75.17,272.31,0.6703,-1,-1,-1
577,89,1797.64,295.53,109.76,201.56,0.6058,-1,-1,-1
577,91,1283.28,287.84,156.75,424.14,0.7620,-1,-1,-1
578,2,892.99,236.69,154.92,470.99,0.8285,-1,-1,-1
578,6,1368.10,63.35,435.47,1006.57,0.9023,-1,-1,-1
578,49,1029.39,224.41,115.50,476.92,0.7903,-1,-1,-1
578,74,1140.54,274.41,130.93,372.74,0.8226,-1,-1,-1
578,88,590.26,315.14,76.45,274.93,0.6975,-1,-1,-1
578,89,1801.27,299.11,111.58,201.57,0.5935,-1,-1,-1
578,91,1304.18,282.48,149.01,431.49,0.7274,-1,-1,-1
579,2,889.80,240.20,154.55,471.64,0.8383,-1,-1,-1
579,6,1384.24,71.11,426.46,997.31,0.9034,-1,-1,-1
579,49,1027.81,232.04,114.56,471.47,0.7845,-1,-1,-1
579,74,1141.34,276.55,131.13,377.01,0.8299,-1,-1,-1
579,88,587.31,307.42,78.38,290.61,0.7375,-1,-1,-1
579,89,1802.41,304.09,116.09,208.65,0.6254,-1,-1,-1
579,91,1321.06,283.98,141.04,442.86,0.7858,-1,-1,-1
580,2,891.04,242.42,151.22,467.68,0.8434,-1,-1,-1
580,6,1394.23,72.71,422.57,995.63,0.9024,-1,-1,-1
580,49,1024.61,234.96,115.51,466.31,0.7730,-1,-1,-1
580,74,1140.30,275.39,130.93,379.89,0.8005,-1,-1,-1
580,88,583.54,303.50,78.76,296.52,0.6824,-1,-1,-1
580,89,1805.58,304.53,116.28,212.55,0.6577,-1,-1,-1
580,91,1327.56,284.41,137.83,449.86,0.7708,-1,-1,-1
581,2,886.66,242.83,150.53,465.83,0.8373,-1,-1,-1
581,6,1409.80,69.62,417.23,995.62,0.9015,-1,-1,-1
581,49,1022.26,234.97,117.57,461.73,0.7765,-1,-1,-1
581,74,1143.79,285.63,124.49,369.72,0.7879,-1,-1,-1
581,88,581.70,307.73,75.91,292.48,0.7289,-1,-1,-1
581,89,1810.94,305.10,114.64,215.80,0.6039,-1,-1,-1
581,91,1337.77,283.52,143.22,454.51,0.7717,-1,-1,-1
582,2,884.58,245.87,148.32,464.68,0.8439,-1,-1,-1
582,6,1423.54,71.35,415.50,1002.23,0.9084,-1,-1,-1
582,49,1018.96,234.34,121.23,461.07,0.7830,-1,-1,-1
582,74,1145.36,285.99,122.30,369.42,0.7751,-1,-1,-1
582,88,580.55,308.35,74.97,293.06,0.7594,-1,-1,-1
582,89,1818.03,305.38,111.26,215.81,0.5269,-1,-1,-1
582,91,1342.52,285.92,155.61,451.06,0.8255,-1,-1,-1
582,92,1231.67,310.80,60.04,282.80,0.4558,-1,-1,-1
583,2,880.92,248.99,148.00,473.03,0.8497,-1,-1,-1
583,6,1430.42,72.71,416.17,1001.05,0.9085,-1,-1,-1
583,49,1015.39,232.67,124.94,464.05,0.7637,-1,-1,-1
583,74,1141.05,280.55,122.91,377.83,0.7812,-1,-1,-1
583,88,576.64,310.82,74.98,292.68,0.7641,-1,-1,-1
583,89,1824.72,306.91,107.32,217.71,0.5303,-1,-1,-1
583,91,1343.17,286.74,160.10,450.22,0.8009,-1,-1,-1
583,92,1233.59,312.40,60.83,283.58,0.5573,-1,-1,-1
584,2,874.46,249.61,148.58,477.58,0.8481,-1,-1,-1
584,6,1438.75,70.13,417.38,1002.77,0.9091,-1,-1,-1
584,49,1014.43,234.40,127.61,467.91,0.7645,-1,-1,-1
584,74,1141.90,284.31,122.53,377.15,0.7715,-1,-1,-1
584,88,574.20,304.89,75.36,294.70,0.7627,-1,-1,-1
584,89,1828.35,307.85,104.08,224.29,0.5697,-1,-1,-1
584,91,1341.01,281.66,165.00,456.69,0.7983,-1,-1,-1
584,92,1233.28,312.11,61.52,282.95,0.5487,-1,-1,-1
585,2,866.27,251.75,147.60,476.32,0.8627,-1,-1,-1
585,6,1443.88,72.09,417.07,996.54,0.9091,-1,-1,-1
585,49,1008.21,233.41,130.93,470.29,0.7862,-1,-1,-1
585,74,1140.85,284.47,123.11,379.37,0.7748,-1,-1,-1
585,88,571.72,308.14,73.75,291.94,0.7814,-1,-1,-1
585,89,1833.96,304.67,100.17,228.33,0.5222,-1,-1,-1
585,91,1339.87,282.45,164.17,451.37,0.7661,-1,-1,-1
585,92,1231.43,310.53,61.22,276.40,0.4703,-1,-1,-1
586,2,861.43,253.16,147.59,474.58,0.8471,-1,-1,-1
586,6,1451.53,70.84,416.43,1002.69,0.9039,-1,-1,-1
586,49,1006.86,234.64,130.03,469.84,0.8059,-1,-1,-1
586,74,1141.27,284.53,124.62,378.33,0.7452,-1,-1,-1
586,88,566.17,298.17,76.04,303.71,0.7592,-1,-1,-1
586,89,1837.10,306.12,97.15,230.61,0.4459,-1,-1,-1
586,91,1341.33,284.38,166.07,451.40,0.7407,-1,-1,-1
587,2,860.62,253.71,146.10,472.45,0.8499,-1,-1,-1
587,6,1457.33,66.75,414.55,1008.74,0.8986,-1,-1,-1
587,49,1005.81,236.64,127.40,468.54,0.8083,-1,-1,-1
587,74,1140.68,282.90,126.31,381.87,0.7569,-1,-1,-1
587,88,562.95,305.06,74.61,297.92,0.7180,-1,-1,-1
587,89,1840.91,308.87,91.63,227.80,0.4824,-1,-1,-1
587,91,1343.75,284.12,172.29,458.84,0.7564,-1,-1,-1
588,2,857.77,254.33,144.10,472.26,0.8394,-1,-1,-1
588,6,1463.24,65.39,409.09,1008.58,0.9020,-1,-1,-1
588,49,1000.80,239.49,126.22,466.03,0.7911,-1,-1,-1
588,74,1141.61,285.57,126.88,380.02,0.7229,-1,-1,-1
588,88,556.16,317.46,72.89,287.96,0.7263,-1,-1,-1
588,89,1845.23,308.93,85.62,225.53,0.5365,-1,-1,-1
588,91,1344.33,284.26,177.65,460.78,0.7545,-1,-1,-1
589,2,852.23,253.03,141.82,474.44,0.8394,-1,-1,-1
589,6,1467.32,63.03,409.98,1012.64,0.9034,-1,-1,-1
589,49,996.81,237.34,128.45,469.79,0.8000,-1,-1,-1
589,74,1142.44,283.59,131.68,384.36,0.7717,-1,-1,-1
589,88,551.40,322.31,71.69,282.82,0.7144,-1,-1,-1
589,89,1849.51,311.44,80.92,221.93,0.4634,-1,-1,-1
589,91,1345.12,283.30,186.86,468.58,0.7695,-1,-1,-1
590,2,847.53,251.55,141.59,477.44,0.8382,-1,-1,-1
590,6,1466.41,62.25,414.93,1014.35,0.9073,-1,-1,-1
590,49,983.88,239.73,134.14,467.96,0.8109,-1,-1,-1
590,74,1141.03,284.98,137.31,386.90,0.8114,-1,-1,-1
590,88,547.88,317.47,73.54,288.45,0.7126,-1,-1,-1
590,89,1853.01,313.40,78.34,221.61,0.3898,-1,-1,-1
590,91,1351.53,279.30,192.09,477.10,0.7315,-1,-1,-1
591,2,837.34,249.66,145.19,473.90,0.8402,-1,-1,-1
591,6,1466.86,61.01,418.10,1011.61,0.9094,-1,-1,-1
591,49,982.94,240.88,134.07,464.79,0.8065,-1,-1,-1
591,74,1139.67,281.56,139.58,391.07,0.8228,-1,-1,-1
591,88,542.68,318.69,74.66,288.66,0.7381,-1,-1,-1
591,89,1856.43,315.85,75.05,219.17,0.3593,-1,-1,-1
591,91,1367.72,278.80,187.32,480.25,0.7153,-1,-1,-1
592,2,829.00,250.09,147.26,468.66,0.8341,-1,-1,-1
592,6,1466.08,59.71,421.81,1011.70,0.9062,-1,-1,-1
592,49,981.79,239.44,134.50,469.38,0.8135,-1,-1,-1
592,74,1139.53,277.98,139.94,395.25,0.8065,-1,-1,-1
592,88,539.04,307.72,79.38,302.78,0.7282,-1,-1,-1
592,89,1862.29,332.34,66.66,198.46,0.3207,-1,-1,-1
592,91,1382.30,276.06,183.95,483.59,0.5635,-1,-1,-1
593,2,824.40,249.81,148.21,464.82,0.8350,-1,-1,-1
593,6,1463.60,60.48,426.36,1012.28,0.8956,-1,-1,-1
593,49,981.37,238.87,133.01,471.76,0.8159,-1,-1,-1
593,74,1140.59,280.64,138.66,396.58,0.8259,-1,-1,-1
593,88,536.69,304.75,81.43,308.81,0.7113,-1,-1,-1
593,91,1401.90,304.90,171.32,454.88,0.4430,-1,-1,-1
593,93,1108.02,317.92,52.31,243.13,0.6203,-1,-1,-1
594,2,816.35,250.66,153.14,463.14,0.8364,-1,-1,-1
594,6,1468.32,61.98,422.97,1013.94,0.8955,-1,-1,-1
594,49,979.82,241.34,131.39,472.47,0.8132,-1,-1,-1
594,74,1143.68,282.22,136.77,397.08,0.8041,-1,-1,-1
594,88,532.22,311.05,78.95,302.40,0.7298,-1,-1,-1
594,93,1108.87,318.04,53.64,244.04,0.6118,-1,-1,-1
595,2,809.36,250.29,157.70,464.51,0.8524,-1,-1,-1
595,6,1479.19,63.23,416.34,1010.74,0.9089,-1,-1,-1
595,49,980.42,243.42,130.60,472.13,0.8039,-1,-1,-1
595,74,1145.57,282.17,135.68,398.59,0.7975,-1,-1,-1
595,88,530.44,307.21,82.61,311.97,0.7637,-1,-1,-1
595,93,1107.07,314.30,56.19,248.24,0.6605,-1,-1,-1
596,2,804.21,250.67,162.07,464.64,0.8478,-1,-1,-1
596,6,1485.03,59.57,408.60,1015.17,0.9161,-1,-1,-1
596,49,977.52,243.35,134.08,472.98,0.8123,-1,-1,-1
596,74,1145.75,277.45,137.01,404.08,0.7774,-1,-1,-1
596,88,529.02,309.74,83.33,310.80,0.7562,-1,-1,-1
596,93,1106.59,312.02,58.23,250.80,0.5392,-1,-1,-1
597,2,800.65,247.94,164.59,468.81,0.8448,-1,-1,-1
597,6,1495.25,54.19,398.80,1020.50,0.9159,-1,-1,-1
597,49,977.22,243.70,137.33,473.85,0.8106,-1,-1,-1
597,74,1152.61,276.15,138.96,404.52,0.7707,-1,-1,-1
597,88,528.63,305.78,82.67,313.18,0.7631,-1,-1,-1
597,93,1106.12,313.70,59.59,250.22,0.5782,-1,-1,-1
598,2,800.07,251.47,166.85,475.48,0.8462,-1,-1,-1
598,6,1505.39,57.41,387.67,1016.07,0.9145,-1,-1,-1
598,49,980.22,250.01,140.93,482.00,0.8237,-1,-1,-1
598,74,1154.70,282.83,144.34,402.84,0.8048,-1,-1,-1
598,88,527.99,304.90,82.43,317.88,0.7487,-1,-1,-1
598,93,1108.68,317.46,59.43,244.26,0.4598,-1,-1,-1
599,2,800.68,254.53,167.06,474.45,0.8503,-1,-1,-1
599,6,1507.77,58.38,386.84,1018.02,0.9196,-1,-1,-1
599,49,985.61,251.84,140.10,479.08,0.8189,-1,-1,-1
599,74,1156.84,284.83,149.14,402.86,0.8041,-1,-1,-1
599,88,531.14,311.35,84.07,317.76,0.7503,-1,-1,-1
599,93,1107.97,316.64,61.74,249.18,0.3663,-1,-1,-1
600,2,804.27,256.47,165.70,475.51,0.8403,-1,-1,-1
600,6,1510.21,55.27,392.07,1023.38,0.9233,-1,-1,-1
600,49,990.46,250.98,140.12,483.85,0.8009,-1,-1,-1
600,74,1162.60,288.32,150.83,400.61,0.8259,-1,-1,-1
600,88,534.87,311.51,86.02,318.79,0.7338,-1,-1,-1
601,2,807.32,259.54,162.27,477.12,0.8457,-1,-1,-1
601,6,1511.42,55.92,400.71,1022.92,0.9238,-1,-1,-1
601,49,993.53,251.16,138.15,482.91,0.7934,-1,-1,-1
601,74,1166.70,282.23,154.70,408.00,0.7892,-1,-1,-1
601,88,535.92,313.45,85.70,318.66,0.7296,-1,-1,-1
601,93,1117.83,326.77,60.53,237.30,0.3977,-1,-1,-1
602,2,813.77,264.09,160.62,477.52,0.8391,-1,-1,-1
602,6,1510.92,57.99,407.05,1017.26,0.9215,-1,-1,-1
602,49,994.11,251.53,138.54,485.84,0.7933,-1,-1,-1
602,74,1180.35,280.90,153.14,413.82,0.7390,-1,-1,-1
602,88,539.92,318.39,85.11,315.76,0.7174,-1,-1,-1
602,93,1121.26,330.10,63.26,243.31,0.5203,-1,-1,-1
603,2,821.97,270.23,157.14,474.55,0.8150,-1,-1,-1
603,6,1516.02,61.24,404.64,1014.99,0.9261,-1,-1,-1
603,49,1001.51,256.63,133.89,479.81,0.7888,-1,-1,-1
603,74,1189.68,285.04,153.42,420.37,0.7155,-1,-1,-1
603,88,542.44,328.15,83.84,312.54,0.7381,-1,-1,-1
603,93,1126.88,345.98,61.63,230.41,0.5775,-1,-1,-1
603,95,1184.28,311.72,82.14,374.27,0.3740,-1,-1,-1
604,2,826.93,275.83,155.48,469.34,0.8230,-1,-1,-1
604,6,1521.64,62.99,399.63,1013.30,0.9279,-1,-1,-1
604,49,1008.26,261.40,130.15,476.78,0.8131,-1,-1,-1
604,74,1200.75,288.16,151.12,420.92,0.7598,-1,-1,-1
604,88,550.24,334.01,84.25,311.41,0.7054,-1,-1,-1
604,93,1132.68,349.12,62.56,231.82,0.6593,-1,-1,-1
604,95,1198.08,315.93,66.78,293.52,0.4475,-1,-1,-1
605,2,835.75,276.49,155.03,470.63,0.8311,-1,-1,-1
605,6,1523.54,61.70,397.43,1016.39,0.9181,-1,-1,-1
605,49,1014.02,259.26,127.85,469.93,0.8095,-1,-1,-1
605,74,1208.06,289.19,149.64,421.56,0.7430,-1,-1,-1
605,88,552.88,334.58,83.28,313.43,0.7402,-1,-1,-1
605,93,1137.02,350.91,63.87,232.90,0.6530,-1,-1,-1
605,95,1205.78,327.20,63.78,273.27,0.3802,-1,-1,-1
606,2,843.92,277.40,154.70,474.19,0.8153,-1,-1,-1
606,6,1533.11,63.37,388.37,1010.97,0.9223,-1,-1,-1
606,49,1016.58,259.99,127.41,468.66,0.7926,-1,-1,-1
606,74,1221.21,289.96,150.09,425.30,0.6469,-1,-1,-1
606,88,557.82,328.19,83.39,320.84,0.7156,-1,-1,-1
606,93,1143.17,352.42,65.18,234.30,0.6469,-1,-1,-1
606,95,1209.89,322.93,68.10,285.56,0.5179,-1,-1,-1
607,2,852.16,279.29,150.63,471.03,0.8366,-1,-1,-1
607,6,1541.36,65.71,380.08,1006.57,0.9140,-1,-1,-1
607,49,1027.04,262.03,123.95,468.59,0.8070,-1,-1,-1
607,74,1234.17,291.72,146.86,424.00,0.6693,-1,-1,-1
607,88,567.15,326.12,84.71,324.38,0.8038,-1,-1,-1
607,92,1207.59,326.79,91.45,371.04,0.4792,-1,-1,-1
607,93,1149.97,340.42,67.73,246.06,0.6656,-1,-1,-1
608,2,855.62,277.45,150.35,465.49,0.8296,-1,-1,-1
608,6,1551.44,67.46,370.09,1001.64,0.9175,-1,-1,-1
608,49,1037.03,264.05,123.74,462.90,0.7965,-1,-1,-1
608,74,1245.35,291.31,148.50,429.90,0.5396,-1,-1,-1
608,88,571.40,329.27,83.31,321.22,0.7612,-1,-1,-1
608,92,1222.91,317.42,88.96,344.45,0.5470,-1,-1,-1
608,93,1157.02,344.89,66.96,241.78,0.7177,-1,-1,-1
609,2,861.54,276.12,148.90,465.17,0.8196,-1,-1,-1
609,6,1559.80,69.87,361.66,1001.62,0.9201,-1,-1,-1
609,49,1040.07,261.08,129.97,470.84,0.8252,-1,-1,-1
609,74,1255.41,285.00,146.76,438.61,0.7260,-1,-1,-1
609,88,575.31,331.15,83.99,323.09,0.7838,-1,-1,-1
609,93,1163.48,349.31,68.08,242.18,0.6235,-1,-1,-1
609,95,1237.34,327.98,75.36,301.83,0.5664,-1,-1,-1
610,2,870.81,277.44,145.22,462.72,0.8262,-1,-1,-1
610,6,1567.24,72.90,353.73,1001.00,0.9221,-1,-1,-1
610,49,1043.08,264.20,131.62,473.10,0.8224,-1,-1,-1
610,74,1272.76,286.16,144.23,434.27,0.7582,-1,-1,-1
610,88,580.75,328.80,86.47,327.87,0.7515,-1,-1,-1
610,93,1167.81,349.48,68.10,240.51,0.5562,-1,-1,-1
610,95,1241.24,328.23,79.85,311.11,0.6002,-1,-1,-1
611,2,874.15,277.63,144.95,464.28,0.8168,-1,-1,-1
611,6,1579.87,69.28,342.43,1006.53,0.9176,-1,-1,-1
611,49,1043.01,268.47,131.63,469.82,0.7849,-1,-1,-1
611,74,1279.64,289.39,142.97,439.38,0.6792,-1,-1,-1
611,88,583.45,331.11,85.08,326.05,0.7412,-1,-1,-1
611,93,1167.59,346.89,69.46,242.29,0.6941,-1,-1,-1
611,95,1245.97,333.82,79.48,305.49,0.5944,-1,-1,-1
612,2,878.43,281.46,142.09,458.15,0.8333,-1,-1,-1
612,6,1595.89,75.53,326.59,1004.00,0.9152,-1,-1,-1
612,49,1034.88,274.87,137.50,471.23,0.8125,-1,-1,-1
612,74,1289.08,292.15,139.25,428.89,0.6943,-1,-1,-1
612,88,585.09,334.69,81.27,321.13,0.7757,-1,-1,-1
612,93,1171.51,347.40,70.79,247.12,0.6504,-1,-1,-1
612,95,1246.63,340.47,78.20,298.35,0.6030,-1,-1,-1
613,2,878.85,282.86,144.06,460.57,0.8367,-1,-1,-1
613,6,1607.60,78.15,314.06,995.30,0.9119,-1,-1,-1
613,49,1032.83,276.30,146.16,478.02,0.8458,-1,-1,-1
613,74,1295.55,296.10,140.61,439.18,0.6176,-1,-1,-1
613,88,586.41,333.61,80.82,323.38,0.7656,-1,-1,-1
613,93,1176.66,354.09,68.87,238.24,0.6580,-1,-1,-1
613,95,1247.76,335.71,82.36,311.92,0.5563,-1,-1,-1
614,2,883.21,287.39,144.96,465.60,0.8327,-1,-1,-1
614,6,1619.39,80.36,302.59,996.08,0.9143,-1,-1,-1
614,49,1033.94,277.54,153.27,480.21,0.8503,-1,-1,-1
614,74,1303.74,298.00,140.44,448.10,0.6624,-1,-1,-1
614,88,586.67,335.32,80.71,325.87,0.7685,-1,-1,-1
614,93,1180.62,360.03,68.88,239.74,0.6001,-1,-1,-1
614,95,1257.25,323.81,89.62,338.40,0.4746,-1,-1,-1
615,2,887.00,288.73,145.73,466.12,0.8359,-1,-1,-1
615,6,1634.12,81.71,289.39,993.09,0.9026,-1,-1,-1
615,49,1032.78,279.58,154.99,478.56,0.8322,-1,-1,-1
615,74,1311.30,294.47,134.90,456.53,0.7263,-1,-1,-1
615,88,589.80,345.06,80.05,321.16,0.7328,-1,-1,-1
615,93,1182.07,360.11,69.36,242.42,0.6270,-1,-1,-1
615,95,1265.65,322.04,92.87,349.92,0.5934,-1,-1,-1
616,2,887.24,294.79,147.02,461.97,0.8300,-1,-1,-1
616,6,1641.12,81.22,281.16,996.12,0.8897,-1,-1,-1
616,49,1035.30,283.02,159.09,478.89,0.8242,-1,-1,-1
616,74,1319.50,299.82,130.10,457.65,0.7241,-1,-1,-1
616,88,599.43,345.24,86.90,321.46,0.7143,-1,-1,-1
616,93,1186.06,362.17,67.42,238.31,0.5724,-1,-1,-1
616,95,1269.15,321.08,93.29,355.95,0.6118,-1,-1,-1
617,2,885.83,294.93,150.34,468.35,0.8439,-1,-1,-1
617,6,1656.08,93.58,266.83,982.81,0.8846,-1,-1,-1
617,49,1033.02,285.97,163.40,479.26,0.8452,-1,-1,-1
617,74,1324.68,299.88,126.86,462.95,0.7321,-1,-1,-1
617,88,591.90,341.01,89.94,330.09,0.7334,-1,-1,-1
617,93,1187.28,370.23,65.56,233.84,0.6002,-1,-1,-1
617,95,1271.47,323.67,93.84,363.19,0.5930,-1,-1,-1
618,2,886.53,298.57,150.49,469.79,0.8354,-1,-1,-1
618,6,1664.98,102.32,256.97,973.89,0.8813,-1,-1,-1
618,49,1033.04,288.15,168.70,481.91,0.8496,-1,-1,-1
618,74,1326.48,300.70,125.17,465.66,0.7380,-1,-1,-1
618,88,586.62,333.85,88.00,339.25,0.7858,-1,-1,-1
618,92,1242.79,358.27,76.01,310.33,0.4891,-1,-1,-1
618,93,1187.80,371.96,66.94,241.70,0.5614,-1,-1,-1
618,95,1272.97,327.71,93.97,365.78,0.5692,-1,-1,-1
619,2,883.06,301.40,148.13,466.47,0.8365,-1,-1,-1
619,6,1666.63,106.53,253.14,968.67,0.8953,-1,-1,-1
619,49,1029.57,289.42,170.20,483.14,0.8100,-1,-1,-1
619,74,1331.08,302.53,127.17,465.93,0.7373,-1,-1,-1
619,88,584.51,336.13,85.18,338.29,0.7601,-1,-1,-1
619,92,1241.05,359.39,75.12,311.72,0.4380,-1,-1,-1
619,93,1186.21,368.62,68.20,247.84,0.5265,-1,-1,-1
619,95,1275.14,328.56,95.98,371.82,0.5996,-1,-1,-1
620,2,878.35,303.59,143.99,464.64,0.8234,-1,-1,-1
620,6,1678.80,113.11,243.93,962.73,0.8854,-1,-1,-1
620,49,1030.18,288.59,171.45,481.95,0.7866,-1,-1,-1
620,74,1329.59,302.42,126.49,468.68,0.7530,-1,-1,-1
620,88,580.19,338.77,85.70,342.20,0.6972,-1,-1,-1
620,92,1241.44,359.09,75.85,318.46,0.4087,-1,-1,-1
620,93,1184.76,373.18,64.71,234.71,0.5809,-1,-1,-1
620,95,1269.49,329.03,99.02,378.54,0.6077,-1,-1,-1
621,2,872.73,301.96,139.63,461.07,0.8241,-1,-1,-1
621,6,1685.02,122.57,236.07,953.13,0.8791,-1,-1,-1
621,49,1023.02,287.68,168.71,481.08,0.6813,-1,-1,-1
621,74,1328.98,304.87,124.65,464.22,0.7443,-1,-1,-1
621,88,576.52,336.38,85.08,346.05,0.7250,-1,-1,-1
621,93,1184.51,376.15,63.13,226.79,0.5060,-1,-1,-1
621,95,1268.51,330.19,101.42,380.85,0.6261,-1,-1,-1
622,2,871.54,302.57,143.69,461.31,0.8024,-1,-1,-1
622,6,1686.97,119.70,233.48,956.26,0.8936,-1,-1,-1
622,49,1017.26,287.31,158.86,478.87,0.7514,-1,-1,-1
622,74,1328.73,304.23,125.93,473.17,0.6598,-1,-1,-1
622,88,573.18,343.31,81.04,338.95,0.7757,-1,-1,-1
622,92,1237.51,360.53,75.15,321.60,0.3475,-1,-1,-1
622,93,1188.41,378.70,55.58,196.11,0.3883,-1,-1,-1
622,95,1262.66,329.26,105.12,390.49,0.5654,-1,-1,-1
622,96,1130.55,327.06,86.75,359.77,0.6473,-1,-1,-1
623,2,862.48,302.40,145.27,464.31,0.7995,-1,-1,-1
623,6,1691.24,119.20,229.84,957.95,0.8980,-1,-1,-1
623,49,1013.09,288.13,153.30,479.37,0.7784,-1,-1,-1
623,74,1328.59,306.80,126.45,475.33,0.6551,-1,-1,-1
623,88,570.58,340.32,83.78,344.37,0.7378,-1,-1,-1
623,93,1186.43,381.65,54.81,189.75,0.3111,-1,-1,-1
623,95,1258.19,330.94,107.48,393.78,0.5238,-1,-1,-1
623,96,1122.49,329.13,91.91,373.60,0.7149,-1,-1,-1
624,2,855.79,304.67,151.37,459.51,0.8459,-1,-1,-1
624,6,1694.75,114.36,226.56,961.57,0.8972,-1,-1,-1
624,49,1011.21,288.04,146.26,476.31,0.8126,-1,-1,-1
624,74,1326.82,308.81,124.86,471.05,0.7068,-1,-1,-1
624,88,565.70,340.28,84.20,342.12,0.7640,-1,-1,-1
624,95,1255.09,330.56,109.03,399.97,0.6011,-1,-1,-1
624,96,1120.22,332.76,94.97,384.00,0.6834,-1,-1,-1
625,2,851.92,304.32,152.63,455.21,0.8464,-1,-1,-1
625,6,1697.72,111.37,223.21,963.27,0.9030,-1,-1,-1
625,49,1006.26,283.85,141.42,472.99,0.7937,-1,-1,-1
625,74,1327.14,305.18,123.76,476.31,0.7265,-1,-1,-1
625,88,558.63,342.42,84.89,343.55,0.7328,-1,-1,-1
625,95,1245.49,331.86,111.72,403.86,0.6451,-1,-1,-1
625,96,1115.30,334.28,96.84,396.88,0.7389,-1,-1,-1
626,2,847.14,303.22,152.67,456.21,0.8216,-1,-1,-1
626,6,1701.69,116.17,219.11,957.97,0.9061,-1,-1,-1
626,49,1001.70,286.22,139.53,474.90,0.7881,-1,-1,-1
626,74,1325.81,304.74,123.33,477.97,0.7759,-1,-1,-1
626,88,551.13,345.47,84.38,344.17,0.7145,-1,-1,-1
626,95,1242.70,332.10,114.06,406.50,0.6936,-1,-1,-1
626,96,1108.67,335.15,96.55,396.16,0.7471,-1,-1,-1
627,2,840.35,301.33,155.57,458.74,0.8351,-1,-1,-1
627,6,1703.50,118.87,216.82,953.85,0.9040,-1,-1,-1
627,49,994.65,278.21,141.21,483.27,0.7866,-1,-1,-1
627,74,1325.07,304.56,123.23,477.89,0.7618,-1,-1,-1
627,88,544.43,342.67,85.36,351.45,0.7490,-1,-1,-1
627,95,1236.44,330.83,115.94,410.42,0.6721,-1,-1,-1
627,96,1105.37,334.35,95.80,399.01,0.7330,-1,-1,-1
628,2,828.96,300.85,160.89,457.33,0.8426,-1,-1,-1
628,6,1700.38,115.02,219.26,956.52,0.9048,-1,-1,-1
628,49,991.73,279.22,144.47,478.33,0.7588,-1,-1,-1
628,74,1323.25,302.00,123.63,480.21,0.7794,-1,-1,-1
628,88,538.98,337.57,84.83,355.66,0.7773,-1,-1,-1
628,95,1234.77,330.68,115.54,411.41,0.6840,-1,-1,-1
628,96,1100.35,329.68,99.89,411.44,0.7134,-1,-1,-1
629,2,826.77,300.22,164.22,456.91,0.8504,-1,-1,-1
629,6,1680.42,111.48,234.19,958.81,0.8827,-1,-1,-1
629,49,977.87,283.29,139.06,475.13,0.7741,-1,-1,-1
629,74,1321.94,300.81,123.86,481.65,0.7740,-1,-1,-1
629,88,538.11,342.48,86.61,352.90,0.6969,-1,-1,-1
629,95,1231.12,329.99,115.90,416.72,0.6712,-1,-1,-1
629,96,1093.43,327.58,105.27,418.55,0.7529,-1,-1,-1
630,2,823.93,302.81,163.66,453.42,0.8434,-1,-1,-1
630,6,1634.97,115.84,272.16,955.40,0.8888,-1,-1,-1
630,49,971.47,280.79,136.33,475.71,0.8153,-1,-1,-1
630,74,1321.08,300.74,123.97,483.63,0.7800,-1,-1,-1
630,88,529.86,339.57,88.76,359.95,0.7633,-1,-1,-1
630,95,1234.93,327.06,114.13,420.67,0.6422,-1,-1,-1
630,96,1088.58,326.04,111.12,421.71,0.7896,-1,-1,-1
631,2,820.98,304.10,165.05,454.80,0.8504,-1,-1,-1
631,6,1681.68,109.71,247.36,961.59,0.8920,-1,-1,-1
631,49,969.73,280.86,133.91,474.51,0.8284,-1,-1,-1
631,74,1321.97,301.31,123.87,483.00,0.7568,-1,-1,-1
631,88,525.51,345.18,86.46,351.27,0.7333,-1,-1,-1
631,95,1233.21,329.51,113.75,421.32,0.6410,-1,-1,-1
631,96,1086.75,326.72,118.11,421.34,0.8123,-1,-1,-1
632,2,815.61,306.08,166.98,456.22,0.8557,-1,-1,-1
632,6,1694.89,108.12,230.19,964.32,0.9015,-1,-1,-1
632,49,968.40,281.07,132.03,474.44,0.7854,-1,-1,-1
632,74,1325.36,303.01,125.14,483.66,0.7626,-1,-1,-1
632,88,523.15,345.45,85.99,353.68,0.7611,-1,-1,-1
632,95,1235.20,326.60,114.25,426.17,0.6624,-1,-1,-1
632,96,1084.62,325.94,122.45,424.21,0.8182,-1,-1,-1
633,2,813.92,308.52,168.57,456.57,0.8613,-1,-1,-1
633,6,1706.96,101.00,217.46,971.73,0.9040,-1,-1,-1
633,49,969.70,281.79,131.63,477.70,0.7670,-1,-1,-1
633,74,1326.77,300.53,125.64,486.80,0.7734,-1,-1,-1
633,88,522.08,341.78,87.21,359.96,0.7708,-1,-1,-1
633,95,1236.45,322.09,114.59,428.31,0.6770,-1,-1,-1
633,96,1087.04,326.29,122.74,428.06,0.8143,-1,-1,-1
634,2,812.66,309.94,170.24,457.74,0.8617,-1,-1,-1
634,6,1718.01,89.11,206.56,983.88,0.9050,-1,-1,-1
634,49,969.27,282.52,130.85,473.67,0.7812,-1,-1,-1
634,74,1331.17,303.97,126.25,487.58,0.7412,-1,-1,-1
634,88,521.33,348.20,88.05,359.33,0.7821,-1,-1,-1
634,95,1237.17,320.85,117.12,431.74,0.6783,-1,-1,-1
634,96,1091.78,328.06,123.53,430.80,0.8318,-1,-1,-1
635,2,812.50,310.65,172.75,460.22,0.8565,-1,-1,-1
635,6,1720.33,88.47,201.84,978.84,0.8871,-1,-1,-1
635,49,974.20,283.31,130.31,480.18,0.7796,-1,-1,-1
635,74,1334.50,299.89,128.53,492.31,0.6899,-1,-1,-1
635,88,520.19,350.34,88.75,361.08,0.7916,-1,-1,-1
635,92,1225.94,346.95,90.17,380.31,0.3705,-1,-1,-1
635,95,1242.77,320.33,117.26,430.97,0.5885,-1,-1,-1
635,96,1095.78,324.99,126.19,437.77,0.8293,-1,-1,-1
636,2,813.67,313.84,173.97,457.30,0.8367,-1,-1,-1
636,6,1716.98,85.52,204.32,988.42,0.8776,-1,-1,-1
636,49,980.69,284.74,130.24,485.69,0.7954,-1,-1,-1
636,74,1340.14,302.52,130.78,492.61,0.7265,-1,-1,-1
636,88,518.69,354.43,89.04,363.47,0.7790,-1,-1,-1
636,92,1229.35,336.33,87.85,391.66,0.3295,-1,-1,-1
636,95,1245.78,316.50,119.22,436.35,0.6000,-1,-1,-1
636,96,1099.95,327.11,126.23,440.33,0.8234,-1,-1,-1
637,2,819.65,318.97,170.99,445.74,0.8471,-1,-1,-1
637,6,1718.04,86.77,203.39,984.64,0.8706,-1,-1,-1
637,49,986.32,294.04,125.78,484.23,0.7990,-1,-1,-1
637,74,1342.11,304.41,132.61,497.29,0.7880,-1,-1,-1
637,88,519.28,359.69,89.69,361.07,0.7448,-1,-1,-1
637,92,1229.92,351.39,83.51,378.76,0.4399,-1,-1,-1
637,95,1249.93,319.27,117.57,428.88,0.6421,-1,-1,-1
637,96,1101.26,326.86,124.19,441.02,0.8152,-1,-1,-1
638,2,827.69,318.48,166.24,443.63,0.8644,-1,-1,-1
638,6,1711.71,85.94,207.23,985.56,0.8831,-1,-1,-1
638,49,987.81,294.89,122.73,479.85,0.8013,-1,-1,-1
638,74,1344.56,304.47,132.82,498.95,0.7827,-1,-1,-1
638,88,517.67,352.84,92.39,368.54,0.7296,-1,-1,-1
638,92,1230.16,352.49,82.82,379.22,0.4984,-1,-1,-1
638,95,1252.07,315.71,118.04,433.27,0.6176,-1,-1,-1
638,96,1104.78,331.17,124.82,436.16,0.8118,-1,-1,-1
639,2,833.34,319.03,163.03,452.12,0.8582,-1,-1,-1
639,6,1708.29,84.39,211.53,989.66,0.8780,-1,-1,-1
639,49,990.21,300.04,119.13,475.45,0.7983,-1,-1,-1
639,74,1352.20,304.62,133.48,500.37,0.7294,-1,-1,-1
639,88,519.83,365.90,91.95,357.99,0.7410,-1,-1,-1
639,92,1231.94,352.68,81.03,377.61,0.4229,-1,-1,-1
639,95,1255.27,314.16,122.67,447.21,0.6933,-1,-1,-1
639,96,1109.35,331.97,129.57,437.63,0.8286,-1,-1,-1
640,2,839.55,318.43,159.45,451.18,0.8471,-1,-1,-1
640,6,1702.49,77.18,216.60,996.65,0.8778,-1,-1,-1
640,49,995.72,301.83,118.17,476.24,0.7988,-1,-1,-1
640,74,1358.81,299.69,135.58,512.42,0.7234,-1,-1,-1
640,88,519.12,366.72,93.81,361.57,0.7258,-1,-1,-1
640,92,1236.94,350.08,81.30,379.63,0.4228,-1,-1,-1
640,95,1256.32,316.08,126.67,458.04,0.7230,-1,-1,-1
640,96,1111.39,331.59,135.21,440.70,0.8086,-1,-1,-1
641,2,846.22,320.15,156.67,447.60,0.8314,-1,-1,-1
641,6,1700.84,80.94,218.57,989.86,0.8735,-1,-1,-1
641,49,1000.62,305.60,115.70,468.84,0.7950,-1,-1,-1
641,74,1367.12,299.97,132.63,506.13,0.7789,-1,-1,-1
641,88,519.47,359.56,96.64,370.21,0.7316,-1,-1,-1
641,95,1257.32,311.76,129.70,463.43,0.7415,-1,-1,-1
641,96,1117.19,329.46,141.31,443.78,0.7948,-1,-1,-1
642,2,851.73,321.26,157.03,449.03,0.8222,-1,-1,-1
642,6,1698.74,89.60,220.25,982.44,0.8823,-1,-1,-1
642,49,1004.31,308.33,117.63,471.58,0.7902,-1,-1,-1
642,74,1375.69,303.22,132.57,511.31,0.7978,-1,-1,-1
642,88,529.66,359.33,101.83,374.12,0.7056,-1,-1,-1
642,95,1264.53,316.48,131.66,470.22,0.7778,-1,-1,-1
642,96,1123.16,330.67,145.82,447.01,0.7790,-1,-1,-1
643,2,856.16,321.42,155.46,444.93,0.8647,-1,-1,-1
643,6,1691.60,92.64,226.48,975.34,0.8824,-1,-1,-1
643,49,1004.66,308.49,120.91,482.75,0.8074,-1,-1,-1
643,74,1380.37,303.58,134.50,514.40,0.7876,-1,-1,-1
643,88,527.73,361.87,103.35,373.79,0.7174,-1,-1,-1
643,95,1272.93,316.22,132.44,473.60,0.6705,-1,-1,-1
643,96,1124.40,327.53,151.22,458.54,0.8044,-1,-1,-1
644,2,861.89,322.41,155.37,449.60,0.8759,-1,-1,-1
644,6,1687.68,99.25,230.41,975.32,0.8598,-1,-1,-1
644,49,1007.13,308.18,119.75,485.66,0.7890,-1,-1,-1
644,74,1389.56,299.47,137.12,524.41,0.8012,-1,-1,-1
644,88,527.48,362.52,104.71,379.14,0.7460,-1,-1,-1
644,95,1281.62,319.40,130.79,474.78,0.6626,-1,-1,-1
644,96,1131.30,321.82,154.87,470.66,0.8334,-1,-1,-1
645,2,867.50,323.90,155.33,451.12,0.8721,-1,-1,-1
645,6,1696.20,249.57,211.67,826.53,0.8212,-1,-1,-1
645,49,1009.59,309.43,120.86,488.45,0.7787,-1,-1,-1
645,74,1394.15,296.68,138.50,526.15,0.7465,-1,-1,-1
645,88,531.12,364.31,103.19,377.51,0.7623,-1,-1,-1
645,95,1291.19,312.85,129.00,481.89,0.6762,-1,-1,-1
645,96,1133.83,318.83,157.20,480.04,0.8499,-1,-1,-1
646,2,872.02,324.79,153.98,456.31,0.8633,-1,-1,-1
646,6,1695.48,258.03,216.26,801.04,0.8089,-1,-1,-1
646,49,1008.14,308.30,124.28,486.92,0.8056,-1,-1,-1
646,74,1401.93,294.51,137.22,528.97,0.7537,-1,-1,-1
646,88,531.13,363.32,103.42,381.34,0.7652,-1,-1,-1
646,92,1264.44,343.51,93.12,421.74,0.3087,-1,-1,-1
646,95,1296.27,311.99,129.09,486.26,0.7240,-1,-1,-1
646,96,1134.41,317.66,160.03,483.02,0.8513,-1,-1,-1
647,2,874.86,325.92,153.57,456.91,0.8578,-1,-1,-1
647,6,1690.15,275.64,224.31,794.05,0.8295,-1,-1,-1
647,49,1016.49,307.99,124.39,485.38,0.7980,-1,-1,-1
647,74,1408.03,291.60,137.19,540.93,0.7698,-1,-1,-1
647,88,532.46,362.74,103.45,383.49,0.7413,-1,-1,-1
647,92,1270.96,344.05,87.02,414.63,0.5059,-1,-1,-1
647,95,1304.50,307.38,128.55,494.08,0.6981,-1,-1,-1
647,96,1136.54,320.56,164.09,486.18,0.8493,-1,-1,-1
648,2,878.16,330.06,149.42,451.20,0.8507,-1,-1,-1
648,6,1689.84,282.64,228.22,789.94,0.8619,-1,-1,-1
648,49,1019.68,308.11,122.06,484.15,0.7957,-1,-1,-1
648,74,1414.42,295.12,135.57,539.43,0.7605,-1,-1,-1
648,88,531.90,360.39,103.57,388.07,0.7391,-1,-1,-1
648,92,1274.01,343.87,83.73,414.29,0.4301,-1,-1,-1
648,95,1306.04,308.54,129.55,498.95,0.7375,-1,-1,-1
648,96,1136.65,316.88,169.47,491.92,0.8569,-1,-1,-1
649,2,879.51,332.72,148.04,449.59,0.8451,-1,-1,-1
649,6,1695.34,288.28,225.18,780.17,0.8483,-1,-1,-1
649,49,1020.78,308.75,119.94,478.77,0.8046,-1,-1,-1
649,74,1422.42,294.30,134.88,540.00,0.7933,-1,-1,-1
649,88,533.12,360.76,103.33,388.83,0.7397,-1,-1,-1
649,92,1276.04,343.85,82.32,418.41,0.3185,-1,-1,-1
649,95,1306.78,307.19,130.78,496.52,0.7514,-1,-1,-1
649,96,1136.95,325.40,174.44,489.24,0.8707,-1,-1,-1
649,97,829.07,402.31,60.26,221.57,0.5066,-1,-1,-1
650,2,879.99,335.88,151.11,450.58,0.8350,-1,-1,-1
650,6,1702.57,288.50,221.05,778.39,0.8023,-1,-1,-1
650,49,1026.25,308.15,117.07,475.80,0.8102,-1,-1,-1
650,74,1427.75,293.55,136.91,543.64,0.8083,-1,-1,-1
650,88,533.98,360.88,104.74,390.56,0.7371,-1,-1,-1
650,95,1306.47,306.16,134.76,500.47,0.7610,-1,-1,-1
650,96,1134.62,317.41,183.04,507.79,0.8690,-1,-1,-1
650,97,828.81,402.31,60.64,222.45,0.4737,-1,-1,-1
651,2,881.34,334.96,154.32,448.99,0.8464,-1,-1,-1
651,6,1705.61,288.02,221.13,784.29,0.5800,-1,-1,-1
651,49,1028.98,306.19,115.75,474.53,0.7952,-1,-1,-1
651,74,1432.21,292.01,141.30,549.43,0.8441,-1,-1,-1
651,88,533.70,360.39,105.88,391.41,0.7273,-1,-1,-1
651,95,1310.19,305.27,137.61,506.87,0.7875,-1,-1,-1
651,96,1134.10,320.48,185.44,507.45,0.8503,-1,-1,-1
651,97,828.18,405.49,60.69,220.60,0.5597,-1,-1,-1
652,2,879.16,335.71,157.34,445.52,0.8390,-1,-1,-1
652,6,1732.21,289.42,182.86,633.25,0.6942,-1,-1,-1
652,49,1029.50,306.18,115.55,476.16,0.8057,-1,-1,-1
652,74,1435.00,296.41,142.85,546.38,0.8217,-1,-1,-1
652,88,534.83,362.71,108.47,389.63,0.7142,-1,-1,-1
652,95,1313.42,301.76,139.69,508.90,0.7735,-1,-1,-1
652,96,1132.15,320.07,189.91,512.79,0.8324,-1,-1,-1
652,97,822.07,406.68,62.87,221.66,0.6320,-1,-1,-1
653,2,876.50,338.57,160.08,440.11,0.8444,-1,-1,-1
653,6,1738.11,290.15,180.91,621.62,0.7907,-1,-1,-1
653,49,1030.49,305.98,115.75,478.49,0.8002,-1,-1,-1
653,74,1438.24,292.80,145.11,555.53,0.7715,-1,-1,-1
653,88,530.94,361.52,111.07,393.39,0.7025,-1,-1,-1
653,95,1314.28,307.71,141.51,504.35,0.7691,-1,-1,-1
653,96,1127.17,314.72,195.72,529.91,0.8396,-1,-1,-1
653,97,816.52,403.30,66.82,230.22,0.6532,-1,-1,-1
654,2,871.86,335.39,163.48,440.94,0.8417,-1,-1,-1
654,6,1741.93,287.15,186.48,675.73,0.7755,-1,-1,-1
654,49,1029.38,303.67,115.75,480.32,0.7950,-1,-1,-1
654,74,1441.48,293.48,145.00,551.47,0.7605,-1,-1,-1
654,88,522.12,358.32,108.55,397.60,0.7308,-1,-1,-1
654,95,1314.51,304.89,144.40,508.59,0.7868,-1,-1,-1
654,96,1124.24,310.97,199.12,539.13,0.8530,-1,-1,-1
654,97,811.90,402.11,69.94,230.34,0.6979,-1,-1,-1
655,2,867.96,332.92,166.62,446.33,0.8410,-1,-1,-1
655,6,1745.56,286.20,186.35,721.51,0.7631,-1,-1,-1
655,49,1028.43,303.30,115.84,478.36,0.7755,-1,-1,-1
655,74,1446.00,293.86,145.15,552.69,0.7370,-1,-1,-1
655,88,527.15,357.82,113.09,397.34,0.7641,-1,-1,-1
655,95,1315.50,294.98,147.01,522.83,0.8102,-1,-1,-1
655,96,1120.90,310.42,202.38,543.11,0.8418,-1,-1,-1
655,97,807.97,401.96,70.03,229.70,0.6971,-1,-1,-1
656,2,865.27,332.61,165.18,442.88,0.8472,-1,-1,-1
656,6,1755.81,283.87,176.56,751.52,0.7909,-1,-1,-1
656,49,1027.04,305.29,115.53,476.38,0.7898,-1,-1,-1
656,74,1448.52,292.68,145.83,559.05,0.7548,-1,-1,-1
656,88,516.55,358.99,113.34,402.94,0.7331,-1,-1,-1
656,95,1315.73,296.83,147.36,527.08,0.8156,-1,-1,-1
656,96,1116.34,311.52,202.57,543.27,0.8422,-1,-1,-1
656,97,806.48,405.85,68.68,227.68,0.7181,-1,-1,-1
657,2,860.30,336.43,165.57,437.45,0.8642,-1,-1,-1
657,6,1767.38,295.44,164.84,748.10,0.7591,-1,-1,-1
657,49,1024.94,307.08,116.43,482.12,0.7680,-1,-1,-1
657,74,1450.05,292.88,146.52,559.76,0.7551,-1,-1,-1
657,88,515.06,360.37,114.61,405.51,0.7422,-1,-1,-1
657,95,1314.51,298.43,149.54,532.81,0.8076,-1,-1,-1
657,96,1114.01,312.14,202.11,540.19,0.8436,-1,-1,-1
657,97,801.41,401.13,69.92,237.05,0.6985,-1,-1,-1
658,2,854.44,331.56,170.19,447.06,0.8731,-1,-1,-1
658,6,1776.30,290.23,157.21,765.32,0.7507,-1,-1,-1
658,49,1022.70,306.43,116.07,479.70,0.7671,-1,-1,-1
658,74,1451.99,290.47,147.00,561.48,0.7764,-1,-1,-1
658,88,511.42,359.91,117.33,405.02,0.8045,-1,-1,-1
658,95,1312.32,296.27,152.07,537.42,0.8147,-1,-1,-1
658,96,1112.63,310.51,201.43,532.62,0.8412,-1,-1,-1
658,97,797.11,406.76,68.54,231.29,0.6547,-1,-1,-1
659,2,852.87,330.13,169.97,444.36,0.8718,-1,-1,-1
659,6,1786.54,289.57,146.97,767.90,0.7336,-1,-1,-1
659,49,1019.28,306.13,115.60,480.06,0.7717,-1,-1,-1
659,74,1454.31,288.03,147.34,564.71,0.7847,-1,-1,-1
659,88,499.42,363.31,113.10,399.81,0.6653,-1,-1,-1
659,95,1310.91,296.17,154.55,540.17,0.8340,-1,-1,-1
659,96,1108.71,306.98,208.09,550.04,0.8459,-1,-1,-1
659,97,793.38,404.06,68.75,228.39,0.6914,-1,-1,-1
660,2,850.61,328.64,170.13,442.87,0.8649,-1,-1,-1
660,6,1793.87,282.62,138.88,784.71,0.7413,-1,-1,-1
660,49,1016.10,306.64,116.27,483.15,0.7694,-1,-1,-1
660,74,1455.63,286.71,148.03,567.74,0.7903,-1,-1,-1
660,88,495.74,363.65,109.72,398.55,0.7046,-1,-1,-1
660,92,1262.23,328.96,88.95,433.18,0.3595,-1,-1,-1
660,95,1308.38,292.19,158.15,546.50,0.8387,-1,-1,-1
660,96,1105.05,302.59,210.45,557.75,0.8485,-1,-1,-1
660,97,789.20,396.07,71.55,235.08,0.7189,-1,-1,-1
661,2,847.35,327.37,170.13,447.30,0.8621,-1,-1,-1
661,6,1800.44,281.97,129.91,791.82,0.7534,-1,-1,-1
661,49,1011.92,306.21,117.01,488.62,0.7682,-1,-1,-1
661,74,1454.60,285.40,149.14,572.97,0.7937,-1,-1,-1
661,88,500.20,361.30,117.76,407.63,0.7472,-1,-1,-1
661,92,1260.84,327.82,87.35,435.64,0.3173,-1,-1,-1
661,95,1306.78,289.91,161.35,554.13,0.8142,-1,-1,-1
661,96,1102.82,298.80,210.56,563.74,0.8685,-1,-1,-1
661,97,785.45,393.77,72.01,241.36,0.7361,-1,-1,-1
662,2,845.97,328.40,170.24,453.19,0.8513,-1,-1,-1
662,6,1804.28,284.46,122.96,790.54,0.7515,-1,-1,-1
662,49,1011.72,312.32,113.41,485.77,0.7678,-1,-1,-1
662,74,1454.27,285.98,151.05,574.96,0.8015,-1,-1,-1
662,88,486.97,359.85,113.91,409.19,0.7765,-1,-1,-1
662,95,1304.28,286.20,164.59,560.19,0.8082,-1,-1,-1
662,96,1098.30,300.08,210.15,566.51,0.8827,-1,-1,-1
662,97,780.43,390.21,72.33,247.87,0.7734,-1,-1,-1
663,2,837.78,329.06,169.87,448.40,0.8381,-1,-1,-1
663,6,1805.79,281.14,119.08,793.88,0.7607,-1,-1,-1
663,49,1008.81,312.23,113.78,490.57,0.8036,-1,-1,-1
663,74,1452.06,285.94,153.27,575.76,0.8119,-1,-1,-1
663,88,479.95,356.81,114.07,414.17,0.7901,-1,-1,-1
663,95,1295.89,288.56,168.93,561.65,0.8232,-1,-1,-1
663,96,1092.89,296.25,213.45,573.22,0.8784,-1,-1,-1
664,2,834.44,332.23,170.37,441.61,0.8535,-1,-1,-1
664,6,1807.35,281.26,115.90,793.89,0.7674,-1,-1,-1
664,49,1005.94,311.42,112.59,490.82,0.8056,-1,-1,-1
664,74,1451.55,285.14,156.42,578.30,0.8186,-1,-1,-1
664,88,476.91,354.92,118.55,416.93,0.7977,-1,-1,-1
664,95,1288.90,289.00,174.67,565.44,0.8258,-1,-1,-1
664,96,1089.69,298.18,209.94,579.34,0.8739,-1,-1,-1
664,97,773.91,394.88,68.81,234.74,0.5357,-1,-1,-1
665,2,841.17,332.93,161.06,433.28,0.8440,-1,-1,-1
665,6,1809.65,273.46,113.97,802.16,0.7559,-1,-1,-1
665,49,1000.65,307.95,114.49,491.87,0.7884,-1,-1,-1
665,74,1449.21,284.34,158.37,580.76,0.8175,-1,-1,-1
665,88,465.48,356.32,116.67,418.85,0.7516,-1,-1,-1
665,95,1285.39,281.05,177.98,576.21,0.8553,-1,-1,-1
665,96,1088.57,294.16,214.25,583.96,0.8690,-1,-1,-1
665,97,766.43,396.12,72.17,240.41,0.6894,-1,-1,-1
666,2,841.09,332.33,159.66,441.99,0.8453,-1,-1,-1
666,6,1802.24,266.18,117.13,810.03,0.7588,-1,-1,-1
666,49,994.55,304.46,115.83,491.92,0.7847,-1,-1,-1
666,74,1448.95,283.58,161.68,582.71,0.8405,-1,-1,-1
666,88,461.13,355.62,116.74,420.72,0.7394,-1,-1,-1
666,95,1275.47,281.80,182.63,578.17,0.8587,-1,-1,-1
666,96,1086.84,291.00,221.07,596.30,0.8739,-1,-1,-1
666,97,764.24,395.93,72.36,243.31,0.6974,-1,-1,-1
667,2,837.87,333.07,158.79,446.33,0.8482,-1,-1,-1
667,6,1793.54,263.10,122.98,810.65,0.7675,-1,-1,-1
667,49,989.22,303.79,115.40,476.31,0.7905,-1,-1,-1
667,74,1444.46,284.95,165.05,580.01,0.8500,-1,-1,-1
667,88,449.30,355.30,114.58,419.47,0.7098,-1,-1,-1
667,95,1273.51,274.60,183.44,585.79,0.8727,-1,-1,-1
667,96,1083.81,287.61,227.15,614.89,0.8776,-1,-1,-1
667,97,759.31,397.06,72.32,243.62,0.7136,-1,-1,-1
668,2,836.87,332.71,157.84,439.81,0.8555,-1,-1,-1
668,6,1791.41,260.09,126.65,813.94,0.7446,-1,-1,-1
668,49,981.65,302.09,119.53,488.02,0.7941,-1,-1,-1
668,74,1443.25,285.41,169.73,579.90,0.8600,-1,-1,-1
668,88,443.16,352.89,113.02,424.57,0.7815,-1,-1,-1
668,95,1269.87,269.59,183.78,589.54,0.8744,-1,-1,-1
668,96,1079.69,284.93,230.22,620.15,0.8780,-1,-1,-1
668,97,754.91,389.60,74.53,252.14,0.7262,-1,-1,-1
668,100,1225.26,325.52,57.38,94.22,0.3836,-1,-1,-1
669,2,836.95,331.34,157.99,431.79,0.8533,-1,-1,-1
669,6,1795.48,254.33,126.56,821.92,0.7749,-1,-1,-1
669,49,976.29,299.12,122.24,491.77,0.8046,-1,-1,-1
669,74,1441.67,282.03,175.07,582.77,0.8604,-1,-1,-1
669,88,438.36,344.01,114.22,435.06,0.7758,-1,-1,-1
669,95,1265.83,265.80,184.77,591.99,0.8621,-1,-1,-1
669,96,1075.29,282.56,236.70,637.78,0.8838,-1,-1,-1
669,97,749.64,391.87,74.61,249.86,0.6921,-1,-1,-1
670,2,834.24,330.08,157.27,430.16,0.8458,-1,-1,-1
670,6,1796.13,247.75,125.68,826.98,0.7925,-1,-1,-1
670,49,975.09,298.37,120.79,487.59,0.8182,-1,-1,-1
670,74,1441.33,280.32,177.67,584.26,0.8579,-1,-1,-1
670,88,432.39,348.89,113.99,434.20,0.7885,-1,-1,-1
670,95,1264.04,247.23,187.97,614.35,0.8558,-1,-1,-1
670,96,1072.46,281.05,240.48,653.00,0.8828,-1,-1,-1
670,97,743.00,387.99,78.55,255.34,0.7225,-1,-1,-1
671,2,832.14,329.37,154.04,433.42,0.8529,-1,-1,-1
671,6,1795.51,241.58,125.91,833.63,0.7864,-1,-1,-1
671,49,973.13,297.75,121.05,484.75,0.8109,-1,-1,-1
671,74,1440.44,277.37,181.03,589.15,0.8559,-1,-1,-1
671,88,428.94,349.20,114.52,434.16,0.8086,-1,-1,-1
671,95,1270.50,256.90,184.20,607.66,0.8530,-1,-1,-1
671,96,1072.61,281.37,242.10,667.99,0.8848,-1,-1,-1
671,97,740.04,383.59,80.22,260.01,0.7257,-1,-1,-1
672,2,834.47,329.27,152.44,434.83,0.8553,-1,-1,-1
672,6,1793.74,223.17,128.27,847.27,0.7838,-1,-1,-1
672,49,971.09,296.03,124.47,488.88,0.8134,-1,-1,-1
672,74,1441.16,275.63,183.02,590.34,0.8604,-1,-1,-1
672,88,425.31,348.22,118.90,440.90,0.7895,-1,-1,-1
672,95,1269.63,245.46,188.63,626.35,0.8494,-1,-1,-1
672,96,1073.33,279.64,244.65,687.07,0.8894,-1,-1,-1
672,97,737.44,383.17,82.01,262.68,0.7198,-1,-1,-1
673,2,834.54,328.14,147.30,433.72,0.8483,-1,-1,-1
673,6,1786.20,144.10,138.40,927.08,0.7711,-1,-1,-1
673,49,970.64,293.67,125.64,484.98,0.8159,-1,-1,-1
673,74,1442.60,274.19,185.02,594.18,0.8488,-1,-1,-1
673,88,421.13,352.00,120.01,438.80,0.7847,-1,-1,-1
673,95,1270.94,241.91,190.80,637.39,0.8356,-1,-1,-1
673,96,1074.72,273.77,249.33,698.67,0.8859,-1,-1,-1
673,97,735.65,379.96,82.55,265.69,0.7207,-1,-1,-1
674,2,835.78,328.05,143.34,433.33,0.8471,-1,-1,-1
674,6,1783.29,154.18,137.65,916.12,0.7816,-1,-1,-1
674,49,969.95,294.38,126.34,485.52,0.8090,-1,-1,-1
674,74,1445.53,273.44,187.18,592.69,0.8414,-1,-1,-1
674,88,419.23,353.86,120.48,439.96,0.7688,-1,-1,-1
674,95,1274.04,240.89,190.51,655.11,0.8243,-1,-1,-1
674,96,1073.91,266.06,257.27,710.85,0.8774,-1,-1,-1
674,97,737.39,380.35,82.47,262.48,0.7019,-1,-1,-1
675,2,837.51,328.52,141.81,434.74,0.8531,-1,-1,-1
675,6,1780.43,213.36,135.43,856.17,0.7948,-1,-1,-1
675,49,969.06,292.90,127.96,490.45,0.8131,-1,-1,-1
675,74,1447.58,273.19,189.67,594.28,0.8448,-1,-1,-1
675,88,416.95,349.80,123.24,448.04,0.7744,-1,-1,-1
675,95,1280.89,249.04,190.48,664.29,0.8163,-1,-1,-1
675,96,1071.21,264.24,265.36,718.23,0.8752,-1,-1,-1
675,97,737.02,382.54,81.71,258.53,0.7085,-1,-1,-1
676,2,836.98,329.48,141.90,436.47,0.8513,-1,-1,-1
676,6,1773.92,225.16,141.98,842.29,0.8226,-1,-1,-1
676,49,969.36,292.84,128.83,489.71,0.8215,-1,-1,-1
676,74,1456.41,272.57,187.23,586.25,0.8382,-1,-1,-1
676,88,414.86,351.09,125.33,450.41,0.7926,-1,-1,-1
676,95,1287.89,237.91,193.67,678.87,0.7948,-1,-1,-1
676,96,1070.13,258.46,275.64,727.94,0.8543,-1,-1,-1
676,97,735.18,382.11,83.66,260.94,0.7246,-1,-1,-1
677,2,837.36,327.32,143.25,437.78,0.8420,-1,-1,-1
677,6,1763.53,236.93,151.26,832.53,0.8336,-1,-1,-1
677,49,971.52,291.56,127.34,486.65,0.8249,-1,-1,-1
677,74,1460.72,266.45,190.16,593.60,0.8357,-1,-1,-1
677,88,410.99,346.83,127.29,454.45,0.7924,-1,-1,-1
677,95,1298.78,228.77,203.43,699.36,0.7772,-1,-1,-1
677,96,1070.73,250.62,278.68,700.20,0.8501,-1,-1,-1
677,97,734.53,379.55,86.05,264.73,0.7434,-1,-1,-1
678,2,837.71,326.42,143.82,439.91,0.8475,-1,-1,-1
678,6,1756.45,236.59,160.32,836.74,0.8555,-1,-1,-1
678,49,971.82,291.13,128.69,488.89,0.8165,-1,-1,-1
678,74,1465.37,263.79,188.27,596.13,0.8227,-1,-1,-1
678,88,409.04,348.19,128.45,454.51,0.7955,-1,-1,-1
678,95,1302.04,226.89,206.71,705.28,0.8078,-1,-1,-1
678,96,1067.07,241.94,296.66,701.63,0.8709,-1,-1,-1
678,97,733.92,379.67,87.03,266.43,0.7408,-1,-1,-1
679,2,838.03,327.58,145.47,438.25,0.8426,-1,-1,-1
679,6,1750.84,246.17,165.89,828.61,0.8450,-1,-1,-1
679,49,977.18,291.49,127.36,485.06,0.7902,-1,-1,-1
679,74,1474.93,263.28,185.67,594.46,0.8157,-1,-1,-1
679,88,407.56,348.19,128.60,454.66,0.7841,-1,-1,-1
679,95,1307.57,229.01,207.72,724.10,0.8382,-1,-1,-1
679,96,1061.48,236.34,314.89,737.51,0.8623,-1,-1,-1
679,97,733.61,378.39,86.99,266.35,0.7336,-1,-1,-1
680,2,838.49,329.61,152.51,438.26,0.8465,-1,-1,-1
680,6,1746.25,247.65,167.86,806.00,0.7731,-1,-1,-1
680,49,980.31,292.89,125.56,483.53,0.7723,-1,-1,-1
680,74,1484.73,262.15,187.00,604.81,0.8342,-1,-1,-1
680,88,408.44,346.99,130.18,458.77,0.7866,-1,-1,-1
680,95,1318.38,237.99,208.78,728.84,0.8708,-1,-1,-1
680,96,1057.50,231.10,311.74,767.78,0.8740,-1,-1,-1
680,97,734.96,377.88,88.25,270.25,0.7449,-1,-1,-1
681,2,839.79,332.07,157.57,437.20,0.8541,-1,-1,-1
681,6,1746.56,251.58,162.03,708.71,0.7894,-1,-1,-1
681,49,983.12,296.43,123.38,480.56,0.7802,-1,-1,-1
681,74,1489.69,262.28,188.44,609.15,0.8323,-1,-1,-1
681,88,410.70,345.37,131.58,462.62,0.7832,-1,-1,-1
681,95,1328.17,240.58,206.05,730.05,0.8649,-1,-1,-1
681,96,1064.69,225.82,302.93,787.28,0.8695,-1,-1,-1
681,97,736.46,382.28,90.24,270.86,0.7563,-1,-1,-1
682,2,841.70,333.27,163.93,442.25,0.8250,-1,-1,-1
682,6,1748.72,256.53,154.66,541.55,0.8296,-1,-1,-1
682,49,990.12,296.23,120.92,482.71,0.8018,-1,-1,-1
682,74,1496.43,259.86,185.77,620.16,0.8326,-1,-1,-1
682,88,411.87,345.66,130.76,464.60,0.7898,-1,-1,-1
682,95,1339.48,234.88,205.09,739.55,0.8558,-1,-1,-1
682,96,1075.14,223.62,295.21,793.14,0.8819,-1,-1,-1
682,97,737.67,381.81,92.38,274.74,0.7630,-1,-1,-1
683,2,847.84,335.90,161.62,429.33,0.8037,-1,-1,-1
683,6,1752.59,259.96,155.77,524.14,0.7006,-1,-1,-1
683,49,995.80,294.61,121.31,488.35,0.8023,-1,-1,-1
683,74,1502.55,256.81,178.32,623.66,0.8320,-1,-1,-1
683,88,412.58,347.47,128.95,463.29,0.7796,-1,-1,-1
683,95,1351.75,232.46,212.87,750.99,0.8695,-1,-1,-1
683,96,1081.43,220.48,298.06,814.55,0.8783,-1,-1,-1
683,97,739.67,382.82,92.04,273.81,0.7639,-1,-1,-1
684,2,849.03,336.68,163.03,436.40,0.8396,-1,-1,-1
684,6,1756.13,263.43,155.15,510.27,0.6231,-1,-1,-1
684,49,1000.26,296.57,118.96,489.77,0.8060,-1,-1,-1
684,74,1511.52,259.06,176.59,628.04,0.8201,-1,-1,-1
684,88,415.92,348.04,128.47,464.99,0.7940,-1,-1,-1
684,95,1360.84,224.23,219.90,763.30,0.8636,-1,-1,-1
684,96,1087.51,217.37,302.52,851.82,0.8764,-1,-1,-1
684,97,745.66,382.49,92.11,277.98,0.7767,-1,-1,-1
685,2,859.62,332.97,159.75,436.38,0.8128,-1,-1,-1
685,6,1759.39,267.24,157.10,514.65,0.4476,-1,-1,-1
685,49,1007.76,297.11,116.93,489.39,0.8054,-1,-1,-1
685,74,1517.60,260.73,171.20,620.36,0.7557,-1,-1,-1
685,88,420.12,340.71,130.46,473.88,0.7980,-1,-1,-1
685,95,1370.43,219.23,222.12,767.89,0.8325,-1,-1,-1
685,96,1095.36,214.69,303.18,865.32,0.8874,-1,-1,-1
685,97,751.70,382.43,91.00,281.17,0.7894,-1,-1,-1
686,2,871.45,333.46,151.51,433.57,0.8561,-1,-1,-1
686,6,1767.53,280.61,154.07,509.43,0.6645,-1,-1,-1
686,49,1017.19,293.29,117.74,491.15,0.7971,-1,-1,-1
686,88,423.00,342.13,127.64,473.56,0.8145,-1,-1,-1
686,92,1542.74,270.15,147.51,615.59,0.4313,-1,-1,-1
686,95,1388.42,209.34,230.34,781.58,0.8309,-1,-1,-1
686,96,1102.57,210.52,302.21,869.15,0.8993,-1,-1,-1
686,97,756.63,383.46,88.95,277.71,0.8152,-1,-1,-1
687,2,879.04,329.61,156.31,439.85,0.8464,-1,-1,-1
687,6,1776.03,302.31,156.86,546.25,0.6378,-1,-1,-1
687,49,1020.13,295.93,120.60,496.84,0.7959,-1,-1,-1
687,88,426.55,336.54,124.40,472.79,0.7954,-1,-1,-1
687,95,1404.12,201.09,251.52,796.42,0.8370,-1,-1,-1
687,96,1106.06,207.17,308.04,872.46,0.9021,-1,-1,-1
687,97,764.26,379.23,89.36,283.28,0.8177,-1,-1,-1
688,2,882.05,326.32,152.73,434.00,0.8325,-1,-1,-1
688,6,1791.96,332.41,141.93,532.31,0.6843,-1,-1,-1
688,49,1029.14,293.52,118.86,488.37,0.8105,-1,-1,-1
688,88,432.25,331.68,125.90,479.65,0.7640,-1,-1,-1
688,95,1415.26,190.93,273.43,809.57,0.8663,-1,-1,-1
688,96,1108.69,195.91,315.66,881.32,0.8989,-1,-1,-1
688,97,766.49,377.05,90.29,281.54,0.7856,-1,-1,-1
689,2,890.90,322.56,151.14,430.29,0.8103,-1,-1,-1
689,6,1810.01,370.26,126.26,498.10,0.5571,-1,-1,-1
689,49,1036.42,290.69,117.80,487.94,0.7757,-1,-1,-1
689,88,435.94,328.99,124.43,475.15,0.8084,-1,-1,-1
689,95,1423.89,188.23,284.68,804.32,0.8774,-1,-1,-1
689,96,1111.40,170.80,325.02,904.62,0.8956,-1,-1,-1
689,97,771.73,372.27,93.03,282.41,0.7697,-1,-1,-1
689,102,867.56,384.37,45.86,225.84,0.4417,-1,-1,-1
690,2,898.39,317.01,155.71,434.10,0.7927,-1,-1,-1
690,6,1826.10,405.61,116.05,475.49,0.3386,-1,-1,-1
690,49,1045.07,286.29,116.77,486.85,0.8152,-1,-1,-1
690,88,437.93,321.92,123.74,474.84,0.7845,-1,-1,-1
690,95,1434.67,178.13,303.38,813.19,0.8657,-1,-1,-1
690,96,1112.76,169.60,332.82,900.31,0.8985,-1,-1,-1
690,97,773.38,361.37,94.70,289.53,0.7459,-1,-1,-1
690,102,870.35,379.32,46.46,227.55,0.4064,-1,-1,-1
691,2,903.71,311.06,159.41,432.18,0.8089,-1,-1,-1
691,49,1047.65,283.06,116.88,486.20,0.7609,-1,-1,-1
691,88,439.73,318.93,124.59,477.61,0.7141,-1,-1,-1
691,95,1442.44,163.64,326.03,832.38,0.8799,-1,-1,-1
691,96,1111.71,177.96,339.61,896.68,0.9032,-1,-1,-1
691,97,777.06,361.68,94.63,290.00,0.7824,-1,-1,-1
691,102,872.48,381.03,45.91,220.08,0.3538,-1,-1,-1
692,2,902.07,307.01,154.55,432.86,0.7948,-1,-1,-1
692,49,1052.31,279.67,118.75,492.36,0.7500,-1,-1,-1
692,88,440.11,313.71,126.34,483.83,0.7419,-1,-1,-1
692,95,1446.23,153.18,344.02,860.72,0.8965,-1,-1,-1
692,96,1108.86,157.66,355.95,919.59,0.8951,-1,-1,-1
692,97,778.64,355.58,95.10,293.70,0.7836,-1,-1,-1
692,102,872.09,374.02,47.96,219.08,0.5086,-1,-1,-1
693,2,907.41,302.14,153.17,436.17,0.7916,-1,-1,-1
693,49,1051.63,272.56,122.30,518.55,0.6059,-1,-1,-1
693,88,448.04,309.62,133.02,488.15,0.6779,-1,-1,-1
693,95,1451.39,143.39,359.86,894.39,0.9008,-1,-1,-1
693,96,1107.12,132.68,372.18,939.74,0.8889,-1,-1,-1
693,97,778.23,353.74,94.54,291.98,0.7794,-1,-1,-1
693,102,871.82,370.72,51.04,220.88,0.5331,-1,-1,-1
694,2,906.73,299.44,149.37,437.95,0.8126,-1,-1,-1
694,49,1052.18,266.52,119.38,519.63,0.5496,-1,-1,-1
694,88,440.63,304.32,135.34,492.46,0.6922,-1,-1,-1
694,95,1457.25,138.70,376.58,914.17,0.8982,-1,-1,-1
694,96,1106.19,125.99,389.30,948.02,0.8896,-1,-1,-1
694,97,779.38,351.94,94.84,293.65,0.7482,-1,-1,-1
694,102,870.05,367.01,52.51,217.98,0.5095,-1,-1,-1
695,2,909.41,299.06,146.69,435.19,0.8102,-1,-1,-1
695,49,1053.63,258.75,144.62,632.11,0.5270,-1,-1,-1
695,88,431.77,298.68,131.81,494.62,0.7972,-1,-1,-1
695,95,1465.31,130.90,393.34,920.40,0.8994,-1,-1,-1
695,96,1099.17,111.90,412.52,962.19,0.8795,-1,-1,-1
695,97,778.59,346.38,94.12,295.64,0.7458,-1,-1,-1
695,102,870.31,363.12,57.12,224.95,0.6096,-1,-1,-1
696,2,908.39,301.23,142.71,432.06,0.8455,-1,-1,-1
696,49,1048.25,250.85,155.70,665.88,0.6175,-1,-1,-1
696,88,430.20,296.79,130.30,497.82,0.8193,-1,-1,-1
696,95,1468.26,125.73,408.94,936.26,0.9045,-1,-1,-1
696,96,1099.53,99.78,426.00,975.08,0.8823,-1,-1,-1
696,97,775.98,343.47,94.91,297.45,0.7684,-1,-1,-1
696,102,868.70,363.92,59.75,228.92,0.6266,-1,-1,-1
697,2,912.08,297.10,139.45,430.59,0.8157,-1,-1,-1
697,49,1041.49,248.67,158.62,680.20,0.6702,-1,-1,-1
697,88,425.79,295.24,131.80,498.18,0.7918,-1,-1,-1
697,95,1475.83,115.47,417.12,955.70,0.8911,-1,-1,-1
697,96,1109.93,84.33,436.96,990.64,0.8937,-1,-1,-1
697,97,775.26,337.28,96.16,300.53,0.7628,-1,-1,-1
697,102,866.77,361.85,60.98,229.01,0.6717,-1,-1,-1
698,2,916.62,290.81,141.81,437.28,0.8322,-1,-1,-1
698,49,1045.95,225.80,166.78,707.57,0.6729,-1,-1,-1
698,88,423.65,286.17,130.73,500.89,0.7804,-1,-1,-1
698,95,1483.02,111.68,424.91,954.25,0.9017,-1,-1,-1
698,96,1106.59,67.60,445.29,1007.90,0.9040,-1,-1,-1
698,97,774.82,338.40,96.99,299.74,0.7806,-1,-1,-1
698,102,864.26,358.06,62.58,228.02,0.6886,-1,-1,-1
699,2,919.97,285.15,146.66,440.12,0.8359,-1,-1,-1
699,49,1043.88,207.11,172.18,733.86,0.6958,-1,-1,-1
699,88,424.64,280.66,134.77,503.88,0.7728,-1,-1,-1
699,95,1491.85,97.43,427.93,963.86,0.9050,-1,-1,-1
699,96,1114.14,49.87,450.19,1027.88,0.9052,-1,-1,-1
699,97,773.88,334.85,99.97,301.36,0.7890,-1,-1,-1
699,102,864.55,351.90,63.78,229.11,0.6889,-1,-1,-1
700,2,919.84,283.31,148.24,439.98,0.8452,-1,-1,-1
700,49,1046.30,195.03,169.82,747.18,0.7592,-1,-1,-1
700,88,420.05,276.56,133.63,505.12,0.7964,-1,-1,-1
700,95,1497.50,80.22,425.22,984.64,0.9101,-1,-1,-1
700,96,1128.51,32.48,451.42,1043.09,0.8994,-1,-1,-1
700,97,772.31,332.35,101.91,303.59,0.7657,-1,-1,-1
700,102,865.42,347.26,64.00,230.93,0.6502,-1,-1,-1
701,2,920.48,282.97,147.49,436.13,0.8554,-1,-1,-1
701,49,1043.66,188.20,158.87,752.33,0.7719,-1,-1,-1
701,88,415.59,271.58,133.58,512.35,0.8243,-1,-1,-1
701,95,1507.45,73.38,415.61,988.42,0.9082,-1,-1,-1
701,96,1135.75,22.85,451.04,1050.52,0.8951,-1,-1,-1
701,97,773.32,328.65,103.12,305.20,0.7537,-1,-1,-1
701,102,864.71,345.34,65.42,233.90,0.6725,-1,-1,-1
702,2,919.50,279.60,143.75,433.06,0.8407,-1,-1,-1
702,49,1048.20,179.66,167.20,762.80,0.8141,-1,-1,-1
702,88,414.16,267.76,133.80,517.59,0.8279,-1,-1,-1
702,95,1509.85,63.31,412.32,999.00,0.9111,-1,-1,-1
702,96,1137.27,10.94,453.89,1061.28,0.8916,-1,-1,-1
702,97,772.75,324.70,101.48,305.71,0.7640,-1,-1,-1
702,102,860.83,338.53,69.02,238.67,0.7016,-1,-1,-1
703,2,919.60,277.20,139.36,431.02,0.8366,-1,-1,-1
703,49,1044.69,169.76,174.14,772.49,0.8353,-1,-1,-1
703,88,407.30,260.22,136.48,523.24,0.8180,-1,-1,-1
703,95,1516.73,48.91,407.36,1017.53,0.9060,-1,-1,-1
703,96,1146.97,3.46,454.29,1069.24,0.8957,-1,-1,-1
703,97,771.67,318.37,102.83,311.81,0.7656,-1,-1,-1
703,102,860.70,332.94,71.45,246.30,0.6810,-1,-1,-1
704,2,917.20,270.94,133.73,431.14,0.8208,-1,-1,-1
704,49,1041.96,158.68,193.17,783.05,0.8462,-1,-1,-1
704,88,399.86,254.07,137.97,522.87,0.8433,-1,-1,-1
704,95,1528.19,36.90,396.25,1029.50,0.9108,-1,-1,-1
704,96,1153.65,0.97,454.92,1069.94,0.9025,-1,-1,-1
704,97,772.59,313.45,104.41,313.20,0.7671,-1,-1,-1
704,102,860.17,328.31,71.60,247.30,0.6798,-1,-1,-1
705,2,916.54,263.17,129.88,430.84,0.8178,-1,-1,-1
705,49,1026.65,147.89,201.87,792.98,0.8462,-1,-1,-1
705,88,395.85,251.12,141.66,521.15,0.8588,-1,-1,-1
705,95,1538.63,11.09,387.93,1051.32,0.9014,-1,-1,-1
705,96,1158.31,1.32,454.99,1068.87,0.9049,-1,-1,-1
705,97,772.12,309.80,102.84,313.97,0.7490,-1,-1,-1
705,102,855.47,322.83,71.96,244.96,0.6568,-1,-1,-1
706,2,918.72,258.28,128.02,428.74,0.8049,-1,-1,-1
706,49,1003.30,136.67,213.29,818.28,0.8301,-1,-1,-1
706,88,391.06,242.66,144.38,528.46,0.8136,-1,-1,-1
706,95,1551.69,3.05,373.24,1063.03,0.9177,-1,-1,-1
706,96,1169.85,1.17,459.84,1070.82,0.9111,-1,-1,-1
706,97,769.65,302.70,101.84,316.58,0.7622,-1,-1,-1
706,102,852.48,318.27,74.27,249.56,0.6821,-1,-1,-1
707,2,918.62,254.38,127.29,425.86,0.7559,-1,-1,-1
707,49,989.96,120.38,224.20,856.50,0.8320,-1,-1,-1
707,88,387.58,236.62,144.73,528.26,0.8208,-1,-1,-1
707,95,1572.79,2.63,353.24,1069.48,0.9170,-1,-1,-1
707,96,1180.97,1.66,470.23,1072.87,0.9136,-1,-1,-1
707,97,772.96,294.95,97.71,316.01,0.7831,-1,-1,-1
707,102,852.58,312.33,74.45,248.25,0.6648,-1,-1,-1
708,2,912.20,240.33,125.50,434.64,0.6969,-1,-1,-1
708,49,976.20,106.98,231.68,881.94,0.8468,-1,-1,-1
708,88,386.15,231.11,146.78,530.18,0.7950,-1,-1,-1
708,95,1594.35,4.10,332.98,1068.77,0.9075,-1,-1,-1
708,96,1185.81,2.07,486.61,1068.11,0.9134,-1,-1,-1
708,97,771.79,288.59,100.14,318.07,0.7736,-1,-1,-1
708,102,850.74,305.01,77.40,256.69,0.6081,-1,-1,-1
709,2,909.67,230.02,127.21,436.95,0.5532,-1,-1,-1
709,49,973.61,97.42,252.87,904.54,0.8609,-1,-1,-1
709,88,379.61,217.25,150.10,544.17,0.8032,-1,-1,-1
709,95,1620.22,5.21,309.60,1074.71,0.8982,-1,-1,-1
709,96,1202.91,2.27,501.84,1068.35,0.9182,-1,-1,-1
709,97,767.59,281.36,104.07,322.32,0.7602,-1,-1,-1
709,102,850.31,300.80,77.01,253.05,0.5355,-1,-1,-1
710,49,944.06,85.85,286.71,927.26,0.8828,-1,-1,-1
710,88,376.35,212.03,149.84,542.88,0.7942,-1,-1,-1
710,95,1649.27,4.64,281.71,1075.36,0.8971,-1,-1,-1
710,96,1221.05,2.60,519.64,1066.04,0.9315,-1,-1,-1
710,97,765.97,274.47,106.24,326.30,0.7692,-1,-1,-1
710,102,851.07,297.25,76.21,250.10,0.4965,-1,-1,-1
711,49,929.63,79.56,305.91,943.75,0.8934,-1,-1,-1
711,88,372.63,207.07,150.20,546.18,0.8141,-1,-1,-1
711,95,1682.94,4.96,250.33,1056.95,0.8807,-1,-1,-1
711,96,1240.28,0.52,558.71,1066.74,0.9216,-1,-1,-1
711,97,769.82,270.18,104.78,328.99,0.7466,-1,-1,-1
711,102,849.20,295.22,77.30,254.70,0.4919,-1,-1,-1
712,49,916.18,63.68,322.77,974.09,0.9029,-1,-1,-1
712,88,368.99,203.70,150.10,550.61,0.8206,-1,-1,-1
712,95,1722.29,2.87,208.33,895.71,0.7731,-1,-1,-1
712,96,1258.10,3.71,572.08,1068.03,0.9111,-1,-1,-1
712,97,763.18,266.48,108.48,332.88,0.7431,-1,-1,-1
712,102,848.94,293.91,75.05,252.32,0.5970,-1,-1,-1
713,49,907.23,51.57,331.42,1005.86,0.8966,-1,-1,-1
713,88,364.25,196.57,151.33,556.65,0.8164,-1,-1,-1
713,95,1753.56,3.57,190.62,836.84,0.5927,-1,-1,-1
713,96,1279.86,5.05,595.57,1066.15,0.9159,-1,-1,-1
713,97,760.43,261.18,113.31,337.34,0.7595,-1,-1,-1
713,102,849.38,285.25,77.52,260.77,0.5324,-1,-1,-1
714,49,897.77,42.94,331.99,1019.98,0.8874,-1,-1,-1
714,88,362.37,194.19,151.53,558.08,0.8265,-1,-1,-1
714,96,1295.76,3.01,619.64,1066.17,0.9254,-1,-1,-1
714,97,756.96,258.95,116.06,339.04,0.7820,-1,-1,-1
714,102,849.40,284.79,76.38,261.82,0.5898,-1,-1,-1
715,49,887.55,36.46,332.22,1030.95,0.8908,-1,-1,-1
715,88,359.20,192.26,155.01,558.96,0.8250,-1,-1,-1
715,96,1286.54,0.06,631.66,1065.74,0.9283,-1,-1,-1
715,97,758.62,256.25,119.39,339.80,0.7669,-1,-1,-1
715,102,843.02,280.63,76.12,265.63,0.4193,-1,-1,-1
716,49,874.35,11.72,334.02,1053.53,0.8965,-1,-1,-1
716,88,354.43,189.74,155.47,564.39,0.8276,-1,-1,-1
716,96,1271.88,-0.02,646.26,1068.60,0.9285,-1,-1,-1
716,97,756.91,254.27,120.20,340.13,0.7613,-1,-1,-1
716,102,837.60,274.75,75.30,269.11,0.3652,-1,-1,-1
716,107,1239.20,317.18,58.02,205.89,0.5869,-1,-1,-1
717,49,858.58,2.93,343.27,1074.53,0.9083,-1,-1,-1
717,88,351.89,189.69,157.92,563.25,0.8039,-1,-1,-1
717,96,1263.92,-0.01,653.84,1067.24,0.9286,-1,-1,-1
717,97,755.90,248.75,124.68,346.72,0.8057,-1,-1,-1
717,107,1241.01,310.83,60.19,211.61,0.5070,-1,-1,-1
717,108,1199.29,320.02,52.35,182.94,0.3288,-1,-1,-1
718,49,843.96,12.23,340.35,1062.68,0.9027,-1,-1,-1
718,88,347.04,182.33,161.80,572.35,0.8183,-1,-1,-1
718,96,1260.66,1.30,658.02,1068.95,0.9180,-1,-1,-1
718,97,752.00,245.29,121.55,351.46,0.8089,-1,-1,-1
718,107,1240.98,307.88,62.66,214.58,0.5913,-1,-1,-1
719,49,819.45,2.87,347.12,1066.96,0.8994,-1,-1,-1
719,88,343.28,179.97,161.29,576.28,0.8280,-1,-1,-1
719,96,1263.12,1.54,656.54,1069.94,0.9180,-1,-1,-1
719,97,748.04,241.07,116.92,355.33,0.7687,-1,-1,-1
719,107,1245.05,311.80,62.95,209.29,0.5575,-1,-1,-1
720,49,793.89,2.40,354.62,1069.09,0.8882,-1,-1,-1
720,88,340.82,179.75,159.94,580.10,0.8484,-1,-1,-1
720,96,1274.62,2.52,645.10,1055.97,0.9173,-1,-1,-1
720,97,744.82,241.28,109.78,354.46,0.6818,-1,-1,-1
720,107,1246.62,306.12,67.42,215.32,0.6397,-1,-1,-1
720,109,1106.15,166.00,97.86,513.89,0.7165,-1,-1,-1
721,49,769.49,1.98,360.41,1076.74,0.9126,-1,-1,-1
721,88,337.26,173.96,161.22,588.52,0.8474,-1,-1,-1
721,96,1287.53,2.51,636.67,1062.76,0.8841,-1,-1,-1
721,107,1245.41,302.36,69.69,216.51,0.6066,-1,-1,-1
721,109,1103.58,164.62,108.11,519.42,0.7447,-1,-1,-1
722,49,750.28,2.09,364.71,1074.42,0.9107,-1,-1,-1
722,88,332.11,169.12,162.74,594.94,0.8438,-1,-1,-1
722,96,1302.62,1.86,618.64,1063.64,0.9198,-1,-1,-1
722,107,1243.22,295.06,71.03,224.13,0.4930,-1,-1,-1
722,109,1098.38,161.91,120.52,519.87,0.7899,-1,-1,-1
722,111,1313.88,115.92,160.98,496.34,0.7093,-1,-1,-1
723,49,726.82,1.97,368.53,1075.43,0.9036,-1,-1,-1
723,88,327.41,167.01,163.94,597.13,0.8462,-1,-1,-1
723,96,1311.39,2.07,608.72,1063.17,0.9027,-1,-1,-1
723,107,1246.22,310.90,65.95,209.68,0.5252,-1,-1,-1
723,109,1089.26,162.02,129.74,509.81,0.8314,-1,-1,-1
723,111,1298.81,110.34,176.52,556.82,0.7295,-1,-1,-1
724,49,703.97,1.80,381.12,1068.70,0.9061,-1,-1,-1
724,88,322.60,163.30,164.62,601.12,0.8366,-1,-1,-1
724,96,1320.87,5.15,598.44,1062.02,0.9020,-1,-1,-1
724,109,1083.70,158.82,139.38,508.93,0.8438,-1,-1,-1
724,111,1261.83,107.21,201.12,635.96,0.7753,-1,-1,-1
725,49,665.14,3.38,390.88,1070.03,0.9040,-1,-1,-1
725,88,316.74,158.19,165.58,605.81,0.8384,-1,-1,-1
725,96,1332.06,7.20,587.76,1062.94,0.8821,-1,-1,-1
725,109,1078.93,157.91,143.71,507.80,0.8373,-1,-1,-1
725,111,1242.12,100.93,212.87,664.39,0.8577,-1,-1,-1
726,49,635.70,3.67,398.47,1071.12,0.9086,-1,-1,-1
726,88,313.08,157.00,164.92,608.27,0.8181,-1,-1,-1
726,96,1346.30,7.73,577.04,1060.15,0.8125,-1,-1,-1
726,109,1076.72,154.32,150.76,509.10,0.8424,-1,-1,-1
726,111,1222.01,106.60,231.17,701.58,0.8564,-1,-1,-1
727,2,958.41,193.34,112.77,433.07,0.5838,-1,-1,-1
727,49,608.61,4.83,404.64,1069.71,0.9053,-1,-1,-1
727,88,298.96,147.66,167.68,614.52,0.8201,-1,-1,-1
727,96,1377.66,3.66,556.16,1064.26,0.8124,-1,-1,-1
727,109,1071.20,151.67,157.02,512.65,0.8544,-1,-1,-1
727,111,1199.04,105.50,252.16,697.27,0.8694,-1,-1,-1
728,2,943.06,182.17,119.07,443.69,0.7887,-1,-1,-1
728,49,571.37,4.54,422.92,1071.85,0.9091,-1,-1,-1
728,88,291.12,141.90,167.15,619.96,0.8495,-1,-1,-1
728,96,1468.53,6.04,502.98,1047.61,0.7383,-1,-1,-1
728,109,1063.12,147.82,152.21,511.09,0.6673,-1,-1,-1
728,111,1165.27,101.15,280.70,703.11,0.8591,-1,-1,-1
729,2,938.48,185.56,119.15,437.42,0.8449,-1,-1,-1
729,49,525.88,1.74,439.76,1072.44,0.9076,-1,-1,-1
729,88,280.84,129.57,167.38,628.99,0.8670,-1,-1,-1
729,96,1581.52,29.39,430.41,1032.82,0.6981,-1,-1,-1
729,109,1057.29,146.55,142.29,508.59,0.7569,-1,-1,-1
729,111,1136.89,93.08,311.39,708.98,0.8772,-1,-1,-1
730,2,926.83,184.48,131.42,437.23,0.8500,-1,-1,-1
730,49,473.45,1.80,464.27,1073.91,0.9227,-1,-1,-1
730,88,269.68,125.68,168.58,630.61,0.8434,-1,-1,-1
730,109,1053.33,142.07,139.04,514.32,0.8079,-1,-1,-1
730,111,1120.96,94.53,331.71,704.48,0.9001,-1,-1,-1
731,2,914.89,183.07,136.91,439.40,0.8390,-1,-1,-1
731,49,426.43,3.58,475.94,1071.65,0.9070,-1,-1,-1
731,88,254.83,121.21,170.25,637.57,0.8306,-1,-1,-1
731,109,1048.89,140.15,135.53,515.35,0.7967,-1,-1,-1
731,111,1115.78,94.33,336.75,706.30,0.8963,-1,-1,-1
732,2,909.69,183.51,144.06,438.12,0.8396,-1,-1,-1
732,49,367.40,4.00,503.05,1064.66,0.9132,-1,-1,-1
732,88,241.13,109.50,165.09,650.57,0.8457,-1,-1,-1
732,109,1047.80,138.82,130.22,515.05,0.8123,-1,-1,-1
732,111,1094.47,90.72,352.10,711.87,0.8785,-1,-1,-1
732,113,1440.22,296.20,35.54,46.79,0.3210,-1,-1,-1
733,2,904.33,180.29,154.01,437.58,0.8547,-1,-1,-1
733,49,262.90,4.04,561.54,1063.86,0.9026,-1,-1,-1
733,109,1043.81,134.95,125.11,513.83,0.8048,-1,-1,-1
733,111,1091.13,78.24,350.19,722.06,0.8631,-1,-1,-1
734,2,894.20,183.09,149.15,435.22,0.8419,-1,-1,-1
734,49,224.27,6.29,575.44,1060.30,0.9264,-1,-1,-1
734,102,760.11,226.94,95.08,382.28,0.4628,-1,-1,-1
734,109,1039.72,137.03,121.56,515.17,0.8040,-1,-1,-1
734,111,1073.87,80.79,349.80,735.51,0.8614,-1,-1,-1
735,2,888.93,182.71,142.83,424.66,0.8574,-1,-1,-1
735,49,168.08,4.32,599.31,1061.41,0.9089,-1,-1,-1
735,97,741.31,208.66,107.48,401.96,0.6851,-1,-1,-1
735,109,1031.74,138.45,119.04,520.56,0.7599,-1,-1,-1
735,111,1055.63,82.62,344.36,741.00,0.8626,-1,-1,-1
735,113,1421.14,292.32,34.35,46.25,0.4353,-1,-1,-1
736,2,884.96,181.76,140.86,428.77,0.8479,-1,-1,-1
736,49,71.38,2.45,638.59,1065.61,0.8624,-1,-1,-1
736,97,719.65,182.24,117.13,410.15,0.6393,-1,-1,-1
736,109,1021.70,135.88,117.10,525.87,0.6483,-1,-1,-1
736,111,1041.89,77.05,325.66,725.89,0.8803,-1,-1,-1
737,2,877.28,179.58,138.50,428.86,0.8372,-1,-1,-1
737,49,7.49,5.01,681.17,1060.50,0.9244,-1,-1,-1
737,97,683.84,177.88,137.38,427.08,0.7135,-1,-1,-1
737,109,1008.07,139.68,113.92,524.38,0.6674,-1,-1,-1
737,111,1034.18,71.98,304.15,726.49,0.8520,-1,-1,-1
738,2,861.88,176.56,139.02,432.52,0.8223,-1,-1,-1
738,49,0.64,4.91,682.77,1057.76,0.9044,-1,-1,-1
738,97,650.59,171.16,149.72,437.91,0.7847,-1,-1,-1
738,109,993.56,143.00,111.42,518.05,0.4704,-1,-1,-1
738,111,1008.06,68.46,282.29,738.49,0.8716,-1,-1,-1
738,114,746.36,210.55,72.86,318.77,0.4612,-1,-1,-1
739,2,840.49,176.85,139.83,435.72,0.8441,-1,-1,-1
739,49,-4.51,3.49,663.25,1053.23,0.9128,-1,-1,-1
739,97,627.23,166.39,162.14,445.88,0.8122,-1,-1,-1
739,111,982.32,70.06,259.48,733.16,0.8284,-1,-1,-1
740,2,826.91,177.33,141.81,431.33,0.8414,-1,-1,-1
740,49,-10.74,6.45,621.56,1051.07,0.9056,-1,-1,-1
740,97,612.32,164.41,164.02,460.15,0.8234,-1,-1,-1
740,107,1157.41,278.23,60.26,199.52,0.3511,-1,-1,-1
740,111,957.15,67.03,235.04,735.07,0.8287,-1,-1,-1
741,2,818.16,178.33,141.84,431.90,0.8179,-1,-1,-1
741,49,-18.02,4.52,580.09,1059.28,0.8886,-1,-1,-1
741,97,596.64,162.70,166.46,460.27,0.8471,-1,-1,-1
741,107,1145.70,283.21,66.38,228.55,0.5355,-1,-1,-1
741,111,941.86,68.29,218.35,757.65,0.8714,-1,-1,-1
742,2,806.88,177.85,142.42,436.57,0.8407,-1,-1,-1
742,49,-40.91,4.32,532.15,1063.25,0.8361,-1,-1,-1
742,97,580.63,157.98,170.29,465.29,0.8487,-1,-1,-1
742,107,1134.58,274.83,69.15,253.93,0.4850,-1,-1,-1
742,111,917.33,67.56,217.36,762.45,0.8391,-1,-1,-1
743,2,797.26,181.37,142.41,437.56,0.8275,-1,-1,-1
743,49,-89.11,9.81,480.85,1046.52,0.7070,-1,-1,-1
743,97,570.92,159.67,167.76,469.48,0.8278,-1,-1,-1
743,111,896.36,68.04,220.86,762.90,0.8163,-1,-1,-1
744,2,778.54,180.38,143.32,431.46,0.8212,-1,-1,-1
744,88,0.02,60.80,201.55,777.76,0.5664,-1,-1,-1
744,97,552.29,158.17,170.46,479.11,0.8404,-1,-1,-1
744,111,851.11,64.39,229.71,763.72,0.8342,-1,-1,-1
744,115,1085.94,229.02,72.45,303.70,0.6838,-1,-1,-1
745,2,762.38,181.60,141.33,430.04,0.7263,-1,-1,-1
745,88,-1.55,53.15,184.75,770.53,0.8732,-1,-1,-1
745,97,535.71,155.29,176.88,489.36,0.8413,-1,-1,-1
745,111,815.79,60.76,242.12,761.60,0.7783,-1,-1,-1
745,115,1075.47,230.28,82.04,305.43,0.7481,-1,-1,-1
746,2,748.87,181.99,135.80,422.99,0.7471,-1,-1,-1
746,88,-5.61,54.47,170.14,767.30,0.8566,-1,-1,-1
746,97,517.38,153.35,183.60,496.47,0.8397,-1,-1,-1
746,111,754.00,54.70,279.57,783.98,0.8060,-1,-1,-1
746,115,1058.36,223.88,89.05,313.07,0.7225,-1,-1,-1
747,2,729.89,183.53,126.24,397.49,0.6152,-1,-1,-1
747,88,-9.77,53.41,156.58,772.32,0.8304,-1,-1,-1
747,97,496.57,152.49,186.57,502.01,0.8303,-1,-1,-1
747,111,712.17,41.85,318.56,792.94,0.8323,-1,-1,-1
747,113,1272.81,298.34,35.21,46.04,0.3146,-1,-1,-1
747,115,1053.20,222.81,90.81,315.92,0.7044,-1,-1,-1
748,2,710.70,172.00,127.24,408.62,0.5249,-1,-1,-1
748,88,-12.35,62.37,141.04,770.36,0.8119,-1,-1,-1
748,97,482.26,149.76,189.49,505.62,0.8525,-1,-1,-1
748,111,667.77,50.43,355.78,786.03,0.8794,-1,-1,-1
748,115,1043.75,219.51,93.37,322.90,0.7132,-1,-1,-1
749,2,694.74,185.59,114.14,370.53,0.3418,-1,-1,-1
749,88,-11.06,106.50,123.61,717.78,0.7608,-1,-1,-1
749,97,465.32,148.78,196.93,517.80,0.8422,-1,-1,-1
749,109,921.63,140.27,84.19,363.06,0.4578,-1,-1,-1
749,111,669.97,48.94,355.84,787.96,0.8157,-1,-1,-1
749,115,1034.68,220.75,93.40,322.32,0.6747,-1,-1,-1
749,117,998.70,230.68,60.10,321.90,0.3809,-1,-1,-1
750,2,683.00,241.57,92.81,310.40,0.4287,-1,-1,-1
750,88,-11.59,180.80,103.63,642.90,0.7269,-1,-1,-1
750,97,451.16,148.67,199.57,521.87,0.7512,-1,-1,-1
750,109,899.67,137.84,103.90,463.13,0.3709,-1,-1,-1
750,111,645.20,55.33,364.22,790.44,0.8591,-1,-1,-1
750,115,1030.60,226.54,93.19,318.51,0.7403,-1,-1,-1
750,117,990.70,238.73,64.48,319.58,0.6540,-1,-1,-1
751,97,434.57,150.09,207.26,542.96,0.8016,-1,-1,-1
751,109,882.95,138.94,112.31,509.78,0.6952,-1,-1,-1
751,111,625.55,52.86,376.02,803.40,0.8737,-1,-1,-1
751,114,563.92,210.73,84.09,345.28,0.4252,-1,-1,-1
751,115,1030.05,227.59,93.07,320.96,0.7152,-1,-1,-1
751,117,986.10,241.22,69.41,321.62,0.6530,-1,-1,-1
752,97,425.49,143.62,207.54,552.15,0.8283,-1,-1,-1
752,109,870.14,140.61,117.65,521.30,0.7587,-1,-1,-1
752,111,609.80,54.35,373.41,808.93,0.8716,-1,-1,-1
752,114,558.77,207.18,84.40,352.88,0.3370,-1,-1,-1
752,115,1028.60,228.12,92.79,321.93,0.7482,-1,-1,-1
752,117,974.81,244.92,79.02,324.91,0.6887,-1,-1,-1
753,97,414.15,138.79,213.20,559.73,0.8388,-1,-1,-1
753,109,862.49,145.43,120.74,525.30,0.7676,-1,-1,-1
753,111,599.43,46.83,366.94,821.48,0.8886,-1,-1,-1
753,115,1031.19,230.09,91.01,316.90,0.7371,-1,-1,-1
753,117,972.71,250.38,89.09,325.49,0.7030,-1,-1,-1
754,97,399.58,136.29,221.50,564.41,0.8195,-1,-1,-1
754,109,856.82,149.46,123.06,527.24,0.7952,-1,-1,-1
754,111,589.88,47.85,353.14,827.43,0.8870,-1,-1,-1
754,115,1029.23,232.11,93.65,324.45,0.7433,-1,-1,-1
754,117,967.23,251.96,96.06,327.52,0.6710,-1,-1,-1
754,118,1833.26,326.80,83.90,374.40,0.5081,-1,-1,-1
755,97,393.52,134.41,223.63,568.67,0.8486,-1,-1,-1
755,109,850.82,149.81,127.47,531.71,0.7993,-1,-1,-1
755,111,571.55,43.94,350.01,837.87,0.8894,-1,-1,-1
755,115,1031.59,230.51,95.09,326.21,0.7177,-1,-1,-1
755,117,964.27,251.31,103.10,330.30,0.6919,-1,-1,-1
755,118,1826.56,310.59,89.99,393.98,0.5029,-1,-1,-1
756,97,381.77,132.59,225.54,582.67,0.8420,-1,-1,-1
756,109,849.10,154.08,130.10,524.52,0.8010,-1,-1,-1
756,111,538.36,39.36,345.20,850.88,0.8892,-1,-1,-1
756,115,1032.36,229.86,98.69,331.63,0.7037,-1,-1,-1
756,117,959.76,251.74,107.35,332.97,0.6797,-1,-1,-1
757,97,371.73,135.59,210.98,578.85,0.8541,-1,-1,-1
757,109,844.75,158.18,134.43,522.60,0.8022,-1,-1,-1
757,111,502.14,33.67,343.96,863.31,0.8795,-1,-1,-1
757,115,1033.02,230.17,101.48,333.74,0.7002,-1,-1,-1
757,117,957.16,251.82,111.50,338.31,0.7567,-1,-1,-1
757,118,1820.54,301.37,94.70,408.48,0.3696,-1,-1,-1
758,2,753.13,195.51,94.28,320.34,0.5820,-1,-1,-1
758,97,369.32,129.85,210.95,587.29,0.7723,-1,-1,-1
758,109,845.43,163.94,135.11,521.79,0.8244,-1,-1,-1
758,111,468.55,36.11,344.61,868.93,0.8793,-1,-1,-1
758,115,1041.60,228.52,105.60,334.38,0.7045,-1,-1,-1
758,117,960.95,250.48,119.16,343.69,0.7991,-1,-1,-1
759,2,717.86,199.10,129.48,437.71,0.3982,-1,-1,-1
759,97,368.60,133.85,210.65,595.69,0.7958,-1,-1,-1
759,109,843.75,168.18,135.46,524.16,0.8311,-1,-1,-1
759,111,451.78,33.97,338.29,880.96,0.8466,-1,-1,-1
759,115,1043.93,230.04,110.21,347.16,0.7294,-1,-1,-1
759,117,961.90,254.99,119.81,342.84,0.8125,-1,-1,-1
760,2,687.78,196.83,156.80,513.82,0.6890,-1,-1,-1
760,97,366.67,130.64,211.71,610.79,0.7834,-1,-1,-1
760,109,842.89,170.08,135.14,525.07,0.8298,-1,-1,-1
760,111,436.49,41.85,324.82,880.87,0.7886,-1,-1,-1
760,115,1047.91,228.59,111.90,363.14,0.7447,-1,-1,-1
760,117,966.17,255.59,120.32,347.64,0.8079,-1,-1,-1
761,2,716.66,202.06,133.95,437.71,0.8251,-1,-1,-1
761,97,366.02,133.21,206.67,608.01,0.7331,-1,-1,-1
761,109,845.16,171.93,133.88,528.16,0.8356,-1,-1,-1
761,111,411.32,42.79,325.89,891.97,0.7625,-1,-1,-1
761,115,1054.40,229.07,108.65,363.70,0.7628,-1,-1,-1
761,117,970.95,256.80,120.59,349.67,0.8297,-1,-1,-1
762,2,710.89,202.28,138.15,437.73,0.8180,-1,-1,-1
762,97,358.00,135.95,204.71,611.51,0.7184,-1,-1,-1
762,109,845.09,173.01,133.38,528.72,0.8351,-1,-1,-1
762,111,395.23,39.73,331.35,900.46,0.7497,-1,-1,-1
762,115,1059.68,230.39,104.45,362.98,0.7785,-1,-1,-1
762,117,972.57,250.33,125.53,358.36,0.8051,-1,-1,-1
762,118,1830.08,349.48,85.74,362.66,0.3057,-1,-1,-1
763,2,708.45,203.67,145.69,450.54,0.8338,-1,-1,-1
763,97,340.90,139.39,198.49,609.97,0.7549,-1,-1,-1
763,109,848.28,172.65,131.99,524.85,0.8246,-1,-1,-1
763,111,368.67,37.95,338.69,910.09,0.6406,-1,-1,-1
763,115,1064.84,230.94,105.60,366.30,0.7900,-1,-1,-1
763,117,977.81,250.23,130.01,360.64,0.8006,-1,-1,-1
764,2,712.31,205.79,146.04,451.66,0.8353,-1,-1,-1
764,97,324.86,120.22,205.29,639.48,0.5560,-1,-1,-1
764,109,849.13,172.09,133.99,530.91,0.8134,-1,-1,-1
764,111,337.70,38.36,368.88,916.75,0.8510,-1,-1,-1
764,115,1069.44,229.10,105.12,373.49,0.7762,-1,-1,-1
764,117,982.03,249.15,134.41,364.43,0.8012,-1,-1,-1
765,2,714.78,207.90,145.13,448.81,0.8442,-1,-1,-1
765,109,853.77,168.27,135.17,520.61,0.8031,-1,-1,-1
765,111,328.95,36.63,383.86,924.74,0.8616,-1,-1,-1
765,115,1076.66,228.35,104.02,374.37,0.7164,-1,-1,-1
765,117,985.92,250.91,137.82,368.85,0.7743,-1,-1,-1
766,2,717.39,210.26,143.67,445.11,0.8416,-1,-1,-1
766,109,857.27,166.64,134.43,512.75,0.8125,-1,-1,-1
766,111,309.80,34.32,403.18,926.77,0.9034,-1,-1,-1
766,115,1081.54,229.37,104.34,378.55,0.6851,-1,-1,-1
766,117,985.10,249.80,142.06,374.80,0.7989,-1,-1,-1
766,120,646.56,273.81,81.29,341.92,0.6819,-1,-1,-1
767,2,718.71,210.40,142.46,441.38,0.8457,-1,-1,-1
767,109,856.82,162.85,136.34,513.37,0.8092,-1,-1,-1
767,111,291.83,32.25,418.12,934.28,0.9007,-1,-1,-1
767,115,1091.25,225.92,110.67,388.45,0.7386,-1,-1,-1
767,117,982.30,250.28,152.74,379.61,0.8228,-1,-1,-1
767,120,640.24,272.45,86.04,341.61,0.7333,-1,-1,-1
768,2,720.55,207.40,140.46,441.11,0.8234,-1,-1,-1
768,109,857.52,159.24,136.74,515.98,0.8117,-1,-1,-1
768,111,272.19,31.38,431.26,939.14,0.9039,-1,-1,-1
768,115,1091.33,225.60,116.01,391.35,0.7685,-1,-1,-1
768,117,983.93,251.80,161.61,379.55,0.8123,-1,-1,-1
768,120,637.92,268.74,91.53,341.20,0.7522,-1,-1,-1
769,2,721.41,207.20,138.19,439.75,0.8094,-1,-1,-1
769,109,855.03,157.83,139.98,518.84,0.8253,-1,-1,-1
769,111,248.30,30.99,445.16,949.21,0.9094,-1,-1,-1
769,115,1089.87,226.44,115.06,395.26,0.7569,-1,-1,-1
769,117,981.41,251.92,173.10,385.16,0.8257,-1,-1,-1
769,120,633.95,265.86,97.58,347.84,0.7796,-1,-1,-1
770,2,723.46,204.93,135.75,439.58,0.8267,-1,-1,-1
770,109,853.74,155.16,143.73,521.05,0.8249,-1,-1,-1
770,111,223.88,25.32,455.51,962.86,0.8976,-1,-1,-1
770,115,1090.38,223.78,112.61,402.84,0.7136,-1,-1,-1
770,117,979.36,250.40,180.04,389.76,0.8340,-1,-1,-1
770,120,631.64,265.12,99.84,344.20,0.7875,-1,-1,-1
771,2,719.87,196.39,134.82,445.05,0.8494,-1,-1,-1
771,109,847.76,152.60,148.45,520.74,0.8573,-1,-1,-1
771,111,199.28,11.76,458.97,986.99,0.8926,-1,-1,-1
771,115,1094.10,219.61,109.67,409.21,0.7146,-1,-1,-1
771,117,976.66,243.92,184.67,396.88,0.8278,-1,-1,-1
771,120,629.16,254.84,102.15,347.44,0.7393,-1,-1,-1
772,2,722.42,201.70,131.92,439.65,0.8348,-1,-1,-1
772,109,844.31,152.70,149.83,524.12,0.8601,-1,-1,-1
772,111,178.95,9.24,455.55,981.29,0.8889,-1,-1,-1
772,115,1094.26,218.55,107.83,411.67,0.7857,-1,-1,-1
772,117,967.51,243.66,189.66,403.27,0.8342,-1,-1,-1
772,120,621.65,258.76,107.45,352.05,0.7896,-1,-1,-1
773,2,719.57,199.29,128.64,439.49,0.8332,-1,-1,-1
773,97,415.10,73.84,218.65,752.50,0.5663,-1,-1,-1
773,109,840.68,154.35,146.39,523.89,0.8635,-1,-1,-1
773,111,159.37,10.88,434.72,938.57,0.8627,-1,-1,-1
773,115,1093.14,213.84,109.83,418.76,0.7976,-1,-1,-1
773,117,963.73,239.98,193.56,408.99,0.8424,-1,-1,-1
773,120,617.17,258.79,108.79,351.22,0.8120,-1,-1,-1
774,2,714.22,191.61,127.87,441.94,0.8314,-1,-1,-1
774,97,423.05,65.15,209.81,753.25,0.5840,-1,-1,-1
774,109,835.50,150.83,145.48,530.32,0.8138,-1,-1,-1
774,111,138.37,5.04,412.46,941.32,0.8764,-1,-1,-1
774,115,1093.88,211.52,111.39,419.77,0.7753,-1,-1,-1
774,117,962.14,233.92,195.48,413.32,0.8589,-1,-1,-1
774,120,612.53,255.98,109.32,348.35,0.7972,-1,-1,-1
775,2,710.18,188.61,129.70,445.02,0.8174,-1,-1,-1
775,97,402.28,55.03,218.42,776.12,0.7690,-1,-1,-1
775,109,825.91,152.23,139.20,525.60,0.7834,-1,-1,-1
775,111,121.21,3.28,385.77,950.82,0.8709,-1,-1,-1
775,115,1088.44,206.59,115.71,423.72,0.7980,-1,-1,-1
775,117,959.79,228.31,196.97,415.31,0.8610,-1,-1,-1
775,120,607.63,249.24,112.79,360.06,0.7793,-1,-1,-1
776,2,701.32,188.68,132.04,443.91,0.8011,-1,-1,-1
776,97,386.87,46.61,226.85,782.60,0.7164,-1,-1,-1
776,109,818.11,151.52,139.70,529.09,0.7804,-1,-1,-1
776,111,103.83,1.04,365.84,965.07,0.8844,-1,-1,-1
776,115,1086.62,201.21,119.14,429.50,0.8109,-1,-1,-1
776,117,955.26,224.14,197.67,420.57,0.8485,-1,-1,-1
776,120,600.35,247.61,112.87,359.97,0.7792,-1,-1,-1
777,2,692.97,192.32,133.94,442.00,0.7899,-1,-1,-1
777,97,358.54,41.42,245.32,800.63,0.7781,-1,-1,-1
777,109,814.07,152.51,140.67,528.74,0.8012,-1,-1,-1
777,111,91.28,2.01,349.49,958.86,0.8973,-1,-1,-1
777,115,1085.41,198.58,124.76,429.67,0.8342,-1,-1,-1
777,117,951.70,221.50,195.51,425.39,0.8348,-1,-1,-1
777,120,590.87,246.38,114.48,367.53,0.7137,-1,-1,-1
778,2,681.23,190.81,136.48,449.33,0.7419,-1,-1,-1
778,97,338.39,36.99,268.04,832.83,0.8289,-1,-1,-1
778,109,812.59,153.12,140.45,528.28,0.8065,-1,-1,-1
778,111,71.60,3.41,340.82,981.25,0.8957,-1,-1,-1
778,115,1084.02,190.77,129.15,443.79,0.8311,-1,-1,-1
778,117,948.42,219.77,190.71,427.85,0.8406,-1,-1,-1
778,120,585.18,246.38,111.63,362.19,0.7243,-1,-1,-1
779,2,673.32,191.56,135.16,439.60,0.7596,-1,-1,-1
779,97,330.96,32.19,275.34,861.33,0.8167,-1,-1,-1
779,109,802.06,155.33,140.91,522.34,0.7421,-1,-1,-1
779,111,47.49,2.01,337.88,1005.49,0.8965,-1,-1,-1
779,115,1079.58,194.76,126.86,440.51,0.8097,-1,-1,-1
779,117,948.57,215.35,184.92,435.71,0.8365,-1,-1,-1
779,120,573.42,244.10,115.14,366.28,0.7650,-1,-1,-1
780,2,663.83,189.24,139.55,450.64,0.7397,-1,-1,-1
780,97,319.18,26.65,278.83,885.36,0.8464,-1,-1,-1
780,109,791.06,154.76,144.94,531.29,0.8081,-1,-1,-1
780,111,23.46,1.48,332.11,999.09,0.9101,-1,-1,-1
780,115,1075.81,193.23,129.21,448.49,0.8100,-1,-1,-1
780,117,946.31,213.87,178.38,438.27,0.8449,-1,-1,-1
780,120,566.93,243.70,113.75,360.48,0.6802,-1,-1,-1
781,2,670.82,189.97,135.98,447.61,0.6141,-1,-1,-1
781,97,309.22,19.75,285.20,889.19,0.8435,-1,-1,-1
781,109,790.56,152.69,144.19,532.57,0.8178,-1,-1,-1
781,111,-0.58,4.20,331.39,1006.33,0.9110,-1,-1,-1
781,115,1076.16,191.84,134.20,455.53,0.8179,-1,-1,-1
781,117,946.78,212.82,173.69,446.86,0.8393,-1,-1,-1
781,120,562.52,243.04,112.09,359.04,0.6032,-1,-1,-1
782,2,671.61,191.13,133.49,445.15,0.6774,-1,-1,-1
782,97,284.85,10.44,307.78,913.81,0.8664,-1,-1,-1
782,109,787.00,157.51,144.29,525.32,0.8168,-1,-1,-1
782,111,-5.01,5.21,314.22,1003.67,0.9090,-1,-1,-1
782,115,1075.66,189.69,141.24,459.05,0.8124,-1,-1,-1
782,117,947.58,209.58,169.64,455.80,0.8712,-1,-1,-1
782,120,550.99,242.27,117.74,383.08,0.6245,-1,-1,-1
783,2,670.20,195.88,131.18,443.80,0.6677,-1,-1,-1
783,97,248.54,1.30,336.52,943.16,0.8584,-1,-1,-1
783,109,779.64,156.07,148.09,523.24,0.8088,-1,-1,-1
783,111,-8.11,3.61,293.12,1012.90,0.9017,-1,-1,-1
783,115,1072.33,190.72,146.43,459.11,0.8294,-1,-1,-1
783,117,947.83,209.77,167.77,461.77,0.8782,-1,-1,-1
783,120,538.00,242.51,119.81,385.57,0.6257,-1,-1,-1
784,2,674.05,197.04,127.10,441.64,0.7079,-1,-1,-1
784,97,231.47,1.38,353.92,965.99,0.8617,-1,-1,-1
784,109,781.36,154.96,145.45,523.56,0.7934,-1,-1,-1
784,111,-7.16,5.81,271.20,1011.63,0.9015,-1,-1,-1
784,115,1069.86,190.23,152.41,467.36,0.8240,-1,-1,-1
784,117,947.29,207.17,167.79,468.43,0.8681,-1,-1,-1
784,120,538.59,242.07,118.77,387.15,0.5871,-1,-1,-1
785,2,677.93,195.88,122.98,440.73,0.7288,-1,-1,-1
785,97,215.97,2.22,355.07,976.16,0.8931,-1,-1,-1
785,109,782.04,148.56,143.65,527.82,0.7902,-1,-1,-1
785,111,-6.82,8.95,251.10,1015.71,0.8981,-1,-1,-1
785,115,1070.91,185.61,156.37,478.54,0.8280,-1,-1,-1
785,117,945.87,205.90,168.57,471.74,0.8453,-1,-1,-1
785,120,536.09,238.31,119.80,389.46,0.6670,-1,-1,-1
786,2,679.01,196.33,120.49,440.55,0.7290,-1,-1,-1
786,97,205.49,0.74,357.12,986.21,0.8784,-1,-1,-1
786,109,784.12,146.94,141.79,524.16,0.8160,-1,-1,-1
786,111,-6.68,8.40,236.55,1016.77,0.8743,-1,-1,-1
786,115,1072.02,180.85,160.55,490.14,0.8263,-1,-1,-1
786,117,946.44,203.26,171.02,484.51,0.8298,-1,-1,-1
786,120,508.06,232.45,125.21,397.02,0.6940,-1,-1,-1
786,123,622.56,244.16,81.51,369.34,0.6325,-1,-1,-1
787,2,680.28,194.45,118.09,441.58,0.7785,-1,-1,-1
787,97,196.85,0.16,362.76,997.32,0.8834,-1,-1,-1
787,109,789.30,144.17,139.47,526.84,0.8247,-1,-1,-1
787,111,-6.23,36.70,215.15,992.55,0.8780,-1,-1,-1
787,115,1077.80,177.31,163.22,496.34,0.8361,-1,-1,-1
787,117,948.70,205.91,172.25,484.83,0.8345,-1,-1,-1
787,118,1845.61,266.78,86.54,475.16,0.3625,-1,-1,-1
787,120,521.81,235.24,121.06,391.06,0.6557,-1,-1,-1
787,123,621.41,249.44,83.19,367.04,0.6548,-1,-1,-1
788,2,680.41,190.92,116.93,441.93,0.7532,-1,-1,-1
788,97,183.33,1.11,365.65,996.52,0.8982,-1,-1,-1
788,109,792.11,146.57,138.01,523.43,0.8244,-1,-1,-1
788,111,-5.72,58.41,199.63,978.03,0.8716,-1,-1,-1
788,115,1081.48,179.22,166.34,501.84,0.8460,-1,-1,-1
788,117,949.74,209.71,177.07,491.24,0.8563,-1,-1,-1
788,118,1849.09,267.94,76.97,464.68,0.4959,-1,-1,-1
788,120,516.17,235.71,120.16,397.84,0.6460,-1,-1,-1
788,123,613.12,251.27,89.60,370.72,0.7316,-1,-1,-1
789,2,683.23,193.73,120.91,449.39,0.7678,-1,-1,-1
789,97,170.54,0.01,372.30,1010.06,0.9006,-1,-1,-1
789,109,792.47,152.68,135.28,516.94,0.8369,-1,-1,-1
789,111,-4.57,85.85,188.24,965.06,0.8653,-1,-1,-1
789,115,1077.52,173.06,167.10,511.90,0.8342,-1,-1,-1
789,117,943.64,211.68,185.45,498.42,0.8387,-1,-1,-1
789,118,1843.57,280.26,78.56,472.12,0.4278,-1,-1,-1
789,120,510.73,234.08,117.87,402.44,0.6086,-1,-1,-1
789,123,608.58,247.47,96.85,381.51,0.7482,-1,-1,-1
790,2,689.83,186.39,121.41,449.35,0.7493,-1,-1,-1
790,97,163.14,-0.02,381.73,1022.77,0.8937,-1,-1,-1
790,109,794.55,150.36,135.83,519.40,0.8471,-1,-1,-1
790,111,-8.39,99.45,176.05,960.60,0.8349,-1,-1,-1
790,115,1081.49,169.93,167.30,515.39,0.8420,-1,-1,-1
790,117,940.53,201.76,198.24,511.16,0.7915,-1,-1,-1
790,118,1844.37,316.76,72.91,415.40,0.4094,-1,-1,-1
790,120,511.50,232.65,115.24,401.13,0.5647,-1,-1,-1
790,123,608.54,248.72,100.71,384.56,0.7294,-1,-1,-1
791,2,694.63,195.92,123.18,442.40,0.7750,-1,-1,-1
791,97,150.35,0.74,393.58,1034.79,0.8914,-1,-1,-1
791,109,801.24,151.57,135.62,522.61,0.8245,-1,-1,-1
791,111,-10.64,105.43,164.27,956.96,0.8022,-1,-1,-1
791,115,1092.69,169.15,169.91,517.82,0.7853,-1,-1,-1
791,117,960.68,198.48,199.50,524.79,0.8015,-1,-1,-1
791,118,1846.63,359.18,68.89,367.76,0.5011,-1,-1,-1
791,120,514.47,232.19,117.35,411.09,0.6057,-1,-1,-1
791,123,610.34,250.20,104.82,386.60,0.7470,-1,-1,-1
792,2,698.05,198.05,126.89,449.25,0.8057,-1,-1,-1
792,97,150.05,1.87,413.97,1044.45,0.8589,-1,-1,-1
792,109,808.60,155.29,133.75,519.67,0.8028,-1,-1,-1
792,111,-17.84,121.61,160.17,946.52,0.5293,-1,-1,-1
792,115,1104.67,167.01,166.56,501.15,0.7372,-1,-1,-1
792,117,969.54,197.77,202.77,526.95,0.8236,-1,-1,-1
792,120,514.84,235.46,117.48,412.72,0.6413,-1,-1,-1
792,123,615.58,251.40,107.19,390.89,0.7984,-1,-1,-1
793,2,702.85,194.51,128.58,450.13,0.8049,-1,-1,-1
793,97,127.34,3.02,449.47,1051.83,0.8892,-1,-1,-1
793,109,816.26,153.10,136.55,526.27,0.8003,-1,-1,-1
793,111,-0.47,461.74,105.12,605.58,0.5703,-1,-1,-1
793,115,1112.26,166.46,169.41,526.55,0.8170,-1,-1,-1
793,117,971.14,193.78,210.99,534.05,0.8463,-1,-1,-1
793,118,1847.90,397.72,68.65,345.56,0.3913,-1,-1,-1
793,120,518.33,234.06,114.65,400.66,0.5560,-1,-1,-1
793,123,618.98,252.34,110.97,393.92,0.7888,-1,-1,-1
793,125,-4.33,141.19,57.63,426.62,0.5688,-1,-1,-1
794,2,710.65,196.42,128.24,444.07,0.7988,-1,-1,-1
794,97,106.90,3.00,478.19,1071.07,0.9023,-1,-1,-1
794,109,819.95,155.82,139.39,527.41,0.7789,-1,-1,-1
794,111,-3.62,470.15,101.00,582.02,0.5622,-1,-1,-1
794,115,1120.07,160.54,168.94,538.27,0.8547,-1,-1,-1
794,117,980.84,187.53,220.94,545.36,0.8462,-1,-1,-1
794,120,522.09,232.78,117.88,412.47,0.6185,-1,-1,-1
794,123,620.90,254.73,115.75,394.75,0.7142,-1,-1,-1
794,125,-6.47,158.10,55.11,407.37,0.3678,-1,-1,-1
795,2,723.73,197.17,129.47,450.78,0.7715,-1,-1,-1
795,97,88.95,1.99,501.00,1068.43,0.9214,-1,-1,-1
795,109,837.55,158.40,137.46,528.16,0.8232,-1,-1,-1
795,111,-0.82,543.57,88.75,505.83,0.4803,-1,-1,-1
795,115,1136.51,156.02,167.77,538.83,0.8197,-1,-1,-1
795,117,987.70,176.67,230.72,563.87,0.8167,-1,-1,-1
795,120,523.35,235.76,116.11,415.26,0.6668,-1,-1,-1
795,123,621.98,256.74,120.99,396.01,0.7390,-1,-1,-1
795,125,-10.20,178.01,52.87,396.13,0.3064,-1,-1,-1
796,2,732.41,201.63,131.27,451.92,0.8064,-1,-1,-1
796,97,66.92,1.72,526.19,1067.64,0.9201,-1,-1,-1
796,109,845.87,161.79,138.48,529.82,0.8365,-1,-1,-1
796,111,-2.09,551.83,85.56,486.16,0.5385,-1,-1,-1
796,115,1146.92,160.90,169.14,559.25,0.8438,-1,-1,-1
796,117,994.32,181.19,234.51,559.80,0.8531,-1,-1,-1
796,120,536.70,237.07,109.72,380.71,0.5599,-1,-1,-1
796,123,630.54,255.95,121.30,402.35,0.7112,-1,-1,-1
797,2,743.60,207.53,132.90,451.80,0.7888,-1,-1,-1
797,97,43.82,2.28,553.23,1066.83,0.9131,-1,-1,-1
797,109,854.32,169.91,135.66,526.01,0.8139,-1,-1,-1
797,111,10.30,560.89,54.98,282.95,0.4127,-1,-1,-1
797,115,1163.20,161.29,166.38,584.63,0.8541,-1,-1,-1
797,117,1000.99,181.36,245.86,573.05,0.8469,-1,-1,-1
797,120,540.32,239.49,106.01,352.11,0.5606,-1,-1,-1
797,123,625.73,259.64,128.29,407.48,0.7168,-1,-1,-1
798,2,748.90,212.34,131.54,444.14,0.8196,-1,-1,-1
798,97,21.63,3.26,587.60,1059.99,0.9108,-1,-1,-1
798,109,860.33,172.73,135.31,529.85,0.8024,-1,-1,-1
798,115,1174.87,163.69,167.16,598.23,0.8343,-1,-1,-1
798,117,1000.16,184.46,258.23,589.98,0.8452,-1,-1,-1
798,120,543.01,243.40,103.75,330.40,0.5450,-1,-1,-1
798,123,632.59,260.49,131.10,412.23,0.7292,-1,-1,-1
799,2,749.60,215.97,133.51,446.73,0.8061,-1,-1,-1
799,97,7.70,3.31,615.51,1061.04,0.9041,-1,-1,-1
799,109,863.93,179.08,136.75,526.94,0.7983,-1,-1,-1
799,115,1184.00,164.56,167.27,614.77,0.8224,-1,-1,-1
799,117,999.23,186.01,268.71,607.98,0.8559,-1,-1,-1
799,120,541.59,246.70,112.93,349.73,0.5390,-1,-1,-1
799,123,638.99,262.45,129.33,414.11,0.7690,-1,-1,-1
800,2,756.73,224.70,132.42,442.02,0.8024,-1,-1,-1
800,97,4.39,2.64,629.19,1055.07,0.9076,-1,-1,-1
800,109,868.32,184.20,136.05,526.97,0.7830,-1,-1,-1
800,115,1193.50,165.82,166.28,618.17,0.8054,-1,-1,-1
800,117,1005.67,187.73,273.65,623.69,0.8321,-1,-1,-1
800,120,540.49,250.18,118.19,358.23,0.4935,-1,-1,-1
800,123,640.61,264.84,128.03,417.87,0.7709,-1,-1,-1
801,2,761.36,230.03,129.92,440.72,0.8329,-1,-1,-1
801,97,0.56,4.21,636.16,1061.98,0.9127,-1,-1,-1
801,109,870.02,192.83,134.15,525.05,0.7764,-1,-1,-1
801,115,1200.88,164.87,165.96,627.75,0.8160,-1,-1,-1
801,117,1009.36,190.34,278.32,631.62,0.8488,-1,-1,-1
801,120,539.49,252.02,120.09,352.48,0.4641,-1,-1,-1
801,123,642.08,268.25,127.01,418.93,0.7919,-1,-1,-1
802,2,770.87,231.83,122.82,436.66,0.8249,-1,-1,-1
802,97,2.23,4.42,649.42,1075.31,0.8967,-1,-1,-1
802,109,883.58,191.08,134.11,527.36,0.8149,-1,-1,-1
802,115,1208.57,165.57,168.60,641.55,0.8241,-1,-1,-1
802,117,1007.13,193.96,289.93,640.54,0.8426,-1,-1,-1
802,120,539.43,254.59,123.86,356.09,0.4758,-1,-1,-1
802,123,642.97,268.86,126.89,420.67,0.7841,-1,-1,-1
803,2,779.49,234.23,117.77,436.17,0.8210,-1,-1,-1
803,97,2.22,3.60,648.45,1072.18,0.8458,-1,-1,-1
803,109,888.09,191.31,135.44,533.58,0.8154,-1,-1,-1
803,115,1219.64,159.99,172.24,656.43,0.8483,-1,-1,-1
803,117,1005.05,193.50,302.27,650.53,0.8564,-1,-1,-1
803,120,540.72,253.81,123.07,339.39,0.6080,-1,-1,-1
803,123,642.96,269.75,128.26,428.78,0.7782,-1,-1,-1
804,2,785.50,227.80,116.05,436.07,0.8377,-1,-1,-1
804,97,-10.94,3.13,645.00,1076.83,0.6963,-1,-1,-1
804,109,889.95,189.39,137.87,535.22,0.8472,-1,-1,-1
804,115,1234.81,163.73,171.40,655.72,0.8440,-1,-1,-1
804,117,996.14,190.87,320.39,680.36,0.8705,-1,-1,-1
804,120,536.23,254.47,126.78,346.44,0.4901,-1,-1,-1
804,123,642.51,270.36,129.33,430.32,0.7676,-1,-1,-1
804,128,386.26,80.78,237.95,733.51,0.5119,-1,-1,-1
805,2,789.23,227.86,115.29,437.54,0.8299,-1,-1,-1
805,97,-78.65,3.16,606.81,1069.55,0.6321,-1,-1,-1
805,109,893.91,187.84,138.10,537.55,0.8337,-1,-1,-1
805,115,1244.12,157.98,181.69,660.39,0.8532,-1,-1,-1
805,117,1001.65,188.45,326.23,687.20,0.8710,-1,-1,-1
805,120,538.21,253.80,123.39,319.58,0.5692,-1,-1,-1
805,123,646.64,270.32,131.75,439.59,0.8045,-1,-1,-1
805,128,371.26,25.14,253.17,800.92,0.6831,-1,-1,-1
806,2,792.96,225.46,115.61,443.62,0.7982,-1,-1,-1
806,97,-10.51,0.02,600.46,1072.38,0.7612,-1,-1,-1
806,109,900.80,184.81,135.30,537.74,0.8122,-1,-1,-1
806,115,1251.54,151.61,191.87,672.80,0.8648,-1,-1,-1
806,117,1007.30,179.29,331.00,706.83,0.8763,-1,-1,-1
806,120,534.79,251.40,129.20,311.93,0.6715,-1,-1,-1
806,123,648.24,269.44,130.77,442.98,0.8316,-1,-1,-1
806,128,351.71,21.05,254.99,816.12,0.4086,-1,-1,-1
807,2,796.40,225.99,115.94,450.79,0.8085,-1,-1,-1
807,97,-5.14,0.35,578.18,1071.45,0.8728,-1,-1,-1
807,109,903.98,182.57,134.95,539.00,0.8236,-1,-1,-1
807,115,1259.89,142.42,202.69,688.14,0.8719,-1,-1,-1
807,117,1019.83,173.06,326.87,716.89,0.8726,-1,-1,-1
807,120,526.68,247.22,138.11,320.20,0.6205,-1,-1,-1
807,123,649.51,268.48,132.13,447.40,0.8278,-1,-1,-1
808,2,802.05,222.62,116.52,451.27,0.8076,-1,-1,-1
808,97,-3.41,0.49,556.01,1071.26,0.9095,-1,-1,-1
808,109,906.61,185.30,130.67,526.61,0.7927,-1,-1,-1
808,115,1269.63,135.59,214.26,703.17,0.8791,-1,-1,-1
808,117,1028.82,166.57,325.71,732.27,0.8952,-1,-1,-1
808,120,515.31,243.80,153.19,338.09,0.6434,-1,-1,-1
808,123,653.35,268.10,133.30,450.48,0.8313,-1,-1,-1
809,2,803.25,220.41,115.53,444.95,0.8091,-1,-1,-1
809,97,-3.48,2.29,522.86,1065.14,0.9245,-1,-1,-1
809,109,911.79,181.16,131.58,520.94,0.8240,-1,-1,-1
809,115,1278.91,125.92,221.41,714.88,0.8594,-1,-1,-1
809,117,1038.03,157.61,324.59,742.10,0.8924,-1,-1,-1
809,120,508.97,237.45,173.13,377.63,0.6300,-1,-1,-1
809,123,651.39,265.18,136.30,454.71,0.8061,-1,-1,-1
810,2,805.16,219.38,117.38,448.40,0.8102,-1,-1,-1
810,97,-9.83,2.44,500.34,1064.83,0.8875,-1,-1,-1
810,109,911.70,179.99,136.34,526.48,0.7969,-1,-1,-1
810,115,1284.09,117.31,233.95,732.42,0.8830,-1,-1,-1
810,117,1047.85,144.50,324.13,763.07,0.8915,-1,-1,-1
810,120,486.63,233.47,209.83,496.55,0.7273,-1,-1,-1
810,123,650.76,263.69,138.84,464.99,0.8280,-1,-1,-1
810,129,756.38,265.95,70.24,284.35,0.4883,-1,-1,-1
811,2,804.49,222.31,117.23,445.69,0.8243,-1,-1,-1
811,97,-10.52,4.41,446.84,1064.60,0.9157,-1,-1,-1
811,109,912.08,183.04,136.56,519.51,0.7954,-1,-1,-1
811,115,1289.65,116.24,243.65,748.65,0.9014,-1,-1,-1
811,117,1057.63,143.47,322.11,772.73,0.8862,-1,-1,-1
811,120,490.40,233.78,189.28,512.78,0.8199,-1,-1,-1
811,123,648.15,267.81,138.02,463.35,0.8605,-1,-1,-1
811,130,380.72,198.18,147.24,514.67,0.5780,-1,-1,-1
812,2,801.29,219.34,117.16,446.89,0.8002,-1,-1,-1
812,97,-20.75,1.27,426.49,1071.08,0.8375,-1,-1,-1
812,109,910.80,179.09,139.97,526.72,0.7911,-1,-1,-1
812,115,1298.30,111.57,254.72,775.89,0.8952,-1,-1,-1
812,117,1065.97,136.31,320.74,786.08,0.8710,-1,-1,-1
812,120,493.14,228.72,182.97,522.68,0.8191,-1,-1,-1
812,123,648.94,263.94,140.26,469.48,0.8226,-1,-1,-1
812,129,755.73,264.65,70.31,284.07,0.4032,-1,-1,-1
812,130,329.63,80.84,201.06,759.92,0.7698,-1,-1,-1
813,2,798.27,217.87,117.36,447.89,0.8014,-1,-1,-1
813,97,-31.95,1.82,412.87,1061.56,0.6380,-1,-1,-1
813,109,911.40,175.07,139.73,524.91,0.8093,-1,-1,-1
813,115,1302.60,106.91,262.76,803.94,0.8928,-1,-1,-1
813,117,1073.37,126.12,318.34,797.82,0.8735,-1,-1,-1
813,120,492.35,220.63,178.28,532.71,0.8090,-1,-1,-1
813,123,640.10,260.07,147.19,479.38,0.7835,-1,-1,-1
813,130,295.43,65.58,216.31,812.59,0.8574,-1,-1,-1
814,2,794.91,217.63,119.29,448.24,0.8030,-1,-1,-1
814,109,909.37,173.58,141.72,525.13,0.7996,-1,-1,-1
814,115,1310.39,101.24,266.13,822.03,0.8866,-1,-1,-1
814,117,1082.29,107.24,321.81,845.07,0.8697,-1,-1,-1
814,120,490.58,217.05,174.29,539.37,0.8188,-1,-1,-1
814,123,627.44,256.41,157.68,484.25,0.7931,-1,-1,-1
814,128,1.80,0.64,342.70,1054.85,0.7490,-1,-1,-1
814,130,259.65,54.15,240.36,832.16,0.8844,-1,-1,-1
815,2,793.20,218.19,120.56,449.48,0.7973,-1,-1,-1
815,109,908.26,174.06,142.67,528.69,0.7992,-1,-1,-1
815,115,1321.95,102.09,267.52,817.38,0.8687,-1,-1,-1
815,117,1097.91,105.89,318.03,881.02,0.8696,-1,-1,-1
815,120,488.33,216.57,172.10,546.45,0.8126,-1,-1,-1
815,123,628.41,253.89,162.54,491.48,0.7753,-1,-1,-1
815,128,-40.45,1.62,336.12,1064.72,0.3464,-1,-1,-1
815,130,231.10,45.82,261.18,843.93,0.8864,-1,-1,-1
816,2,788.34,221.47,124.20,450.16,0.8061,-1,-1,-1
816,109,907.99,176.66,142.32,528.81,0.8123,-1,-1,-1
816,115,1322.65,98.89,275.91,834.54,0.8635,-1,-1,-1
816,117,1106.96,109.83,308.84,901.84,0.8698,-1,-1,-1
816,120,481.76,219.71,170.62,549.24,0.8394,-1,-1,-1
816,123,628.42,252.06,163.68,494.89,0.7763,-1,-1,-1
816,130,220.24,38.80,270.78,852.42,0.8954,-1,-1,-1
816,131,1055.70,316.75,69.48,245.98,0.5713,-1,-1,-1
817,2,782.98,224.36,127.27,448.57,0.8148,-1,-1,-1
817,109,908.95,177.66,142.93,527.21,0.8214,-1,-1,-1
817,115,1327.70,94.72,289.48,875.81,0.8665,-1,-1,-1
817,117,1112.32,110.71,310.18,938.47,0.8779,-1,-1,-1
817,120,471.40,217.81,174.50,554.35,0.8513,-1,-1,-1
817,123,629.35,249.23,162.23,500.23,0.7744,-1,-1,-1
817,130,208.52,35.59,281.67,863.35,0.8957,-1,-1,-1
817,131,1056.80,305.99,73.74,257.97,0.5906,-1,-1,-1
818,2,779.95,227.40,127.93,443.77,0.8470,-1,-1,-1
818,109,908.21,181.15,142.30,529.25,0.8163,-1,-1,-1
818,115,1330.40,88.15,297.92,895.27,0.8674,-1,-1,-1
818,117,1118.56,108.30,308.00,929.84,0.8848,-1,-1,-1
818,120,457.78,218.74,184.28,562.25,0.8724,-1,-1,-1
818,123,623.71,248.37,163.58,503.89,0.8077,-1,-1,-1
818,130,195.68,30.37,293.31,899.71,0.8934,-1,-1,-1
818,131,1054.63,305.70,76.77,258.97,0.6073,-1,-1,-1
819,2,775.11,227.19,130.53,443.71,0.8613,-1,-1,-1
819,109,902.60,181.64,140.73,534.13,0.8111,-1,-1,-1
819,115,1331.76,78.24,309.39,923.08,0.8668,-1,-1,-1
819,117,1121.98,108.26,313.92,945.37,0.8785,-1,-1,-1
819,120,443.13,217.11,191.54,566.19,0.8665,-1,-1,-1
819,123,615.38,248.53,165.45,513.80,0.7943,-1,-1,-1
819,130,179.66,23.33,302.66,938.24,0.8984,-1,-1,-1
819,131,1053.12,305.22,80.04,260.56,0.5704,-1,-1,-1
820,2,768.53,226.53,134.50,441.37,0.8552,-1,-1,-1
820,109,902.60,181.88,140.02,536.94,0.8086,-1,-1,-1
820,115,1332.46,66.49,318.58,940.36,0.8612,-1,-1,-1
820,117,1127.67,105.14,320.67,972.29,0.8766,-1,-1,-1
820,120,431.33,216.10,199.32,571.81,0.8549,-1,-1,-1
820,123,615.18,241.16,169.27,522.93,0.8117,-1,-1,-1
820,130,166.27,16.21,308.44,974.50,0.9026,-1,-1,-1
820,131,1056.20,305.47,83.36,260.03,0.5495,-1,-1,-1
821,2,760.63,224.02,139.75,444.25,0.8540,-1,-1,-1
821,109,903.45,180.78,139.87,539.31,0.8037,-1,-1,-1
821,115,1341.35,49.69,321.81,948.98,0.8477,-1,-1,-1
821,117,1133.98,97.53,327.55,978.14,0.8892,-1,-1,-1
821,120,424.80,215.01,205.16,580.23,0.8218,-1,-1,-1
821,123,615.03,239.94,174.07,527.22,0.8454,-1,-1,-1
821,130,157.98,11.80,314.01,991.59,0.8985,-1,-1,-1
821,131,1058.73,302.72,87.23,262.75,0.5681,-1,-1,-1
822,2,759.83,220.73,144.30,449.09,0.8419,-1,-1,-1
822,109,903.77,180.63,139.43,536.56,0.8125,-1,-1,-1
822,115,1354.11,35.08,318.28,967.95,0.8756,-1,-1,-1
822,117,1141.02,80.49,339.70,998.14,0.8873,-1,-1,-1
822,120,412.68,212.66,212.50,593.79,0.7860,-1,-1,-1
822,123,607.02,235.03,181.58,532.42,0.8640,-1,-1,-1
822,130,145.16,9.44,316.25,1004.07,0.9046,-1,-1,-1
822,131,1054.06,303.04,92.06,262.20,0.6552,-1,-1,-1
823,2,754.83,214.40,147.71,454.46,0.8347,-1,-1,-1
823,109,904.19,179.87,140.16,533.98,0.8215,-1,-1,-1
823,115,1370.90,8.58,308.28,954.60,0.8764,-1,-1,-1
823,117,1146.52,59.83,352.75,1016.52,0.8847,-1,-1,-1
823,120,408.27,210.13,215.71,602.90,0.8206,-1,-1,-1
823,123,604.42,231.42,186.03,541.76,0.8698,-1,-1,-1
823,130,132.42,2.84,321.50,1027.09,0.9097,-1,-1,-1
823,131,1051.31,302.34,96.56,262.69,0.6932,-1,-1,-1
824,2,752.22,211.39,151.08,456.00,0.8342,-1,-1,-1
824,109,904.82,178.85,142.25,534.91,0.8135,-1,-1,-1
824,115,1384.81,3.51,305.62,971.28,0.8887,-1,-1,-1
824,117,1144.83,41.31,365.81,1034.50,0.8800,-1,-1,-1
824,120,406.36,205.30,216.37,610.95,0.8359,-1,-1,-1
824,123,600.45,228.31,189.14,552.91,0.8526,-1,-1,-1
824,130,119.02,-0.10,328.44,1052.79,0.9031,-1,-1,-1
824,131,1052.66,301.80,99.03,263.51,0.6942,-1,-1,-1
825,2,749.62,209.05,155.56,453.94,0.8215,-1,-1,-1
825,109,908.48,182.33,145.41,531.03,0.8197,-1,-1,-1
825,115,1401.02,2.12,303.40,1018.00,0.8785,-1,-1,-1
825,117,1143.69,23.98,388.77,1051.96,0.8809,-1,-1,-1
825,120,401.87,202.37,217.21,617.58,0.8375,-1,-1,-1
825,123,596.65,227.62,193.02,571.21,0.8474,-1,-1,-1
825,130,103.48,0.12,333.40,1044.04,0.8822,-1,-1,-1
825,131,1054.78,301.35,100.17,263.95,0.6615,-1,-1,-1
826,2,748.49,208.65,157.90,453.77,0.8245,-1,-1,-1
826,109,908.13,175.76,146.91,538.68,0.8175,-1,-1,-1
826,115,1414.60,2.52,300.05,1056.00,0.8552,-1,-1,-1
826,117,1140.32,10.96,423.82,1064.61,0.8883,-1,-1,-1
826,120,396.93,199.96,220.39,626.78,0.7983,-1,-1,-1
826,123,594.70,228.35,195.66,584.90,0.8609,-1,-1,-1
826,130,90.06,-0.14,339.23,1031.29,0.8825,-1,-1,-1
826,131,1057.20,300.38,101.96,264.63,0.6433,-1,-1,-1
827,2,746.82,208.86,160.15,452.02,0.8215,-1,-1,-1
827,109,910.00,178.75,150.12,531.35,0.8199,-1,-1,-1
827,115,1449.45,1.77,279.90,1077.97,0.8656,-1,-1,-1
827,117,1135.09,3.31,462.82,1072.56,0.9006,-1,-1,-1
827,120,391.14,196.42,223.64,636.20,0.7826,-1,-1,-1
827,123,593.47,228.59,195.72,587.32,0.8583,-1,-1,-1
827,130,72.26,1.78,350.64,1065.71,0.8937,-1,-1,-1
827,131,1059.41,298.86,103.75,265.81,0.6529,-1,-1,-1
828,2,744.67,208.06,162.15,452.02,0.8277,-1,-1,-1
828,109,907.88,176.28,154.99,529.36,0.8061,-1,-1,-1
828,115,1480.28,1.26,260.57,1069.32,0.8726,-1,-1,-1
828,117,1137.22,3.09,504.13,1066.68,0.8980,-1,-1,-1
828,120,385.39,190.83,222.44,644.61,0.8686,-1,-1,-1
828,123,591.95,227.72,196.96,589.93,0.8644,-1,-1,-1
828,130,57.32,0.28,356.08,1074.85,0.9080,-1,-1,-1
828,131,1061.15,294.95,106.85,271.05,0.6992,-1,-1,-1
829,2,748.35,211.02,163.20,452.49,0.8201,-1,-1,-1
829,109,911.87,175.03,155.58,522.71,0.8102,-1,-1,-1
829,115,1499.23,4.08,257.80,1055.61,0.8184,-1,-1,-1
829,117,1137.11,7.19,545.27,1059.93,0.9010,-1,-1,-1
829,120,385.35,190.87,215.99,650.46,0.8678,-1,-1,-1
829,123,588.97,232.84,201.39,605.81,0.8412,-1,-1,-1
829,130,42.82,1.76,363.98,1067.47,0.9133,-1,-1,-1
829,131,1068.68,298.30,105.16,267.28,0.7449,-1,-1,-1
830,2,753.15,214.94,167.80,451.64,0.7891,-1,-1,-1
830,109,920.17,181.44,153.69,510.40,0.7809,-1,-1,-1
830,115,1527.70,0.01,259.65,1062.90,0.8036,-1,-1,-1
830,117,1135.45,6.09,592.00,1063.56,0.9023,-1,-1,-1
830,120,386.77,190.69,214.75,656.58,0.8761,-1,-1,-1
830,123,587.08,231.21,205.87,620.19,0.8521,-1,-1,-1
830,130,20.47,1.30,384.61,1066.02,0.9188,-1,-1,-1
830,131,1072.42,298.59,105.72,268.11,0.7489,-1,-1,-1
831,2,754.95,214.09,164.88,451.00,0.8243,-1,-1,-1
831,109,921.91,177.14,157.60,516.03,0.8060,-1,-1,-1
831,115,1556.08,2.02,264.46,1061.51,0.7660,-1,-1,-1
831,117,1136.64,4.37,642.24,1064.11,0.8983,-1,-1,-1
831,120,380.46,188.53,218.58,672.86,0.8743,-1,-1,-1
831,123,584.27,229.20,209.94,630.77,0.8535,-1,-1,-1
831,130,4.77,1.00,405.28,1075.08,0.9233,-1,-1,-1
831,131,1076.94,296.15,108.06,269.53,0.7000,-1,-1,-1
831,132,714.17,241.87,51.02,96.92,0.3609,-1,-1,-1
832,2,757.37,216.25,162.36,449.19,0.8292,-1,-1,-1
832,109,931.99,178.51,154.57,514.03,0.8073,-1,-1,-1
832,115,1583.28,2.50,267.23,1060.13,0.7243,-1,-1,-1
832,117,1130.46,4.25,682.41,1065.78,0.9020,-1,-1,-1
832,120,379.91,189.43,218.10,680.06,0.8792,-1,-1,-1
832,123,582.22,227.87,209.45,634.60,0.8488,-1,-1,-1
832,130,1.81,0.77,418.43,1079.29,0.9281,-1,-1,-1
832,131,1080.59,295.47,111.70,281.39,0.6863,-1,-1,-1
832,132,724.65,245.20,46.26,87.19,0.3105,-1,-1,-1
833,2,757.80,217.05,162.87,448.54,0.8277,-1,-1,-1
833,109,928.14,173.09,158.26,523.86,0.8088,-1,-1,-1
833,115,1613.48,0.31,270.38,1069.49,0.5174,-1,-1,-1
833,117,1132.70,2.78,738.56,1066.11,0.9097,-1,-1,-1
833,120,378.08,188.12,220.18,694.00,0.8858,-1,-1,-1
833,123,580.76,227.28,211.06,645.53,0.8505,-1,-1,-1
833,130,1.49,0.03,425.02,1076.38,0.9265,-1,-1,-1
833,131,1087.54,293.83,109.97,279.12,0.7047,-1,-1,-1
833,132,728.52,246.05,45.52,84.68,0.3127,-1,-1,-1
834,2,767.18,219.15,163.33,447.78,0.8216,-1,-1,-1
834,109,937.52,173.11,155.85,529.91,0.8125,-1,-1,-1
834,117,1130.32,1.61,779.39,1065.51,0.9190,-1,-1,-1
834,120,371.79,188.36,223.47,711.83,0.8657,-1,-1,-1
834,123,579.55,222.61,212.72,652.75,0.8448,-1,-1,-1
834,130,1.85,-0.05,429.54,1072.55,0.9224,-1,-1,-1
834,131,1094.07,298.35,106.84,273.68,0.6410,-1,-1,-1
834,133,1607.11,1.11,324.12,568.73,0.6262,-1,-1,-1
835,2,772.25,220.69,164.86,449.97,0.8368,-1,-1,-1
835,109,937.27,180.69,157.97,524.93,0.7633,-1,-1,-1
835,117,1133.33,2.94,783.89,1068.41,0.9125,-1,-1,-1
835,120,370.58,190.28,224.57,721.99,0.8785,-1,-1,-1
835,123,579.76,220.85,215.79,661.09,0.8499,-1,-1,-1
835,130,1.24,1.86,432.42,1066.55,0.9278,-1,-1,-1
835,131,1098.92,295.29,109.41,285.40,0.7140,-1,-1,-1
836,2,782.18,224.09,158.49,447.53,0.8432,-1,-1,-1
836,109,943.13,183.82,159.38,524.74,0.7518,-1,-1,-1
836,117,1149.01,2.06,770.82,1060.33,0.9211,-1,-1,-1
836,120,371.57,190.93,221.44,735.80,0.8619,-1,-1,-1
836,123,577.44,220.74,223.96,671.95,0.8579,-1,-1,-1
836,129,735.19,246.62,70.29,264.77,0.3016,-1,-1,-1
836,130,0.93,2.12,432.82,1067.22,0.9284,-1,-1,-1
836,131,1111.77,296.80,105.77,282.34,0.7321,-1,-1,-1
837,2,787.02,224.94,160.00,454.06,0.8335,-1,-1,-1
837,109,950.49,189.86,157.74,519.72,0.7958,-1,-1,-1
837,117,1163.37,5.75,757.01,1062.02,0.9206,-1,-1,-1
837,120,373.51,189.00,220.54,747.56,0.8582,-1,-1,-1
837,123,575.91,216.89,231.59,681.00,0.8703,-1,-1,-1
837,129,744.23,250.62,58.46,217.99,0.3710,-1,-1,-1
837,130,1.65,1.32,433.84,1068.22,0.9301,-1,-1,-1
837,131,1118.99,297.26,103.87,287.45,0.7708,-1,-1,-1
838,2,794.28,225.31,164.54,453.58,0.8296,-1,-1,-1
838,109,958.16,194.37,159.12,517.32,0.8187,-1,-1,-1
838,117,1195.72,5.87,733.21,1064.60,0.8835,-1,-1,-1
838,120,372.49,185.46,224.23,760.01,0.8562,-1,-1,-1
838,123,576.24,215.96,234.14,684.78,0.8617,-1,-1,-1
838,129,746.22,251.13,66.74,248.34,0.3099,-1,-1,-1
838,130,2.00,-0.02,435.90,1068.16,0.9264,-1,-1,-1
838,131,1125.23,299.57,101.28,285.62,0.7545,-1,-1,-1
839,2,803.24,226.71,166.82,449.74,0.8149,-1,-1,-1
839,109,965.60,192.80,157.72,522.81,0.8116,-1,-1,-1
839,117,1253.06,5.03,680.38,1062.03,0.8994,-1,-1,-1
839,120,369.76,184.32,228.57,780.08,0.8479,-1,-1,-1
839,123,580.54,210.98,236.95,692.50,0.8650,-1,-1,-1
839,129,752.62,246.25,64.59,229.54,0.3788,-1,-1,-1
839,130,1.73,-0.03,439.77,1067.62,0.9290,-1,-1,-1
839,131,1132.00,295.78,102.40,291.16,0.7150,-1,-1,-1
840,2,805.82,221.91,162.20,454.65,0.8147,-1,-1,-1
840,109,967.11,192.55,157.80,523.38,0.8093,-1,-1,-1
840,117,1314.55,2.22,649.97,1063.55,0.7781,-1,-1,-1
840,120,369.42,181.17,231.52,787.08,0.8263,-1,-1,-1
840,123,582.10,203.93,241.79,700.13,0.8679,-1,-1,-1
840,129,756.54,242.37,67.24,234.29,0.3037,-1,-1,-1
840,130,0.63,1.11,441.55,1067.82,0.9288,-1,-1,-1
840,131,1138.27,294.82,103.83,294.71,0.6737,-1,-1,-1
840,136,1309.48,212.67,284.12,771.25,0.4898,-1,-1,-1
841,2,817.74,218.90,162.04,455.34,0.8180,-1,-1,-1
841,109,978.55,187.74,152.32,526.94,0.7971,-1,-1,-1
841,117,1425.28,2.57,510.75,1059.31,0.9259,-1,-1,-1
841,120,366.26,172.57,233.88,799.19,0.8172,-1,-1,-1
841,123,586.01,197.70,242.95,705.22,0.8622,-1,-1,-1
841,129,760.36,240.12,70.06,231.92,0.4677,-1,-1,-1
841,130,0.71,-0.03,441.94,1066.85,0.9262,-1,-1,-1
841,131,1148.14,294.30,102.60,295.72,0.7113,-1,-1,-1
841,137,1383.72,235.80,137.53,448.13,0.6403,-1,-1,-1
842,2,823.32,217.99,166.76,454.07,0.8483,-1,-1,-1
842,109,980.16,189.51,151.20,522.37,0.8123,-1,-1,-1
842,117,1501.09,2.50,452.68,1062.53,0.8668,-1,-1,-1
842,120,362.21,158.40,237.81,811.92,0.8333,-1,-1,-1
842,123,585.46,193.18,245.87,711.05,0.8605,-1,-1,-1
842,129,758.60,234.10,74.82,239.56,0.4986,-1,-1,-1
842,130,0.41,0.82,439.43,1068.08,0.9217,-1,-1,-1
842,131,1152.33,293.40,101.18,292.62,0.6732,-1,-1,-1
842,137,1391.78,227.82,206.19,671.61,0.8708,-1,-1,-1
843,2,829.14,215.09,165.56,446.15,0.8280,-1,-1,-1
843,109,990.23,184.83,151.99,523.41,0.8122,-1,-1,-1
843,117,1551.61,4.40,432.34,1058.04,0.6204,-1,-1,-1
843,120,361.18,146.80,242.46,838.13,0.8444,-1,-1,-1
843,123,581.55,187.78,253.23,733.39,0.8455,-1,-1,-1
843,129,760.12,228.95,84.41,272.64,0.5641,-1,-1,-1
843,130,0.74,1.54,436.60,1064.91,0.9231,-1,-1,-1
843,131,1163.54,290.22,100.28,294.79,0.6425,-1,-1,-1
843,137,1409.43,213.90,231.20,700.78,0.8931,-1,-1,-1
844,2,831.03,213.28,165.27,443.99,0.8342,-1,-1,-1
844,109,994.72,178.30,156.59,527.50,0.8173,-1,-1,-1
844,117,1612.41,0.45,388.19,1069.89,0.7025,-1,-1,-1
844,120,352.79,136.16,249.06,840.55,0.8522,-1,-1,-1
844,123,582.44,181.72,256.17,760.14,0.8478,-1,-1,-1
844,129,762.87,227.01,81.53,256.34,0.5311,-1,-1,-1
844,130,-1.62,0.46,426.86,1057.54,0.8960,-1,-1,-1
844,131,1166.04,280.34,100.88,301.66,0.7411,-1,-1,-1
844,137,1420.30,203.80,249.80,739.68,0.8912,-1,-1,-1
845,2,832.26,203.37,170.01,449.58,0.8245,-1,-1,-1
845,109,995.11,174.04,154.93,529.35,0.7952,-1,-1,-1
845,117,1670.19,4.23,332.72,1059.59,0.6843,-1,-1,-1
845,120,340.26,127.71,260.42,844.35,0.8579,-1,-1,-1
845,123,585.28,172.41,260.40,780.07,0.8444,-1,-1,-1
845,129,763.84,218.89,82.99,256.60,0.5540,-1,-1,-1
845,130,-4.99,3.39,421.41,1061.14,0.8187,-1,-1,-1
845,131,1168.36,274.79,101.13,305.83,0.7725,-1,-1,-1
845,137,1435.54,195.87,263.77,764.78,0.8910,-1,-1,-1
846,2,834.26,200.23,171.19,452.82,0.8092,-1,-1,-1
846,109,997.80,169.31,154.87,530.96,0.7934,-1,-1,-1
846,120,326.80,118.20,272.99,853.16,0.8413,-1,-1,-1
846,123,584.25,167.74,259.04,787.46,0.8257,-1,-1,-1
846,129,764.30,214.33,84.62,260.84,0.4685,-1,-1,-1
846,130,-11.54,5.68,414.90,1066.79,0.7565,-1,-1,-1
846,131,1170.86,276.91,100.81,300.09,0.8038,-1,-1,-1
846,137,1439.65,189.84,267.83,779.74,0.9032,-1,-1,-1
847,2,835.79,193.70,169.96,452.95,0.8161,-1,-1,-1
847,109,1000.47,160.33,155.10,526.14,0.8104,-1,-1,-1
847,120,320.36,108.17,284.10,868.58,0.8147,-1,-1,-1
847,123,584.84,155.68,260.76,806.04,0.8320,-1,-1,-1
847,129,762.60,209.78,86.32,259.12,0.5732,-1,-1,-1
847,130,-20.75,7.33,395.49,1059.29,0.7308,-1,-1,-1
847,131,1180.43,273.76,99.45,296.34,0.7055,-1,-1,-1
847,137,1451.99,185.55,260.28,785.17,0.8875,-1,-1,-1
848,2,834.63,188.41,174.05,455.37,0.8487,-1,-1,-1
848,109,998.52,151.57,156.46,521.20,0.8076,-1,-1,-1
848,120,307.29,99.01,291.93,881.95,0.8661,-1,-1,-1
848,123,578.54,148.94,263.87,821.03,0.8343,-1,-1,-1
848,129,760.57,204.71,87.12,256.40,0.5192,-1,-1,-1
848,130,-45.10,6.14,367.94,1051.04,0.6479,-1,-1,-1
848,131,1180.08,268.64,99.55,299.03,0.7341,-1,-1,-1
848,137,1467.10,179.26,254.94,801.48,0.8942,-1,-1,-1
849,2,833.10,187.77,175.44,455.05,0.8703,-1,-1,-1
849,109,995.27,148.13,155.50,519.28,0.8045,-1,-1,-1
849,120,295.72,93.58,298.03,906.53,0.8927,-1,-1,-1
849,123,563.64,146.58,278.49,870.72,0.8622,-1,-1,-1
849,129,755.16,203.40,89.40,255.45,0.5248,-1,-1,-1
849,130,-66.03,8.44,355.74,1055.58,0.3988,-1,-1,-1
849,131,1177.83,267.51,99.47,301.69,0.8062,-1,-1,-1
849,137,1481.16,176.71,256.69,838.52,0.8941,-1,-1,-1
850,2,830.15,186.00,176.28,453.09,0.8742,-1,-1,-1
850,109,995.52,144.41,153.98,517.40,0.8063,-1,-1,-1
850,120,283.11,83.55,303.63,924.29,0.8839,-1,-1,-1
850,123,560.42,139.01,282.11,884.39,0.8501,-1,-1,-1
850,129,750.31,201.63,90.34,246.59,0.5509,-1,-1,-1
850,131,1179.45,261.70,97.89,303.88,0.7789,-1,-1,-1
850,137,1494.97,175.08,253.94,849.04,0.8931,-1,-1,-1
851,2,827.80,180.35,177.73,458.54,0.8676,-1,-1,-1
851,109,995.42,140.52,154.80,518.83,0.8044,-1,-1,-1
851,120,270.94,70.31,310.13,943.86,0.8966,-1,-1,-1
851,123,553.28,133.03,290.41,898.79,0.8685,-1,-1,-1
851,129,746.62,196.29,92.14,246.31,0.3524,-1,-1,-1
851,131,1173.99,254.22,103.16,310.05,0.7457,-1,-1,-1
851,137,1508.55,167.19,258.53,862.46,0.9020,-1,-1,-1
852,2,827.30,178.72,178.14,455.72,0.8515,-1,-1,-1
852,109,994.14,137.05,156.32,517.64,0.8071,-1,-1,-1
852,120,256.42,63.97,317.55,962.78,0.8918,-1,-1,-1
852,123,544.97,117.86,298.98,915.35,0.8787,-1,-1,-1
852,131,1178.20,250.26,100.43,310.13,0.7404,-1,-1,-1
852,137,1519.48,161.34,265.70,870.39,0.9033,-1,-1,-1
853,2,822.19,177.99,175.88,452.82,0.8416,-1,-1,-1
853,109,993.11,133.00,159.75,517.95,0.7998,-1,-1,-1
853,120,241.04,53.82,327.21,1004.17,0.8974,-1,-1,-1
853,123,537.32,105.75,306.53,930.50,0.8870,-1,-1,-1
853,131,1181.19,243.59,100.99,315.81,0.7414,-1,-1,-1
853,137,1528.07,143.22,277.18,892.39,0.9014,-1,-1,-1
854,2,821.51,176.98,175.00,453.37,0.8468,-1,-1,-1
854,109,983.26,132.34,163.50,517.52,0.7998,-1,-1,-1
854,120,220.65,47.45,335.22,1024.54,0.9001,-1,-1,-1
854,123,533.72,97.95,311.17,950.70,0.8928,-1,-1,-1
854,131,1176.80,241.82,100.29,317.12,0.7037,-1,-1,-1
854,137,1532.30,135.85,288.05,908.90,0.9020,-1,-1,-1
855,2,821.35,173.67,171.14,454.78,0.8418,-1,-1,-1
855,109,980.62,129.08,169.26,522.27,0.8158,-1,-1,-1
855,120,206.35,37.85,340.58,1028.14,0.9008,-1,-1,-1
855,123,520.21,86.40,321.60,963.56,0.8941,-1,-1,-1
855,131,1171.40,238.31,100.12,319.01,0.6315,-1,-1,-1
855,137,1542.28,127.15,295.90,920.94,0.9083,-1,-1,-1
856,2,815.86,171.52,172.77,455.96,0.8454,-1,-1,-1
856,109,982.56,123.24,166.05,530.39,0.8352,-1,-1,-1
856,120,182.12,27.14,350.47,1042.61,0.9073,-1,-1,-1
856,123,510.17,73.08,334.37,982.01,0.9023,-1,-1,-1
856,131,1171.48,234.60,98.42,318.84,0.6546,-1,-1,-1
856,137,1543.21,110.52,317.41,942.64,0.9106,-1,-1,-1
857,2,808.00,168.01,178.14,456.85,0.8492,-1,-1,-1
857,109,978.32,121.42,166.95,528.71,0.8447,-1,-1,-1
857,120,183.97,18.99,342.88,1052.48,0.8868,-1,-1,-1
857,123,494.73,63.21,348.32,1007.06,0.9045,-1,-1,-1
857,131,1169.52,229.20,99.37,321.56,0.6999,-1,-1,-1
857,137,1539.58,104.00,336.13,953.22,0.9025,-1,-1,-1
858,2,799.34,160.00,176.81,463.18,0.8391,-1,-1,-1
858,109,978.35,122.37,161.23,526.28,0.8353,-1,-1,-1
858,120,121.68,5.60,375.34,1062.24,0.8998,-1,-1,-1
858,123,482.15,51.39,360.24,1025.58,0.9026,-1,-1,-1
858,131,1166.10,225.92,99.11,323.51,0.6962,-1,-1,-1
858,137,1530.46,88.43,366.86,982.93,0.8980,-1,-1,-1
858,139,1327.11,284.34,102.45,283.40,0.3687,-1,-1,-1
859,2,799.27,155.10,174.26,462.97,0.8234,-1,-1,-1
859,109,965.73,125.64,163.74,521.02,0.8279,-1,-1,-1
859,120,100.49,4.03,385.45,1061.70,0.9068,-1,-1,-1
859,123,473.05,38.67,366.98,1033.60,0.9041,-1,-1,-1
859,131,1163.45,223.58,99.18,323.08,0.7110,-1,-1,-1
859,137,1548.15,76.70,370.98,995.07,0.8807,-1,-1,-1
860,2,798.97,148.57,172.35,465.51,0.8282,-1,-1,-1
860,109,960.88,125.07,169.69,520.90,0.8489,-1,-1,-1
860,120,69.46,2.78,398.89,1064.81,0.9018,-1,-1,-1
860,123,460.51,26.45,376.96,1048.28,0.9163,-1,-1,-1
860,131,1158.95,218.19,100.25,326.04,0.6958,-1,-1,-1
860,137,1554.92,60.78,367.97,1016.28,0.9029,-1,-1,-1
860,139,1324.08,281.77,100.12,278.79,0.3164,-1,-1,-1
861,2,794.05,144.95,172.03,464.75,0.8512,-1,-1,-1
861,109,957.68,122.06,172.92,520.22,0.8619,-1,-1,-1
861,120,39.69,3.26,411.94,1067.96,0.8692,-1,-1,-1
861,123,446.76,15.15,387.71,1059.35,0.9101,-1,-1,-1
861,131,1159.21,214.12,100.79,327.88,0.6877,-1,-1,-1
861,137,1559.23,55.08,362.24,1020.69,0.9074,-1,-1,-1
862,2,796.44,143.41,171.13,459.72,0.8395,-1,-1,-1
862,109,955.60,119.51,175.04,519.15,0.8488,-1,-1,-1
862,120,12.12,1.03,419.47,1067.68,0.7873,-1,-1,-1
862,123,439.37,6.83,392.65,1067.45,0.9137,-1,-1,-1
862,131,1160.30,212.77,99.27,324.83,0.6659,-1,-1,-1
862,137,1570.03,37.50,352.60,1033.56,0.9107,-1,-1,-1
863,2,794.63,140.77,171.90,459.36,0.8489,-1,-1,-1
863,109,962.39,114.09,174.38,522.23,0.8304,-1,-1,-1
863,120,13.50,-0.04,414.88,1070.67,0.8525,-1,-1,-1
863,123,426.85,3.24,402.05,1069.46,0.9201,-1,-1,-1
863,131,1160.66,211.38,98.84,323.13,0.6466,-1,-1,-1
863,137,1582.19,34.12,340.28,1037.63,0.9092,-1,-1,-1
864,2,792.41,139.31,172.10,458.92,0.8544,-1,-1,-1
864,109,963.51,112.14,174.78,524.56,0.8339,-1,-1,-1
864,120,6.03,0.38,412.75,1070.25,0.8977,-1,-1,-1
864,123,412.81,2.85,406.48,1069.89,0.9225,-1,-1,-1
864,131,1160.50,207.72,100.55,329.45,0.6392,-1,-1,-1
864,137,1592.38,17.58,330.81,1057.17,0.9040,-1,-1,-1
865,2,794.87,136.88,172.25,461.10,0.8499,-1,-1,-1
865,109,962.19,109.28,178.03,529.46,0.8287,-1,-1,-1
865,120,-0.80,0.01,406.34,1069.43,0.9118,-1,-1,-1
865,123,400.69,2.64,412.02,1072.17,0.9202,-1,-1,-1
865,131,1160.00,205.82,102.85,332.44,0.6334,-1,-1,-1
865,137,1608.19,11.97,315.86,1063.32,0.9013,-1,-1,-1
866,2,796.42,135.48,172.30,465.68,0.8541,-1,-1,-1
866,109,964.12,107.50,178.67,529.24,0.8338,-1,-1,-1
866,120,-7.08,4.05,379.73,1067.28,0.9118,-1,-1,-1
866,123,380.87,3.51,424.06,1070.25,0.9195,-1,-1,-1
866,131,1162.98,203.99,101.75,332.95,0.6827,-1,-1,-1
866,137,1640.85,1.55,290.11,1071.60,0.8884,-1,-1,-1
867,2,796.11,137.77,173.50,468.09,0.8571,-1,-1,-1
867,109,974.04,105.82,175.51,528.79,0.8221,-1,-1,-1
867,120,-6.52,3.68,349.97,1066.79,0.9207,-1,-1,-1
867,123,359.84,5.45,431.48,1065.56,0.9154,-1,-1,-1
867,131,1169.20,202.46,101.28,335.74,0.6991,-1,-1,-1
867,137,1674.63,2.74,260.03,1071.57,0.8728,-1,-1,-1
868,2,794.09,141.85,176.89,470.25,0.8590,-1,-1,-1
868,109,981.77,108.90,166.06,520.20,0.8263,-1,-1,-1
868,120,-7.15,2.38,329.46,1068.29,0.9111,-1,-1,-1
868,123,331.01,2.22,445.33,1068.64,0.9192,-1,-1,-1
868,131,1169.36,203.34,102.35,337.87,0.6995,-1,-1,-1
868,137,1704.05,163.83,222.33,908.27,0.7516,-1,-1,-1
869,2,793.66,143.69,175.67,471.38,0.8630,-1,-1,-1
869,109,981.60,106.67,162.75,520.05,0.8229,-1,-1,-1
869,120,-6.02,3.78,303.09,1060.38,0.9165,-1,-1,-1
869,123,301.15,2.93,460.80,1066.92,0.9161,-1,-1,-1
869,131,1171.02,204.00,102.25,339.94,0.7079,-1,-1,-1
869,137,1741.66,206.48,157.25,615.33,0.4262,-1,-1,-1
870,2,794.39,145.08,174.07,473.01,0.8691,-1,-1,-1
870,109,980.21,109.76,157.96,517.58,0.8241,-1,-1,-1
870,120,-6.31,6.05,279.44,1059.06,0.9126,-1,-1,-1
870,123,267.06,3.25,480.63,1068.16,0.9113,-1,-1,-1
870,131,1171.08,203.88,103.20,343.16,0.7101,-1,-1,-1
870,137,1762.75,209.31,156.07,605.30,0.7601,-1,-1,-1
871,2,795.67,151.58,172.34,470.18,0.8587,-1,-1,-1
871,109,982.27,114.48,151.91,518.03,0.8178,-1,-1,-1
871,120,-7.73,6.65,257.52,1060.38,0.8959,-1,-1,-1
871,123,235.09,2.53,497.44,1069.82,0.9159,-1,-1,-1
871,131,1173.26,205.52,102.51,344.24,0.6878,-1,-1,-1
871,137,1785.77,249.61,144.75,578.13,0.5828,-1,-1,-1
871,140,616.62,139.90,167.75,454.02,0.6070,-1,-1,-1
872,2,796.69,157.19,171.47,470.14,0.8490,-1,-1,-1
872,109,986.03,116.92,149.44,518.00,0.8111,-1,-1,-1
872,120,-11.32,7.67,230.13,1057.24,0.8787,-1,-1,-1
872,123,204.62,2.10,516.42,1066.65,0.9146,-1,-1,-1
872,131,1179.68,206.71,100.32,346.66,0.7180,-1,-1,-1
872,140,611.66,143.89,169.94,472.46,0.7941,-1,-1,-1
873,2,797.29,160.86,172.63,473.29,0.8356,-1,-1,-1
873,109,985.19,121.32,146.45,515.05,0.8106,-1,-1,-1
873,120,-12.12,51.15,201.40,1017.71,0.8602,-1,-1,-1
873,123,161.18,3.22,546.09,1065.17,0.9237,-1,-1,-1
873,131,1179.15,208.57,101.18,348.78,0.7083,-1,-1,-1
873,140,605.76,146.28,170.97,487.14,0.7627,-1,-1,-1
874,2,798.19,165.55,171.79,472.68,0.8371,-1,-1,-1
874,109,985.12,124.18,145.79,521.51,0.7985,-1,-1,-1
874,120,-13.80,123.00,174.11,950.20,0.8119,-1,-1,-1
874,123,122.67,0.02,568.63,1066.88,0.9102,-1,-1,-1
874,131,1178.03,210.12,102.69,349.31,0.7217,-1,-1,-1
874,140,603.38,150.11,170.58,488.48,0.7563,-1,-1,-1
875,2,801.00,164.90,171.19,474.27,0.8290,-1,-1,-1
875,109,986.39,129.95,142.72,517.96,0.7910,-1,-1,-1
875,120,-21.64,136.70,167.05,926.84,0.4873,-1,-1,-1
875,123,101.22,1.68,578.77,1063.23,0.9137,-1,-1,-1
875,131,1174.64,211.90,104.79,348.27,0.6493,-1,-1,-1
875,140,598.34,149.84,172.51,490.50,0.7741,-1,-1,-1
876,2,802.74,167.14,170.56,470.21,0.8373,-1,-1,-1
876,109,990.46,133.26,138.69,516.34,0.8014,-1,-1,-1
876,120,-7.64,207.92,151.49,838.31,0.3706,-1,-1,-1
876,123,24.79,2.07,625.32,1067.75,0.8977,-1,-1,-1
876,131,1177.70,210.93,107.56,350.63,0.6063,-1,-1,-1
876,140,589.57,148.14,177.46,498.85,0.8000,-1,-1,-1
877,2,803.74,167.10,169.72,461.90,0.8343,-1,-1,-1
877,109,989.59,135.15,136.47,518.26,0.8115,-1,-1,-1
877,123,3.01,1.82,641.78,1067.06,0.9369,-1,-1,-1
877,131,1175.82,209.65,109.99,354.49,0.6403,-1,-1,-1
877,140,578.54,146.54,175.84,503.34,0.7881,-1,-1,-1
878,2,800.37,164.25,172.19,471.48,0.8295,-1,-1,-1
878,109,985.34,134.89,137.10,515.45,0.7997,-1,-1,-1
878,123,-0.80,2.51,632.20,1068.82,0.9417,-1,-1,-1
878,131,1177.94,207.31,111.94,357.34,0.6438,-1,-1,-1
878,140,572.51,142.63,183.53,510.66,0.7966,-1,-1,-1
879,2,799.64,161.48,171.94,475.43,0.8388,-1,-1,-1
879,109,985.27,135.76,135.92,512.73,0.8163,-1,-1,-1
879,123,-2.81,1.76,614.07,1067.17,0.9240,-1,-1,-1
879,131,1172.43,206.74,112.67,357.07,0.6911,-1,-1,-1
879,140,560.26,143.28,190.39,513.07,0.8391,-1,-1,-1
880,2,800.63,157.79,170.44,468.95,0.8507,-1,-1,-1
880,109,982.12,135.38,136.44,510.64,0.8103,-1,-1,-1
880,123,-3.69,6.88,590.63,1063.96,0.9167,-1,-1,-1
880,131,1171.49,203.02,114.03,360.77,0.7163,-1,-1,-1
880,140,549.12,143.01,199.55,518.13,0.8515,-1,-1,-1
880,142,699.62,219.81,105.77,353.85,0.4619,-1,-1,-1
881,2,799.47,156.49,170.88,464.65,0.8605,-1,-1,-1
881,109,978.72,134.72,138.83,510.79,0.8070,-1,-1,-1
881,123,-3.91,4.53,564.21,1062.79,0.9261,-1,-1,-1
881,131,1175.49,199.20,113.55,364.99,0.7112,-1,-1,-1
881,140,539.02,143.44,211.85,520.33,0.8297,-1,-1,-1
881,142,693.67,219.58,107.33,365.03,0.5597,-1,-1,-1
882,2,796.00,153.08,171.30,468.74,0.8555,-1,-1,-1
882,109,967.49,131.54,143.91,516.57,0.8413,-1,-1,-1
882,123,-3.45,5.72,541.38,1063.08,0.9208,-1,-1,-1
882,131,1176.86,199.24,112.53,364.44,0.7519,-1,-1,-1
882,140,524.88,140.87,220.23,532.98,0.8172,-1,-1,-1
882,142,693.33,223.76,102.95,360.17,0.6264,-1,-1,-1
883,2,794.68,151.76,170.13,465.51,0.8533,-1,-1,-1
883,109,962.14,123.52,142.30,524.20,0.8341,-1,-1,-1
883,123,-2.03,7.01,513.12,1059.10,0.9380,-1,-1,-1
883,131,1176.93,202.02,111.95,362.77,0.7630,-1,-1,-1
883,140,510.44,141.21,227.35,536.27,0.8178,-1,-1,-1
883,142,689.42,218.25,104.04,367.48,0.6266,-1,-1,-1
884,2,794.40,150.53,169.39,466.69,0.8348,-1,-1,-1
884,109,960.43,121.33,141.86,524.86,0.7682,-1,-1,-1
884,123,-7.29,6.31,479.50,1057.92,0.9146,-1,-1,-1
884,131,1177.96,199.86,112.54,367.48,0.7447,-1,-1,-1
884,140,494.84,138.72,230.62,542.73,0.7863,-1,-1,-1
884,142,680.37,225.38,102.74,357.74,0.4744,-1,-1,-1
885,2,789.69,148.95,169.52,470.97,0.8272,-1,-1,-1
885,109,960.17,117.38,141.20,526.46,0.7980,-1,-1,-1
885,123,-9.75,8.58,435.89,1057.47,0.9100,-1,-1,-1
885,131,1177.32,199.60,112.90,367.02,0.7263,-1,-1,-1
885,140,486.70,139.06,234.68,549.83,0.7694,-1,-1,-1
885,142,674.54,226.40,101.74,348.08,0.4696,-1,-1,-1
886,2,781.95,147.51,169.50,476.19,0.8347,-1,-1,-1
886,109,957.29,115.56,139.06,516.88,0.8178,-1,-1,-1
886,123,-16.55,4.38,397.74,1061.40,0.8796,-1,-1,-1
886,131,1174.49,201.96,114.27,368.12,0.7361,-1,-1,-1
886,140,460.82,135.76,240.23,560.21,0.7899,-1,-1,-1
886,142,669.20,216.75,95.42,320.07,0.3491,-1,-1,-1
887,2,772.84,153.40,172.12,471.02,0.8472,-1,-1,-1
887,109,955.67,115.90,138.88,513.69,0.8074,-1,-1,-1
887,123,-37.87,16.72,383.50,1048.30,0.4269,-1,-1,-1
887,131,1170.60,204.30,113.08,367.84,0.7784,-1,-1,-1
887,140,446.39,124.67,251.88,574.71,0.8619,-1,-1,-1
887,142,657.27,221.96,95.96,309.27,0.4475,-1,-1,-1
888,2,773.77,155.29,169.03,470.04,0.8299,-1,-1,-1
888,109,937.16,124.71,144.01,499.58,0.8171,-1,-1,-1
888,131,1168.19,205.09,113.35,366.34,0.7411,-1,-1,-1
888,140,431.69,117.19,257.30,586.22,0.8356,-1,-1,-1
888,142,644.34,213.57,100.19,315.94,0.4525,-1,-1,-1
889,2,762.92,156.99,169.03,470.84,0.7858,-1,-1,-1
889,109,930.56,115.94,148.45,510.87,0.7966,-1,-1,-1
889,131,1164.20,204.77,114.53,369.43,0.7053,-1,-1,-1
889,140,413.53,108.88,262.30,593.07,0.8579,-1,-1,-1
889,142,624.90,222.39,101.19,312.88,0.3007,-1,-1,-1
890,2,748.69,163.52,167.78,471.10,0.8132,-1,-1,-1
890,109,902.52,119.85,155.25,511.06,0.8088,-1,-1,-1
890,131,1153.30,208.34,114.43,370.27,0.7253,-1,-1,-1
890,140,386.67,104.57,261.94,606.59,0.8355,-1,-1,-1
890,142,590.80,194.90,125.85,395.80,0.4052,-1,-1,-1
891,2,729.42,164.59,173.29,469.50,0.8517,-1,-1,-1
891,109,901.97,120.77,157.02,515.08,0.8333,-1,-1,-1
891,131,1143.20,210.54,115.27,370.34,0.7855,-1,-1,-1
891,140,363.07,91.89,270.02,623.18,0.7532,-1,-1,-1
891,142,586.70,208.85,115.89,373.30,0.3734,-1,-1,-1
892,2,715.97,167.22,173.14,468.16,0.8357,-1,-1,-1
892,109,886.17,123.66,156.83,514.27,0.8481,-1,-1,-1
892,131,1132.87,213.43,114.06,370.91,0.7824,-1,-1,-1
892,140,340.61,85.19,278.85,636.22,0.8512,-1,-1,-1
893,2,703.71,165.98,174.13,471.83,0.8187,-1,-1,-1
893,109,875.85,127.08,158.05,515.18,0.8262,-1,-1,-1
893,131,1123.80,215.19,116.73,378.82,0.7904,-1,-1,-1
893,140,315.56,83.53,285.04,647.69,0.7572,-1,-1,-1
893,142,527.81,214.09,126.90,402.46,0.4075,-1,-1,-1
894,2,692.54,167.82,172.87,474.37,0.8463,-1,-1,-1
894,109,864.59,132.96,159.01,517.67,0.7594,-1,-1,-1
894,131,1117.34,218.77,115.56,376.62,0.7929,-1,-1,-1
894,140,298.13,82.97,292.22,653.33,0.8381,-1,-1,-1
894,142,511.25,222.23,134.82,412.30,0.3671,-1,-1,-1
895,2,680.83,170.69,170.08,471.51,0.8566,-1,-1,-1
895,109,847.74,136.01,159.46,519.55,0.7763,-1,-1,-1
895,131,1110.42,220.93,118.35,379.33,0.7965,-1,-1,-1
895,140,280.60,79.86,300.35,672.21,0.7094,-1,-1,-1
895,142,511.93,227.57,135.42,408.72,0.3595,-1,-1,-1
896,2,674.39,169.68,169.04,467.44,0.8336,-1,-1,-1
896,109,835.31,138.60,170.17,518.90,0.8283,-1,-1,-1
896,131,1105.94,225.47,119.45,375.32,0.7502,-1,-1,-1
896,140,256.93,77.09,297.48,684.78,0.8387,-1,-1,-1
896,142,490.64,189.22,150.11,460.52,0.4452,-1,-1,-1
897,2,667.56,169.91,168.18,466.36,0.8089,-1,-1,-1
897,109,825.84,145.04,174.82,513.49,0.8283,-1,-1,-1
897,131,1098.93,227.76,122.36,376.71,0.7875,-1,-1,-1
897,140,243.08,71.25,305.88,708.14,0.8677,-1,-1,-1
897,142,489.81,179.15,146.80,466.60,0.3768,-1,-1,-1
898,2,664.80,169.55,167.29,465.87,0.8207,-1,-1,-1
898,109,825.85,147.96,178.71,514.90,0.8318,-1,-1,-1
898,131,1097.06,228.13,125.07,381.98,0.8017,-1,-1,-1
898,140,230.71,66.61,315.04,743.25,0.8665,-1,-1,-1
898,142,481.08,176.16,144.92,476.81,0.5380,-1,-1,-1
899,2,656.73,169.50,173.10,477.07,0.7895,-1,-1,-1
899,109,822.80,149.57,182.60,515.81,0.8329,-1,-1,-1
899,131,1096.04,232.22,125.30,379.94,0.7908,-1,-1,-1
899,140,219.01,65.52,315.83,748.95,0.8346,-1,-1,-1
899,142,463.30,173.25,149.34,492.46,0.4795,-1,-1,-1
900,2,657.22,169.59,173.74,482.67,0.8100,-1,-1,-1
900,109,825.35,152.30,182.64,514.10,0.8239,-1,-1,-1
900,131,1099.84,230.21,128.32,385.34,0.8068,-1,-1,-1
900,140,202.52,59.76,309.07,761.05,0.7912,-1,-1,-1
900,142,454.30,169.66,152.90,507.77,0.5940,-1,-1,-1
